﻿<?xml version="1.0" encoding="utf-8"?>
<doc>
  <assembly>
    <name>UIAutomationClientsideProviders</name>
  </assembly>
  <members>
    <member name="F:UIAutomationClientsideProviders.UIAutomationClientSideProviders.ClientSideProviderDescriptionTable">
      <summary>Provides information about client-side UI Automation providers.</summary>
    </member>
    <member name="T:UIAutomationClientsideProviders.UIAutomationClientSideProviders">
      <summary>Enables applications to discover client-side UI Automation providers.</summary>
    </member>
  </members>
</doc>