﻿<?xml version="1.0" encoding="utf-8"?>
<doc>
  <assembly>
    <name>System.IO.Compression</name>
  </assembly>
  <members>
    <member name="M:System.IO.Compression.ZipArchive.#ctor(System.IO.Stream)">
      <summary>Initializes a new instance of the <see cref="T:System.IO.Compression.ZipArchive" /> class from the specified stream.</summary>
      <param name="stream">The stream that contains the archive to be read.</param>
      <exception cref="T:System.ArgumentException">The stream is already closed or does not support reading.</exception>
      <exception cref="T:System.ArgumentNullException">
        <paramref name="stream" /> is null.</exception>
      <exception cref="T:System.IO.InvalidDataException">The contents of the stream are not in the zip archive format.</exception>
    </member>
    <member name="M:System.IO.Compression.ZipArchive.#ctor(System.IO.Stream,System.IO.Compression.ZipArchiveMode)">
      <summary>Initializes a new instance of the <see cref="T:System.IO.Compression.ZipArchive" /> class from the specified stream and with the specified mode.</summary>
      <param name="stream">The input or output stream.</param>
      <param name="mode">One of the enumeration values that indicates whether the zip archive is used to read, create, or update entries.</param>
      <exception cref="T:System.ArgumentException">The stream is already closed, or the capabilities of the stream do not match the mode.</exception>
      <exception cref="T:System.ArgumentNullException">
        <paramref name="stream" /> is null.</exception>
      <exception cref="T:System.ArgumentOutOfRangeException">
        <paramref name="mode" /> is an invalid value.</exception>
      <exception cref="T:System.IO.InvalidDataException">The contents of the stream could not be interpreted as a zip archive.-or-<paramref name="mode" /> is <see cref="F:System.IO.Compression.ZipArchiveMode.Update" /> and an entry is missing from the archive or is corrupt and cannot be read.-or-<paramref name="mode" /> is <see cref="F:System.IO.Compression.ZipArchiveMode.Update" /> and an entry is too large to fit into memory.</exception>
    </member>
    <member name="M:System.IO.Compression.ZipArchive.#ctor(System.IO.Stream,System.IO.Compression.ZipArchiveMode,System.Boolean)">
      <summary>Initializes a new instance of the <see cref="T:System.IO.Compression.ZipArchive" /> class on the specified stream for the specified mode, and optionally leaves the stream open.</summary>
      <param name="stream">The input or output stream.</param>
      <param name="mode">One of the enumeration values that indicates whether the zip archive is used to read, create, or update entries.</param>
      <param name="leaveOpen">true to leave the stream open after the <see cref="T:System.IO.Compression.ZipArchive" /> object is disposed; otherwise, false.</param>
      <exception cref="T:System.ArgumentException">The stream is already closed, or the capabilities of the stream do not match the mode.</exception>
      <exception cref="T:System.ArgumentNullException">
        <paramref name="stream" /> is null.</exception>
      <exception cref="T:System.ArgumentOutOfRangeException">
        <paramref name="mode" /> is an invalid value.</exception>
      <exception cref="T:System.IO.InvalidDataException">The contents of the stream could not be interpreted as a zip archive.-or-<paramref name="mode" /> is <see cref="F:System.IO.Compression.ZipArchiveMode.Update" /> and an entry is missing from the archive or is corrupt and cannot be read.-or-<paramref name="mode" /> is <see cref="F:System.IO.Compression.ZipArchiveMode.Update" /> and an entry is too large to fit into memory.</exception>
    </member>
    <member name="M:System.IO.Compression.ZipArchive.#ctor(System.IO.Stream,System.IO.Compression.ZipArchiveMode,System.Boolean,System.Text.Encoding)">
      <summary>Initializes a new instance of the <see cref="T:System.IO.Compression.ZipArchive" /> class on the specified stream for the specified mode, uses the specified encoding for entry names, and optionally leaves the stream open.</summary>
      <param name="stream">The input or output stream.</param>
      <param name="mode">One of the enumeration values that indicates whether the zip archive is used to read, create, or update entries.</param>
      <param name="leaveOpen">true to leave the stream open after the <see cref="T:System.IO.Compression.ZipArchive" /> object is disposed; otherwise, false.</param>
      <param name="entryNameEncoding">The encoding to use when reading or writing entry names in this archive. Specify a value for this parameter only when an encoding is required for interoperability with zip archive tools and libraries that do not support UTF-8 encoding for entry names.</param>
      <exception cref="T:System.ArgumentException">The stream is already closed, or the capabilities of the stream do not match the mode.</exception>
      <exception cref="T:System.ArgumentNullException">
        <paramref name="stream" /> is null.</exception>
      <exception cref="T:System.ArgumentOutOfRangeException">
        <paramref name="mode" /> is an invalid value.</exception>
      <exception cref="T:System.IO.InvalidDataException">The contents of the stream could not be interpreted as a zip archive.-or-<paramref name="mode" /> is <see cref="F:System.IO.Compression.ZipArchiveMode.Update" /> and an entry is missing from the archive or is corrupt and cannot be read.-or-<paramref name="mode" /> is <see cref="F:System.IO.Compression.ZipArchiveMode.Update" /> and an entry is too large to fit into memory.</exception>
    </member>
    <member name="M:System.IO.Compression.ZipArchive.CreateEntry(System.String)">
      <summary>Creates an empty entry that has the specified path and entry name in the zip archive.</summary>
      <param name="entryName">A path, relative to the root of the archive, that specifies the name of the entry to be created.</param>
      <returns>An empty entry in the zip archive.</returns>
      <exception cref="T:System.ArgumentException">
        <paramref name="entryName" /> is <see cref="F:System.String.Empty" />.</exception>
      <exception cref="T:System.ArgumentNullException">
        <paramref name="entryName" /> is null.</exception>
      <exception cref="T:System.NotSupportedException">The zip archive does not support writing.</exception>
      <exception cref="T:System.ObjectDisposedException">The zip archive has been disposed.</exception>
    </member>
    <member name="M:System.IO.Compression.ZipArchive.CreateEntry(System.String,System.IO.Compression.CompressionLevel)">
      <summary>Creates an empty entry that has the specified entry name and compression level in the zip archive.</summary>
      <param name="entryName">A path, relative to the root of the archive, that specifies the name of the entry to be created.</param>
      <param name="compressionLevel">One of the enumeration values that indicates whether to emphasize speed or compression effectiveness when creating the entry.</param>
      <returns>An empty entry in the zip archive.</returns>
      <exception cref="T:System.ArgumentException">
        <paramref name="entryName" /> is <see cref="F:System.String.Empty" />.</exception>
      <exception cref="T:System.ArgumentNullException">
        <paramref name="entryName" /> is null.</exception>
      <exception cref="T:System.NotSupportedException">The zip archive does not support writing.</exception>
      <exception cref="T:System.ObjectDisposedException">The zip archive has been disposed.</exception>
    </member>
    <member name="M:System.IO.Compression.ZipArchive.Dispose">
      <summary>Releases the resources used by the current instance of the <see cref="T:System.IO.Compression.ZipArchive" /> class.</summary>
    </member>
    <member name="M:System.IO.Compression.ZipArchive.Dispose(System.Boolean)">
      <summary>Called by the <see cref="M:System.IO.Compression.ZipArchive.Dispose" /> and <see cref="M:System.Object.Finalize" /> methods to release the unmanaged resources used by the current instance of the <see cref="T:System.IO.Compression.ZipArchive" /> class, and optionally finishes writing the archive and releases the managed resources.</summary>
      <param name="disposing">true to finish writing the archive and release unmanaged and managed resources; false to release only unmanaged resources.</param>
    </member>
    <member name="M:System.IO.Compression.ZipArchive.GetEntry(System.String)">
      <summary>Retrieves a wrapper for the specified entry in the zip archive.</summary>
      <param name="entryName">A path, relative to the root of the archive, that identifies the entry to retrieve.</param>
      <returns>A wrapper for the specified entry in the archive; null if the entry does not exist in the archive.</returns>
      <exception cref="T:System.ArgumentException">
        <paramref name="entryName" /> is <see cref="F:System.String.Empty" />.</exception>
      <exception cref="T:System.ArgumentNullException">
        <paramref name="entryName" /> is null.</exception>
      <exception cref="T:System.NotSupportedException">The zip archive does not support reading.</exception>
      <exception cref="T:System.ObjectDisposedException">The zip archive has been disposed.</exception>
      <exception cref="T:System.IO.InvalidDataException">The zip archive is corrupt, and its entries cannot be retrieved.</exception>
    </member>
    <member name="M:System.IO.Compression.ZipArchiveEntry.Delete">
      <summary>Deletes the entry from the zip archive.</summary>
      <exception cref="T:System.IO.IOException">The entry is already open for reading or writing.</exception>
      <exception cref="T:System.NotSupportedException">The zip archive for this entry was opened in a mode other than <see cref="F:System.IO.Compression.ZipArchiveMode.Update" />. </exception>
      <exception cref="T:System.ObjectDisposedException">The zip archive for this entry has been disposed.</exception>
    </member>
    <member name="M:System.IO.Compression.ZipArchiveEntry.Open">
      <summary>Opens the entry from the zip archive.</summary>
      <returns>The stream that represents the contents of the entry.</returns>
      <exception cref="T:System.IO.IOException">The entry is already currently open for writing.-or-The entry has been deleted from the archive.-or-The archive for this entry was opened with the <see cref="F:System.IO.Compression.ZipArchiveMode.Create" /> mode, and this entry has already been written to. </exception>
      <exception cref="T:System.IO.InvalidDataException">The entry is either missing from the archive or is corrupt and cannot be read. -or-The entry has been compressed by using a compression method that is not supported.</exception>
      <exception cref="T:System.ObjectDisposedException">The zip archive for this entry has been disposed.</exception>
    </member>
    <member name="M:System.IO.Compression.ZipArchiveEntry.ToString">
      <summary>Retrieves the relative path of the entry in the zip archive.</summary>
      <returns>The relative path of the entry, which is the value stored in the <see cref="P:System.IO.Compression.ZipArchiveEntry.FullName" /> property.</returns>
    </member>
    <member name="P:System.IO.Compression.ZipArchive.Entries">
      <summary>Gets the collection of entries that are currently in the zip archive.</summary>
      <returns>The collection of entries that are currently in the zip archive.</returns>
      <exception cref="T:System.NotSupportedException">The zip archive does not support reading.</exception>
      <exception cref="T:System.ObjectDisposedException">The zip archive has been disposed.</exception>
      <exception cref="T:System.IO.InvalidDataException">The zip archive is corrupt, and its entries cannot be retrieved.</exception>
    </member>
    <member name="P:System.IO.Compression.ZipArchive.Mode">
      <summary>Gets a value that describes the type of action the zip archive can perform on entries.</summary>
      <returns>One of the enumeration values that describes the type of action (read, create, or update) the zip archive can perform on entries.</returns>
    </member>
    <member name="P:System.IO.Compression.ZipArchiveEntry.Archive">
      <summary>Gets the zip archive that the entry belongs to.</summary>
      <returns>The zip archive that the entry belongs to, or null if the entry has been deleted.</returns>
    </member>
    <member name="P:System.IO.Compression.ZipArchiveEntry.CompressedLength">
      <summary>Gets the compressed size of the entry in the zip archive.</summary>
      <returns>The compressed size of the entry in the zip archive.</returns>
      <exception cref="T:System.InvalidOperationException">The value of the property is not available because the entry has been modified.</exception>
    </member>
    <member name="P:System.IO.Compression.ZipArchiveEntry.FullName">
      <summary>Gets the relative path of the entry in the zip archive.</summary>
      <returns>The relative path of the entry in the zip archive.</returns>
    </member>
    <member name="P:System.IO.Compression.ZipArchiveEntry.LastWriteTime">
      <summary>Gets or sets the last time the entry in the zip archive was changed.</summary>
      <returns>The last time the entry in the zip archive was changed.</returns>
      <exception cref="T:System.NotSupportedException">The attempt to set this property failed, because the zip archive for the entry is in <see cref="F:System.IO.Compression.ZipArchiveMode.Read" /> mode.</exception>
      <exception cref="T:System.IO.IOException">The archive mode is set to <see cref="F:System.IO.Compression.ZipArchiveMode.Create" />.- or -The archive mode is set to <see cref="F:System.IO.Compression.ZipArchiveMode.Update" /> and the entry has been opened.</exception>
      <exception cref="T:System.ArgumentOutOfRangeException">An attempt was made to set this property to a value that is either earlier than 1980 January 1 0:00:00 (midnight) or later than 2107 December 31 23:59:58 (one second before midnight).</exception>
    </member>
    <member name="P:System.IO.Compression.ZipArchiveEntry.Length">
      <summary>Gets the uncompressed size of the entry in the zip archive.</summary>
      <returns>The uncompressed size of the entry in the zip archive.</returns>
      <exception cref="T:System.InvalidOperationException">The value of the property is not available because the entry has been modified.</exception>
    </member>
    <member name="P:System.IO.Compression.ZipArchiveEntry.Name">
      <summary>Gets the file name of the entry in the zip archive.</summary>
      <returns>The file name of the entry in the zip archive.</returns>
    </member>
    <member name="T:System.IO.Compression.ZipArchive">
      <summary>Represents a package of compressed files in the zip archive format.</summary>
    </member>
    <member name="T:System.IO.Compression.ZipArchiveEntry">
      <summary>Represents a compressed file within a zip archive.</summary>
    </member>
    <member name="T:System.IO.Compression.ZipArchiveMode">
      <summary>Specifies values for interacting with zip archive entries.</summary>
    </member>
    <member name="F:System.IO.Compression.ZipArchiveMode.Read">
      <summary>Only reading archive entries is permitted.</summary>
    </member>
    <member name="F:System.IO.Compression.ZipArchiveMode.Create">
      <summary>Only creating new archive entries is permitted.</summary>
    </member>
    <member name="F:System.IO.Compression.ZipArchiveMode.Update">
      <summary>Both read and write operations are permitted for archive entries.</summary>
    </member>
  </members>
</doc>