﻿<?xml version="1.0" encoding="utf-8"?>
<doc>
  <assembly>
    <name>Accessibility</name>
  </assembly>
  <members>
    <member name="T:Accessibility.__MIDL_IWinTypes_0009">
      <summary>Die <see cref="T:Accessibility.__MIDL_IWinTypes_0009" />-Schnittstelle und ihre verfügbar gemachten Member sind Teil eines verwalteten Wrappers für die COM (Component Object Model)-Schnittstelle für die Barrierefreiheit.</summary>
    </member>
    <member name="F:Accessibility.__MIDL_IWinTypes_0009.hInproc">
      <summary>Die <see cref="T:Accessibility.__MIDL_IWinTypes_0009" />-Schnittstelle und ihre verfügbar gemachten Member sind Teil eines verwalteten Wrappers für die COM (Component Object Model)-Schnittstelle für die Barrierefreiheit.</summary>
    </member>
    <member name="F:Accessibility.__MIDL_IWinTypes_0009.hRemote">
      <summary>Die <see cref="T:Accessibility.__MIDL_IWinTypes_0009" />-Schnittstelle und ihre verfügbar gemachten Member sind Teil eines verwalteten Wrappers für die COM (Component Object Model)-Schnittstelle für die Barrierefreiheit.</summary>
    </member>
    <member name="T:Accessibility._RemotableHandle">
      <summary>Die <see cref="T:Accessibility.IAccessibleHandler" />-Schnittstelle und ihre verfügbar gemachten Member sind Teil eines verwalteten Wrappers für die COM  (Component Object Model)-Schnittstelle für die Barrierefreiheit.</summary>
    </member>
    <member name="F:Accessibility._RemotableHandle.fContext">
      <summary>Die <see cref="T:Accessibility.IAccessibleHandler" />-Schnittstelle und ihre verfügbar gemachten Member sind Teil eines verwalteten Wrappers für die COM  (Component Object Model)-Schnittstelle für die Barrierefreiheit.</summary>
    </member>
    <member name="F:Accessibility._RemotableHandle.u">
      <summary>Die <see cref="T:Accessibility.IAccessibleHandler" />-Schnittstelle und ihre verfügbar gemachten Member sind Teil eines verwalteten Wrappers für die COM  (Component Object Model)-Schnittstelle für die Barrierefreiheit.</summary>
    </member>
    <member name="T:Accessibility.AnnoScope">
      <summary>Die <see cref="T:Accessibility.AnnoScope" />-Schnittstelle und ihre verfügbar gemachten Member sind Teil eines verwalteten Wrappers für die COM (Component Object Model)-Schnittstelle für die Barrierefreiheit.</summary>
    </member>
    <member name="F:Accessibility.AnnoScope.ANNO_CONTAINER">
      <summary>Der Gültigkeitsbereich der Anmerkung wird auf das Containerobjekt festgelegt.</summary>
    </member>
    <member name="F:Accessibility.AnnoScope.ANNO_THIS">
      <summary>Der Gültigkeitsbereich der Anmerkung wird auf das unmittelbare Objekt festgelegt.</summary>
    </member>
    <member name="T:Accessibility.CAccPropServices">
      <summary>Der <see cref="T:Accessibility.CAccPropServices" /> sowie seine verfügbar gemachten Member sind Teil eines verwalteten Wrappers für die IAccPropServices-Schnittstelle des COM (Component Object Model). </summary>
    </member>
    <member name="T:Accessibility.CAccPropServicesClass">
      <summary>Die <see cref="T:Accessibility.CAccPropServicesClass" />-Schnittstelle und ihre verfügbar gemachten Member sind Teil eines verwalteten Wrappers für die COM-Schnittstelle IAccPropServices (Component Object Model).</summary>
    </member>
    <member name="M:Accessibility.CAccPropServicesClass.#ctor">
      <summary>Die <see cref="T:Accessibility.CAccPropServicesClass" />-Schnittstelle und ihre verfügbar gemachten Member sind Teil eines verwalteten Wrappers für die COM-Schnittstelle IAccPropServices (Component Object Model).  </summary>
    </member>
    <member name="M:Accessibility.CAccPropServicesClass.ClearHmenuProps(Accessibility._RemotableHandle@,System.UInt32,System.Guid@,System.Int32)">
      <summary>Die <see cref="T:Accessibility.CAccPropServicesClass" />-Schnittstelle und ihre verfügbar gemachten Member sind Teil eines verwalteten Wrappers für die COM-Schnittstelle IAccPropServices (Component Object Model).</summary>
      <param name="hmenu">Gibt das barrierefreie HMENU-Element an, das mit Anmerkungen versehen werden soll.</param>
      <param name="idChild">Gibt die untergeordnete ID des barrierefreien Elements an.</param>
      <param name="paProps">Gibt ein Array von Eigenschaften an, die zurückgesetzt werden sollen.Diese Eigenschaften werden auf das Standardverhalten zurückgesetzt, das vor dem Festlegen von Anmerkungen gültig war.</param>
      <param name="cProps">Gibt die Anzahl der Eigenschaften im <paramref name="paProps" />-Array an.</param>
    </member>
    <member name="M:Accessibility.CAccPropServicesClass.ClearHwndProps(Accessibility._RemotableHandle@,System.UInt32,System.UInt32,System.Guid@,System.Int32)">
      <summary>Die <see cref="T:Accessibility.CAccPropServicesClass" />-Schnittstelle und ihre verfügbar gemachten Member sind Teil eines verwalteten Wrappers für die COM-Schnittstelle IAccPropServices (Component Object Model).</summary>
      <param name="hwnd">Gibt das barrierefreie Element an, das mit Anmerkungen versehen werden soll.Dadurch wird die Identitätszeichenfolge ersetzt.</param>
      <param name="idObject">Gibt das barrierefreie Element an, das mit Anmerkungen versehen werden soll.Dadurch wird die Identitätszeichenfolge ersetzt.</param>
      <param name="idChild">Gibt das barrierefreie Element an, das mit Anmerkungen versehen werden soll.Dadurch wird die Identitätszeichenfolge ersetzt.</param>
      <param name="paProps">Gibt ein Array von Eigenschaften an, das zurückgesetzt werden soll.Diese Eigenschaften werden auf das Standardverhalten zurückgesetzt, das vor dem Festlegen von Anmerkungen gültig war.</param>
      <param name="cProps">Gibt die Anzahl der Eigenschaften im <paramref name="paProps" />-Array an.</param>
    </member>
    <member name="M:Accessibility.CAccPropServicesClass.ClearProps(System.Byte@,System.UInt32,System.Guid@,System.Int32)">
      <summary>Die <see cref="T:Accessibility.CAccPropServicesClass" />-Schnittstelle und ihre verfügbar gemachten Member sind Teil eines verwalteten Wrappers für die COM-Schnittstelle IAccPropServices (Component Object Model).</summary>
      <param name="pIDString">Gibt das barrierefreie Element an, dessen Anmerkungen entfernt werden sollen.</param>
      <param name="dwIDStringLen">Die Länge der <paramref name="pIDString" />.</param>
      <param name="paProps">Gibt ein Array von Eigenschaften an, das zurückgesetzt werden soll.Diese Eigenschaften werden auf das Standardverhalten zurückgesetzt, das vor dem Festlegen von Anmerkungen gültig war.</param>
      <param name="cProps">Gibt die Anzahl der Eigenschaften im <paramref name="paProps" />-Array an.</param>
    </member>
    <member name="M:Accessibility.CAccPropServicesClass.ComposeHmenuIdentityString(Accessibility._RemotableHandle@,System.UInt32,System.IntPtr,System.UInt32@)">
      <summary>Die <see cref="T:Accessibility.CAccPropServicesClass" />-Schnittstelle und ihre verfügbar gemachten Member sind Teil eines verwalteten Wrappers für die COM-Schnittstelle IAccPropServices (Component Object Model).</summary>
      <param name="hmenu">Gibt das barrierefreie HMENU-Element an.</param>
      <param name="idChild">Gibt die untergeordnete ID des barrierefreien Elements an.</param>
      <param name="ppIDString">Ein Zeiger auf einen Puffer, der die Identitätszeichenfolge empfängt.Der Aufgerufene reserviert diesen Puffer mit CoTaskMemAlloc.Nach Abschluss des Vorgangs muss der Aufrufer den Puffer durch einen Aufruf von CoTaskMemFree freigeben.</param>
      <param name="pdwIDStringLen">Ein Zeiger auf einen Puffer, der die Länge der Identitätszeichenfolge empfängt.</param>
    </member>
    <member name="M:Accessibility.CAccPropServicesClass.ComposeHwndIdentityString(Accessibility._RemotableHandle@,System.UInt32,System.UInt32,System.IntPtr,System.UInt32@)">
      <summary>Die <see cref="T:Accessibility.CAccPropServicesClass" />-Schnittstelle und ihre verfügbar gemachten Member sind Teil eines verwalteten Wrappers für die COM-Schnittstelle IAccPropServices (Component Object Model).</summary>
      <param name="hwnd">Gibt das HWND des barrierefreien Elements an, das vom Aufrufer angegeben werden soll.</param>
      <param name="idObject">Gibt die Objekt-ID des barrierefreien Elements an.</param>
      <param name="idChild">Gibt die untergeordnete ID des barrierefreien Elements an.</param>
      <param name="ppIDString">Ein Zeiger auf einen Puffer, der die Identitätszeichenfolge empfängt.Der Aufgerufene reserviert diesen Puffer mit CoTaskMemAlloc.Nach Abschluss des Vorgangs muss der Aufrufer den Puffer durch einen Aufruf von CoTaskMemFree freigeben.</param>
      <param name="pdwIDStringLen">Ein Zeiger auf einen Puffer, der die Länge der Identitätszeichenfolge empfängt.</param>
    </member>
    <member name="M:Accessibility.CAccPropServicesClass.DecomposeHmenuIdentityString(System.Byte@,System.UInt32,System.IntPtr,System.UInt32@)">
      <summary>Die <see cref="T:Accessibility.CAccPropServicesClass" />-Schnittstelle und ihre verfügbar gemachten Member sind Teil eines verwalteten Wrappers für die COM-Schnittstelle IAccPropServices (Component Object Model).</summary>
      <param name="pIDString">Ein Zeiger auf einen Puffer, der die Identitätszeichenfolge eines barrierefreien HMENU-Elements enthält.</param>
      <param name="dwIDStringLen">Gibt die Länge der von <paramref name="pIDString" /> angegebenen Identitätszeichenfolge an.</param>
      <param name="phmenu">Ein Zeiger auf einen Puffer, der das HMENU des barrierefreien Elements empfängt.</param>
      <param name="pidChild">Ein Zeiger auf einen Puffer, der die untergeordnete ID des barrierefreien Elements empfängt.</param>
    </member>
    <member name="M:Accessibility.CAccPropServicesClass.DecomposeHwndIdentityString(System.Byte@,System.UInt32,System.IntPtr,System.UInt32@,System.UInt32@)">
      <summary>Die <see cref="T:Accessibility.CAccPropServicesClass" />-Schnittstelle und ihre verfügbar gemachten Member sind Teil eines verwalteten Wrappers für die COM-Schnittstelle IAccPropServices (Component Object Model).</summary>
      <param name="pIDString">Ein Zeiger auf einen Puffer, der die Identitätszeichenfolge eines barrierefreien HWND-Elements enthält.</param>
      <param name="dwIDStringLen">Gibt die Länge der von <paramref name="pIDString" /> angegebenen Identitätszeichenfolge an.</param>
      <param name="phwnd">Ein Zeiger auf einen Puffer, der das HWND des barrierefreien Elements empfängt.</param>
      <param name="pidObject">Ein Zeiger auf einen Puffer, der die Objekt-ID des barrierefreien Elements empfängt.</param>
      <param name="pidChild">Ein Zeiger auf einen Puffer, der die untergeordnete ID des barrierefreien Elements empfängt.</param>
    </member>
    <member name="M:Accessibility.CAccPropServicesClass.SetHmenuProp(Accessibility._RemotableHandle@,System.UInt32,System.Guid,System.Object)">
      <summary>Die <see cref="T:Accessibility.CAccPropServicesClass" />-Schnittstelle und ihre verfügbar gemachten Member sind Teil eines verwalteten Wrappers für die COM-Schnittstelle IAccPropServices (Component Object Model).</summary>
      <param name="hmenu">Gibt das barrierefreie HMENU-Element an, das mit Anmerkungen versehen werden soll.</param>
      <param name="idChild">Gibt die untergeordnete ID des barrierefreien Elements an.</param>
      <param name="idProp">Gibt an, welche Eigenschaft des barrierefreien Elements mit Anmerkungen versehen werden soll.</param>
      <param name="var">Gibt einen neuen Wert für die <paramref name="idProp" />-Eigenschaft an.</param>
    </member>
    <member name="M:Accessibility.CAccPropServicesClass.SetHmenuPropServer(Accessibility._RemotableHandle@,System.UInt32,System.Guid@,System.Int32,Accessibility.IAccPropServer,Accessibility.AnnoScope)">
      <summary>Die <see cref="T:Accessibility.CAccPropServicesClass" />-Schnittstelle und ihre verfügbar gemachten Member sind Teil eines verwalteten Wrappers für die COM-Schnittstelle IAccPropServices (Component Object Model).</summary>
      <param name="hmenu">Gibt das barrierefreie HMENU-Element an, das mit Anmerkungen versehen werden soll.</param>
      <param name="idChild">Gibt das barrierefreie Element an, das mit Anmerkungen versehen werden soll.Dadurch wird die Identitätszeichenfolge ersetzt.</param>
      <param name="paProps">Gibt ein Array von Eigenschaften an, das vom angegebenen Rückrufobjekt verarbeitet werden soll.</param>
      <param name="cProps">Gibt die Anzahl der Eigenschaften im <paramref name="paProps" />-Array an.</param>
      <param name="pServer">Gibt das Rückrufobjekt an, das aufgerufen wird, wenn ein Client eine der überschriebenen Eigenschaften anfordert.</param>
      <param name="AnnoScope">Kann ANNO_THIS sein, wodurch angegeben wird, dass sich die Anmerkung nur auf das angegebene barrierefreie Element auswirkt, oder ANNO_CONTAINER, wodurch angegeben wird, dass sie sich auf das Element und dessen direkte untergeordnete Elemente bezieht.</param>
    </member>
    <member name="M:Accessibility.CAccPropServicesClass.SetHmenuPropStr(Accessibility._RemotableHandle@,System.UInt32,System.Guid,System.String)">
      <summary>Die <see cref="T:Accessibility.CAccPropServicesClass" />-Schnittstelle und ihre verfügbar gemachten Member sind Teil eines verwalteten Wrappers für die COM-Schnittstelle IAccPropServices (Component Object Model).</summary>
      <param name="hmenu">Gibt das barrierefreie HMENU-Element an, das mit Anmerkungen versehen werden soll.</param>
      <param name="idChild">Gibt die untergeordnete ID des barrierefreien Elements an.</param>
      <param name="idProp">Gibt an, welche Eigenschaft des barrierefreien Elements mit Anmerkungen versehen werden soll.</param>
      <param name="str">Gibt einen neuen Wert für die <paramref name="idProp" />-Eigenschaft an.</param>
    </member>
    <member name="M:Accessibility.CAccPropServicesClass.SetHwndProp(Accessibility._RemotableHandle@,System.UInt32,System.UInt32,System.Guid,System.Object)">
      <summary>Die <see cref="T:Accessibility.CAccPropServicesClass" />-Schnittstelle und ihre verfügbar gemachten Member sind Teil eines verwalteten Wrappers für die COM-Schnittstelle IAccPropServices (Component Object Model).</summary>
      <param name="hwnd">Gibt das barrierefreie Element an, das mit Anmerkungen versehen werden soll.Dadurch wird die Identitätszeichenfolge ersetzt.</param>
      <param name="idObject">Gibt das barrierefreie Element an, das mit Anmerkungen versehen werden soll.Dadurch wird die Identitätszeichenfolge ersetzt.</param>
      <param name="idChild">Gibt das barrierefreie Element an, das mit Anmerkungen versehen werden soll.Dadurch wird die Identitätszeichenfolge ersetzt.</param>
      <param name="idProp">Gibt an, welche Eigenschaft des betreffenden Elements mit Anmerkungen versehen werden soll.</param>
      <param name="var">Gibt einen neuen Wert für die <paramref name="idProp" />-Eigenschaft an.</param>
    </member>
    <member name="M:Accessibility.CAccPropServicesClass.SetHwndPropServer(Accessibility._RemotableHandle@,System.UInt32,System.UInt32,System.Guid@,System.Int32,Accessibility.IAccPropServer,Accessibility.AnnoScope)">
      <summary>Die <see cref="T:Accessibility.CAccPropServicesClass" />-Schnittstelle und ihre verfügbar gemachten Member sind Teil eines verwalteten Wrappers für die COM-Schnittstelle IAccPropServices (Component Object Model).</summary>
      <param name="hwnd">Gibt das barrierefreie Element an, das mit Anmerkungen versehen werden soll.Dadurch wird die Identitätszeichenfolge ersetzt.</param>
      <param name="idObject">Gibt das barrierefreie Element an, das mit Anmerkungen versehen werden soll.Dadurch wird die Identitätszeichenfolge ersetzt.</param>
      <param name="idChild">Gibt das barrierefreie Element an, das mit Anmerkungen versehen werden soll.Dadurch wird die Identitätszeichenfolge ersetzt.</param>
      <param name="paProps">Gibt ein Array von Eigenschaften an, das vom angegebenen Rückrufobjekt verarbeitet werden soll.</param>
      <param name="cProps">Gibt die Anzahl der Eigenschaften im <paramref name="paProps" />-Array an.</param>
      <param name="pServer">Gibt das Rückrufobjekt an, das aufgerufen wird, wenn ein Client eine der überschriebenen Eigenschaften anfordert.</param>
      <param name="AnnoScope">Kann ANNO_THIS sein, wodurch angegeben wird, dass sich die Anmerkung nur auf das angegebene barrierefreie Element auswirkt, oder ANNO_CONTAINER, wodurch angegeben wird, dass sie sich auf das Element und dessen direkte untergeordnete Elemente bezieht.</param>
    </member>
    <member name="M:Accessibility.CAccPropServicesClass.SetHwndPropStr(Accessibility._RemotableHandle@,System.UInt32,System.UInt32,System.Guid,System.String)">
      <summary>Die <see cref="T:Accessibility.CAccPropServicesClass" />-Schnittstelle und ihre verfügbar gemachten Member sind Teil eines verwalteten Wrappers für die COM-Schnittstelle IAccPropServices (Component Object Model).</summary>
      <param name="hwnd">Gibt das barrierefreie Element an, das mit Anmerkungen versehen werden soll.Dadurch wird die Identitätszeichenfolge ersetzt.</param>
      <param name="idObject">Gibt das barrierefreie Element an, das mit Anmerkungen versehen werden soll.Dadurch wird die Identitätszeichenfolge ersetzt.</param>
      <param name="idChild">Gibt das barrierefreie Element an, das mit Anmerkungen versehen werden soll.Dadurch wird die Identitätszeichenfolge ersetzt.</param>
      <param name="idProp">Gibt an, welche Eigenschaft des betreffenden Elements mit Anmerkungen versehen werden soll.</param>
      <param name="str">Gibt einen neuen Wert für die <paramref name="idProp" />-Eigenschaft an.</param>
    </member>
    <member name="M:Accessibility.CAccPropServicesClass.SetPropServer(System.Byte@,System.UInt32,System.Guid@,System.Int32,Accessibility.IAccPropServer,Accessibility.AnnoScope)">
      <summary>Die <see cref="T:Accessibility.CAccPropServicesClass" />-Schnittstelle und ihre verfügbar gemachten Member sind Teil eines verwalteten Wrappers für die COM-Schnittstelle IAccPropServices (Component Object Model).</summary>
      <param name="pIDString">Gibt das barrierefreie Element an, das mit Anmerkungen versehen werden soll.</param>
      <param name="dwIDStringLen">Gibt die Länge der vom <paramref name="pIDString" />-Parameter angegebenen Zeichenfolge an.</param>
      <param name="paProps">Gibt ein Array von Eigenschaften an, das vom angegebenen Rückrufobjekt verarbeitet werden soll.</param>
      <param name="cProps">Gibt die Anzahl der Eigenschaften im <paramref name="paProps" />-Array an.</param>
      <param name="pServer">Gibt das Rückrufobjekt an, das aufgerufen wird, wenn ein Client eine der überschriebenen Eigenschaften anfordert.</param>
      <param name="AnnoScope">Kann ANNO_THIS sein, wodurch angegeben wird, dass sich die Anmerkung nur auf das angegebene barrierefreie Element auswirkt, oder ANNO_CONTAINER, wodurch angegeben wird, dass sie sich auf das Element und dessen direkte untergeordnete Elemente bezieht.</param>
    </member>
    <member name="M:Accessibility.CAccPropServicesClass.SetPropValue(System.Byte@,System.UInt32,System.Guid,System.Object)">
      <summary>Die <see cref="T:Accessibility.CAccPropServicesClass" />-Schnittstelle und ihre verfügbar gemachten Member sind Teil eines verwalteten Wrappers für die COM-Schnittstelle IAccPropServices (Component Object Model).</summary>
      <param name="pIDString">Gibt das barrierefreie Element an, das mit Anmerkungen versehen werden soll.</param>
      <param name="dwIDStringLen">Gibt die Länge der vom <paramref name="pIDString" />-Parameter angegebenen Zeichenfolge an.</param>
      <param name="idProp">Gibt die Eigenschaft des barrierefreien Elements an, das mit Anmerkungen versehen werden soll.</param>
      <param name="var">Gibt einen neuen Wert für die Eigenschaft an.</param>
    </member>
    <member name="T:Accessibility.IAccessible">
      <summary>Die <see cref="T:Accessibility.IAccessible" />-Schnittstelle und ihre verfügbar gemachten Member sind Teil eines verwalteten Wrappers für die COM-Schnittstelle IAccessible (Component Object Model).</summary>
    </member>
    <member name="P:Accessibility.IAccessible.accChild(System.Object)">
      <summary>Die <see cref="T:Accessibility.IAccessible" />-Schnittstelle und ihre verfügbar gemachten Member sind Teil eines verwalteten Wrappers für die COM-Schnittstelle IAccessible (Component Object Model).</summary>
      <returns>Ein Objekt. </returns>
      <param name="varChild">Dieser Parameter ist nur für die interne Verwendung vorgesehen.</param>
    </member>
    <member name="P:Accessibility.IAccessible.accChildCount">
      <summary>Die <see cref="T:Accessibility.IAccessible" />-Schnittstelle und ihre verfügbar gemachten Member sind Teil eines verwalteten Wrappers für die COM-Schnittstelle IAccessible (Component Object Model).</summary>
      <returns>Eine ganze Zahl, die die Anzahl darstellt.</returns>
    </member>
    <member name="P:Accessibility.IAccessible.accDefaultAction(System.Object)">
      <summary>Die <see cref="T:Accessibility.IAccessible" />-Schnittstelle und ihre verfügbar gemachten Member sind Teil eines verwalteten Wrappers für die COM-Schnittstelle IAccessible (Component Object Model).</summary>
      <returns>Eine Zeichenfolge, welche die Aktion darstellt.</returns>
      <param name="varChild">Dieser Parameter ist nur für die interne Verwendung vorgesehen.</param>
    </member>
    <member name="P:Accessibility.IAccessible.accDescription(System.Object)">
      <summary>Die <see cref="T:Accessibility.IAccessible" />-Schnittstelle und ihre verfügbar gemachten Member sind Teil eines verwalteten Wrappers für die COM-Schnittstelle IAccessible (Component Object Model).</summary>
      <returns>Eine Zeichenfolge, die die Beschreibung darstellt.</returns>
      <param name="varChild">Dieser Parameter ist nur für die interne Verwendung vorgesehen.</param>
    </member>
    <member name="M:Accessibility.IAccessible.accDoDefaultAction(System.Object)">
      <summary>Die <see cref="T:Accessibility.IAccessible" />-Schnittstelle und ihre verfügbar gemachten Member sind Teil eines verwalteten Wrappers für die COM-Schnittstelle IAccessible (Component Object Model).</summary>
      <param name="varChild">Dieser Parameter ist nur für die interne Verwendung vorgesehen.</param>
    </member>
    <member name="P:Accessibility.IAccessible.accFocus">
      <summary>Die <see cref="T:Accessibility.IAccessible" />-Schnittstelle und ihre verfügbar gemachten Member sind Teil eines verwalteten Wrappers für die COM-Schnittstelle IAccessible (Component Object Model).</summary>
      <returns>Gibt bei Erfolg S_OK zurück.Andernfalls wird ein anderer standardmäßiger COM-Fehlercode zurückgegeben.</returns>
    </member>
    <member name="P:Accessibility.IAccessible.accHelp(System.Object)">
      <summary>Die <see cref="T:Accessibility.IAccessible" />-Schnittstelle und ihre verfügbar gemachten Member sind Teil eines verwalteten Wrappers für die COM-Schnittstelle IAccessible (Component Object Model).</summary>
      <returns>Eine Zeichenfolge.</returns>
      <param name="varChild">Dieser Parameter ist nur für die interne Verwendung vorgesehen.</param>
    </member>
    <member name="P:Accessibility.IAccessible.accHelpTopic(System.String@,System.Object)">
      <summary>Die <see cref="T:Accessibility.IAccessible" />-Schnittstelle und ihre verfügbar gemachten Member sind Teil eines verwalteten Wrappers für die COM-Schnittstelle IAccessible (Component Object Model).</summary>
      <returns>Eine ganze Zahl.</returns>
      <param name="pszHelpFile">Dieser Parameter ist nur für die interne Verwendung vorgesehen.</param>
      <param name="varChild">Dieser Parameter ist nur für die interne Verwendung vorgesehen.</param>
    </member>
    <member name="M:Accessibility.IAccessible.accHitTest(System.Int32,System.Int32)">
      <summary>Die <see cref="T:Accessibility.IAccessible" />-Schnittstelle und ihre verfügbar gemachten Member sind Teil eines verwalteten Wrappers für die COM-Schnittstelle IAccessible (Component Object Model).</summary>
      <returns>Ein Objekt.</returns>
      <param name="xLeft">Dieser Parameter ist nur für die interne Verwendung vorgesehen.</param>
      <param name="yTop">Dieser Parameter ist nur für die interne Verwendung vorgesehen.</param>
    </member>
    <member name="P:Accessibility.IAccessible.accKeyboardShortcut(System.Object)">
      <summary>Die <see cref="T:Accessibility.IAccessible" />-Schnittstelle und ihre verfügbar gemachten Member sind Teil eines verwalteten Wrappers für die COM-Schnittstelle IAccessible (Component Object Model).</summary>
      <returns>Eine Zeichenfolge.</returns>
      <param name="varChild">Dieser Parameter ist nur für die interne Verwendung vorgesehen.</param>
    </member>
    <member name="M:Accessibility.IAccessible.accLocation(System.Int32@,System.Int32@,System.Int32@,System.Int32@,System.Object)">
      <summary>Die <see cref="T:Accessibility.IAccessible" />-Schnittstelle und ihre verfügbar gemachten Member sind Teil eines verwalteten Wrappers für die COM-Schnittstelle IAccessible (Component Object Model).</summary>
      <param name="pxLeft">Dieser Parameter ist nur für die interne Verwendung vorgesehen.</param>
      <param name="pyTop">Dieser Parameter ist nur für die interne Verwendung vorgesehen.</param>
      <param name="pcxWidth">Dieser Parameter ist nur für die interne Verwendung vorgesehen.</param>
      <param name="pcyHeight">Dieser Parameter ist nur für die interne Verwendung vorgesehen.</param>
      <param name="varChild">Dieser Parameter ist nur für die interne Verwendung vorgesehen.</param>
    </member>
    <member name="P:Accessibility.IAccessible.accName(System.Object)">
      <summary>Die <see cref="T:Accessibility.IAccessible" />-Schnittstelle und ihre verfügbar gemachten Member sind Teil eines verwalteten Wrappers für die COM-Schnittstelle IAccessible (Component Object Model).</summary>
      <returns>Eine Zeichenfolge.</returns>
      <param name="varChild">Dieser Parameter ist nur für die interne Verwendung vorgesehen.</param>
    </member>
    <member name="M:Accessibility.IAccessible.accNavigate(System.Int32,System.Object)">
      <summary>Die <see cref="T:Accessibility.IAccessible" />-Schnittstelle und ihre verfügbar gemachten Member sind Teil eines verwalteten Wrappers für die COM-Schnittstelle IAccessible (Component Object Model).</summary>
      <returns>Gibt bei Erfolg S_OK zurück.Weitere mögliche Rückgabewerte finden Sie in der Dokumentation für IAccessible::accNavigate.</returns>
      <param name="navDir">Dieser Parameter ist nur für die interne Verwendung vorgesehen.</param>
      <param name="varStart">Dieser Parameter ist nur für die interne Verwendung vorgesehen.</param>
    </member>
    <member name="P:Accessibility.IAccessible.accParent">
      <summary>Die <see cref="T:Accessibility.IAccessible" />-Schnittstelle und ihre verfügbar gemachten Member sind Teil eines verwalteten Wrappers für die COM-Schnittstelle IAccessible (Component Object Model).</summary>
      <returns>Ein Objekt.</returns>
    </member>
    <member name="P:Accessibility.IAccessible.accRole(System.Object)">
      <summary>Die <see cref="T:Accessibility.IAccessible" />-Schnittstelle und ihre verfügbar gemachten Member sind Teil eines verwalteten Wrappers für die COM-Schnittstelle IAccessible (Component Object Model).</summary>
      <returns>Ein Objekt.</returns>
      <param name="varChild">Dieser Parameter ist nur für die interne Verwendung vorgesehen.</param>
    </member>
    <member name="M:Accessibility.IAccessible.accSelect(System.Int32,System.Object)">
      <summary>Die <see cref="T:Accessibility.IAccessible" />-Schnittstelle und ihre verfügbar gemachten Member sind Teil eines verwalteten Wrappers für die COM-Schnittstelle IAccessible (Component Object Model).</summary>
      <param name="flagsSelect">Dieser Parameter ist nur für die interne Verwendung vorgesehen.</param>
      <param name="varChild">Dieser Parameter ist nur für die interne Verwendung vorgesehen.</param>
    </member>
    <member name="P:Accessibility.IAccessible.accSelection">
      <summary>Die <see cref="T:Accessibility.IAccessible" />-Schnittstelle und ihre verfügbar gemachten Member sind Teil eines verwalteten Wrappers für die COM-Schnittstelle IAccessible (Component Object Model).</summary>
      <returns>Ein Objekt.</returns>
    </member>
    <member name="P:Accessibility.IAccessible.accState(System.Object)">
      <summary>Die <see cref="T:Accessibility.IAccessible" />-Schnittstelle und ihre verfügbar gemachten Member sind Teil eines verwalteten Wrappers für die COM-Schnittstelle IAccessible (Component Object Model).</summary>
      <returns>Ein Objekt.</returns>
      <param name="varChild">Dieser Parameter ist nur für die interne Verwendung vorgesehen.</param>
    </member>
    <member name="P:Accessibility.IAccessible.accValue(System.Object)">
      <summary>Die <see cref="T:Accessibility.IAccessible" />-Schnittstelle und ihre verfügbar gemachten Member sind Teil eines verwalteten Wrappers für die COM-Schnittstelle IAccessible (Component Object Model).</summary>
      <returns>Eine Zeichenfolge.</returns>
      <param name="varChild">Dieser Parameter ist nur für die interne Verwendung vorgesehen.</param>
    </member>
    <member name="T:Accessibility.IAccessibleHandler">
      <summary>Der <see cref="T:Accessibility.IAccessibleHandler" /> sowie seine verfügbar gemachten Member sind Teil eines verwalteten Wrappers für die IAccessibleHandler-Schnittstelle des COM (Component Object Model).</summary>
    </member>
    <member name="M:Accessibility.IAccessibleHandler.AccessibleObjectFromID(System.Int32,System.Int32,Accessibility.IAccessible@)">
      <summary>Der <see cref="T:Accessibility.IAccessibleHandler" /> sowie seine verfügbar gemachten Member sind Teil eines verwalteten Wrappers für die IAccessibleHandler-Schnittstelle des COM (Component Object Model).</summary>
      <param name="hwnd">Gibt das Handle eines Fensters an, für das ein IAccessible-Schnittstellenzeiger abgerufen werden soll.</param>
      <param name="lObjectID">Gibt die Objekt-ID an.</param>
      <param name="pIAccessible">Gibt die Adresse einer Zeigervariablen an, die die Adresse der IAccessible-Schnittstelle des Objekts empfängt.</param>
    </member>
    <member name="T:Accessibility.IAccIdentity">
      <summary>Die <see cref="T:Accessibility.IAccIdentity" />-Schnittstelle und ihre verfügbar gemachten Member sind Teil eines verwalteten Wrappers für die COM-Schnittstelle IAccIdentity (Component Object Model).</summary>
    </member>
    <member name="M:Accessibility.IAccIdentity.GetIdentityString(System.UInt32,System.IntPtr,System.UInt32@)">
      <summary>Die <see cref="T:Accessibility.IAccIdentity" />-Schnittstelle und ihre verfügbar gemachten Member sind Teil eines verwalteten Wrappers für die IAccIndentity-Schnittstelle des COM (Component Object Model).</summary>
      <param name="dwIDChild">Gibt an, welches untergeordnete Element des IAccessible-Objekts vom Aufrufer angegeben werden soll.</param>
      <param name="ppIDString">Die Adresse einer Variablen, die einen Zeiger auf eine vom Aufgerufenen reservierte Identitätszeichenfolge empfängt.Der Aufgerufene reserviert die Identitätszeichenfolge mit CoTaskMemAlloc; der Aufrufer muss die Identitätszeichenfolge nach Abschluss des Vorgangs mit CoTaskMemFree freigeben.</param>
      <param name="pdwIDStringLen">Die Adresse einer Variablen, die die Länge (in Bytes) der vom Aufgerufenen reservierten Identitätszeichenfolge empfängt.</param>
    </member>
    <member name="T:Accessibility.IAccPropServer">
      <summary>Die <see cref="T:Accessibility.IAccPropServer" />-Schnittstelle und ihre verfügbar gemachten Member sind Teil eines verwalteten Wrappers für die COM-Schnittstelle IAccPropServer (Component Object Model).</summary>
    </member>
    <member name="M:Accessibility.IAccPropServer.GetPropValue(System.Byte@,System.UInt32,System.Guid,System.Object@,System.Int32@)">
      <summary>Die <see cref="T:Accessibility.IAccPropServer" />-Schnittstelle und ihre verfügbar gemachten Member sind Teil eines verwalteten Wrappers für die COM-Schnittstelle IAccPropServer (Component Object Model).</summary>
      <param name="pIDString">Enthält eine Zeichenfolge, die die angeforderte Eigenschaft angibt.</param>
      <param name="dwIDStringLen">Gibt die Länge der vom <paramref name="pIDString" />-Parameter angegebenen Identitätszeichenfolge an.</param>
      <param name="idProp">Gibt eine GUID an, die die gewünschte Eigenschaft angibt.</param>
      <param name="pvarValue">Gibt den Wert der überschriebenen Eigenschaft an.Dieser Parameter ist nur gültig, wenn <paramref name="pfHasProp" /> gleich TRUE ist.Muss vom Server auf VT_EMPTY festgelegt werden, wenn <paramref name="pfHasProp" /> auf FALSE festgelegt ist.</param>
      <param name="pfHasProp">Gibt an, ob der Server einen Wert für die angeforderte Eigenschaft angibt.Muss vom Server auf TRUE festgelegt werden, wenn eine überschreibende Eigenschaft zurückgegeben wird, oder auf FALSE, wenn keine Eigenschaft zurückgegeben wird (in diesem Fall muss auch <paramref name="pvarValue" /> auf VT_EMPTY festgelegt werden).</param>
    </member>
    <member name="T:Accessibility.IAccPropServices">
      <summary>Die <see cref="T:Accessibility.IAccPropServices" />-Schnittstelle und ihre verfügbar gemachten Member sind Teil eines verwalteten Wrappers für die COM-Schnittstelle IAccPropServices (Component Object Model).</summary>
    </member>
    <member name="M:Accessibility.IAccPropServices.ClearHmenuProps(Accessibility._RemotableHandle@,System.UInt32,System.Guid@,System.Int32)">
      <summary>Die <see cref="T:Accessibility.IAccPropServices" />-Schnittstelle und ihre verfügbar gemachten Member sind Teil eines verwalteten Wrappers für die COM-Schnittstelle IAccPropServices (Component Object Model).</summary>
      <param name="hmenu">Gibt das barrierefreie HMENU-Element an, das mit Anmerkungen versehen werden soll.</param>
      <param name="idChild">Gibt die untergeordnete ID des barrierefreien Elements an.</param>
      <param name="paProps">Gibt ein Array von Eigenschaften an, die zurückgesetzt werden sollen.Diese Eigenschaften werden auf das Standardverhalten zurückgesetzt, das vor dem Festlegen von Anmerkungen gültig war.</param>
      <param name="cProps">Gibt die Anzahl der Eigenschaften im <paramref name="paProps" />-Array an.</param>
    </member>
    <member name="M:Accessibility.IAccPropServices.ClearHwndProps(Accessibility._RemotableHandle@,System.UInt32,System.UInt32,System.Guid@,System.Int32)">
      <summary>Die <see cref="T:Accessibility.IAccPropServices" />-Schnittstelle und ihre verfügbar gemachten Member sind Teil eines verwalteten Wrappers für die COM-Schnittstelle IAccPropServices (Component Object Model).</summary>
      <param name="hwnd">Gibt das barrierefreie Element an, das mit Anmerkungen versehen werden soll.Dadurch wird die Identitätszeichenfolge ersetzt.</param>
      <param name="idObject">Gibt das barrierefreie Element an, das mit Anmerkungen versehen werden soll.Dadurch wird die Identitätszeichenfolge ersetzt.</param>
      <param name="idChild">Gibt das barrierefreie Element an, das mit Anmerkungen versehen werden soll.Dadurch wird die Identitätszeichenfolge ersetzt.</param>
      <param name="paProps">Gibt ein Array von Eigenschaften an, das zurückgesetzt werden soll.Diese Eigenschaften werden auf das Standardverhalten zurückgesetzt, das vor dem Festlegen von Anmerkungen gültig war.</param>
      <param name="cProps">Gibt die Anzahl der Eigenschaften im <paramref name="paProps" />-Array an.</param>
    </member>
    <member name="M:Accessibility.IAccPropServices.ClearProps(System.Byte@,System.UInt32,System.Guid@,System.Int32)">
      <summary>Die <see cref="T:Accessibility.IAccPropServices" />-Schnittstelle und ihre verfügbar gemachten Member sind Teil eines verwalteten Wrappers für die COM-Schnittstelle IAccPropServices (Component Object Model).</summary>
      <param name="pIDString">Gibt das barrierefreie Element an, dessen Anmerkungen entfernt werden sollen.</param>
      <param name="dwIDStringLen">Die Länge der <paramref name="pIDString" />.</param>
      <param name="paProps">Gibt ein Array von Eigenschaften an, das zurückgesetzt werden soll.Diese Eigenschaften werden auf das Standardverhalten zurückgesetzt, das vor dem Festlegen von Anmerkungen gültig war.</param>
      <param name="cProps">Gibt die Anzahl der Eigenschaften im <paramref name="paProps" />-Array an.</param>
    </member>
    <member name="M:Accessibility.IAccPropServices.ComposeHmenuIdentityString(Accessibility._RemotableHandle@,System.UInt32,System.IntPtr,System.UInt32@)">
      <summary>Die <see cref="T:Accessibility.IAccPropServices" />-Schnittstelle und ihre verfügbar gemachten Member sind Teil eines verwalteten Wrappers für die COM-Schnittstelle IAccPropServices (Component Object Model).</summary>
      <param name="hmenu">Gibt das barrierefreie HMENU-Element an.</param>
      <param name="idChild">Gibt die untergeordnete ID des barrierefreien Elements an.</param>
      <param name="ppIDString">Ein Zeiger auf einen Puffer, der die Identitätszeichenfolge empfängt.Der Aufgerufene reserviert diesen Puffer mit CoTaskMemAlloc.Nach Abschluss des Vorgangs muss der Aufrufer den Puffer durch einen Aufruf von CoTaskMemFree freigeben.</param>
      <param name="pdwIDStringLen">Ein Zeiger auf einen Puffer, der die Länge der Identitätszeichenfolge empfängt.</param>
    </member>
    <member name="M:Accessibility.IAccPropServices.ComposeHwndIdentityString(Accessibility._RemotableHandle@,System.UInt32,System.UInt32,System.IntPtr,System.UInt32@)">
      <summary>Die <see cref="T:Accessibility.IAccPropServices" />-Schnittstelle und ihre verfügbar gemachten Member sind Teil eines verwalteten Wrappers für die COM-Schnittstelle IAccPropServices (Component Object Model).</summary>
      <param name="hwnd">Gibt das HWND des barrierefreien Elements an, das vom Aufrufer angegeben werden soll.</param>
      <param name="idObject">Gibt die Objekt-ID des barrierefreien Elements an.</param>
      <param name="idChild">Gibt die untergeordnete ID des barrierefreien Elements an.</param>
      <param name="ppIDString">Ein Zeiger auf einen Puffer, der die Identitätszeichenfolge empfängt.Der Aufgerufene reserviert diesen Puffer mit CoTaskMemAlloc.Nach Abschluss des Vorgangs muss der Aufrufer den Puffer durch einen Aufruf von CoTaskMemFree freigeben.</param>
      <param name="pdwIDStringLen">Ein Zeiger auf einen Puffer, der die Länge der Identitätszeichenfolge empfängt.</param>
    </member>
    <member name="M:Accessibility.IAccPropServices.DecomposeHmenuIdentityString(System.Byte@,System.UInt32,System.IntPtr,System.UInt32@)">
      <summary>Die <see cref="T:Accessibility.IAccPropServices" />-Schnittstelle und ihre verfügbar gemachten Member sind Teil eines verwalteten Wrappers für die COM-Schnittstelle IAccPropServices (Component Object Model).</summary>
      <param name="pIDString">Ein Zeiger auf einen Puffer, der die Identitätszeichenfolge eines barrierefreien HMENU-Elements enthält.</param>
      <param name="dwIDStringLen">Gibt die Länge der von <paramref name="pIDString" /> angegebenen Identitätszeichenfolge an.</param>
      <param name="phmenu">Ein Zeiger auf einen Puffer, der das HMENU des barrierefreien Elements empfängt.</param>
      <param name="pidChild">Ein Zeiger auf einen Puffer, der die untergeordnete ID des barrierefreien Elements empfängt.</param>
    </member>
    <member name="M:Accessibility.IAccPropServices.DecomposeHwndIdentityString(System.Byte@,System.UInt32,System.IntPtr,System.UInt32@,System.UInt32@)">
      <summary>Die <see cref="T:Accessibility.IAccPropServices" />-Schnittstelle und ihre verfügbar gemachten Member sind Teil eines verwalteten Wrappers für die COM-Schnittstelle IAccPropServices (Component Object Model).</summary>
      <param name="pIDString">Ein Zeiger auf einen Puffer, der die Identitätszeichenfolge eines barrierefreien HWND-Elements enthält.</param>
      <param name="dwIDStringLen">Gibt die Länge der von <paramref name="pIDString" /> angegebenen Identitätszeichenfolge an.</param>
      <param name="phwnd">Ein Zeiger auf einen Puffer, der das HWND des barrierefreien Elements empfängt.</param>
      <param name="pidObject">Ein Zeiger auf einen Puffer, der die Objekt-ID des barrierefreien Elements empfängt.</param>
      <param name="pidChild">Ein Zeiger auf einen Puffer, der die untergeordnete ID des barrierefreien Elements empfängt.</param>
    </member>
    <member name="M:Accessibility.IAccPropServices.SetHmenuProp(Accessibility._RemotableHandle@,System.UInt32,System.Guid,System.Object)">
      <summary>Die <see cref="T:Accessibility.IAccPropServices" />-Schnittstelle und ihre verfügbar gemachten Member sind Teil eines verwalteten Wrappers für die COM-Schnittstelle IAccPropServices (Component Object Model).</summary>
      <param name="hmenu">Gibt das barrierefreie HMENU-Element an, das mit Anmerkungen versehen werden soll.</param>
      <param name="idChild">Gibt die untergeordnete ID des barrierefreien Elements an.</param>
      <param name="idProp">Gibt an, welche Eigenschaft des barrierefreien Elements mit Anmerkungen versehen werden soll.</param>
      <param name="var">Gibt einen neuen Wert für die <paramref name="idProp" />-Eigenschaft an.</param>
    </member>
    <member name="M:Accessibility.IAccPropServices.SetHmenuPropServer(Accessibility._RemotableHandle@,System.UInt32,System.Guid@,System.Int32,Accessibility.IAccPropServer,Accessibility.AnnoScope)">
      <summary>Die <see cref="T:Accessibility.IAccPropServices" />-Schnittstelle und ihre verfügbar gemachten Member sind Teil eines verwalteten Wrappers für die COM-Schnittstelle IAccPropServices (Component Object Model).</summary>
      <param name="hmenu">Gibt das barrierefreie HMENU-Element an, das mit Anmerkungen versehen werden soll.</param>
      <param name="idChild">Gibt das barrierefreie Element an, das mit Anmerkungen versehen werden soll.Dadurch wird die Identitätszeichenfolge ersetzt.</param>
      <param name="paProps">Gibt ein Array von Eigenschaften an, das vom angegebenen Rückrufobjekt verarbeitet werden soll.</param>
      <param name="cProps">Gibt die Anzahl der Eigenschaften im <paramref name="paProps" />-Array an.</param>
      <param name="pServer">Gibt das Rückrufobjekt an, das aufgerufen wird, wenn ein Client eine der überschriebenen Eigenschaften anfordert.</param>
      <param name="AnnoScope">Kann ANNO_THIS sein, wodurch angegeben wird, dass sich die Anmerkung nur auf das angegebene barrierefreie Element auswirkt, oder ANNO_CONTAINER, wodurch angegeben wird, dass sie sich auf das Element und dessen direkte untergeordnete Elemente bezieht.</param>
    </member>
    <member name="M:Accessibility.IAccPropServices.SetHmenuPropStr(Accessibility._RemotableHandle@,System.UInt32,System.Guid,System.String)">
      <summary>Die <see cref="T:Accessibility.IAccPropServices" />-Schnittstelle und ihre verfügbar gemachten Member sind Teil eines verwalteten Wrappers für die COM-Schnittstelle IAccPropServices (Component Object Model).</summary>
      <param name="hmenu">Gibt das barrierefreie HMENU-Element an, das mit Anmerkungen versehen werden soll.</param>
      <param name="idChild">Gibt die untergeordnete ID des barrierefreien Elements an.</param>
      <param name="idProp">Gibt an, welche Eigenschaft des barrierefreien Elements mit Anmerkungen versehen werden soll.</param>
      <param name="str">Gibt einen neuen Wert für die <paramref name="idProp" />-Eigenschaft an.</param>
    </member>
    <member name="M:Accessibility.IAccPropServices.SetHwndProp(Accessibility._RemotableHandle@,System.UInt32,System.UInt32,System.Guid,System.Object)">
      <summary>Die <see cref="T:Accessibility.IAccPropServices" />-Schnittstelle und ihre verfügbar gemachten Member sind Teil eines verwalteten Wrappers für die COM-Schnittstelle IAccPropServices (Component Object Model).</summary>
      <param name="hwnd">Gibt das barrierefreie Element an, das mit Anmerkungen versehen werden soll.Dadurch wird die Identitätszeichenfolge ersetzt.</param>
      <param name="idObject">Gibt das barrierefreie Element an, das mit Anmerkungen versehen werden soll.Dadurch wird die Identitätszeichenfolge ersetzt.</param>
      <param name="idChild">Gibt das barrierefreie Element an, das mit Anmerkungen versehen werden soll.Dadurch wird die Identitätszeichenfolge ersetzt.</param>
      <param name="idProp">Gibt an, welche Eigenschaft des betreffenden Elements mit Anmerkungen versehen werden soll.</param>
      <param name="var">Gibt einen neuen Wert für die betreffende Eigenschaft an.</param>
    </member>
    <member name="M:Accessibility.IAccPropServices.SetHwndPropServer(Accessibility._RemotableHandle@,System.UInt32,System.UInt32,System.Guid@,System.Int32,Accessibility.IAccPropServer,Accessibility.AnnoScope)">
      <summary>Die <see cref="T:Accessibility.IAccPropServices" />-Schnittstelle und ihre verfügbar gemachten Member sind Teil eines verwalteten Wrappers für die COM-Schnittstelle IAccPropServices (Component Object Model).</summary>
      <param name="hwnd">Gibt das barrierefreie Element an, das mit Anmerkungen versehen werden soll.Dadurch wird die Identitätszeichenfolge ersetzt.</param>
      <param name="idObject">Gibt das barrierefreie Element an, das mit Anmerkungen versehen werden soll.Dadurch wird die Identitätszeichenfolge ersetzt.</param>
      <param name="idChild">Gibt das barrierefreie Element an, das mit Anmerkungen versehen werden soll.Dadurch wird die Identitätszeichenfolge ersetzt.</param>
      <param name="paProps">Gibt ein Array von Eigenschaften an, das vom angegebenen Rückrufobjekt verarbeitet werden soll.</param>
      <param name="cProps">Gibt die Anzahl der Eigenschaften im <paramref name="paProps" />-Array an.</param>
      <param name="pServer">Gibt das Rückrufobjekt an, das aufgerufen wird, wenn ein Client eine der überschriebenen Eigenschaften anfordert.</param>
      <param name="AnnoScope">Kann ANNO_THIS sein, wodurch angegeben wird, dass sich die Anmerkung nur auf das angegebene barrierefreie Element auswirkt, oder ANNO_CONTAINER, wodurch angegeben wird, dass sie sich auf das Element und dessen direkte untergeordnete Elemente bezieht.</param>
    </member>
    <member name="M:Accessibility.IAccPropServices.SetHwndPropStr(Accessibility._RemotableHandle@,System.UInt32,System.UInt32,System.Guid,System.String)">
      <summary>Die <see cref="T:Accessibility.IAccPropServices" />-Schnittstelle und ihre verfügbar gemachten Member sind Teil eines verwalteten Wrappers für die COM-Schnittstelle IAccPropServices (Component Object Model).</summary>
      <param name="hwnd">Gibt das barrierefreie Element an, das mit Anmerkungen versehen werden soll.Dadurch wird die Identitätszeichenfolge ersetzt.</param>
      <param name="idObject">Gibt das barrierefreie Element an, das mit Anmerkungen versehen werden soll.Dadurch wird die Identitätszeichenfolge ersetzt.</param>
      <param name="idChild">Gibt das barrierefreie Element an, das mit Anmerkungen versehen werden soll.Dadurch wird die Identitätszeichenfolge ersetzt.</param>
      <param name="idProp">Gibt an, welche Eigenschaft des betreffenden Elements mit Anmerkungen versehen werden soll.</param>
      <param name="str">Gibt einen neuen Wert für die betreffende Eigenschaft an.</param>
    </member>
    <member name="M:Accessibility.IAccPropServices.SetPropServer(System.Byte@,System.UInt32,System.Guid@,System.Int32,Accessibility.IAccPropServer,Accessibility.AnnoScope)">
      <summary>Die <see cref="T:Accessibility.IAccPropServices" />-Schnittstelle und ihre verfügbar gemachten Member sind Teil eines verwalteten Wrappers für die COM-Schnittstelle IAccPropServices (Component Object Model).</summary>
      <param name="pIDString">Gibt das barrierefreie Element an, das mit Anmerkungen versehen werden soll.</param>
      <param name="dwIDStringLen">Gibt die Länge der vom <paramref name="pIDString" />-Parameter angegebenen Zeichenfolge an.</param>
      <param name="paProps">Gibt ein Array von Eigenschaften an, das vom angegebenen Rückrufobjekt verarbeitet werden soll.</param>
      <param name="cProps">Gibt ein Array von Eigenschaften an, das vom angegebenen Rückrufobjekt verarbeitet werden soll.</param>
      <param name="pServer">Gibt das Rückrufobjekt an, das aufgerufen wird, wenn ein Client eine der überschriebenen Eigenschaften anfordert.</param>
      <param name="AnnoScope">Kann ANNO_THIS sein, wodurch angegeben wird, dass sich die Anmerkung nur auf das angegebene barrierefreie Element auswirkt, oder ANNO_CONTAINER, wodurch angegeben wird, dass sie sich auf das Element und dessen direkte untergeordnete Elemente bezieht.</param>
    </member>
    <member name="M:Accessibility.IAccPropServices.SetPropValue(System.Byte@,System.UInt32,System.Guid,System.Object)">
      <summary>Die <see cref="T:Accessibility.IAccPropServices" />-Schnittstelle und ihre verfügbar gemachten Member sind Teil eines verwalteten Wrappers für die COM-Schnittstelle IAccPropServices (Component Object Model).</summary>
      <param name="pIDString">Gibt das barrierefreie Element an, das mit Anmerkungen versehen werden soll.</param>
      <param name="dwIDStringLen">Gibt die Länge der vom <paramref name="pIDString" />-Parameter angegebenen Zeichenfolge an.</param>
      <param name="idProp">Gibt die Eigenschaft des barrierefreien Elements an, das mit Anmerkungen versehen werden soll.</param>
      <param name="var">Gibt einen neuen Wert für die Eigenschaft an.</param>
    </member>
    <member name="M:Accessibility.CAccPropServicesClass.DecomposeHmenuIdentityString(System.Byte@,System.UInt32,Accessibility._RemotableHandle@,System.UInt32@)">
      <summary>Die <see cref="T:Accessibility.CAccPropServicesClass" />-Schnittstelle und ihre verfügbar gemachten Member sind Teil eines verwalteten Wrappers für die COM-Schnittstelle IAccPropServices (Component Object Model).</summary>
      <param name="pIDString">Ein Zeiger auf einen Puffer, der die Identitätszeichenfolge eines barrierefreien HMENU-Elements enthält.</param>
      <param name="dwIDStringLen">Gibt die Länge der von <paramref name="pIDString" /> angegebenen Identitätszeichenfolge an.</param>
      <param name="phmenu">Ein Zeiger auf einen Puffer, der das HMENU des barrierefreien Elements empfängt.</param>
      <param name="pidChild">Ein Zeiger auf einen Puffer, der die untergeordnete ID des barrierefreien Elements empfängt.</param>
    </member>
    <member name="M:Accessibility.CAccPropServicesClass.DecomposeHwndIdentityString(System.Byte@,System.UInt32,Accessibility._RemotableHandle@,System.UInt32@,System.UInt32@)">
      <summary>Die <see cref="T:Accessibility.CAccPropServicesClass" />-Schnittstelle und ihre verfügbar gemachten Member sind Teil eines verwalteten Wrappers für die COM-Schnittstelle IAccPropServices (Component Object Model).</summary>
      <param name="pIDString">Ein Zeiger auf einen Puffer, der die Identitätszeichenfolge eines barrierefreien HWND-Elements enthält.</param>
      <param name="dwIDStringLen">Gibt die Länge der von <paramref name="pIDString" /> angegebenen Identitätszeichenfolge an.</param>
      <param name="phwnd">Ein Zeiger auf einen Puffer, der das HWND des barrierefreien Elements empfängt.</param>
      <param name="pidObject">Ein Zeiger auf einen Puffer, der die Objekt-ID des barrierefreien Elements empfängt.</param>
      <param name="pidChild">Ein Zeiger auf einen Puffer, der die untergeordnete ID des barrierefreien Elements empfängt.</param>
    </member>
    <member name="M:Accessibility.IAccPropServices.DecomposeHmenuIdentityString(System.Byte@,System.UInt32,Accessibility._RemotableHandle@,System.UInt32@)">
      <summary>Die <see cref="T:Accessibility.IAccPropServices" />-Schnittstelle und ihre verfügbar gemachten Member sind Teil eines verwalteten Wrappers für die COM-Schnittstelle IAccPropServices (Component Object Model).</summary>
      <param name="pIDString">Ein Zeiger auf einen Puffer, der die Identitätszeichenfolge eines barrierefreien HMENU-Elements enthält.</param>
      <param name="dwIDStringLen">Gibt die Länge der von <paramref name="pIDString" /> angegebenen Identitätszeichenfolge an.</param>
      <param name="phmenu">Ein Zeiger auf einen Puffer, der das HMENU des barrierefreien Elements empfängt.</param>
      <param name="pidChild">Ein Zeiger auf einen Puffer, der die untergeordnete ID des barrierefreien Elements empfängt.</param>
    </member>
    <member name="M:Accessibility.IAccPropServices.DecomposeHwndIdentityString(System.Byte@,System.UInt32,Accessibility._RemotableHandle@,System.UInt32@,System.UInt32@)">
      <summary>Die <see cref="T:Accessibility.IAccPropServices" />-Schnittstelle und ihre verfügbar gemachten Member sind Teil eines verwalteten Wrappers für die COM-Schnittstelle IAccPropServices (Component Object Model).</summary>
      <param name="pIDString">Ein Zeiger auf einen Puffer, der die Identitätszeichenfolge eines barrierefreien HWND-Elements enthält.</param>
      <param name="dwIDStringLen">Gibt die Länge der von <paramref name="pIDString" /> angegebenen Identitätszeichenfolge an.</param>
      <param name="phwnd">Ein Zeiger auf einen Puffer, der das HWND des barrierefreien Elements empfängt.</param>
      <param name="pidObject">Ein Zeiger auf einen Puffer, der die Objekt-ID des barrierefreien Elements empfängt.</param>
      <param name="pidChild">Ein Zeiger auf einen Puffer, der die untergeordnete ID des barrierefreien Elements empfängt.</param>
    </member>
  </members>
</doc>