﻿<?xml version="1.0" encoding="utf-8"?>
<doc>
  <assembly>
    <name>CustomMarshalers</name>
  </assembly>
  <members>
    <member name="T:System.Runtime.InteropServices.CustomMarshalers.EnumerableToDispatchMarshaler">
      <summary>Marshallt die IDispatch-Schnittstelle von COM an die <see cref="T:System.Collections.IEnumerable" />-Schnittstelle von .NET Framework und umgekehrt.</summary>
    </member>
    <member name="M:System.Runtime.InteropServices.CustomMarshalers.EnumerableToDispatchMarshaler.CleanUpManagedData(System.Object)">
      <summary>Führt die notwendigen Bereinigungsvorgänge für verwaltete Daten durch, wenn diesen nicht mehr benötigt werden.</summary>
      <param name="pManagedObj">Das verwaltete Objekt, das zerstört werden soll.</param>
    </member>
    <member name="M:System.Runtime.InteropServices.CustomMarshalers.EnumerableToDispatchMarshaler.CleanUpNativeData(System.IntPtr)">
      <summary>Führt die notwendigen Bereinigungsvorgänge für nicht verwaltete Daten durch, wenn diesen nicht mehr benötigt werden.</summary>
      <param name="pNativeData">Ein Zeiger auf nicht verwaltete Daten, die zerstört werden sollen.</param>
    </member>
    <member name="M:System.Runtime.InteropServices.CustomMarshalers.EnumerableToDispatchMarshaler.GetInstance(System.String)">
      <summary>Gibt eine Instanz des benutzerdefinierten Marshallers zurück.</summary>
      <returns>Eine Instanz des benutzerdefinierten Marshallers.</returns>
      <param name="pstrCookie">Eine Zeichenfolge als "Cookie"-Parameter, der vom benutzerdefinierten Marshaller verwendet werden kann.</param>
    </member>
    <member name="M:System.Runtime.InteropServices.CustomMarshalers.EnumerableToDispatchMarshaler.GetNativeDataSize">
      <summary>Gibt die Größe der nicht verwalteten Daten, die gemarshallt werden sollten, in Bytes zurück.</summary>
      <returns>-1, um anzugeben, dass der von diesem Marshaller behandelte Typ kein Werttyp ist.</returns>
    </member>
    <member name="M:System.Runtime.InteropServices.CustomMarshalers.EnumerableToDispatchMarshaler.MarshalManagedToNative(System.Object)">
      <summary>Marshallt ein Objekt von verwaltetem Code an nicht verwalteten Code.</summary>
      <returns>Ein Zeiger auf das nicht verwaltete Objekt.</returns>
      <param name="pManagedObj">Das verwaltete Objekt, das konvertiert werden soll.</param>
      <exception cref="T:System.ArgumentNullException">
        <paramref name="pManagedObj" /> ist null.</exception>
    </member>
    <member name="M:System.Runtime.InteropServices.CustomMarshalers.EnumerableToDispatchMarshaler.MarshalNativeToManaged(System.IntPtr)">
      <summary>Marshallt ein Objekt von nicht verwaltetem Code an verwalteten Code.</summary>
      <returns>Ein verwaltetes Objekt.</returns>
      <param name="pNativeData">Ein Zeiger auf das nicht verwaltete Objekt, das umgewandelt werden soll.</param>
      <exception cref="T:System.ArgumentNullException">
        <paramref name="pNativeData" /> ist null.</exception>
    </member>
    <member name="T:System.Runtime.InteropServices.CustomMarshalers.EnumeratorToEnumVariantMarshaler">
      <summary>Marshallt die IEnumVARIANT-Schnittstelle von COM an die <see cref="T:System.Collections.IEnumerator" />-Schnittstelle von .NET Framework und umgekehrt.</summary>
    </member>
    <member name="M:System.Runtime.InteropServices.CustomMarshalers.EnumeratorToEnumVariantMarshaler.CleanUpManagedData(System.Object)">
      <summary>Führt die notwendigen Bereinigungsvorgänge für verwaltete Daten durch, wenn diesen nicht mehr benötigt werden.</summary>
      <param name="pManagedObj">Das verwaltete Objekt, das zerstört werden soll.</param>
    </member>
    <member name="M:System.Runtime.InteropServices.CustomMarshalers.EnumeratorToEnumVariantMarshaler.CleanUpNativeData(System.IntPtr)">
      <summary>Führt die notwendigen Bereinigungsvorgänge für nicht verwaltete Daten durch, wenn diesen nicht mehr benötigt werden.</summary>
      <param name="pNativeData">Ein Zeiger auf nicht verwaltete Daten, die zerstört werden sollen.</param>
    </member>
    <member name="M:System.Runtime.InteropServices.CustomMarshalers.EnumeratorToEnumVariantMarshaler.GetInstance(System.String)">
      <summary>Gibt eine Instanz des benutzerdefinierten Marshallers zurück.</summary>
      <returns>Eine Instanz des benutzerdefinierten Marshallers.</returns>
      <param name="pstrCookie">Eine Zeichenfolge als "Cookie"-Parameter, der vom benutzerdefinierten Marshaller verwendet werden kann.</param>
    </member>
    <member name="M:System.Runtime.InteropServices.CustomMarshalers.EnumeratorToEnumVariantMarshaler.GetNativeDataSize">
      <summary>Gibt die Größe der nicht verwalteten Daten, die gemarshallt werden sollten, in Bytes zurück.</summary>
      <returns>-1, um anzugeben, dass der von diesem Marshaller behandelte Typ kein Werttyp ist.</returns>
    </member>
    <member name="M:System.Runtime.InteropServices.CustomMarshalers.EnumeratorToEnumVariantMarshaler.MarshalManagedToNative(System.Object)">
      <summary>Marshallt ein Objekt von verwaltetem Code an nicht verwalteten Code.</summary>
      <returns>Ein Zeiger auf das nicht verwaltete Objekt.</returns>
      <param name="pManagedObj">Das verwaltete Objekt, das konvertiert werden soll.</param>
      <exception cref="T:System.ArgumentNullException">
        <paramref name="pManagedObj" /> ist null.</exception>
    </member>
    <member name="M:System.Runtime.InteropServices.CustomMarshalers.EnumeratorToEnumVariantMarshaler.MarshalNativeToManaged(System.IntPtr)">
      <summary>Marshallt ein Objekt von nicht verwaltetem Code an verwalteten Code.</summary>
      <returns>Ein verwaltetes Objekt.</returns>
      <param name="pNativeData">Ein Zeiger auf das nicht verwaltete Objekt, das umgewandelt werden soll.</param>
      <exception cref="T:System.ArgumentNullException">
        <paramref name="pNativeData" /> ist null.</exception>
      <exception cref="T:System.InvalidCastException">Das nicht verwaltete Objekt, auf das <paramref name="pNativeData" /> zeigt, konnte nicht umgewandelt werden.</exception>
    </member>
    <member name="T:System.Runtime.InteropServices.CustomMarshalers.ExpandoToDispatchExMarshaler">
      <summary>Marshallt die IDispatchEx-Schnittstelle von COM entweder an die <see cref="T:System.Runtime.InteropServices.Expando.IExpando" />-Schnittstelle oder an die <see cref="T:System.Reflection.IReflect" />-Schnittstelle von .NET Framework und umgekehrt.</summary>
    </member>
    <member name="M:System.Runtime.InteropServices.CustomMarshalers.ExpandoToDispatchExMarshaler.CleanUpManagedData(System.Object)">
      <summary>Führt die notwendigen Bereinigungsvorgänge für verwaltete Daten durch, wenn diesen nicht mehr benötigt werden.</summary>
      <param name="pManagedObj">Das verwaltete Objekt, das zerstört werden soll.</param>
    </member>
    <member name="M:System.Runtime.InteropServices.CustomMarshalers.ExpandoToDispatchExMarshaler.CleanUpNativeData(System.IntPtr)">
      <summary>Führt die notwendigen Bereinigungsvorgänge für nicht verwaltete Daten durch, wenn diesen nicht mehr benötigt werden.</summary>
      <param name="pNativeData">Ein Zeiger auf nicht verwaltete Daten, die zerstört werden sollen.</param>
    </member>
    <member name="M:System.Runtime.InteropServices.CustomMarshalers.ExpandoToDispatchExMarshaler.GetInstance(System.String)">
      <summary>Gibt eine Instanz des benutzerdefinierten Marshallers zurück.</summary>
      <returns>Eine Instanz des benutzerdefinierten Marshallers.</returns>
      <param name="pstrCookie">Eine Zeichenfolge als "Cookie"-Parameter, der vom benutzerdefinierten Marshaller verwendet werden kann.</param>
      <exception cref="T:System.ArgumentException">"<paramref name="pstrCookie" />" ist ungültig.</exception>
    </member>
    <member name="M:System.Runtime.InteropServices.CustomMarshalers.ExpandoToDispatchExMarshaler.GetNativeDataSize">
      <summary>Gibt die Größe der nicht verwalteten Daten, die gemarshallt werden sollten, in Bytes zurück.</summary>
      <returns>-1, um anzugeben, dass der von diesem Marshaller behandelte Typ kein Werttyp ist.</returns>
    </member>
    <member name="M:System.Runtime.InteropServices.CustomMarshalers.ExpandoToDispatchExMarshaler.MarshalManagedToNative(System.Object)">
      <summary>Marshallt ein Objekt von verwaltetem Code an nicht verwalteten Code.</summary>
      <returns>Ein Zeiger auf das nicht verwaltete Objekt.</returns>
      <param name="pManagedObj">Das verwaltete Objekt, das konvertiert werden soll.</param>
      <exception cref="T:System.ArgumentNullException">
        <paramref name="pManagedObj" /> ist null.</exception>
    </member>
    <member name="M:System.Runtime.InteropServices.CustomMarshalers.ExpandoToDispatchExMarshaler.MarshalNativeToManaged(System.IntPtr)">
      <summary>Marshallt ein Objekt von nicht verwaltetem Code an verwalteten Code.</summary>
      <returns>Ein verwaltetes Objekt.</returns>
      <param name="pNativeData">Ein Zeiger auf das nicht verwaltete Objekt, das umgewandelt werden soll.</param>
      <exception cref="T:System.ArgumentNullException">
        <paramref name="pNativeData" /> ist null.</exception>
    </member>
    <member name="T:System.Runtime.InteropServices.CustomMarshalers.TypeToTypeInfoMarshaler">
      <summary>Marshallt die nicht verwaltete ITypeInfo-Schnittstelle an die verwaltete <see cref="T:System.Type" />-Klasse, und marshallt die verwaltete <see cref="T:System.Type" />-Klasse an die nicht verwaltete ITypeInfo-Schnittstelle.</summary>
    </member>
    <member name="M:System.Runtime.InteropServices.CustomMarshalers.TypeToTypeInfoMarshaler.CleanUpManagedData(System.Object)">
      <summary>Führt die notwendigen Bereinigungsvorgänge für verwaltete Daten durch, wenn diesen nicht mehr benötigt werden.</summary>
      <param name="pManagedObj">Das verwaltete Objekt, das zerstört werden soll.</param>
    </member>
    <member name="M:System.Runtime.InteropServices.CustomMarshalers.TypeToTypeInfoMarshaler.CleanUpNativeData(System.IntPtr)">
      <summary>Führt die notwendigen Bereinigungsvorgänge für nicht verwaltete Daten durch, wenn diesen nicht mehr benötigt werden.</summary>
      <param name="pNativeData">Ein Zeiger auf nicht verwaltete Daten, die zerstört werden sollen.</param>
    </member>
    <member name="M:System.Runtime.InteropServices.CustomMarshalers.TypeToTypeInfoMarshaler.GetInstance(System.String)">
      <summary>Gibt eine Instanz des benutzerdefinierten Marshallers zurück.</summary>
      <returns>Eine Instanz des benutzerdefinierten Marshallers.</returns>
      <param name="pstrCookie">Eine Zeichenfolge als "Cookie"-Parameter, der vom benutzerdefinierten Marshaller verwendet werden kann.</param>
    </member>
    <member name="M:System.Runtime.InteropServices.CustomMarshalers.TypeToTypeInfoMarshaler.GetNativeDataSize">
      <summary>Gibt die Größe der nicht verwalteten Daten, die gemarshallt werden sollten, in Bytes zurück.</summary>
      <returns>-1, um anzugeben, dass der von diesem Marshaller behandelte Typ kein Werttyp ist.</returns>
    </member>
    <member name="M:System.Runtime.InteropServices.CustomMarshalers.TypeToTypeInfoMarshaler.MarshalManagedToNative(System.Object)">
      <summary>Marshallt ein Objekt von verwaltetem Code an nicht verwalteten Code.</summary>
      <returns>Ein Zeiger auf das nicht verwaltete Objekt.</returns>
      <param name="pManagedObj">Das verwaltete Objekt, das konvertiert werden soll.</param>
      <exception cref="T:System.ArgumentNullException">
        <paramref name="pManagedObj" /> ist null.</exception>
    </member>
    <member name="M:System.Runtime.InteropServices.CustomMarshalers.TypeToTypeInfoMarshaler.MarshalNativeToManaged(System.IntPtr)">
      <summary>Marshallt ein Objekt von nicht verwaltetem Code an verwalteten Code.</summary>
      <returns>Ein verwaltetes Objekt.</returns>
      <param name="pNativeData">Ein Zeiger auf das nicht verwaltete Objekt, das umgewandelt werden soll.</param>
      <exception cref="T:System.ArgumentNullException">
        <paramref name="pNativeData" /> ist null.</exception>
    </member>
  </members>
</doc>