﻿<?xml version="1.0" encoding="utf-8"?>
<doc>
  <assembly>
    <name>Microsoft.Build.Conversion.v4.0</name>
  </assembly>
  <members>
    <member name="T:Microsoft.Build.Conversion.ProjectFileConverter">
      <summary>Konvertiert eine Visual Studio-Projektdatei ins Visual Studio 2010-Projektdateiformat.</summary>
    </member>
    <member name="M:Microsoft.Build.Conversion.ProjectFileConverter.#ctor">
      <summary>Initialisiert eine neue Instanz der <see cref="T:Microsoft.Build.Conversion.ProjectFileConverter" />-Klasse.</summary>
    </member>
    <member name="P:Microsoft.Build.Conversion.ProjectFileConverter.ConversionSkippedBecauseProjectAlreadyConverted">
      <summary>Ruft einen Wert ab, der angibt, ob die zuletzt versuchte Konvertierung übersprungen wurde, da die Projektdatei bereits das aktuelle Format aufweist.</summary>
      <returns>true, wenn die zuletzt versuchte Konvertierung übersprungen wurde, da die Projektdatei bereits das aktuelle Format aufweist, andernfalls false.</returns>
      <filterpriority>2</filterpriority>
    </member>
    <member name="P:Microsoft.Build.Conversion.ProjectFileConverter.ConversionWarnings">
      <summary>Ruft eine Liste der während der Konvertierung generierten Warnungen ab.</summary>
      <returns>Ein Zeichenfolgenarray, das alle während der Konvertierung generierten Warnungen enthält.</returns>
      <filterpriority>2</filterpriority>
    </member>
    <member name="M:Microsoft.Build.Conversion.ProjectFileConverter.Convert">
      <summary>Konvertiert das durch die <see cref="P:Microsoft.Build.Conversion.ProjectFileConverter.OldProjectFile" />-Eigenschaft angegebene Projekt und speichert es in der Datei, die durch die <see cref="P:Microsoft.Build.Conversion.ProjectFileConverter.NewProjectFile" />-Eigenschaft angegeben wird.</summary>
    </member>
    <member name="M:Microsoft.Build.Conversion.ProjectFileConverter.Convert(Microsoft.Build.BuildEngine.ProjectLoadSettings)">
      <summary>Konvertiert das durch die <see cref="P:Microsoft.Build.Conversion.ProjectFileConverter.OldProjectFile" />-Eigenschaft angegebene Projekt und speichert es in der Datei, die durch die <see cref="P:Microsoft.Build.Conversion.ProjectFileConverter.NewProjectFile" />-Eigenschaft angegeben wird.</summary>
      <param name="projectLoadSettings">Ein <see cref="T:Microsoft.Build.BuildEngine.ProjectLoadSettings" />-Flag, das bestimmt, ob das Projekt beim Laden nicht vorhandene TARGET-Dateien ignoriert.</param>
    </member>
    <member name="M:Microsoft.Build.Conversion.ProjectFileConverter.Convert(System.String)">
      <summary>Dies ist die Einstiegspunktmethode, die die Projektdatei-Formatkonvertierung ausführt. Diese Methode überschreibt "newProjectFile" (sofern bereits vorhanden). Daher muss der Aufrufer dieser Methode gegenüber dem Benutzer bestätigen, dass dieser Vorgang tatsächlich ausgeführt werden soll.</summary>
      <param name="msbuildBinPath">Der vollqualifizierte Pfad zu MSBuild.exe.</param>
    </member>
    <member name="M:Microsoft.Build.Conversion.ProjectFileConverter.ConvertInMemory">
      <summary>Erstellt aus <see cref="P:Microsoft.Build.Conversion.ProjectFileConverter.OldProjectFile" /> ein neues Projekt im Arbeitsspeicher.</summary>
      <returns>Gibt das konvertierte <see cref="T:Microsoft.Build.BuildEngine.Project" /> zurück.</returns>
    </member>
    <member name="M:Microsoft.Build.Conversion.ProjectFileConverter.ConvertInMemory(Microsoft.Build.BuildEngine.Engine)">
      <summary>Erstellt aus <see cref="P:Microsoft.Build.Conversion.ProjectFileConverter.OldProjectFile" /> ein neues Projekt im Arbeitsspeicher.</summary>
      <returns>Gibt das konvertierte <see cref="T:Microsoft.Build.BuildEngine.Project" /> zurück.</returns>
      <param name="engine">Die <see cref="T:Microsoft.Build.BuildEngine.Engine" />-Klasse, in der das neue Projekt erstellt werden soll.</param>
      <filterpriority>2</filterpriority>
    </member>
    <member name="M:Microsoft.Build.Conversion.ProjectFileConverter.ConvertInMemory(Microsoft.Build.BuildEngine.Engine,Microsoft.Build.BuildEngine.ProjectLoadSettings)">
      <summary>Dies ist die Einstiegspunktmethode, die die Projektdatei-Formatkonvertierung ausführt. Diese Methode erstellt lediglich ein neues MSBuild Project-Objekt im Speicher, wobei nicht versucht wird, dieses auf den Datenträger zu schreiben.</summary>
      <returns>Gibt das konvertierte <see cref="T:Microsoft.Build.BuildEngine.Project" /> zurück.</returns>
      <param name="engine">Die <see cref="T:Microsoft.Build.BuildEngine.Engine" />-Klasse, in der das neue Projekt erstellt werden soll.</param>
      <param name="projectLoadSettings">Ein <see cref="T:Microsoft.Build.BuildEngine.ProjectLoadSettings" />-Flag, das bestimmt, ob das Projekt beim Laden nicht vorhandene TARGET-Dateien ignoriert.</param>
      <filterpriority>2</filterpriority>
    </member>
    <member name="M:Microsoft.Build.Conversion.ProjectFileConverter.FSharpSpecificConversions(System.Boolean)">
      <summary>Führt Konvertierungen aus, die für F#-Projekte (VS2008 CTP - &gt; VS2012) und (VS2010 - &gt; VS2012) spezifisch sind.  Dies umfasst Folgendes: Ändern des Speicherorts von FSharp-Zielen und für 2008CTP, Hinzufügen von expliziten mscorlib- und FSharp.Core-Verweisen.</summary>
      <returns>Gibt "true" zurück, wenn etwas geändert wurde (würde); andernfalls "false"</returns>
      <param name="actuallyMakeChanges">Wenn "true", nehmen Sie die Änderungen vor. Andernfalls nehmen Sie jedoch keine Änderungen vor, sondern geben Sie an, ob Sie Änderungen vornehmen möchten.</param>
    </member>
    <member name="P:Microsoft.Build.Conversion.ProjectFileConverter.IsUserFile">
      <summary>Ruft einen Wert ab, der angibt, ob die konvertierte Projektdatei eine USER-Datei ist, oder legt diesen fest.</summary>
      <returns>true, wenn die konvertierte Projektdatei eine USER-Datei ist, andernfalls false.</returns>
    </member>
    <member name="P:Microsoft.Build.Conversion.ProjectFileConverter.NewProjectFile">
      <summary>Ruft den neuen Projektdateinamen ab oder legt diesen fest.</summary>
      <returns>Eine Zeichenfolge, die den neuen Projektdateinamen darstellt.</returns>
    </member>
    <member name="P:Microsoft.Build.Conversion.ProjectFileConverter.OldProjectFile">
      <summary>Ruft den alten Projektdateinamen ab oder legt ihn fest.</summary>
      <returns>Der alte Projektdateiname.</returns>
    </member>
    <member name="P:Microsoft.Build.Conversion.ProjectFileConverter.SolutionFile">
      <summary>Ruft den Namen der Projektmappendatei mit dem konvertierten Projekt ab oder legt ihn fest.</summary>
      <returns>Der Name der Projektmappendatei, die das konvertierte Projekt enthält.</returns>
    </member>
  </members>
</doc>