﻿<?xml version="1.0" encoding="utf-8"?>
<doc>
  <assembly>
    <name>Microsoft.Activities.Build</name>
  </assembly>
  <members>
    <member name="T:Microsoft.Activities.Build.WorkflowBuildMessageTask">
      <summary>Enthält Informationen über die Workflowbuildmeldungsaufgabe.</summary>
    </member>
    <member name="M:Microsoft.Activities.Build.WorkflowBuildMessageTask.#ctor">
      <summary>Initialisiert eine neue Instanz der <see cref="T:Microsoft.Activities.Build.WorkflowBuildMessageTask" />-Klasse.</summary>
    </member>
    <member name="M:Microsoft.Activities.Build.WorkflowBuildMessageTask.Execute">
      <summary>Gibt an, ob die Message-Aufgabe für die Workflowerstellung ausgeführt wird.</summary>
      <returns>True, wenn die Message-Aufgabe für die Workflowerstellung ausgeführt wird; andernfalls false.</returns>
    </member>
    <member name="P:Microsoft.Activities.Build.WorkflowBuildMessageTask.MessageType">
      <summary>Ruft den Nachrichtentyp ab oder legt diesen fest.</summary>
      <returns>Der Meldungstyp.</returns>
    </member>
    <member name="P:Microsoft.Activities.Build.WorkflowBuildMessageTask.ResourceName">
      <summary>Übernimmt oder bestimmt den Ressourcennamen.</summary>
      <returns>Der Name der Ressource.</returns>
    </member>
    <member name="T:Microsoft.Activities.Build.Debugger.DebugBuildExtension">
      <summary>Erstellen einer Erweiterung für Workflow-Debuggerunterstützung.</summary>
    </member>
    <member name="M:Microsoft.Activities.Build.Debugger.DebugBuildExtension.#ctor">
      <summary>Initialisiert eine neue Instanz der <see cref="T:Microsoft.Activities.Build.Debugger.DebugBuildExtension" />-Klasse.</summary>
    </member>
    <member name="M:Microsoft.Activities.Build.Debugger.DebugBuildExtension.Execute(Microsoft.Build.Tasks.Xaml.ClassData,Microsoft.Build.Tasks.Xaml.XamlBuildTypeGenerationExtensionContext)">
      <summary>Gibt an, ob das Debugsymbol mit der angegebenen Prüfsumme aktualisiert wird.</summary>
      <returns>True wenn das Debugsymbol mit der angegebenen Prüfsumme aktualisiert wird; andernfalls false.</returns>
      <param name="classData">Klassendaten, denen die Prüfsumme hinzugefügt werden soll.</param>
      <param name="buildContext">Der Kontext des Builds</param>
    </member>
    <member name="T:Microsoft.Activities.Build.Expressions.ExpressionsBuildExtension">
      <summary>Enthält Informationen über die Ausdruckbuilderweiterung.</summary>
    </member>
    <member name="M:Microsoft.Activities.Build.Expressions.ExpressionsBuildExtension.#ctor">
      <summary>Initialisiert eine neue Instanz der <see cref="T:Microsoft.Activities.Build.Expressions.ExpressionsBuildExtension" />-Klasse.</summary>
    </member>
    <member name="M:Microsoft.Activities.Build.Expressions.ExpressionsBuildExtension.Execute(Microsoft.Build.Tasks.Xaml.XamlBuildTypeInspectionExtensionContext)">
      <summary>Gibt an, ob die Ausdrucksbuilderweiterung mit dem angegebenen Kontext ausgeführt wird.</summary>
      <returns>True, wenn die Ausdrucksbuilderweiterung mit angegebenem Kontext ausgeführt wird; andernfalls false.</returns>
      <param name="buildContext">Der Kontext für die Builderweiterungen.</param>
    </member>
    <member name="T:Microsoft.Activities.Build.Validation.DeferredValidationTask">
      <summary>Stellt eine Aufgabe für das Zurückstellen von Validierung dar.</summary>
    </member>
    <member name="M:Microsoft.Activities.Build.Validation.DeferredValidationTask.#ctor">
      <summary>Initialisiert eine neue Instanz der <see cref="T:Microsoft.Activities.Build.Validation.DeferredValidationTask" />-Klasse.</summary>
    </member>
    <member name="P:Microsoft.Activities.Build.Validation.DeferredValidationTask.DeferredValidationErrorsFilePath">
      <summary>Ruft den Speicherort der Validierung ab, die verzögert wird, oder legt diesen fest.</summary>
      <returns>Die Position der Validierung, die zurückgestellt werden soll.</returns>
    </member>
    <member name="M:Microsoft.Activities.Build.Validation.DeferredValidationTask.Execute">
      <summary>Führt <see cref="T:Microsoft.Activities.Build.Validation.DeferredValidationTask" /> aus.</summary>
      <returns>Das Ergebnis der Validierung.</returns>
    </member>
    <member name="T:Microsoft.Activities.Build.Validation.ReportDeferredValidationErrorsTask">
      <summary>Stellt eine Aufgabe dar, die alle Fehler der zurückgestellten Validierung meldet.</summary>
    </member>
    <member name="M:Microsoft.Activities.Build.Validation.ReportDeferredValidationErrorsTask.#ctor">
      <summary>Initialisiert eine neue Instanz der <see cref="T:Microsoft.Activities.Build.Validation.ReportDeferredValidationErrorsTask" />-Klasse.</summary>
    </member>
    <member name="P:Microsoft.Activities.Build.Validation.ReportDeferredValidationErrorsTask.DeferredValidationErrorsFilePath">
      <summary>Ruft den Speicherort ab oder legt diesen fest, wo der Fehler der verzögerten Validierung geortet wurde.</summary>
      <returns>Die Position, an dem der verzögerte Validierungsfehler lokalisiert wurde.</returns>
    </member>
    <member name="M:Microsoft.Activities.Build.Validation.ReportDeferredValidationErrorsTask.Execute">
      <summary>Führt <see cref="T:Microsoft.Activities.Build.Validation.ReportDeferredValidationErrorsTask" /> aus.</summary>
      <returns>Das Ergebnis der Ausführung.</returns>
    </member>
  </members>
</doc>