﻿<?xml version="1.0" encoding="utf-8"?>
<doc>
  <assembly>
    <name>Microsoft.VisualC</name>
  </assembly>
  <members>
    <member name="T:Microsoft.VisualC.DebugInfoInPDBAttribute">
      <summary>Ein auf systemeigene Klassen angewendetes Attribut, das den Debugger anweist, nach Feldinformationen in der PDB und nicht in den Metadaten zu suchen.</summary>
    </member>
    <member name="M:Microsoft.VisualC.DebugInfoInPDBAttribute.#ctor">
      <summary>Initialisiert eine neue Instanz der <see cref="T:Microsoft.VisualC.DebugInfoInPDBAttribute" />-Klasse.</summary>
    </member>
    <member name="T:Microsoft.VisualC.DecoratedNameAttribute">
      <summary>Ein vom Compiler verwendetes Attribut, mit dem der ergänzte Name einer Methode an den Linker übergeben wird.</summary>
    </member>
    <member name="M:Microsoft.VisualC.DecoratedNameAttribute.#ctor">
      <summary>Initialisiert eine neue Instanz der <see cref="T:Microsoft.VisualC.DecoratedNameAttribute" />-Klasse.</summary>
    </member>
    <member name="M:Microsoft.VisualC.DecoratedNameAttribute.#ctor(System.String)">
      <summary>Initialisiert eine neue Instanz der <see cref="T:Microsoft.VisualC.DecoratedNameAttribute" />-Klasse unter Verwendung des ergänzten Namens.</summary>
      <param name="decoratedName">Der ergänzte Name einer Methode.</param>
    </member>
    <member name="T:Microsoft.VisualC.IsConstModifier">
      <summary>Is const-Modifizierer.</summary>
    </member>
    <member name="M:Microsoft.VisualC.IsConstModifier.#ctor">
      <summary>Konstruktor.</summary>
    </member>
    <member name="T:Microsoft.VisualC.IsCXXReferenceModifier">
      <summary>Is C++ reference-Modifizierer.</summary>
    </member>
    <member name="M:Microsoft.VisualC.IsCXXReferenceModifier.#ctor">
      <summary>Konstruktor.</summary>
    </member>
    <member name="T:Microsoft.VisualC.IsLongModifier">
      <summary>Is long-Modifizierer.</summary>
    </member>
    <member name="M:Microsoft.VisualC.IsLongModifier.#ctor">
      <summary>Konstruktor.</summary>
    </member>
    <member name="T:Microsoft.VisualC.IsSignedModifier">
      <summary>Is signed-Modifizierer.</summary>
    </member>
    <member name="M:Microsoft.VisualC.IsSignedModifier.#ctor">
      <summary>Konstruktor.</summary>
    </member>
    <member name="T:Microsoft.VisualC.IsVolatileModifier">
      <summary>Is volatile-Modifizierer.</summary>
    </member>
    <member name="M:Microsoft.VisualC.IsVolatileModifier.#ctor">
      <summary>Konstruktor.</summary>
    </member>
    <member name="T:Microsoft.VisualC.MiscellaneousBitsAttribute">
      <summary>Ein Attribut, das verschiedene Informationen über einen Typ in den Metadaten speichert.</summary>
    </member>
    <member name="M:Microsoft.VisualC.MiscellaneousBitsAttribute.#ctor(System.Int32)">
      <summary>Initialisiert eine neue Instanz der <see cref="T:Microsoft.VisualC.MiscellaneousBitsAttribute" />-Klasse unter Verwendung der angegebenen Bitmaske.</summary>
      <param name="miscellaneousBits">Eine Bitmaske, die Informationen über einen Typ enthält.</param>
    </member>
    <member name="F:Microsoft.VisualC.MiscellaneousBitsAttribute.m_dwAttrs">
      <summary>Eine Bitmaske, die Informationen über einen Typ enthält.</summary>
    </member>
    <member name="T:Microsoft.VisualC.NeedsCopyConstructorModifier">
      <summary>Ein auf Parameter angewendeter benutzerdefinierter Modifizierer, der den CLR-Marshaller anweist, beim Marshalling der Parameter den Kopierkonstruktur des Parameters aufzurufen.</summary>
    </member>
    <member name="M:Microsoft.VisualC.NeedsCopyConstructorModifier.#ctor">
      <summary>Initialisiert eine neue Instanz der <see cref="T:Microsoft.VisualC.NeedsCopyConstructorModifier" />-Klasse.</summary>
    </member>
    <member name="T:Microsoft.VisualC.NoSignSpecifiedModifier">
      <summary>No sign specified-Modifizierer.</summary>
    </member>
    <member name="M:Microsoft.VisualC.NoSignSpecifiedModifier.#ctor">
      <summary>Konstruktor.</summary>
    </member>
  </members>
</doc>