﻿<?xml version="1.0" encoding="utf-8"?>
<doc>
  <assembly>
    <name>PresentationFramework.Luna</name>
  </assembly>
  <members>
    <member name="T:Microsoft.Windows.Themes.BulletChrome">
      <summary>Erstellt das designspezifische Aussehen für Windows Presentation Foundation (WPF)-<see cref="P:System.Windows.Controls.Primitives.BulletDecorator.Bullet" />-Elemente. Ein <see cref="P:System.Windows.Controls.Primitives.BulletDecorator.Bullet" /> definiert die Darstellung von <see cref="T:System.Windows.Controls.CheckBox" />-Elementen und <see cref="T:System.Windows.Controls.RadioButton" />-Elementen.</summary>
    </member>
    <member name="M:Microsoft.Windows.Themes.BulletChrome.#ctor">
      <summary>Initialisiert eine neue Instanz der <see cref="T:Microsoft.Windows.Themes.BulletChrome" />-Klasse.</summary>
    </member>
    <member name="P:Microsoft.Windows.Themes.BulletChrome.Background">
      <summary>Ruft den Pinsel ab, mit dem der Hintergrund des <see cref="P:System.Windows.Controls.Primitives.BulletDecorator.Bullet" /> gefüllt wird, oder legt diesen fest.</summary>
      <returns>Der Pinsel, mit dem der Hintergrund des <see cref="P:System.Windows.Controls.Primitives.BulletDecorator.Bullet" /> ausgefüllt wird.</returns>
    </member>
    <member name="F:Microsoft.Windows.Themes.BulletChrome.BackgroundProperty">
      <summary>Bezeichnet die <see cref="P:Microsoft.Windows.Themes.BulletChrome.Background" />-Abhängigkeitseigenschaft.</summary>
      <returns>Der Bezeichner für die <see cref="P:Microsoft.Windows.Themes.BulletChrome.Background" />-Abhängigkeitseigenschaft.</returns>
    </member>
    <member name="P:Microsoft.Windows.Themes.BulletChrome.BorderBrush">
      <summary>Ruft den Pinsel ab, mit dem der äußere Rahmen des <see cref="P:System.Windows.Controls.Primitives.BulletDecorator.Bullet" /> gezeichnet wird, oder legt diesen fest.</summary>
      <returns>Der Pinsel, mit dem der äußere Rahmen des <see cref="P:System.Windows.Controls.Primitives.BulletDecorator.Bullet" /> gezeichnet wird.</returns>
    </member>
    <member name="F:Microsoft.Windows.Themes.BulletChrome.BorderBrushProperty">
      <summary>Bezeichnet die <see cref="P:Microsoft.Windows.Themes.BulletChrome.BorderBrush" />-Abhängigkeitseigenschaft.</summary>
      <returns>Der Bezeichner für die <see cref="P:Microsoft.Windows.Themes.BulletChrome.BorderBrush" />-Abhängigkeitseigenschaft.</returns>
    </member>
    <member name="P:Microsoft.Windows.Themes.BulletChrome.BorderThickness">
      <summary>Ruft die Breite ab, mit der der äußere Rahmen der <see cref="P:System.Windows.Controls.Primitives.BulletDecorator.Bullet" /> gezeichnet wird, oder legt diese fest.</summary>
      <returns>Die Breite, mit der der Rahmen der <see cref="P:System.Windows.Controls.Primitives.BulletDecorator.Bullet" /> gezeichnet wird.</returns>
    </member>
    <member name="F:Microsoft.Windows.Themes.BulletChrome.BorderThicknessProperty">
      <summary>Bezeichnet die <see cref="P:Microsoft.Windows.Themes.BulletChrome.BorderThickness" />-Abhängigkeitseigenschaft.</summary>
      <returns>Der Bezeichner für die <see cref="P:Microsoft.Windows.Themes.BulletChrome.BorderThickness" />-Abhängigkeitseigenschaft.</returns>
    </member>
    <member name="P:Microsoft.Windows.Themes.BulletChrome.IsChecked">
      <summary>Ruft einen Wert ab, der angibt, ob <see cref="P:System.Windows.Controls.Primitives.BulletDecorator.Bullet" /> aktiviert ist, oder legt diesen fest.</summary>
      <returns>true, wenn <see cref="P:System.Windows.Controls.Primitives.BulletDecorator.Bullet" /> aktiviert ist,  false wenn <see cref="P:System.Windows.Controls.Primitives.BulletDecorator.Bullet" /> nicht aktiviert ist, andernfalls null.</returns>
    </member>
    <member name="F:Microsoft.Windows.Themes.BulletChrome.IsCheckedProperty">
      <summary>Bezeichnet die <see cref="P:Microsoft.Windows.Themes.BulletChrome.IsChecked" />-Abhängigkeitseigenschaft.</summary>
      <returns>Der Bezeichner für die <see cref="P:Microsoft.Windows.Themes.BulletChrome.IsChecked" />-Abhängigkeitseigenschaft.</returns>
    </member>
    <member name="P:Microsoft.Windows.Themes.BulletChrome.IsRound">
      <summary>Ruft einen Wert ab, der angibt, ob das <see cref="P:System.Windows.Controls.Primitives.BulletDecorator.Bullet" /> abgerundete Ecken hat, oder legt diesen fest.</summary>
      <returns>true, wenn das <see cref="P:System.Windows.Controls.Primitives.BulletDecorator.Bullet" /> abgerundete Ecken hat, andernfalls false.</returns>
    </member>
    <member name="F:Microsoft.Windows.Themes.BulletChrome.IsRoundProperty">
      <summary>Bezeichnet die <see cref="P:Microsoft.Windows.Themes.BulletChrome.IsRound" />-Abhängigkeitseigenschaft.</summary>
      <returns>Der Bezeichner für die <see cref="P:Microsoft.Windows.Themes.BulletChrome.IsRound" />-Abhängigkeitseigenschaft.</returns>
    </member>
    <member name="P:Microsoft.Windows.Themes.BulletChrome.RenderMouseOver">
      <summary>Ruft einen Wert ab, der angibt, ob das <see cref="P:System.Windows.Controls.Primitives.BulletDecorator.Bullet" /> so angezeigt wird, als würde sich der Mauszeiger darüber befinden, oder legt diesen fest.</summary>
      <returns>true, wenn der <see cref="P:System.Windows.Controls.Primitives.BulletDecorator.Bullet" /> so angezeigt wird, als würde sich der Mauszeiger darüber befinden, andernfalls false.</returns>
    </member>
    <member name="F:Microsoft.Windows.Themes.BulletChrome.RenderMouseOverProperty">
      <summary>Bezeichnet die <see cref="P:Microsoft.Windows.Themes.BulletChrome.RenderMouseOver" />-Abhängigkeitseigenschaft.</summary>
      <returns>Der Bezeichner für die <see cref="P:Microsoft.Windows.Themes.BulletChrome.RenderMouseOver" />-Abhängigkeitseigenschaft.</returns>
    </member>
    <member name="P:Microsoft.Windows.Themes.BulletChrome.RenderPressed">
      <summary>Ruft einen Wert ab, der angibt, ob das <see cref="P:System.Windows.Controls.Primitives.BulletDecorator.Bullet" /> gedrückt dargestellt wird, oder legt diesen fest.</summary>
      <returns>true, wenn der <see cref="P:System.Windows.Controls.Primitives.BulletDecorator.Bullet" /> gedrückt dargestellt wird, andernfalls false.</returns>
    </member>
    <member name="F:Microsoft.Windows.Themes.BulletChrome.RenderPressedProperty">
      <summary>Bezeichnet die <see cref="P:Microsoft.Windows.Themes.BulletChrome.RenderPressed" />-Abhängigkeitseigenschaft.</summary>
      <returns>Der Bezeichner für die <see cref="P:Microsoft.Windows.Themes.BulletChrome.RenderPressed" />-Abhängigkeitseigenschaft.</returns>
    </member>
    <member name="P:Microsoft.Windows.Themes.ButtonChrome.ThemeColor">
      <summary>Ruft die Designfarbe ab oder legt diese fest.</summary>
      <returns>Ein Wert der Enumeration.</returns>
    </member>
    <member name="F:Microsoft.Windows.Themes.ButtonChrome.ThemeColorProperty">
      <summary>Bezeichnet die <see cref="P:Microsoft.Windows.Themes.ButtonChrome.ThemeColor" />-Abhängigkeitseigenschaft.</summary>
      <returns>Der Bezeichner für die <see cref="P:Microsoft.Windows.Themes.ButtonChrome.ThemeColor" />-Abhängigkeitseigenschaft.</returns>
    </member>
    <member name="P:Microsoft.Windows.Themes.DataGridHeaderBorder.ThemeColor">
      <summary>Ruft die Farbe des Headerdesigns ab oder legt diese fest.</summary>
      <returns>Stellt mögliche Farbvarianten für die Microsoft-Designs dar.</returns>
    </member>
    <member name="F:Microsoft.Windows.Themes.DataGridHeaderBorder.ThemeColorProperty">
      <summary>Identifiziert die <see cref="P:Microsoft.Windows.Themes.DataGridHeaderBorder.ThemeColor" />-Abhängigkeitseigenschaft.</summary>
      <returns>Der Bezeichner für die <see cref="P:Microsoft.Windows.Themes.DataGridHeaderBorder.ThemeColor" />-Abhängigkeitseigenschaft.</returns>
    </member>
    <member name="P:Microsoft.Windows.Themes.ScrollChrome.HasOuterBorder">
      <summary>Ruft einen Wert ab, der angibt, ob die <see cref="T:System.Windows.Controls.Primitives.ScrollBar" /> mit einem weißen äußeren Rahmen gerendert wird, oder legt diesen Wert fest.</summary>
      <returns>true, wenn die <see cref="T:System.Windows.Controls.Primitives.ScrollBar" /> mit einem weißen äußeren Rahmen gerendert wird, andernfalls false.</returns>
    </member>
    <member name="F:Microsoft.Windows.Themes.ScrollChrome.HasOuterBorderProperty">
      <summary>Bezeichnet die <see cref="P:Microsoft.Windows.Themes.ScrollChrome.HasOuterBorder" />-Abhängigkeitseigenschaft.</summary>
      <returns>Der Bezeichner für die <see cref="P:Microsoft.Windows.Themes.ScrollChrome.HasOuterBorder" />-Abhängigkeitseigenschaft.</returns>
    </member>
    <member name="P:Microsoft.Windows.Themes.ScrollChrome.Padding">
      <summary>Ruft einen Wert ab, der den Platz zwischen einer <see cref="T:System.Windows.Controls.Primitives.ScrollBar" /> und ihren untergeordneten Elementen beschreibt, oder legt diesen fest.</summary>
      <returns>A <see cref="T:System.Windows.Thickness" />-Wert, der den Abstand zwischen einer <see cref="T:System.Windows.Controls.Primitives.ScrollBar" /> und ihrem untergeordneten Element beschreibt.</returns>
    </member>
    <member name="F:Microsoft.Windows.Themes.ScrollChrome.PaddingProperty">
      <summary>Bezeichnet die <see cref="P:Microsoft.Windows.Themes.ScrollChrome.Padding" />-Abhängigkeitseigenschaft.</summary>
      <returns>Der Bezeichner für die <see cref="P:Microsoft.Windows.Themes.ScrollChrome.Padding" />-Abhängigkeitseigenschaft.</returns>
    </member>
    <member name="P:Microsoft.Windows.Themes.ScrollChrome.ThemeColor">
      <summary>Ruft die Farbe des Designs ab oder legt diese fest.</summary>
      <returns>Ein Wert der Enumeration.</returns>
    </member>
    <member name="F:Microsoft.Windows.Themes.ScrollChrome.ThemeColorProperty">
      <summary>Bezeichnet die <see cref="P:Microsoft.Windows.Themes.ScrollChrome.ThemeColor" />-Abhängigkeitseigenschaft.</summary>
      <returns>Der Bezeichner für die <see cref="P:Microsoft.Windows.Themes.ScrollChrome.ThemeColor" />-Abhängigkeitseigenschaft.</returns>
    </member>
    <member name="T:Microsoft.Windows.Themes.SystemDropShadowChrome">
      <summary>Erstellt ein designspezifisches Aussehen für Schlagschatteneffekte.</summary>
    </member>
    <member name="M:Microsoft.Windows.Themes.SystemDropShadowChrome.#ctor">
      <summary>Initialisiert eine neue Instanz der <see cref="T:Microsoft.Windows.Themes.SystemDropShadowChrome" />-Klasse.</summary>
    </member>
    <member name="P:Microsoft.Windows.Themes.SystemDropShadowChrome.Color">
      <summary>Ruft die vom Schlagschatten verwendete Farbe ab oder legt diese fest.</summary>
      <returns>Die Farbe.</returns>
    </member>
    <member name="F:Microsoft.Windows.Themes.SystemDropShadowChrome.ColorProperty">
      <summary>Bezeichnet die <see cref="P:Microsoft.Windows.Themes.SystemDropShadowChrome.Color" />-Abhängigkeitseigenschaft.</summary>
      <returns>Der Bezeichner für die <see cref="P:Microsoft.Windows.Themes.SystemDropShadowChrome.Color" />-Abhängigkeitseigenschaft.</returns>
    </member>
    <member name="P:Microsoft.Windows.Themes.SystemDropShadowChrome.CornerRadius">
      <summary>Ruft die Radien der Ecken eines Rechtecks ab oder legt diese fest.</summary>
      <returns>Die Radien der Ecken eines Rechtecks.</returns>
    </member>
    <member name="F:Microsoft.Windows.Themes.SystemDropShadowChrome.CornerRadiusProperty">
      <summary>Bezeichnet die <see cref="P:Microsoft.Windows.Themes.SystemDropShadowChrome.CornerRadius" />-Abhängigkeitseigenschaft.</summary>
      <returns>Der Bezeichner für die <see cref="P:Microsoft.Windows.Themes.SystemDropShadowChrome.CornerRadius" />-Abhängigkeitseigenschaft.</returns>
    </member>
    <member name="T:Microsoft.Windows.Themes.ThemeColor">
      <summary>Stellt mögliche Farbvarianten für die Microsoft-Designs dar.</summary>
    </member>
    <member name="F:Microsoft.Windows.Themes.ThemeColor.Homestead">
      <summary>Wird vom Luna-Design verwendet. Der lokalisierte Farbname ist Olivgrün.</summary>
    </member>
    <member name="F:Microsoft.Windows.Themes.ThemeColor.Metallic">
      <summary>Wird vom Luna-Design verwendet. Der lokalisierte Farbname ist Hellgrau.</summary>
    </member>
    <member name="F:Microsoft.Windows.Themes.ThemeColor.NormalColor">
      <summary>Wird von den Designs Luna, Aero und Classic verwendet. Der lokalisierte Farbname ist Blau.</summary>
    </member>
  </members>
</doc>