﻿<?xml version="1.0" encoding="utf-8"?>
<doc>
  <assembly>
    <name>PresentationFramework.AeroLite</name>
  </assembly>
  <members>
    <member name="T:Microsoft.Windows.Themes.DataGridHeaderBorder">
      <summary>Erstellt das designspezifische Aussehen für Header in .NET Framework 4.5  <see cref="T:System.Windows.Controls.DataGrid" />.</summary>
    </member>
    <member name="M:Microsoft.Windows.Themes.DataGridHeaderBorder.#ctor">
      <summary>Initialisiert eine neue Instanz der <see cref="T:Microsoft.Windows.Themes.DataGridHeaderBorder" />-Klasse.</summary>
    </member>
    <member name="P:Microsoft.Windows.Themes.DataGridHeaderBorder.IsClickable">
      <summary>Ruft einen Wert ab, der angibt, ob auf den Header geklickt werden kann, oder legt ihn fest.</summary>
      <returns>true, wenn auf den Header geklickt werden kann, andernfalls false. Der registrierte Standardwert ist true. Weitere Informationen zu Einflüssen auf diesen Wert finden Sie unter <see cref="T:System.Windows.DependencyProperty" />.</returns>
    </member>
    <member name="F:Microsoft.Windows.Themes.DataGridHeaderBorder.IsClickableProperty">
      <summary>Identifiziert die <see cref="P:Microsoft.Windows.Themes.DataGridHeaderBorder.IsClickable" />-Abhängigkeitseigenschaft.</summary>
      <returns>Der Bezeichner für die <see cref="P:Microsoft.Windows.Themes.DataGridHeaderBorder.IsClickable" />-Abhängigkeitseigenschaft.</returns>
    </member>
    <member name="P:Microsoft.Windows.Themes.DataGridHeaderBorder.IsHovered">
      <summary>Ruft einen Wert ab, der angibt, ob der Header angezeigt wird, als ob der Mauszeiger darüber bewegt wird, oder legt ihn fest.</summary>
      <returns>true, wenn der Header angezeigt wird, als ob der Mauszeiger darüber bewegt wird, andernfalls false. Der registrierte Standardwert ist false. Weitere Informationen zu Einflüssen auf diesen Wert finden Sie unter <see cref="T:System.Windows.DependencyProperty" />.</returns>
    </member>
    <member name="F:Microsoft.Windows.Themes.DataGridHeaderBorder.IsHoveredProperty">
      <summary>Identifiziert die <see cref="P:Microsoft.Windows.Themes.DataGridHeaderBorder.IsHovered" />-Abhängigkeitseigenschaft.</summary>
      <returns>Der Bezeichner für die <see cref="P:Microsoft.Windows.Themes.DataGridHeaderBorder.IsHovered" />-Abhängigkeitseigenschaft.</returns>
    </member>
    <member name="P:Microsoft.Windows.Themes.DataGridHeaderBorder.IsPressed">
      <summary>Ruft einen Wert ab, der angibt, ob der Header gedrückt dargestellt wird, oder legt ihn fest.</summary>
      <returns>true, wenn der Header gedrückt dargestellt wird, andernfalls false. Der registrierte Standardwert ist false. Weitere Informationen zu Einflüssen auf diesen Wert finden Sie unter <see cref="T:System.Windows.DependencyProperty" />.</returns>
    </member>
    <member name="F:Microsoft.Windows.Themes.DataGridHeaderBorder.IsPressedProperty">
      <summary>Identifiziert die <see cref="P:Microsoft.Windows.Themes.DataGridHeaderBorder.IsPressed" />-Abhängigkeitseigenschaft.</summary>
      <returns>Der Bezeichner für die <see cref="P:Microsoft.Windows.Themes.DataGridHeaderBorder.IsPressed" />-Abhängigkeitseigenschaft.</returns>
    </member>
    <member name="P:Microsoft.Windows.Themes.DataGridHeaderBorder.IsSelected">
      <summary>Ruft einen Wert ab, der angibt, ob der Header ausgewählt dargestellt wird, oder legt ihn fest.</summary>
      <returns>true, wenn der Header ausgewählt dargestellt wird, andernfalls false. Der registrierte Standardwert ist false. Weitere Informationen zu Einflüssen auf diesen Wert finden Sie unter <see cref="T:System.Windows.DependencyProperty" />.</returns>
    </member>
    <member name="F:Microsoft.Windows.Themes.DataGridHeaderBorder.IsSelectedProperty">
      <summary>Identifiziert die <see cref="P:Microsoft.Windows.Themes.DataGridHeaderBorder.IsSelected" />-Abhängigkeitseigenschaft.</summary>
      <returns>Der Bezeichner für die <see cref="P:Microsoft.Windows.Themes.DataGridHeaderBorder.IsSelected" />-Abhängigkeitseigenschaft.</returns>
    </member>
    <member name="P:Microsoft.Windows.Themes.DataGridHeaderBorder.Orientation">
      <summary>Ruft ab oder legt fest, ob der Header in vertikaler Richtung als Spaltenheader oder in horizontaler Richtung als Zeilenheader gerendert wird.</summary>
      <returns>Einer der Enumerationswerte, der angibt, in welcher Richtung der Header gerendert wird. Der registrierte Standardwert ist <see cref="F:System.Windows.Controls.Orientation.Vertical" />. Weitere Informationen zu Einflüssen auf diesen Wert finden Sie unter <see cref="T:System.Windows.DependencyProperty" />.</returns>
    </member>
    <member name="F:Microsoft.Windows.Themes.DataGridHeaderBorder.OrientationProperty">
      <summary>Identifiziert die <see cref="P:Microsoft.Windows.Themes.DataGridHeaderBorder.Orientation" />-Abhängigkeitseigenschaft.</summary>
      <returns>Der Bezeichner für die <see cref="P:Microsoft.Windows.Themes.DataGridHeaderBorder.Orientation" />-Abhängigkeitseigenschaft.</returns>
    </member>
    <member name="P:Microsoft.Windows.Themes.DataGridHeaderBorder.SeparatorBrush">
      <summary>Ruft den Pinsel ab, der die Trennung zwischen Headern zeichnet, oder legt ihn fest.</summary>
      <returns>Der Pinsel, der die Trennung zwischen Headern zeichnet. Der registrierte Standardwert ist null. Weitere Informationen zu Einflüssen auf diesen Wert finden Sie unter <see cref="T:System.Windows.DependencyProperty" />.</returns>
    </member>
    <member name="F:Microsoft.Windows.Themes.DataGridHeaderBorder.SeparatorBrushProperty">
      <summary>Identifiziert die <see cref="P:Microsoft.Windows.Themes.DataGridHeaderBorder.SeparatorBrush" />-Abhängigkeitseigenschaft.</summary>
      <returns>Der Bezeichner für die <see cref="P:Microsoft.Windows.Themes.DataGridHeaderBorder.SeparatorBrush" />-Abhängigkeitseigenschaft.</returns>
    </member>
    <member name="P:Microsoft.Windows.Themes.DataGridHeaderBorder.SeparatorVisibility">
      <summary>Ruft den Wert ab, der angibt, ob die Trennung zwischen Headern sichtbar ist, oder legt ihn fest.</summary>
      <returns>Einer der Enumerationswerte, der angibt, ob der <see cref="P:Microsoft.Windows.Themes.DataGridHeaderBorder.SeparatorBrush" /> sichtbar ist. Der registrierte Standardwert ist <see cref="F:System.Windows.Visibility.Visible" />. Weitere Informationen zu Einflüssen auf diesen Wert finden Sie unter <see cref="T:System.Windows.DependencyProperty" />.</returns>
    </member>
    <member name="F:Microsoft.Windows.Themes.DataGridHeaderBorder.SeparatorVisibilityProperty">
      <summary>Identifiziert die <see cref="P:Microsoft.Windows.Themes.DataGridHeaderBorder.SeparatorVisibility" />-Abhängigkeitseigenschaft.</summary>
      <returns>Der Bezeichner für die <see cref="P:Microsoft.Windows.Themes.DataGridHeaderBorder.SeparatorVisibility" />-Abhängigkeitseigenschaft.</returns>
    </member>
    <member name="P:Microsoft.Windows.Themes.DataGridHeaderBorder.SortDirection">
      <summary>Ruft die Sortierrichtung für Header ab oder legt sie fest.</summary>
      <returns>Einer der Enumerationswerte, der angibt, in welcher Richtung die Spalte sortiert wird. Der registrierte Standardwert ist null. Weitere Informationen zu Einflüssen auf diesen Wert finden Sie unter <see cref="T:System.Windows.DependencyProperty" />.</returns>
    </member>
    <member name="F:Microsoft.Windows.Themes.DataGridHeaderBorder.SortDirectionProperty">
      <summary>Identifiziert die <see cref="P:Microsoft.Windows.Themes.DataGridHeaderBorder.SortDirection" />-Abhängigkeitseigenschaft.</summary>
      <returns>Der Bezeichner für die <see cref="P:Microsoft.Windows.Themes.DataGridHeaderBorder.SortDirection" />-Abhängigkeitseigenschaft.</returns>
    </member>
  </members>
</doc>