﻿<?xml version="1.0" encoding="utf-8"?>
<doc>
  <assembly>
    <name>PresentationBuildTasks</name>
  </assembly>
  <members>
    <member name="T:Microsoft.Build.Tasks.Windows.FileClassifier">
      <summary>Implementiert die FileClassifer-Aufgabe. Verwenden Sie das FileClassifer-Element in Ihrer Projektdatei, um diese Aufgabe zu erstellen und auszuführen. Informationen über Verwendung und Parameter finden Sie unter FileClassifier-Aufgabe.</summary>
    </member>
    <member name="M:Microsoft.Build.Tasks.Windows.FileClassifier.#ctor">
      <summary>Initialisiert eine neue Instanz der <see cref="T:Microsoft.Build.Tasks.Windows.FileClassifier" />-Klasse.</summary>
    </member>
    <member name="P:Microsoft.Build.Tasks.Windows.FileClassifier.CLREmbeddedResource">
      <summary>Ruft die Ausgabeelementliste für die CLR-Ressourcen ab, die in der Hauptassembly gespeichert werden, oder legt diese fest.</summary>
      <returns>Die Ausgabeelementliste für die CLR-Ressourcen, die in der Hauptassembly gespeichert werden.</returns>
    </member>
    <member name="P:Microsoft.Build.Tasks.Windows.FileClassifier.CLRResourceFiles">
      <summary>Ruft die CLR-Ressourcendateiliste ab oder legt diese fest.</summary>
      <returns>Die CLR-Ressourcendateiliste.</returns>
    </member>
    <member name="P:Microsoft.Build.Tasks.Windows.FileClassifier.CLRSatelliteEmbeddedResource">
      <summary>Ruft die Ausgabeelementliste für die CLR-Ressourcen ab, die in der Satellitenassembly gespeichert werden, oder legt diese fest.</summary>
      <returns>Die Ausgabeelementliste für die CLR-Ressourcen, die in der Satellitenassembly gespeichert werden.</returns>
    </member>
    <member name="P:Microsoft.Build.Tasks.Windows.FileClassifier.Culture">
      <summary>Ruft die Kultur des Builds ab oder legt diese fest.</summary>
      <returns>Die Kultur des Build oder null, wenn der Build nicht-lokalisierbar ist</returns>
    </member>
    <member name="M:Microsoft.Build.Tasks.Windows.FileClassifier.Execute">
      <summary>Führt eine Aufgabe aus.</summary>
      <returns>true, wenn die Aufgabe erfolgreich ausgeführt wurde, andernfalls false.</returns>
    </member>
    <member name="P:Microsoft.Build.Tasks.Windows.FileClassifier.MainEmbeddedFiles">
      <summary>Ruft nicht lokalisierbare Ressourcen ab bzw. legt diese fest, die in die Hauptassembly eingebettet werden.</summary>
      <returns>Nicht lokalisierbare Ressourcen, die in die Hauptassembly eingebettet werden.</returns>
    </member>
    <member name="P:Microsoft.Build.Tasks.Windows.FileClassifier.OutputType">
      <summary>Ruft den Ausgabetyp der Assembly ab oder legt diesen fest.</summary>
      <returns>Der Ausgabetyp der Assembly.  Kann "EXE" oder "DLL" sein.</returns>
    </member>
    <member name="P:Microsoft.Build.Tasks.Windows.FileClassifier.SatelliteEmbeddedFiles">
      <summary>Ruft die lokalisierbaren Dateien, die in die Satellitenassembly für die durch die <see cref="P:Microsoft.Build.Tasks.Windows.FileClassifier.Culture" />-Eigenschaft angegebene Kultur eingebettet sind, ab bzw. legt sie fest</summary>
      <returns>Die lokalisierbaren Dateien, die in die Satellitenassembly für die durch die <see cref="P:Microsoft.Build.Tasks.Windows.FileClassifier.Culture" />-Eigenschaft angegebene Kultur eingebettet sind.</returns>
    </member>
    <member name="P:Microsoft.Build.Tasks.Windows.FileClassifier.SourceFiles">
      <summary>Ruft Liste von Elementen ab, die klassifiziert werden sollen, oder legt diese fest.</summary>
      <returns>Die Liste der Elemente, die klassifiziert werden sollen.</returns>
    </member>
    <member name="T:Microsoft.Build.Tasks.Windows.GenerateTemporaryTargetAssembly">
      <summary>Implementiert die GenerateTemporaryTargetAssembly-Aufgabe. Verwenden Sie das GenerateTemporaryTargetAssembly-Element in Ihrer Projektdatei, um diese Aufgabe zu erstellen und auszuführen. Informationen über Verwendung und Parameter finden Sie unter GenerateTemporaryTargetAssembly-Aufgabe.</summary>
    </member>
    <member name="M:Microsoft.Build.Tasks.Windows.GenerateTemporaryTargetAssembly.#ctor">
      <summary>Initialisiert eine neue Instanz der <see cref="T:Microsoft.Build.Tasks.Windows.GenerateTemporaryTargetAssembly" />-Klasse.</summary>
    </member>
    <member name="P:Microsoft.Build.Tasks.Windows.GenerateTemporaryTargetAssembly.AssemblyName">
      <summary>Übernimmt oder bestimmt den Kurznamen der Assembly, die für ein Projekt generiert wird. Der Kurzname ist gleichzeitig der Name der temporär generierten Zielassembly.</summary>
      <returns>Der Kurzname der für ein Projekt generierten Assembly, bei dem es sich gleichzeitig um den Namen der temporär generierten Zielassembly handelt.</returns>
    </member>
    <member name="P:Microsoft.Build.Tasks.Windows.GenerateTemporaryTargetAssembly.CompileTargetName">
      <summary>Ruft den MS Build-Zielnamen ab, der verwendet wird, um ein Assembly aus Quellcodedateien zu generieren, oder legt diesen fest.</summary>
      <returns>Der MS Build-Zielname, der verwendet wird, um eine Assembly aus Quellcodedateien zu generieren.</returns>
    </member>
    <member name="P:Microsoft.Build.Tasks.Windows.GenerateTemporaryTargetAssembly.CompileTypeName">
      <summary>Ruft den entsprechenden Elementnamen ab, der von einer verwalteten Compileraufgabe akzeptiert werden kann, oder legt diesen fest.</summary>
      <returns>Der entsprechende Elementname, der durch verwaltete Compileraufgabe akzeptiert werden kann.</returns>
    </member>
    <member name="P:Microsoft.Build.Tasks.Windows.GenerateTemporaryTargetAssembly.CurrentProject">
      <summary>Ruft den vollständigen Pfad der aktuellen Projektdatei ab oder legt diesen fest.</summary>
      <returns>Der vollständige Pfad der aktuellen Projektdatei.</returns>
    </member>
    <member name="M:Microsoft.Build.Tasks.Windows.GenerateTemporaryTargetAssembly.Execute">
      <summary>Führt eine Aufgabe aus.</summary>
      <returns>true, wenn die Aufgabe erfolgreich ausgeführt wurde, andernfalls false.</returns>
    </member>
    <member name="P:Microsoft.Build.Tasks.Windows.GenerateTemporaryTargetAssembly.GeneratedCodeFiles">
      <summary>Ruft eine Liste der generierten Codedateien ab oder legt diese fest.</summary>
      <returns>Eine Liste der generierten Codedateien.  Dies kann 0 Elemente enthalten.</returns>
    </member>
    <member name="P:Microsoft.Build.Tasks.Windows.GenerateTemporaryTargetAssembly.IntermediateOutputPath">
      <summary>Ruft das Verzeichnis ab bzw. legt dieses fest, in dem die temporäre Zielassembly generiert wird.</summary>
      <returns>Das Verzeichnis, in dem die temporäre Zielassembly generiert wird.</returns>
    </member>
    <member name="P:Microsoft.Build.Tasks.Windows.GenerateTemporaryTargetAssembly.MSBuildBinPath">
      <summary>Ruft den MS Build-Binärpfad ab oder legt diesen fest.</summary>
      <returns>Der MS Build-Binärpfad.</returns>
    </member>
    <member name="P:Microsoft.Build.Tasks.Windows.GenerateTemporaryTargetAssembly.ReferencePath">
      <summary>Ruft eine Liste von aufgelösten Verweisassemblys ab, auf die verwiesen werden soll, oder legt diese fest.</summary>
      <returns>Eine Liste der aufgelösten Verweisassemblys.</returns>
    </member>
    <member name="P:Microsoft.Build.Tasks.Windows.GenerateTemporaryTargetAssembly.ReferencePathTypeName">
      <summary>Ruft den Elementnamen ab, der verwendet wird, um die Referenzliste in der verwalteten Kompilieraufgabe zu verwahren, oder legt diesen fest.</summary>
      <returns>Der Elementnamen, der verwendet wird, um die Referenzliste in verwalteten Kompilieraufgaben bereitzuhalten.</returns>
    </member>
    <member name="T:Microsoft.Build.Tasks.Windows.GetWinFXPath">
      <summary>Implementiert die GetWinFXPath-Aufgabe. Verwenden Sie das GetWinFXPath-Element in Ihrer Projektdatei, um diese Aufgabe zu erstellen und auszuführen. Informationen über Verwendung und Parameter finden Sie unter GetWinFXPath-Aufgabe.</summary>
    </member>
    <member name="M:Microsoft.Build.Tasks.Windows.GetWinFXPath.#ctor">
      <summary>Initialisiert eine neue Instanz der <see cref="T:Microsoft.Build.Tasks.Windows.GetWinFXPath" />-Klasse.</summary>
    </member>
    <member name="M:Microsoft.Build.Tasks.Windows.GetWinFXPath.Execute">
      <summary>Führt eine Aufgabe aus.</summary>
      <returns>true, wenn die Aufgabe erfolgreich ausgeführt wurde, andernfalls false.</returns>
    </member>
    <member name="P:Microsoft.Build.Tasks.Windows.GetWinFXPath.WinFXNativePath">
      <summary>Ruft den Pfad für systemeigene WinFX-Laufzeit ab oder legt diesen fest.</summary>
      <returns>Der Pfad für die systemeigene WinFX-Laufzeit.</returns>
    </member>
    <member name="P:Microsoft.Build.Tasks.Windows.GetWinFXPath.WinFXPath">
      <summary>Übernimmt oder bestimmt den Pfad für die WinFX-Laufzeit.</summary>
      <returns>Der Pfad für die WinFX-Laufzeit.</returns>
    </member>
    <member name="P:Microsoft.Build.Tasks.Windows.GetWinFXPath.WinFXWowPath">
      <summary>Ruft den Pfad für WoW WinFX-Laufzeit ab oder legt diese fest.</summary>
      <returns>Der Pfad für die WoW WinFX-Laufzeit.</returns>
    </member>
    <member name="T:Microsoft.Build.Tasks.Windows.MarkupCompilePass1">
      <summary>Implementiert die MarkupCompilePass1-Aufgabe. Verwenden Sie das MarkupCompilePass1-Element in Ihrer Projektdatei, um diese Aufgabe zu erstellen und auszuführen. Informationen über Verwendung und Parameter finden Sie unter MarkupCompilePass1-Aufgabe.</summary>
    </member>
    <member name="M:Microsoft.Build.Tasks.Windows.MarkupCompilePass1.#ctor">
      <summary>Initialisiert eine neue Instanz der <see cref="T:Microsoft.Build.Tasks.Windows.MarkupCompilePass1" />-Klasse.</summary>
    </member>
    <member name="P:Microsoft.Build.Tasks.Windows.MarkupCompilePass1.AllGeneratedFiles">
      <summary>Ruft eine Liste der Dateien ab oder legt diese fest, die vom Markup-Compiler generiert werden.</summary>
      <returns>Eine Liste der Dateien, die vom Markupcompiler generiert werden.</returns>
    </member>
    <member name="P:Microsoft.Build.Tasks.Windows.MarkupCompilePass1.AlwaysCompileMarkupFilesInSeparateDomain">
      <summary>Ruft einen Wert ab oder legt einen Wert fest, der angibt, ob die Kompilierung in der zweiten Anwendungsdomäne ausgeführt werden soll.</summary>
      <returns>true, um die Kompilierung in der zweiten Anwendungsdomäne auszuführen; andernfalls false.</returns>
    </member>
    <member name="P:Microsoft.Build.Tasks.Windows.MarkupCompilePass1.ApplicationMarkup">
      <summary>Ruft den Namen der XAML-Anwendungsdefinitionsdatei ab oder legt diesen fest.</summary>
      <returns>Der Name der Anwendungsdefinitionsdatei XAML.</returns>
    </member>
    <member name="P:Microsoft.Build.Tasks.Windows.MarkupCompilePass1.AssembliesGeneratedDuringBuild">
      <summary>Ruft eine Liste von Verweisassemblys ab oder legt diese fest, die sich während des Buildzyklus ändern.</summary>
      <returns>Die Liste der Verweisassemblys, die sich während des Buildzyklus ändern.</returns>
    </member>
    <member name="P:Microsoft.Build.Tasks.Windows.MarkupCompilePass1.AssemblyName">
      <summary>Übernimmt oder bestimmt den Kurznamen der Assembly, die für dieses Projekt generiert wird.</summary>
      <returns>Der Kurzname der Assembly, die für dieses Projekt generiert wird.</returns>
    </member>
    <member name="P:Microsoft.Build.Tasks.Windows.MarkupCompilePass1.AssemblyPublicKeyToken">
      <summary>Übernimmt oder bestimmt das öffentliche Schlüsseltoken der Assembly.</summary>
      <returns>Der öffentliche Schlüsseltoken der Assembly.</returns>
    </member>
    <member name="P:Microsoft.Build.Tasks.Windows.MarkupCompilePass1.AssemblyVersion">
      <summary>Ruft die Version der Assembly ab oder legt diese fest.</summary>
      <returns>Die Version der Assembly.</returns>
    </member>
    <member name="P:Microsoft.Build.Tasks.Windows.MarkupCompilePass1.ContentFiles">
      <summary>Ruft eine Liste mit losen Inhaltsdateien ab oder legt diese fest.</summary>
      <returns>Eine Liste mit losen Inhaltsdateien.</returns>
    </member>
    <member name="P:Microsoft.Build.Tasks.Windows.MarkupCompilePass1.DefineConstants">
      <summary>Ruft einen Wert ab oder legt einen Wert fest, der angibt, ob der aktuelle Wert von DefineConstants beibehalten wird.</summary>
      <returns>Gibt an, ob der aktuelle Wert von DefineConstants behalten wird, wobei sich dies auf die Generierung der Zielassembly auswirkt. Wenn dieser Parameter geändert wird, kann die öffentliche API in der Zielassembly geändert und die Kompilierung der XAML-Dateien, die auf lokale Typen verweisen, beeinflusst werden.</returns>
    </member>
    <member name="M:Microsoft.Build.Tasks.Windows.MarkupCompilePass1.Execute">
      <summary>Führt eine Aufgabe aus.</summary>
      <returns>true, wenn die Aufgabe erfolgreich ausgeführt wurde, andernfalls false.</returns>
    </member>
    <member name="P:Microsoft.Build.Tasks.Windows.MarkupCompilePass1.ExtraBuildControlFiles">
      <summary>Ruft eine Liste der Dateien ab (bzw. legt diese fest), mit denen gesteuert wird, ob beim erneuten Ausführen der <see cref="T:Microsoft.Build.Tasks.Windows.MarkupCompilePass1" />-Aufgabe eine Neuerstellung ausgelöst wird. Eine Neuerstellung wird ausgelöst, wenn sich eine dieser Dateien ändert.</summary>
      <returns>Eine Liste der Dateien, mit denen gesteuert wird, ob beim erneuten Ausführen der <see cref="T:Microsoft.Build.Tasks.Windows.MarkupCompilePass1" />-Aufgabe eine Neuerstellung ausgelöst wird. Eine Neuerstellung wird ausgelöst, wenn sich eine dieser Dateien ändert.</returns>
    </member>
    <member name="P:Microsoft.Build.Tasks.Windows.MarkupCompilePass1.GeneratedBamlFiles">
      <summary>Ruft die generierten binäre XAML (BAML)-Dateien ab oder legt sie fest.</summary>
      <returns>Die generierten binäre XAML (BAML)-Dateien.</returns>
    </member>
    <member name="P:Microsoft.Build.Tasks.Windows.MarkupCompilePass1.GeneratedCodeFiles">
      <summary>Ruft die Liste der generierten verwalteten Codedateien ab oder legt diese fest.</summary>
      <returns>Die Liste der generierten verwalteten Codedateien.</returns>
    </member>
    <member name="P:Microsoft.Build.Tasks.Windows.MarkupCompilePass1.GeneratedLocalizationFiles">
      <summary>Ruft die generierte Lokalisierungsdatei für jede lokalisierbare XAML-Datei ab oder legt diese fest.</summary>
      <returns>Die generierte Lokalisierungsdatei für jede lokalisierbare XAML-Datei.</returns>
    </member>
    <member name="P:Microsoft.Build.Tasks.Windows.MarkupCompilePass1.HostInBrowser">
      <summary>Ruft einen Wert ab, der angibt, ob es sich bei der generierten Assembly um ein XAML-Browseranwendung (XBAP) handelt, oder legt diesen fest.</summary>
      <returns>true, wenn die generierte Assembly ein XAML-Browseranwendung (XBAP) ist; andernfalls false.</returns>
    </member>
    <member name="P:Microsoft.Build.Tasks.Windows.MarkupCompilePass1.IsRunningInVisualStudio">
      <summary>Ruft einen Wert ab, der angibt, ob die Task in Visual Studio ausgeführt wird, oder legt diesen fest.</summary>
      <returns>true, wenn die Aufgabe in Visual Studio ausgeführt wird; andernfalls false.</returns>
    </member>
    <member name="P:Microsoft.Build.Tasks.Windows.MarkupCompilePass1.KnownReferencePaths">
      <summary>Ruft die Pfade zu referenzierten Assemblys ab, die sich während des Build-Verfahrens nicht ändern, oder legt diese fest.</summary>
      <returns>Die Pfade zu referenzierten Assemblys an, die sich während des Buildprozedur nicht ändern.</returns>
    </member>
    <member name="P:Microsoft.Build.Tasks.Windows.MarkupCompilePass1.Language">
      <summary>Ruft die verwaltete Sprache ab, die der Compiler unterstützt, oder legt sie fest.</summary>
      <returns>Die verwaltete Sprache, die der Compiler unterstützt. Die folgenden Werte sind gültig: C#, VB und C++.</returns>
    </member>
    <member name="P:Microsoft.Build.Tasks.Windows.MarkupCompilePass1.LanguageSourceExtension">
      <summary>Ruft die Erweiterung ab bzw. legt diese fest, die an die Erweiterung der generierten verwalteten Codedatei angefügt wird.</summary>
      <returns>Die Erweiterung, die an die Erweiterung der generierten verwalteten Codedatei angefügt wird:</returns>
    </member>
    <member name="P:Microsoft.Build.Tasks.Windows.MarkupCompilePass1.LocalizationDirectivesToLocFile">
      <summary>Ruft einen Wert ab oder legt einen Wert fest, der angibt, wie Lokalisierungsinformationen für Extensible Application Markup Language (XAML)-Dateien generiert werden.</summary>
      <returns>Ein Wert, der angibt, wie Lokalisierungsinformationen für jede Extensible Application Markup Language (XAML)-Datei generiert werden. Die folgende Werte sind gültig: None, CommentsOnly und All.</returns>
    </member>
    <member name="P:Microsoft.Build.Tasks.Windows.MarkupCompilePass1.OutputPath">
      <summary>Ruft den Speicherort von generierten Codedateien ab oder legt diesen fest.</summary>
      <returns>Der Speicherort von generierten Codedateien.</returns>
    </member>
    <member name="P:Microsoft.Build.Tasks.Windows.MarkupCompilePass1.OutputType">
      <summary>Ruft den Ausgabetyp der Assembly ab oder legt diesen fest.</summary>
      <returns>Der Typ der Assembly, die von einem Projekt generiert wird. Die folgende Werte sind gültig: winexe, exe, library und netmodule.</returns>
    </member>
    <member name="P:Microsoft.Build.Tasks.Windows.MarkupCompilePass1.PageMarkup">
      <summary>Ruft eine Liste von XAML-Dateien ab, die verarbeitet werden soll, oder legt diese fest.</summary>
      <returns>Eine Liste der zu verarbeitenden XAML -Dateien.</returns>
    </member>
    <member name="P:Microsoft.Build.Tasks.Windows.MarkupCompilePass1.References">
      <summary>Ruft die Assemblyverweise ab oder legt diese fest.</summary>
      <returns>Der Assemblyverweis.</returns>
    </member>
    <member name="P:Microsoft.Build.Tasks.Windows.MarkupCompilePass1.RequirePass2ForMainAssembly">
      <summary>Ruft einen Wert ab bzw. legt diesen fest, der angibt, ob das Projekt nicht lokalisierbare XAML-Dateien enthält, die auf lokale Typen verweisen, die in die Hauptassembly eingebettet sind.</summary>
      <returns>true, wenn das Projekt nicht lokalisierbare XAML-Dateien enthält, die auf lokale Typen verweisen, die in die Hauptassembly eingebettet sind; andernfalls false.</returns>
    </member>
    <member name="P:Microsoft.Build.Tasks.Windows.MarkupCompilePass1.RequirePass2ForSatelliteAssembly">
      <summary>Ruft einen Wert ab bzw. legt diesen fest, der angibt, ob das Projekt lokalisierbare XAML-Dateien enthält, die auf lokale Typen verweisen, die in die Satellitenassembly eingebettet sind.</summary>
      <returns>true, wenn das p-Projekt nicht lokalisierbare XAML-Dateien enthält, die auf lokale Typen verweisen, die in die Satellitenassembly eingebettet sind; andernfalls false.</returns>
    </member>
    <member name="P:Microsoft.Build.Tasks.Windows.MarkupCompilePass1.RootNamespace">
      <summary>Übernimmt oder bestimmt den Stammnamespace der Klassen innerhalb des Projekts.</summary>
      <returns>Der Stammnamespace der Klassen innerhalb des Projekts.</returns>
    </member>
    <member name="P:Microsoft.Build.Tasks.Windows.MarkupCompilePass1.SourceCodeFiles">
      <summary>Ruft die Liste der Quellcodedatei für das aktuelle Projekt ab, oder legt diese fest.</summary>
      <returns>Die Liste der Quellcodedateien für das aktuelle Projekt.</returns>
    </member>
    <member name="P:Microsoft.Build.Tasks.Windows.MarkupCompilePass1.SplashScreen">
      <summary>Übernimmt oder bestimmt das Bild für den Begrüßungsbildschirm, der vor dem Initialisieren der Anwendung angezeigt werden soll.</summary>
      <returns>Das Image des Begrüßungsbildschirms.</returns>
    </member>
    <member name="P:Microsoft.Build.Tasks.Windows.MarkupCompilePass1.UICulture">
      <summary>Ruft einen Wert ab oder einen Wert fest, der angibt, welche Satellitenassembly-Kultur die generierten binäre XAML (BAML)-Dateien enthalten soll.</summary>
      <returns>Ein a-Wert, der angibt, welche Satellitenassembly-Kultur die generierten binäre XAML (BAML) Dateien enthalten soll.</returns>
    </member>
    <member name="P:Microsoft.Build.Tasks.Windows.MarkupCompilePass1.XamlDebuggingInformation">
      <summary>Ruft einen Wert ab oder legt einen Wert fest, der angibt, ob Diagnoseinformationen generiert und im kompilierten XAML eingeschlossen werden, um das Debuggen zu unterstützen.</summary>
      <returns>true, wenn Diagnoseinformationen generiert und in die kompilierte XAML integriert werden, um das Debuggen zu unterstützen; andernfalls false.</returns>
    </member>
    <member name="T:Microsoft.Build.Tasks.Windows.MarkupCompilePass2">
      <summary>Implementiert die MarkupCompilePass2-Aufgabe. Verwenden Sie das MarkupCompilePass2-Element in Ihrer Projektdatei, um diese Aufgabe zu erstellen und auszuführen. Informationen über Verwendung und Parameter finden Sie unter MarkupCompilePass2-Aufgabe.</summary>
    </member>
    <member name="M:Microsoft.Build.Tasks.Windows.MarkupCompilePass2.#ctor">
      <summary>Initialisiert eine neue Instanz der <see cref="T:Microsoft.Build.Tasks.Windows.MarkupCompilePass2" />-Klasse.</summary>
    </member>
    <member name="P:Microsoft.Build.Tasks.Windows.MarkupCompilePass2.AlwaysCompileMarkupFilesInSeparateDomain">
      <summary>Ruft einen Wert ab oder legt einen Wert fest, der angibt, ob die Kompilierung in der zweiten Anwendungsdomäne ausgeführt werden soll.</summary>
      <returns>true, um die Kompilierung in der zweiten Anwendungsdomäne auszuführen; andernfalls false.</returns>
    </member>
    <member name="P:Microsoft.Build.Tasks.Windows.MarkupCompilePass2.AssembliesGeneratedDuringBuild">
      <summary>Ruft eine Liste von Verweisassemblys ab oder legt diese fest, die sich während des Buildzyklus ändern.</summary>
      <returns>Die Liste der Verweisassemblys, die sich während des Buildzyklus ändern.</returns>
    </member>
    <member name="P:Microsoft.Build.Tasks.Windows.MarkupCompilePass2.AssemblyName">
      <summary>Übernimmt oder bestimmt den Kurznamen der Assembly, die für dieses Projekt generiert wird.</summary>
      <returns>Der Kurzname der Assembly, die für dieses Projekt generiert wird.</returns>
    </member>
    <member name="M:Microsoft.Build.Tasks.Windows.MarkupCompilePass2.Execute">
      <summary>Führt eine Aufgabe aus.</summary>
      <returns>true, wenn die Aufgabe erfolgreich ausgeführt wurde, andernfalls false.</returns>
    </member>
    <member name="P:Microsoft.Build.Tasks.Windows.MarkupCompilePass2.GeneratedBaml">
      <summary>Ruft die generierten binäre XAML (BAML)-Dateien ab oder legt sie fest.</summary>
      <returns>Die generierten binäre XAML (BAML)-Dateien.</returns>
    </member>
    <member name="P:Microsoft.Build.Tasks.Windows.MarkupCompilePass2.KnownReferencePaths">
      <summary>Ruft die Pfade zu referenzierten Assemblys ab, die sich während des Build-Verfahrens nicht ändern, oder legt diese fest.</summary>
      <returns>Die Pfade zu referenzierten Assemblys an, die sich während des Buildprozedur nicht ändern.</returns>
    </member>
    <member name="P:Microsoft.Build.Tasks.Windows.MarkupCompilePass2.Language">
      <summary>Ruft die verwaltete Sprache ab, die der Compiler unterstützt, oder legt sie fest.</summary>
      <returns>Die verwaltete Sprache, die der Compiler unterstützt. Die folgenden Werte sind gültig: C#, VB, JScript und C++.</returns>
    </member>
    <member name="P:Microsoft.Build.Tasks.Windows.MarkupCompilePass2.LocalizationDirectivesToLocFile">
      <summary>Ruft einen Wert ab oder legt einen Wert fest, der angibt, wie Lokalisierungsinformationen für Extensible Application Markup Language (XAML)-Dateien generiert werden.</summary>
      <returns>Ein Wert, der angibt, wie Lokalisierungsinformationen für jede Extensible Application Markup Language (XAML)-Datei generiert werden. Die folgende Werte sind gültig: None, CommentsOnly und All.</returns>
    </member>
    <member name="P:Microsoft.Build.Tasks.Windows.MarkupCompilePass2.OutputPath">
      <summary>Ruft den Speicherort von generierten Codedateien ab oder legt diesen fest.</summary>
      <returns>Der Speicherort von generierten Codedateien.</returns>
    </member>
    <member name="P:Microsoft.Build.Tasks.Windows.MarkupCompilePass2.OutputType">
      <summary>Ruft den Ausgabetyp der Assembly ab oder legt diesen fest.</summary>
      <returns>Der Typ der Assembly, die von einem Projekt generiert wird. Die folgende Werte sind gültig: winexe, exe, library und netmodule.</returns>
    </member>
    <member name="P:Microsoft.Build.Tasks.Windows.MarkupCompilePass2.References">
      <summary>Ruft die Assemblyverweise ab oder legt diese fest.</summary>
      <returns>Der Assemblyverweis.</returns>
    </member>
    <member name="P:Microsoft.Build.Tasks.Windows.MarkupCompilePass2.RootNamespace">
      <summary>Übernimmt oder bestimmt den Stammnamespace der Klassen innerhalb des Projekts.</summary>
      <returns>Der Stammnamespace der Klassen innerhalb des Projekts.</returns>
    </member>
    <member name="P:Microsoft.Build.Tasks.Windows.MarkupCompilePass2.XamlDebuggingInformation">
      <summary>Ruft einen Wert ab oder legt einen Wert fest, der angibt, ob Diagnoseinformationen generiert und im kompilierten XAML eingeschlossen werden, um das Debuggen zu unterstützen.</summary>
      <returns>true, wenn Diagnoseinformationen generiert und in die kompilierte XAML integriert werden, um das Debuggen zu unterstützen; andernfalls false.</returns>
    </member>
    <member name="T:Microsoft.Build.Tasks.Windows.MergeLocalizationDirectives">
      <summary>Implementiert die MergeLocalizationDirectives-Aufgabe. Verwenden Sie das MergeLocalizationDirectives-Element in Ihrer Projektdatei, um diese Aufgabe zu erstellen und auszuführen. Informationen über Verwendung und Parameter finden Sie unter MergeLocalizationDirectives-Aufgabe.</summary>
    </member>
    <member name="M:Microsoft.Build.Tasks.Windows.MergeLocalizationDirectives.#ctor">
      <summary>Initialisiert eine neue Instanz der <see cref="T:Microsoft.Build.Tasks.Windows.MergeLocalizationDirectives" />-Klasse.</summary>
    </member>
    <member name="M:Microsoft.Build.Tasks.Windows.MergeLocalizationDirectives.Execute">
      <summary>Führt eine Aufgabe aus.</summary>
      <returns>true, wenn die Aufgabe erfolgreich ausgeführt wurde, andernfalls false.</returns>
    </member>
    <member name="P:Microsoft.Build.Tasks.Windows.MergeLocalizationDirectives.GeneratedLocalizationFiles">
      <summary>Ruft die Liste der Dateien mit Lokalisierungsdirektiven für einzelne Dateien im XAML-Binärformat ab oder legt diese fest.</summary>
      <returns>Die Liste der Dateien mit Lokalisierungsdirektiven für einzelne Dateien im XAML-Binärformat.</returns>
    </member>
    <member name="P:Microsoft.Build.Tasks.Windows.MergeLocalizationDirectives.OutputFile">
      <summary>Ruft den Ausgabepfad der kompilierten Lokalisierungsdirektivenassembly ab oder legt diesen fest.</summary>
      <returns>Der Ausgabepfad der kompilierten Lokalisierungsdirektivenassembly.</returns>
    </member>
    <member name="T:Microsoft.Build.Tasks.Windows.ResourcesGenerator">
      <summary>Implementiert die ResourcesGenerator-Aufgabe. Verwenden Sie das ResourcesGenerator-Element in Ihrer Projektdatei, um diese Aufgabe zu erstellen und auszuführen. Informationen über Verwendung und Parameter finden Sie unter ResourcesGenerator-Aufgabe.</summary>
    </member>
    <member name="M:Microsoft.Build.Tasks.Windows.ResourcesGenerator.#ctor">
      <summary>Initialisiert eine neue Instanz der <see cref="T:Microsoft.Build.Tasks.Windows.ResourcesGenerator" />-Klasse.</summary>
    </member>
    <member name="M:Microsoft.Build.Tasks.Windows.ResourcesGenerator.Execute">
      <summary>Führt eine Aufgabe aus.</summary>
      <returns>true, wenn die Aufgabe erfolgreich ausgeführt wurde, andernfalls false.</returns>
    </member>
    <member name="P:Microsoft.Build.Tasks.Windows.ResourcesGenerator.OutputPath">
      <summary>Übernimmt oder bestimmt den relativen Pfad für das Ausgabeverzeichnis.</summary>
    </member>
    <member name="P:Microsoft.Build.Tasks.Windows.ResourcesGenerator.OutputResourcesFile">
      <summary>Übernimmt oder bestimmt den Pfad und den Namen der generierten RESOURCES-Datei.</summary>
      <returns>Der Pfad und den Namen der generierten RESOURCES-Datei. Wenn es sich nicht um einen absoluten Pfad handelt, wird die RESOURCES-Datei relativ zum Stammverzeichnis des Projekts generiert.</returns>
    </member>
    <member name="P:Microsoft.Build.Tasks.Windows.ResourcesGenerator.ResourceFiles">
      <summary>Ruft mindestens eine Ressource ab bzw. legt diese fest, die in die generierte RESOURCES-Datei eingebettet werden soll.</summary>
      <returns>Mindestens eine Ressource, die in die generierte RESOURCES-Datei eingebettet werden soll.</returns>
    </member>
    <member name="T:Microsoft.Build.Tasks.Windows.UidManager">
      <summary>Implementiert die UidManager-Aufgabe. Verwenden Sie das UidManager-Element in Ihrer Projektdatei, um diese Aufgabe zu erstellen und auszuführen. Informationen über Verwendung und Parameter finden Sie unter UidManager-Aufgabe.</summary>
    </member>
    <member name="M:Microsoft.Build.Tasks.Windows.UidManager.#ctor">
      <summary>Initialisiert eine neue Instanz der <see cref="T:Microsoft.Build.Tasks.Windows.UidManager" />-Klasse.</summary>
    </member>
    <member name="M:Microsoft.Build.Tasks.Windows.UidManager.Execute">
      <summary>Führt eine Aufgabe aus.</summary>
      <returns>true, wenn die Aufgabe erfolgreich ausgeführt wurde, andernfalls false.</returns>
    </member>
    <member name="P:Microsoft.Build.Tasks.Windows.UidManager.IntermediateDirectory">
      <summary>Ruft das Verzeichnis zur Sicherung der XAML-Quelldateien ab, die durch die <see cref="P:Microsoft.Build.Tasks.Windows.UidManager.MarkupFiles" />-Eigenschaft angegeben werden, oder legt es fest.</summary>
      <returns>Das Verzeichnis zur Sicherung der XAML-Quelldateien an, die durch die <see cref="P:Microsoft.Build.Tasks.Windows.UidManager.MarkupFiles" />-Eigenschaft angegeben werden.</returns>
    </member>
    <member name="P:Microsoft.Build.Tasks.Windows.UidManager.MarkupFiles">
      <summary>Übernimmt oder bestimmt die XAML-Quelldateien, die für das Überprüfen, Aktualisieren oder Entfernen der UID berücksichtigt werden müssen.</summary>
      <returns>Die XAML-Quelldateien, die für das Überprüfen, Aktualisieren oder Entfernen der UID berücksichtigt werden müssen.</returns>
    </member>
    <member name="P:Microsoft.Build.Tasks.Windows.UidManager.Task">
      <summary>Übernimmt oder bestimmt die UID-Verwaltungsaufgabe, die Sie ausführen möchten. Gültige Optionen sind Check, Update und Remove.</summary>
      <returns>Die UID-Verwaltungsaufgabe, die Sie ausführen möchten. Gültige Optionen sind Check, Update und Remove.</returns>
    </member>
    <member name="T:Microsoft.Build.Tasks.Windows.UpdateManifestForBrowserApplication">
      <summary>Implementiert die UpdateManifestForBrowserApplication-Aufgabe. Verwenden Sie das UpdateManifestForBrowserApplication-Element in Ihrer Projektdatei, um diese Aufgabe zu erstellen und auszuführen. Informationen über Verwendung und Parameter finden Sie unter UpdateManifestForBrowserApplication-Aufgabe.</summary>
    </member>
    <member name="M:Microsoft.Build.Tasks.Windows.UpdateManifestForBrowserApplication.#ctor">
      <summary>Initialisiert eine neue Instanz der <see cref="T:Microsoft.Build.Tasks.Windows.UpdateManifestForBrowserApplication" />-Klasse.</summary>
    </member>
    <member name="P:Microsoft.Build.Tasks.Windows.UpdateManifestForBrowserApplication.ApplicationManifest">
      <summary>Übernimmt oder bestimmt den Pfad und den Namen der Anwendungsmanifestdatei, zu der das &lt;hostInBrowser /&gt;-Element hinzugefügt werden soll.</summary>
      <returns>Der Pfad und den Namen der Anwendungsmanifestdatei, zu der das &lt;hostInBrowser /&gt;-Element hinzugefügt werden soll.</returns>
    </member>
    <member name="M:Microsoft.Build.Tasks.Windows.UpdateManifestForBrowserApplication.Execute">
      <summary>Führt eine Aufgabe aus.</summary>
      <returns>true, wenn die Aufgabe erfolgreich ausgeführt wurde, andernfalls false.</returns>
    </member>
    <member name="P:Microsoft.Build.Tasks.Windows.UpdateManifestForBrowserApplication.HostInBrowser">
      <summary>Ruft einen Wert ab, der angibt, ob das Anwendungsmanifest geändert werden soll, sodass es das &lt;hostInBrowser /&gt;-Element enthält.</summary>
      <returns>true, um das Anwendungsmanifest so zu ändern, dass es das &lt;hostInBrowser /&gt;-Element enthält; andernfalls false.</returns>
    </member>
  </members>
</doc>