﻿<?xml version="1.0" encoding="utf-8"?>
<doc>
  <assembly>
    <name>PresentationFramework.Classic</name>
  </assembly>
  <members>
    <member name="T:Microsoft.Windows.Themes.ClassicBorderDecorator">
      <summary>Erstellt das designspezifische Aussehen für <see cref="T:System.Windows.Controls.Decorator" />-Typen für die Verwendung mit dem Design Classic.</summary>
    </member>
    <member name="M:Microsoft.Windows.Themes.ClassicBorderDecorator.#ctor">
      <summary>Initialisiert eine neue Instanz der <see cref="T:Microsoft.Windows.Themes.ClassicBorderDecorator" />-Klasse.</summary>
    </member>
    <member name="P:Microsoft.Windows.Themes.ClassicBorderDecorator.Background">
      <summary>Ruft den Pinsel ab, mit dem der Hintergrund des Elements gefüllt wird, oder legt diesen fest.</summary>
      <returns>Der Pinsel, mit dem der Hintergrund des Elements ausgefüllt wird.</returns>
    </member>
    <member name="F:Microsoft.Windows.Themes.ClassicBorderDecorator.BackgroundProperty">
      <summary>Bezeichnet die <see cref="P:Microsoft.Windows.Themes.ClassicBorderDecorator.Background" />-Abhängigkeitseigenschaft.</summary>
      <returns>Der Bezeichner für die <see cref="P:Microsoft.Windows.Themes.ButtonChrome.Background" />-Abhängigkeitseigenschaft.</returns>
    </member>
    <member name="P:Microsoft.Windows.Themes.ClassicBorderDecorator.BorderBrush">
      <summary>Ruft den Pinsel ab, mit dem der äußere Rahmen des Elements gezeichnet wird, oder legt diesen fest.</summary>
      <returns>Der Pinsel, mit dem der äußere Rahmen des Elements gezeichnet wird.</returns>
    </member>
    <member name="F:Microsoft.Windows.Themes.ClassicBorderDecorator.BorderBrushProperty">
      <summary>Bezeichnet die <see cref="P:Microsoft.Windows.Themes.ClassicBorderDecorator.BorderBrush" />-Abhängigkeitseigenschaft.</summary>
      <returns>Der Bezeichner für die <see cref="P:Microsoft.Windows.Themes.ButtonChrome.BorderBrush" />-Abhängigkeitseigenschaft.</returns>
    </member>
    <member name="P:Microsoft.Windows.Themes.ClassicBorderDecorator.BorderStyle">
      <summary>Ruft den <see cref="T:Microsoft.Windows.Themes.ClassicBorderStyle" /> ab, mit dem der Rahmen des Elements gezeichnet wird, oder legt diesen fest.</summary>
      <returns>Der <see cref="T:Microsoft.Windows.Themes.ClassicBorderStyle" />, mit dem der Rahmen des Elements gezeichnet wird.</returns>
    </member>
    <member name="F:Microsoft.Windows.Themes.ClassicBorderDecorator.BorderStyleProperty">
      <summary>Bezeichnet die <see cref="P:Microsoft.Windows.Themes.ClassicBorderDecorator.BorderStyle" />-Abhängigkeitseigenschaft.</summary>
      <returns>Der Bezeichner für die <see cref="P:Microsoft.Windows.Themes.ClassicBorderDecorator.BorderStyle" />-Abhängigkeitseigenschaft.</returns>
    </member>
    <member name="P:Microsoft.Windows.Themes.ClassicBorderDecorator.BorderThickness">
      <summary>Ruft die Breite des Rahmens ab oder legt diese fest.</summary>
      <returns>Die Breite des Rahmens.</returns>
    </member>
    <member name="F:Microsoft.Windows.Themes.ClassicBorderDecorator.BorderThicknessProperty">
      <summary>Bezeichnet die <see cref="P:Microsoft.Windows.Themes.ClassicBorderDecorator.BorderThickness" />-Abhängigkeitseigenschaft.</summary>
      <returns>Der Bezeichner für die <see cref="P:Microsoft.Windows.Themes.ClassicBorderDecorator.BorderThickness" />-Abhängigkeitseigenschaft.</returns>
    </member>
    <member name="P:Microsoft.Windows.Themes.ClassicBorderDecorator.ClassicBorderBrush">
      <summary>Ruft den Pinsel ab, mit dem der Rahmen gezeichnet wird.</summary>
      <returns>Der Pinsel, mit dem der Rahmen gezeichnet wird.</returns>
    </member>
    <member name="T:Microsoft.Windows.Themes.ClassicBorderStyle">
      <summary>Gibt den Typ der zu zeichnenden <see cref="T:System.Windows.Controls.Border" /> an.</summary>
    </member>
    <member name="F:Microsoft.Windows.Themes.ClassicBorderStyle.AltPressed">
      <summary>Wird für den <see cref="T:System.Windows.Controls.Primitives.Thumb" /> auf einer <see cref="T:System.Windows.Controls.Primitives.ScrollBar" /> im gedrückten Zustand verwendet.</summary>
    </member>
    <member name="F:Microsoft.Windows.Themes.ClassicBorderStyle.AltRaised">
      <summary>Wird für den <see cref="T:System.Windows.Controls.Primitives.Thumb" /> auf einer <see cref="T:System.Windows.Controls.Primitives.ScrollBar" /> im normalen Zustand verwendet.</summary>
    </member>
    <member name="F:Microsoft.Windows.Themes.ClassicBorderStyle.Etched">
      <summary>Wird für <see cref="T:System.Windows.Controls.GroupBox" /> verwendet.</summary>
    </member>
    <member name="F:Microsoft.Windows.Themes.ClassicBorderStyle.HorizontalLine">
      <summary>Wird für den horizontalen <see cref="T:System.Windows.Controls.Separator" /> verwendet.</summary>
    </member>
    <member name="F:Microsoft.Windows.Themes.ClassicBorderStyle.None">
      <summary>Kein Rahmen.</summary>
    </member>
    <member name="F:Microsoft.Windows.Themes.ClassicBorderStyle.RadioButton">
      <summary>Ein <see cref="T:System.Windows.Controls.RadioButton" />-Rahmen.</summary>
    </member>
    <member name="F:Microsoft.Windows.Themes.ClassicBorderStyle.Raised">
      <summary>Wird für <see cref="T:System.Windows.Controls.Button" />-Elemente im normalen Zustand verwendet.</summary>
    </member>
    <member name="F:Microsoft.Windows.Themes.ClassicBorderStyle.RaisedFocused">
      <summary>Wird für <see cref="T:System.Windows.Controls.Button" />-Elemente verwendet, die den Tastaturfokus besitzen oder den Standard-<see cref="T:System.Windows.Controls.Button" /> darstellen.</summary>
    </member>
    <member name="F:Microsoft.Windows.Themes.ClassicBorderStyle.RaisedPressed">
      <summary>Wird für <see cref="T:System.Windows.Controls.Button" />-Elemente im gedrückten Zustand verwendet.</summary>
    </member>
    <member name="F:Microsoft.Windows.Themes.ClassicBorderStyle.Sunken">
      <summary>Wird für <see cref="T:System.Windows.Controls.ListBox" />, <see cref="T:System.Windows.Controls.TextBox" /> und <see cref="T:System.Windows.Controls.CheckBox" /> verwendet.</summary>
    </member>
    <member name="F:Microsoft.Windows.Themes.ClassicBorderStyle.TabBottom">
      <summary>Wird für <see cref="T:System.Windows.Controls.TabItem" /> verwendet.</summary>
    </member>
    <member name="F:Microsoft.Windows.Themes.ClassicBorderStyle.TabLeft">
      <summary>Wird für <see cref="T:System.Windows.Controls.TabItem" /> verwendet.</summary>
    </member>
    <member name="F:Microsoft.Windows.Themes.ClassicBorderStyle.TabRight">
      <summary>Wird für <see cref="T:System.Windows.Controls.TabItem" /> verwendet.</summary>
    </member>
    <member name="F:Microsoft.Windows.Themes.ClassicBorderStyle.TabTop">
      <summary>Wird für <see cref="T:System.Windows.Controls.TabItem" /> verwendet.</summary>
    </member>
    <member name="F:Microsoft.Windows.Themes.ClassicBorderStyle.ThinPressed">
      <summary>Wird für das <see cref="T:System.Windows.Controls.MenuItem" /> der obersten Ebene im gedrückten Zustand verwendet.</summary>
    </member>
    <member name="F:Microsoft.Windows.Themes.ClassicBorderStyle.ThinRaised">
      <summary>Wird für das <see cref="T:System.Windows.Controls.MenuItem" /> der obersten Ebene verwendet, wenn die Maus oder ein anderes Eingabegerät darauf zeigt.</summary>
    </member>
    <member name="F:Microsoft.Windows.Themes.ClassicBorderStyle.VerticalLine">
      <summary>Wird für den vertikalen <see cref="T:System.Windows.Controls.Separator" /> verwendet.</summary>
    </member>
    <member name="T:Microsoft.Windows.Themes.ProgressBarBrushConverter">
      <summary>Erstellt den <see cref="T:System.Windows.Media.Brush" />, mit dem die <see cref="T:System.Windows.Controls.ProgressBar" /> gezeichnet wird.</summary>
    </member>
    <member name="M:Microsoft.Windows.Themes.ProgressBarBrushConverter.#ctor">
      <summary>Initialisiert eine neue Instanz der <see cref="T:Microsoft.Windows.Themes.ProgressBarBrushConverter" />-Klasse.</summary>
    </member>
    <member name="M:Microsoft.Windows.Themes.ProgressBarBrushConverter.Convert(System.Object[],System.Type,System.Object,System.Globalization.CultureInfo)">
      <summary>Erstellt den <see cref="T:System.Windows.Media.DrawingBrush" /> für die <see cref="T:System.Windows.Controls.ProgressBar" />.</summary>
      <returns>Der <see cref="T:System.Windows.Media.DrawingBrush" /> für den <see cref="T:System.Windows.Controls.ProgressBar" />.</returns>
      <param name="values">ForegroundBrush, IsIndeterminate, Indikatorbreite, Indikatorhöhe, Trackbreite Der <see cref="T:System.Windows.Media.Brush" /> für den <see cref="P:System.Windows.Controls.Control.Foreground" /> der <see cref="T:System.Windows.Controls.ProgressBar" />, der boolesche Wert, der angibt, ob die <see cref="P:System.Windows.Controls.ProgressBar.IsIndeterminate" />true ist, der <see cref="T:System.Double" />, der die <see cref="P:System.Windows.FrameworkElement.Width" /> des Indikators definiert und der <see cref="T:System.Double" />, der die <see cref="P:System.Windows.FrameworkElement.Height" /> des Indikators definiert, sowie der <see cref="T:System.Double" /> der die Breite des <see cref="T:System.Windows.Controls.Primitives.Track" /> definiert.</param>
      <param name="targetType">Dieser Parameter wird nicht verwendet.</param>
      <param name="parameter">Dieser Parameter wird nicht verwendet.</param>
      <param name="culture">Dieser Parameter wird nicht verwendet.</param>
    </member>
    <member name="M:Microsoft.Windows.Themes.ProgressBarBrushConverter.ConvertBack(System.Object,System.Type[],System.Object,System.Globalization.CultureInfo)">
      <summary>Nicht implementiert.</summary>
      <returns>null.</returns>
      <param name="value">Dieser Parameter wird nicht verwendet.</param>
      <param name="targetTypes">Dieser Parameter wird nicht verwendet.</param>
      <param name="parameter">Dieser Parameter wird nicht verwendet.</param>
      <param name="culture">Dieser Parameter wird nicht verwendet.</param>
    </member>
  </members>
</doc>