﻿<?xml version="1.0" encoding="utf-8"?>
<doc>
  <assembly>
    <name>PresentationFramework.Aero2</name>
  </assembly>
  <members>
    <member name="P:Microsoft.Windows.Themes.ButtonChrome.Background">
      <summary>Ruft den Pinsel ab, mit dem der Hintergrund des <see cref="T:System.Windows.Controls.Button" /> gefüllt wird, oder legt diesen fest.</summary>
      <returns>Der Pinsel, mit dem der Hintergrund des <see cref="T:System.Windows.Controls.Button" /> ausgefüllt wird.</returns>
    </member>
    <member name="F:Microsoft.Windows.Themes.ButtonChrome.BackgroundProperty">
      <summary>Bezeichnet die <see cref="P:Microsoft.Windows.Themes.ButtonChrome.Background" />-Abhängigkeitseigenschaft.</summary>
      <returns>Der Bezeichner für die <see cref="P:Microsoft.Windows.Themes.ButtonChrome.Background" />-Abhängigkeitseigenschaft.</returns>
    </member>
    <member name="P:Microsoft.Windows.Themes.ButtonChrome.RoundCorners">
      <summary>Ruft einen Wert ab, der angibt, ob der <see cref="T:System.Windows.Controls.Button" /> abgerundete Ecken hat, oder legt diesen Wert fest.</summary>
      <returns>true, wenn der <see cref="T:System.Windows.Controls.Button" /> abgerundete Ecken hat, andernfalls false.</returns>
    </member>
    <member name="F:Microsoft.Windows.Themes.ButtonChrome.RoundCornersProperty">
      <summary>Bezeichnet die <see cref="P:Microsoft.Windows.Themes.ButtonChrome.RoundCorners" />-Abhängigkeitseigenschaft.</summary>
      <returns>Der Bezeichner für die <see cref="P:Microsoft.Windows.Themes.ButtonChrome.RoundCorners" />-Abhängigkeitseigenschaft.</returns>
    </member>
    <member name="T:Microsoft.Windows.Themes.PlatformCulture">
      <summary>Stellt kulturspezifische Informationen bereit, die von den Microsoft .NET Framework-Systemdesigns verwendet werden.</summary>
    </member>
    <member name="P:Microsoft.Windows.Themes.PlatformCulture.FlowDirection">
      <summary>Ruft einen Wert ab, der angibt, ob die primäre Textausrichtung von links nach rechts, von rechts nach links oder von oben nach unten verlaufen soll.</summary>
      <returns>Einer der Enumerationswerte.</returns>
    </member>
    <member name="T:Microsoft.Windows.Themes.ProgressBarHighlightConverter">
      <summary>Erstellt einen <see cref="T:System.Windows.Media.DrawingBrush" />, mit dem die Hervorhebung für die <see cref="T:System.Windows.Controls.ProgressBar" /> gezeichnet wird.</summary>
    </member>
    <member name="M:Microsoft.Windows.Themes.ProgressBarHighlightConverter.#ctor">
      <summary>Initialisiert eine neue Instanz der <see cref="T:Microsoft.Windows.Themes.ProgressBarHighlightConverter" />-Klasse.</summary>
    </member>
    <member name="M:Microsoft.Windows.Themes.ProgressBarHighlightConverter.Convert(System.Object[],System.Type,System.Object,System.Globalization.CultureInfo)">
      <summary>Erstellt den <see cref="T:System.Windows.Media.DrawingBrush" />.</summary>
      <returns>Der erstellte <see cref="T:System.Windows.Media.DrawingBrush" />.</returns>
      <param name="values">Der <see cref="T:System.Windows.Media.Brush" /> der für den <see cref="P:System.Windows.Controls.Control.Foreground" /> der <see cref="T:System.Windows.Controls.ProgressBar" /> verwendet wird, der <see cref="T:System.Double" />, der die <see cref="P:System.Windows.FrameworkElement.Width" /> definiert und der <see cref="T:System.Double" />, der die <see cref="P:System.Windows.FrameworkElement.Height" /> definiert.</param>
      <param name="targetType">Dieser Parameter wird nicht verwendet.</param>
      <param name="parameter">Dieser Parameter wird nicht verwendet.</param>
      <param name="culture">Dieser Parameter wird nicht verwendet.</param>
    </member>
    <member name="M:Microsoft.Windows.Themes.ProgressBarHighlightConverter.ConvertBack(System.Object,System.Type[],System.Object,System.Globalization.CultureInfo)">
      <summary>Nicht implementiert.</summary>
      <returns>null.</returns>
      <param name="value">Dieser Parameter wird nicht verwendet.</param>
      <param name="targetTypes">Dieser Parameter wird nicht verwendet.</param>
      <param name="parameter">Dieser Parameter wird nicht verwendet.</param>
      <param name="culture">Dieser Parameter wird nicht verwendet.</param>
    </member>
    <member name="T:Microsoft.Windows.Themes.ScrollChrome">
      <summary>Erstellt das designspezifische Aussehen für Microsoft .NET Framework-<see cref="T:System.Windows.Controls.Primitives.ScrollBar" />-Elemente.</summary>
    </member>
    <member name="M:Microsoft.Windows.Themes.ScrollChrome.#ctor">
      <summary>Initialisiert eine neue Instanz der <see cref="T:Microsoft.Windows.Themes.ScrollChrome" />-Klasse.</summary>
    </member>
    <member name="M:Microsoft.Windows.Themes.ScrollChrome.GetScrollGlyph(System.Windows.DependencyObject)">
      <summary>Ruft den <see cref="T:Microsoft.Windows.Themes.ScrollGlyph" /> für das angegebene Objekt ab.</summary>
      <returns>Einer der Enumerationswerte.</returns>
      <param name="element">Das Abhängigkeitsobjekt, an das das <see cref="T:Microsoft.Windows.Themes.ScrollGlyph" /> angehängt wird.</param>
    </member>
    <member name="P:Microsoft.Windows.Themes.ScrollChrome.RenderMouseOver">
      <summary>Ruft einen Wert ab, der angibt, ob der <see cref="T:System.Windows.Controls.Primitives.ScrollBar" /> so angezeigt wird, als würde sich der Mauszeiger darüber befinden, oder legt diesen Wert fest.</summary>
      <returns>true, wenn der <see cref="T:System.Windows.Controls.Primitives.ScrollBar" /> so angezeigt wird, als würde sich der Mauszeiger darüber befinden, andernfalls false.</returns>
    </member>
    <member name="F:Microsoft.Windows.Themes.ScrollChrome.RenderMouseOverProperty">
      <summary>Bezeichnet die <see cref="P:Microsoft.Windows.Themes.ScrollChrome.RenderMouseOver" />-Abhängigkeitseigenschaft.</summary>
      <returns>Der Bezeichner für die <see cref="P:Microsoft.Windows.Themes.ScrollChrome.RenderMouseOver" />-Abhängigkeitseigenschaft.</returns>
    </member>
    <member name="P:Microsoft.Windows.Themes.ScrollChrome.RenderPressed">
      <summary>Ruft einen Wert ab, der angibt, ob die <see cref="T:System.Windows.Controls.Primitives.ScrollBar" /> gedrückt dargestellt wird, oder legt diesen fest.</summary>
      <returns>true, wenn der <see cref="T:System.Windows.Controls.Primitives.ScrollBar" /> gedrückt dargestellt wird, andernfalls false.</returns>
    </member>
    <member name="F:Microsoft.Windows.Themes.ScrollChrome.RenderPressedProperty">
      <summary>Bezeichnet die <see cref="P:Microsoft.Windows.Themes.ScrollChrome.RenderPressed" />-Abhängigkeitseigenschaft.</summary>
      <returns>Der Bezeichner für die <see cref="P:Microsoft.Windows.Themes.ScrollChrome.RenderPressed" />-Abhängigkeitseigenschaft.</returns>
    </member>
    <member name="P:Microsoft.Windows.Themes.ScrollChrome.ScrollGlyph">
      <summary>Ruft die Farbe des <see cref="T:Microsoft.Windows.Themes.ScrollGlyph" /> für das <see cref="T:Microsoft.Windows.Themes.ScrollChrome" /> ab oder legt diese fest.</summary>
      <returns>Ein Wert der Enumeration.</returns>
    </member>
    <member name="F:Microsoft.Windows.Themes.ScrollChrome.ScrollGlyphProperty">
      <summary>Bezeichnet die angefügte Eigenschaft<see cref="T:Microsoft.Windows.Themes.ScrollGlyph" />.</summary>
      <returns>Der Bezeichner der angefügten <see cref="T:Microsoft.Windows.Themes.ScrollGlyph" />-Eigenschaft.</returns>
    </member>
    <member name="M:Microsoft.Windows.Themes.ScrollChrome.SetScrollGlyph(System.Windows.DependencyObject,Microsoft.Windows.Themes.ScrollGlyph)">
      <summary>Legt den <see cref="T:Microsoft.Windows.Themes.ScrollGlyph" /> für das angegebene Objekt fest.</summary>
      <param name="element">Das Abhängigkeitsobjekt, an das das <see cref="T:Microsoft.Windows.Themes.ScrollGlyph" /> angehängt wird.</param>
      <param name="value">Einer der Enumerationswerte.</param>
    </member>
    <member name="T:Microsoft.Windows.Themes.ScrollGlyph">
      <summary>Beschreibt die Symbole, mit denen der <see cref="T:System.Windows.Controls.Primitives.Thumb" /> dargestellt wird.</summary>
    </member>
    <member name="F:Microsoft.Windows.Themes.ScrollGlyph.DownArrow">
      <summary>Ein Pfeilsymbol, das nach unten zeigt.</summary>
    </member>
    <member name="F:Microsoft.Windows.Themes.ScrollGlyph.HorizontalGripper">
      <summary>Ein horizontales Ziehpunktsymbol.</summary>
    </member>
    <member name="F:Microsoft.Windows.Themes.ScrollGlyph.LeftArrow">
      <summary>Ein Pfeilsymbol, das nach links zeigt.</summary>
    </member>
    <member name="F:Microsoft.Windows.Themes.ScrollGlyph.None">
      <summary>Es wird kein Symbol verwendet.</summary>
    </member>
    <member name="F:Microsoft.Windows.Themes.ScrollGlyph.RightArrow">
      <summary>Ein Pfeilsymbol, das nach rechts zeigt.</summary>
    </member>
    <member name="F:Microsoft.Windows.Themes.ScrollGlyph.UpArrow">
      <summary>Ein Pfeilsymbol, das nach oben zeigt.</summary>
    </member>
    <member name="F:Microsoft.Windows.Themes.ScrollGlyph.VerticalGripper">
      <summary>Ein vertikales Ziehpunktsymbol.</summary>
    </member>
  </members>
</doc>