﻿<?xml version="1.0" encoding="utf-8"?>
<doc>
  <assembly>
    <name>PresentationFramework.Royale</name>
  </assembly>
  <members>
    <member name="T:Microsoft.Windows.Themes.ButtonChrome">
      <summary>Erstellt das designspezifische Aussehen für Microsoft .NET Framework<see cref="T:System.Windows.Controls.Button" />-Elemente.</summary>
    </member>
    <member name="M:Microsoft.Windows.Themes.ButtonChrome.#ctor">
      <summary>Initialisiert eine neue Instanz der <see cref="T:Microsoft.Windows.Themes.ButtonChrome" />-Klasse.</summary>
    </member>
    <member name="P:Microsoft.Windows.Themes.ButtonChrome.BorderBrush">
      <summary>Ruft den Pinsel ab, mit dem der äußere Rahmen des <see cref="T:System.Windows.Controls.Button" /> gezeichnet wird, oder legt diesen fest.</summary>
      <returns>Der Pinsel, mit dem der äußere Rahmen des <see cref="T:System.Windows.Controls.Button" /> gezeichnet wird.</returns>
    </member>
    <member name="F:Microsoft.Windows.Themes.ButtonChrome.BorderBrushProperty">
      <summary>Bezeichnet die <see cref="P:Microsoft.Windows.Themes.ButtonChrome.BorderBrush" />-Abhängigkeitseigenschaft.</summary>
      <returns>Der Bezeichner für die <see cref="P:Microsoft.Windows.Themes.ButtonChrome.BorderBrush" />-Abhängigkeitseigenschaft.</returns>
    </member>
    <member name="P:Microsoft.Windows.Themes.ButtonChrome.Fill">
      <summary>Ruft den Pinsel ab, mit dem die Farbe innerhalb des <see cref="T:System.Windows.Controls.Button" /> gezeichnet wird, oder legt diesen fest.</summary>
      <returns>Der Pinsel.</returns>
    </member>
    <member name="F:Microsoft.Windows.Themes.ButtonChrome.FillProperty">
      <summary>Bezeichnet die <see cref="P:Microsoft.Windows.Themes.ButtonChrome.Fill" />-Abhängigkeitseigenschaft.</summary>
      <returns>Der Bezeichner für die <see cref="P:Microsoft.Windows.Themes.ButtonChrome.Fill" />-Abhängigkeitseigenschaft.</returns>
    </member>
    <member name="P:Microsoft.Windows.Themes.ButtonChrome.RenderDefaulted">
      <summary>Ruft einen Wert ab, der angibt, ob der <see cref="T:System.Windows.Controls.Button" /> als Standardschaltfläche auf dem Formular dargestellt wird, oder legt diesen Wert fest.</summary>
      <returns>true, wenn der <see cref="T:System.Windows.Controls.Button" /> als Standardschaltfläche dargestellt wird, andernfalls false.</returns>
    </member>
    <member name="F:Microsoft.Windows.Themes.ButtonChrome.RenderDefaultedProperty">
      <summary>Bezeichnet die <see cref="P:Microsoft.Windows.Themes.ButtonChrome.RenderDefaulted" />-Abhängigkeitseigenschaft.</summary>
      <returns>Der Bezeichner für die <see cref="P:Microsoft.Windows.Themes.ButtonChrome.RenderDefaulted" />-Abhängigkeitseigenschaft.</returns>
    </member>
    <member name="P:Microsoft.Windows.Themes.ButtonChrome.RenderMouseOver">
      <summary>Ruft einen Wert ab, der angibt, ob der <see cref="T:System.Windows.Controls.Button" /> so angezeigt wird, als würde sich der Mauszeiger darüber befinden, oder legt diesen Wert fest.</summary>
      <returns>true, wenn der <see cref="T:System.Windows.Controls.Button" /> so angezeigt wird, als würde sich der Mauszeiger darüber befinden, andernfalls false.</returns>
    </member>
    <member name="F:Microsoft.Windows.Themes.ButtonChrome.RenderMouseOverProperty">
      <summary>Bezeichnet die <see cref="P:Microsoft.Windows.Themes.ButtonChrome.RenderMouseOver" />-Abhängigkeitseigenschaft.</summary>
      <returns>Der Bezeichner für die <see cref="P:Microsoft.Windows.Themes.ButtonChrome.RenderMouseOver" />-Abhängigkeitseigenschaft.</returns>
    </member>
    <member name="P:Microsoft.Windows.Themes.ButtonChrome.RenderPressed">
      <summary>Ruft einen Wert ab, der angibt, ob der <see cref="T:System.Windows.Controls.Button" /> gedrückt dargestellt wird, oder legt diesen fest.</summary>
      <returns>true, wenn der <see cref="T:System.Windows.Controls.Button" /> gedrückt dargestellt wird, andernfalls false.</returns>
    </member>
    <member name="F:Microsoft.Windows.Themes.ButtonChrome.RenderPressedProperty">
      <summary>Bezeichnet die <see cref="P:Microsoft.Windows.Themes.ButtonChrome.RenderPressed" />-Abhängigkeitseigenschaft.</summary>
      <returns>Der Bezeichner für die <see cref="P:Microsoft.Windows.Themes.ButtonChrome.RenderPressed" />-Abhängigkeitseigenschaft.</returns>
    </member>
  </members>
</doc>