﻿<?xml version="1.0" encoding="utf-8"?>
<doc>
  <assembly>
    <name>PresentationFramework.Aero</name>
  </assembly>
  <members>
    <member name="T:Microsoft.Windows.Themes.ListBoxChrome">
      <summary>Erstellt das designspezifische Aussehen für Microsoft .NET Framework-<see cref="T:System.Windows.Controls.ListBox" />-Elemente.</summary>
    </member>
    <member name="M:Microsoft.Windows.Themes.ListBoxChrome.#ctor">
      <summary>Initialisiert eine neue Instanz der <see cref="T:Microsoft.Windows.Themes.ListBoxChrome" />-Klasse.</summary>
    </member>
    <member name="P:Microsoft.Windows.Themes.ListBoxChrome.Background">
      <summary>Ruft den Pinsel ab, mit dem der Hintergrund des <see cref="T:System.Windows.Controls.ListBox" /> gefüllt wird, oder legt diesen fest.</summary>
      <returns>Der Pinsel, mit dem der Hintergrund des <see cref="T:System.Windows.Controls.ListBox" /> ausgefüllt wird.</returns>
    </member>
    <member name="F:Microsoft.Windows.Themes.ListBoxChrome.BackgroundProperty">
      <summary>Bezeichnet die <see cref="P:Microsoft.Windows.Themes.ListBoxChrome.Background" />-Abhängigkeitseigenschaft.</summary>
      <returns>Der Bezeichner für die <see cref="P:Microsoft.Windows.Themes.ListBoxChrome.Background" />-Abhängigkeitseigenschaft.</returns>
    </member>
    <member name="P:Microsoft.Windows.Themes.ListBoxChrome.BorderBrush">
      <summary>Ruft den Pinsel ab, mit dem der äußere Rahmen des <see cref="T:System.Windows.Controls.ListBox" /> gezeichnet wird, oder legt diesen fest.</summary>
      <returns>Der Pinsel, mit dem der äußere Rahmen des <see cref="T:System.Windows.Controls.ListBox" /> gezeichnet wird.</returns>
    </member>
    <member name="F:Microsoft.Windows.Themes.ListBoxChrome.BorderBrushProperty">
      <summary>Bezeichnet die <see cref="P:Microsoft.Windows.Themes.ListBoxChrome.BorderBrush" />-Abhängigkeitseigenschaft.</summary>
      <returns>Der Bezeichner für die <see cref="P:Microsoft.Windows.Themes.ListBoxChrome.BorderBrush" />-Abhängigkeitseigenschaft.</returns>
    </member>
    <member name="P:Microsoft.Windows.Themes.ListBoxChrome.BorderThickness">
      <summary>Ruft die Rahmenbreite der <see cref="T:System.Windows.Controls.ListBox" /> ab oder legt diese fest.</summary>
      <returns>Die Breite des Rahmens.</returns>
    </member>
    <member name="F:Microsoft.Windows.Themes.ListBoxChrome.BorderThicknessProperty">
      <summary>Bezeichnet die <see cref="P:Microsoft.Windows.Themes.ListBoxChrome.BorderThickness" />-Abhängigkeitseigenschaft.</summary>
      <returns>Der Bezeichner für die <see cref="P:Microsoft.Windows.Themes.ListBoxChrome.BorderThickness" />-Abhängigkeitseigenschaft.</returns>
    </member>
    <member name="P:Microsoft.Windows.Themes.ListBoxChrome.RenderFocused">
      <summary>Ruft einen Wert ab, der angibt, ob die <see cref="T:System.Windows.Controls.ListBox" /> so dargestellt wird, als hätte sie den Tastaturfokus, oder legt diesen Wert fest.</summary>
      <returns>true, wenn die <see cref="T:System.Windows.Controls.ListBox" /> so dargestellt wird, als hätte sie den Tastaturfokus, andernfalls false.</returns>
    </member>
    <member name="F:Microsoft.Windows.Themes.ListBoxChrome.RenderFocusedProperty">
      <summary>Bezeichnet die <see cref="P:Microsoft.Windows.Themes.ListBoxChrome.RenderFocused" />-Abhängigkeitseigenschaft.</summary>
      <returns>Der Bezeichner für die <see cref="P:Microsoft.Windows.Themes.ListBoxChrome.RenderFocused" />-Abhängigkeitseigenschaft.</returns>
    </member>
    <member name="P:Microsoft.Windows.Themes.ListBoxChrome.RenderMouseOver">
      <summary>Ruft einen Wert ab, der angibt, ob die <see cref="T:System.Windows.Controls.ListBox" /> so angezeigt wird, als würde sich der Mauszeiger darüber befinden, oder legt diesen Wert fest.</summary>
      <returns>true, wenn der <see cref="T:System.Windows.Controls.ListBox" /> so angezeigt wird, als würde sich der Mauszeiger darüber befinden, andernfalls false.</returns>
    </member>
    <member name="F:Microsoft.Windows.Themes.ListBoxChrome.RenderMouseOverProperty">
      <summary>Bezeichnet die <see cref="P:Microsoft.Windows.Themes.ListBoxChrome.RenderMouseOver" />-Abhängigkeitseigenschaft.</summary>
      <returns>Der Bezeichner für die <see cref="P:Microsoft.Windows.Themes.ListBoxChrome.RenderMouseOver" />-Abhängigkeitseigenschaft.</returns>
    </member>
  </members>
</doc>