﻿<?xml version="1.0" encoding="utf-8"?>
<doc>
  <assembly>
    <name>System.ServiceModel.Activation</name>
  </assembly>
  <members>
    <member name="T:System.ServiceModel.ServiceHostingEnvironment">
      <summary>Stellt Informationen über die aktuelle Hostumgebung bereit, in der Windows Communication Foundation (WCF)-Dienste ausgeführt werden.</summary>
    </member>
    <member name="P:System.ServiceModel.ServiceHostingEnvironment.AspNetCompatibilityEnabled">
      <summary>Ruft einen Wert ab, der angibt, ob dieser Dienst im Kontext der HTTP-Anwendungspipeline von ASP.NET ausgeführt wird.</summary>
      <returns>true, wenn ASP.NET-Kompatibilität für die aktuelle Anwendungsdomäne aktiviert ist, andernfalls false. Die Standardeinstellung ist false.</returns>
    </member>
    <member name="M:System.ServiceModel.ServiceHostingEnvironment.EnsureInitialized">
      <summary>Initialisiert den Dienst, wenn er noch nicht initialisiert wurde.</summary>
    </member>
    <member name="M:System.ServiceModel.ServiceHostingEnvironment.EnsureServiceAvailable(System.String)">
      <summary>Stellt sicher, dass ein Dienst im bereitgestellten virtuellen Pfad aktiviert wird.</summary>
      <param name="virtualPath">Der virtuelle Pfad zum Dienst.</param>
      <exception cref="T:System.ServiceModel.EndpointNotFoundException">Ein Dienst in einem angegebenen virtuellen Pfad kann nicht gefunden werden.</exception>
      <exception cref="T:System.ServiceModel.ServiceActivationException">Der Dienst kann nicht aktiviert werden.</exception>
      <exception cref="T:System.InvalidOperationException">Der Dienst wird in der gehosteten Umgebung nicht ausgeführt.</exception>
      <exception cref="T:System.ArgumentNullException">
        <paramref name="virtualPath" /> ist null.</exception>
      <exception cref="T:System.ArgumentException">
        <paramref name="virtualPath" /> ist ein absoluter URI oder nicht gültig.</exception>
    </member>
    <member name="P:System.ServiceModel.ServiceHostingEnvironment.MultipleSiteBindingsEnabled">
      <summary>Ruft einen Wert ab oder legt einen Wert fest, der angibt, ob beim Diensthost mehrere Sitebindungen zulässig sind.</summary>
      <returns>true, wenn mehrere Sitebindungen aktiviert sind, andernfalls false.</returns>
    </member>
    <member name="T:System.ServiceModel.Activation.HostedTransportConfiguration">
      <summary>Ermöglicht die transportspezifische Konfiguration von Transportimplementierungen, die in Windows Process Activation Service (WAS) gehostet werden.</summary>
    </member>
    <member name="M:System.ServiceModel.Activation.HostedTransportConfiguration.#ctor">
      <summary>Initialisiert eine neue Instanz der <see cref="T:System.ServiceModel.Activation.HostedTransportConfiguration" />-Klasse.</summary>
    </member>
    <member name="M:System.ServiceModel.Activation.HostedTransportConfiguration.GetBaseAddresses(System.String)">
      <summary>Ruft beim Überschreiben in einer abgeleiteten Klasse die Basisadresse des Hosts ab.</summary>
      <returns>Der <see cref="T:System.Uri" />, der die Basisadresse des Hosts enthält.</returns>
      <param name="virtualPath">Der virtuelle Pfad zum Dienst.</param>
    </member>
    <member name="T:System.ServiceModel.Activation.ServiceActivationBuildProviderAttribute">
      <summary>Gibt an, welcher Buildanbieter für Server-XAML (.xamlx)-Dokumente verwendet wird.</summary>
    </member>
    <member name="M:System.ServiceModel.Activation.ServiceActivationBuildProviderAttribute.#ctor">
      <summary>Initialisiert eine neue Instanz der <see cref="T:System.ServiceModel.Activation.ServiceActivationBuildProviderAttribute" />-Klasse.</summary>
    </member>
    <member name="T:System.ServiceModel.Activation.ServiceBuildProvider">
      <summary>Definiert Eigenschaften und Methoden zum Generieren von Quellcode in der ASP.NET-Buildumgebung. Diese Klasse ist die Windows Communication Foundation (WCF)-Implementierung von <see cref="T:System.Web.Compilation.BuildProvider" />.</summary>
    </member>
    <member name="M:System.ServiceModel.Activation.ServiceBuildProvider.#ctor">
      <summary>Initialisiert eine neue Instanz der <see cref="T:System.ServiceModel.Activation.ServiceBuildProvider" />-Klasse.</summary>
    </member>
    <member name="P:System.ServiceModel.Activation.ServiceBuildProvider.CodeCompilerType">
      <summary>Stellt den Compilertyp dar, der vom Buildanbieter zum Generieren von Quellcode für einen benutzerdefinierten Dateityp verwendet wird.</summary>
      <returns>Ein schreibgeschützter Compilertyp, der den Codegenerator, den Codecompiler sowie Compilereinstellungen darstellt, die zum Erstellen von Quellcode für den virtuellen Pfad verwendet werden.</returns>
    </member>
    <member name="M:System.ServiceModel.Activation.ServiceBuildProvider.GenerateCode(System.Web.Compilation.AssemblyBuilder)">
      <summary>Generiert Quellcode für den virtuellen Pfad des Buildanbieters und fügt den Quellcode einem bestimmten Assembly-Generator hinzu.</summary>
      <param name="assemblyBuilder">Der Assembly-Generator, der auf den vom Buildanbieter generierten Quellcode verweist.</param>
    </member>
    <member name="M:System.ServiceModel.Activation.ServiceBuildProvider.GetCustomString(System.CodeDom.Compiler.CompilerResults)">
      <summary>Generiert eine Zeichenfolge, die in der kompilierten Assembly beibehalten werden muss.</summary>
      <returns>Eine Zeichenfolge, die in der Erstellungsumgebung beibehalten werden soll.</returns>
      <param name="results">Die Kompilierung erfolgt für den virtuellen Pfad des Buildanbieters.</param>
    </member>
    <member name="M:System.ServiceModel.Activation.ServiceBuildProvider.GetResultFlags(System.CodeDom.Compiler.CompilerResults)">
      <summary>Gibt einen Wert zurück, der Aktionen angibt, die erforderlich sind, wenn ein virtueller Pfad erstellt wird.</summary>
      <returns>Die Aktionen, die erforderlich sind, nachdem der virtuelle Pfad innerhalb der ASP.NET-Erstellungsumgebung erstellt wurde.</returns>
      <param name="results">Die Kompilierung erfolgt für den virtuellen Pfad des Buildanbieters.</param>
    </member>
    <member name="P:System.ServiceModel.Activation.ServiceBuildProvider.VirtualPathDependencies">
      <summary>Stellt eine Auflistung von virtuellen Pfaden dar, die erstellt werden muss, bevor der Buildanbieter Code generiert.</summary>
      <returns>Die virtuellen Pfade, auf denen diese Instanz des Buildanbieters abhängig ist.</returns>
    </member>
    <member name="T:System.ServiceModel.Activation.ServiceHostFactory">
      <summary>Factory, von der Instanzen von <see cref="T:System.ServiceModel.ServiceHost" /> in verwalteten Hostumgebungen bereitgestellt werden. Die Hostinstanz wird hierbei dynamisch gemäß den eingehenden Nachrichten erstellt.</summary>
    </member>
    <member name="M:System.ServiceModel.Activation.ServiceHostFactory.#ctor">
      <summary>Initialisiert eine neue Instanz der <see cref="T:System.ServiceModel.Activation.ServiceHostFactory" />-Klasse.</summary>
    </member>
    <member name="M:System.ServiceModel.Activation.ServiceHostFactory.CreateServiceHost(System.String,System.Uri[])">
      <summary>Erstellt einen <see cref="T:System.ServiceModel.ServiceHost" /> mit bestimmten Basisadressen und initialisiert diesen mit angegebenen Daten.</summary>
      <returns>Ein <see cref="T:System.ServiceModel.ServiceHost" /> mit bestimmten Basisadressen.</returns>
      <param name="constructorString">Die Initialisierungsdaten, die an die von der Factory erstellte <see cref="T:System.ServiceModel.ServiceHostBase" />-Instanz übergeben werden.</param>
      <param name="baseAddresses">Das <see cref="T:System.Array" /> vom Typ <see cref="T:System.Uri" />, das die Basisadressen für den gehosteten Dienst enthält.</param>
      <exception cref="T:System.ArgumentNullException">
        <paramref name="baseAddress" /> ist null.</exception>
      <exception cref="T:System.InvalidOperationException">Es gibt keinen bereitgestellten Hostingkontext, oder <paramref name="constructorString" /> ist null oder leer.</exception>
    </member>
    <member name="M:System.ServiceModel.Activation.ServiceHostFactory.CreateServiceHost(System.Type,System.Uri[])">
      <summary>Erstellt einen <see cref="T:System.ServiceModel.ServiceHost" /> für einen angegebenen Diensttyp mit einer bestimmten Basisadresse.</summary>
      <returns>Ein <see cref="T:System.ServiceModel.ServiceHost" /> für den mit einer bestimmten Basisadresse angegebenen Diensttyp.</returns>
      <param name="serviceType">Gibt den Typ des zu hostenden Diensts an.</param>
      <param name="baseAddresses">Das <see cref="T:System.Array" /> vom Typ <see cref="T:System.Uri" />, das die Basisadressen für den gehosteten Dienst enthält.</param>
    </member>
    <member name="T:System.ServiceModel.Activation.ServiceRoute">
      <summary>Ermöglicht die Erstellung von Dienstrouten über HTTP für WCF-Dienste mit Unterstützung für erweiterungslose Basisadressen.</summary>
    </member>
    <member name="M:System.ServiceModel.Activation.ServiceRoute.#ctor(System.String,System.ServiceModel.Activation.ServiceHostFactoryBase,System.Type)">
      <summary>Initialisiert eine neue Instanz der <see cref="T:System.ServiceModel.Activation.ServiceRoute" />-Klasse mit dem angegebenen Routenpräfix, Diensthostfactory und Diensttyp.</summary>
      <param name="routePrefix">Das Routenpräfix.</param>
      <param name="serviceHostFactory">Eine Instanz der <see cref="T:System.ServiceModel.Activation.ServiceHostFactory" />-Klasse.</param>
      <param name="serviceType">Der Diensttyp.</param>
    </member>
    <member name="T:System.ServiceModel.Activities.Activation.WorkflowServiceHostFactory">
      <summary>Eine Factory, von der Instanzen von <see cref="T:System.ServiceModel.Activities.WorkflowServiceHost" /> in verwalteten Hostumgebungen bereitgestellt werden. Die Hostinstanz wird hierbei dynamisch gemäß den eingehenden Nachrichten erstellt.</summary>
    </member>
    <member name="M:System.ServiceModel.Activities.Activation.WorkflowServiceHostFactory.#ctor">
      <summary>Initialisiert eine neue Instanz der <see cref="T:System.ServiceModel.Activities.Activation.WorkflowServiceHostFactory" />-Klasse.</summary>
    </member>
    <member name="M:System.ServiceModel.Activities.Activation.WorkflowServiceHostFactory.CreateServiceHost(System.String,System.Uri[])">
      <summary>Erstellt einen neuen Diensthost.</summary>
      <returns>Eine Diensthost-Basisinstanz.</returns>
      <param name="constructorString">Der Name der XAML-Datei, von der der Workflowdienst oder der Diensttyp definiert wird.</param>
      <param name="baseAddresses">Eine Liste mit Adressen, die als Bezugspunkt für andere Adressen dient.</param>
    </member>
    <member name="M:System.ServiceModel.Activities.Activation.WorkflowServiceHostFactory.CreateWorkflowServiceHost(System.Activities.Activity,System.Uri[])">
      <summary>Erstellt eine neue Instanz der Klasse <see cref="T:System.ServiceModel.Activities.WorkflowServiceHost" /> mithilfe der angegebenen <see cref="T:System.Activities.Activity" /> und der angegebenen Basisadressen.</summary>
      <returns>Eine Workflowdienst-Hostinstanz.</returns>
      <param name="activity">Die Workflowdefinition.</param>
      <param name="baseAddresses">Eine Liste mit Adressen, die als Bezugspunkt für andere Adressen dient.</param>
    </member>
    <member name="M:System.ServiceModel.Activities.Activation.WorkflowServiceHostFactory.CreateWorkflowServiceHost(System.ServiceModel.Activities.WorkflowService,System.Uri[])">
      <summary>Erstellt eine neue Instanz der Klasse <see cref="T:System.ServiceModel.Activities.WorkflowServiceHost" /> mithilfe der angegebenen <see cref="T:System.ServiceModel.Activities.WorkflowService" /> und der angegebenen Basisadressen.</summary>
      <returns>Eine Workflowdienst-Hostinstanz.</returns>
      <param name="service">Der Workflowdienst, der zum Host wird.</param>
      <param name="baseAddresses">Eine Liste mit Adressen, die als Bezugspunkt für andere Adressen dient.</param>
    </member>
  </members>
</doc>