﻿<?xml version="1.0" encoding="utf-8"?>
<doc>
  <assembly>
    <name>System.Runtime.Caching</name>
  </assembly>
  <members>
    <member name="T:System.Runtime.Caching.CacheEntryChangeMonitor">
      <summary>Stellt eine Basisklasse bereit, die einen <see cref="T:System.Runtime.Caching.ChangeMonitor" />-Typ darstellt, der zum Überwachen von Änderungen an Cacheeinträgen implementiert werden kann.</summary>
    </member>
    <member name="M:System.Runtime.Caching.CacheEntryChangeMonitor.#ctor">
      <summary>Initialisiert eine neue Instanz der <see cref="T:System.Runtime.Caching.CacheEntryChangeMonitor" />-Klasse. Dieser Konstruktor wird von Konstruktoren in abgeleiteten Klassen aufgerufen, um die Basisklasse zu initialisieren.</summary>
    </member>
    <member name="P:System.Runtime.Caching.CacheEntryChangeMonitor.CacheKeys">
      <summary>Ruft eine Auflistung von Cacheschlüsseln ab, die auf Änderungen überwacht werden.</summary>
      <returns>Eine Auflistung von Cacheschlüsseln.</returns>
    </member>
    <member name="P:System.Runtime.Caching.CacheEntryChangeMonitor.LastModified">
      <summary>Ruft einen Wert ab, der den Zeitpunkt der letzten Änderung des überwachten Cacheeintrags angibt (in UTC-Zeit).</summary>
      <returns>Die verstrichene Zeit.</returns>
    </member>
    <member name="P:System.Runtime.Caching.CacheEntryChangeMonitor.RegionName">
      <summary>Ruft den Namen eines Bereichs des Caches ab.</summary>
      <returns>Der Name eines Bereichs im Cache.</returns>
    </member>
    <member name="T:System.Runtime.Caching.CacheEntryRemovedArguments">
      <summary>Stellt Informationen zu einem Cacheeintrag bereit, der aus dem Cache entfernt wurde.</summary>
    </member>
    <member name="M:System.Runtime.Caching.CacheEntryRemovedArguments.#ctor(System.Runtime.Caching.ObjectCache,System.Runtime.Caching.CacheEntryRemovedReason,System.Runtime.Caching.CacheItem)">
      <summary>Initialisiert eine neue Instanz der <see cref="T:System.Runtime.Caching.CacheEntryRemovedArguments" />-Klasse.</summary>
      <param name="source">Die <see cref="T:System.Runtime.Caching.ObjectCache" />-Instanz, aus der <paramref name="cacheItem" /> entfernt wurde.</param>
      <param name="reason">Einer der Enumerationswerte, die angeben, weshalb <paramref name="cacheItem" /> entfernt wurde.</param>
      <param name="cacheItem">Eine Instanz des zwischengespeicherten Eintrags, der entfernt wurde.</param>
      <exception cref="T:System.ArgumentNullException">
        <paramref name="source" /> ist null.  -oder- <paramref name="cacheItem" /> ist null.</exception>
    </member>
    <member name="P:System.Runtime.Caching.CacheEntryRemovedArguments.CacheItem">
      <summary>Ruft eine Instanz eines Cacheeintrags ab, der aus dem Cache entfernt wurde.</summary>
      <returns>Eine Instanz der <see cref="T:System.Runtime.Caching.CacheItem" />-Klasse, die aus dem Cache entfernt wurde.</returns>
    </member>
    <member name="P:System.Runtime.Caching.CacheEntryRemovedArguments.RemovedReason">
      <summary>Ruft einen Wert ab, der angibt, weshalb ein Cacheeintrag entfernt wurde.</summary>
      <returns>Einer der Enumerationswerte, die angeben, weshalb der Eintrag entfernt wurde.</returns>
    </member>
    <member name="P:System.Runtime.Caching.CacheEntryRemovedArguments.Source">
      <summary>Ruft einen Verweis auf die <see cref="T:System.Runtime.Caching.ObjectCache" />-Quellinstanz ab, die den entfernten Cacheeintrag ursprünglich enthalten hat.</summary>
      <returns>Ein Verweis auf den Cache, der den entfernten Cacheeintrag ursprünglich enthalten hat.</returns>
    </member>
    <member name="T:System.Runtime.Caching.CacheEntryRemovedCallback">
      <summary>Definiert einen Verweis auf eine Methode, die aufgerufen wird, nachdem ein Cacheeintrag aus dem Cache entfernt wurde.</summary>
      <param name="arguments">Die Informationen zu dem aus dem Cache entfernten Cacheeintrag.</param>
    </member>
    <member name="T:System.Runtime.Caching.CacheEntryRemovedReason">
      <summary>Gibt den Grund an, weshalb ein Cacheeintrag entfernt wurde oder entfernt werden soll.</summary>
    </member>
    <member name="F:System.Runtime.Caching.CacheEntryRemovedReason.CacheSpecificEviction">
      <summary>Ein Cacheeintrag wurde aus einem von einer bestimmten Cacheimplementierung definierten Grund entfernt.</summary>
    </member>
    <member name="F:System.Runtime.Caching.CacheEntryRemovedReason.ChangeMonitorChanged">
      <summary>Ein Cacheeintrag wurde entfernt, weil eine verwandte Abhängigkeit (z. B. eine Datei oder ein anderer Cacheeintrag) die Entfernung des Cacheeintrags ausgelöst hat.</summary>
    </member>
    <member name="F:System.Runtime.Caching.CacheEntryRemovedReason.Evicted">
      <summary>Ein Cacheeintrag wurde entfernt, um im Cache Speicherplatz freizugeben. Dies tritt auf, wenn sich eine Cacheinstanz cachespezifischen Arbeitsspeicherlimits nähert oder wenn sich ein Prozess oder eine Cacheinstanz computerweiten Arbeitsspeicherlimits nähert.</summary>
    </member>
    <member name="F:System.Runtime.Caching.CacheEntryRemovedReason.Expired">
      <summary>Ein Cacheeintrag wurde entfernt, weil er abgelaufen ist. Der Ablauf kann auf einer absoluten Zeit oder einer gleitende Ablaufzeit basieren.</summary>
    </member>
    <member name="F:System.Runtime.Caching.CacheEntryRemovedReason.Removed">
      <summary>Ein Cacheeintrag wurde mit der <see cref="M:System.Runtime.Caching.ObjectCache.Remove(System.String,System.String)" />-Methode oder <see cref="M:System.Runtime.Caching.ObjectCache.Set(System.String,System.Object,System.DateTimeOffset,System.String)" />-Methode entfernt.</summary>
    </member>
    <member name="T:System.Runtime.Caching.CacheEntryUpdateArguments">
      <summary>Stellt Informationen zu einem Cacheeintrag bereit, der aus dem Cache entfernt wird.</summary>
    </member>
    <member name="M:System.Runtime.Caching.CacheEntryUpdateArguments.#ctor(System.Runtime.Caching.ObjectCache,System.Runtime.Caching.CacheEntryRemovedReason,System.String,System.String)">
      <summary>Initialisiert eine neue Instanz der <see cref="T:System.Runtime.Caching.CacheEntryUpdateArguments" />-Klasse.</summary>
      <param name="source">Die <see cref="T:System.Runtime.Caching.ObjectCache" />-Instanz, aus der der von <paramref name="key" /> referenzierte Cacheeintrag entfernt wird.</param>
      <param name="reason">Einer der Enumerationswerte, die angeben, weshalb der Cacheeintrag entfernt wird.</param>
      <param name="key">Der Schlüssel für den Cacheeintrag, der entfernt wird.</param>
      <param name="regionName">Der Name des Bereichs im Cache, aus dem der Cacheeintrag entfernt wird. Dieser Parameter ist optional. Wenn keine Cachebereiche definiert werden, muss <paramref name="regionName" /> den Wert null aufweisen.</param>
      <exception cref="T:System.ArgumentNullException">
        <paramref name="source" /> ist null.</exception>
      <exception cref="T:System.ArgumentNullException">
        <paramref name="key" /> ist null.</exception>
    </member>
    <member name="P:System.Runtime.Caching.CacheEntryUpdateArguments.Key">
      <summary>Ruft den eindeutigen Bezeichner für einen Cacheeintrag ab, der entfernt werden soll.</summary>
      <returns>Der eindeutige Bezeichner für den Cacheeintrag.</returns>
    </member>
    <member name="P:System.Runtime.Caching.CacheEntryUpdateArguments.RegionName">
      <summary>Ruft den Namen eines Bereichs im Cache ab, der einen Cacheeintrag enthält.</summary>
      <returns>Der Name eines Bereichs im Cache. Wenn keine Bereiche verwendet werden, ist dieser Wert null.</returns>
    </member>
    <member name="P:System.Runtime.Caching.CacheEntryUpdateArguments.RemovedReason">
      <summary>Ruft den Grund ab, weshalb ein Cacheeintrag aus dem Cache entfernt werden soll.</summary>
      <returns>Einer der Enumerationswerte, die beschreiben, weshalb ein Cacheeintrag entfernt wird.</returns>
    </member>
    <member name="P:System.Runtime.Caching.CacheEntryUpdateArguments.Source">
      <summary>Ruft einen Verweis auf die <see cref="T:System.Runtime.Caching.ObjectCache" />-Instanz ab, die einen zu entfernenden Cacheeintrag enthält.</summary>
      <returns>Ein Verweis auf die Cacheinstanz.</returns>
    </member>
    <member name="P:System.Runtime.Caching.CacheEntryUpdateArguments.UpdatedCacheItem">
      <summary>Ruft den Wert des <see cref="T:System.Runtime.Caching.CacheItem" />-Eintrags ab, mit dem das Cacheobjekt aktualisiert wird, oder legt diesen fest.</summary>
      <returns>Der Cacheeintrag, der im Cacheobjekt aktualisiert werden soll. Der Standardwert ist null.</returns>
    </member>
    <member name="P:System.Runtime.Caching.CacheEntryUpdateArguments.UpdatedCacheItemPolicy">
      <summary>Ruft die Cachelöschungs- oder Ablaufrichtlinie für den <see cref="T:System.Runtime.Caching.CacheItem" />-Eintrag ab, der aktualisiert wird, oder legt diese fest.</summary>
      <returns>Die Cachelöschungs- oder Ablaufrichtlinie für das Cacheelement, das aktualisiert wurde. Der Standardwert ist null.</returns>
    </member>
    <member name="T:System.Runtime.Caching.CacheEntryUpdateCallback">
      <summary>Definiert einen Verweis auf eine Methode, die aufgerufen wird, wenn ein Cacheeintrag aus dem Cache entfernt werden soll.</summary>
      <param name="arguments">Die Informationen zum Eintrag, der aus dem Cache entfernt werden soll.</param>
    </member>
    <member name="T:System.Runtime.Caching.CacheItem">
      <summary>Stellt einen individuellen Cacheeintrag im Cache dar.</summary>
    </member>
    <member name="M:System.Runtime.Caching.CacheItem.#ctor(System.String)">
      <summary>Initialisiert eine neue <see cref="T:System.Runtime.Caching.CacheItem" />-Instanz unter Verwendung des angegebenen Schlüssels eines Cacheeintrags.</summary>
      <param name="key">Ein eindeutiger Bezeichner für einen <see cref="T:System.Runtime.Caching.CacheItem" />-Eintrag.</param>
    </member>
    <member name="M:System.Runtime.Caching.CacheItem.#ctor(System.String,System.Object)">
      <summary>Initialisiert eine neue <see cref="T:System.Runtime.Caching.CacheItem" />-Instanz unter Verwendung des angegebenen Schlüssels und Werts des Cacheeintrags.</summary>
      <param name="key">Ein eindeutiger Bezeichner für einen <see cref="T:System.Runtime.Caching.CacheItem" />-Eintrag.</param>
      <param name="value">Die Daten für einen <see cref="T:System.Runtime.Caching.CacheItem" />-Eintrag.</param>
    </member>
    <member name="M:System.Runtime.Caching.CacheItem.#ctor(System.String,System.Object,System.String)">
      <summary>Initialisiert eine neue <see cref="T:System.Runtime.Caching.CacheItem" />-Instanz unter Verwendung des angegebenen Schlüssels, Werts und Bereichs des Cacheeintrags.</summary>
      <param name="key">Ein eindeutiger Bezeichner für einen <see cref="T:System.Runtime.Caching.CacheItem" />-Eintrag.</param>
      <param name="value">Die Daten für einen <see cref="T:System.Runtime.Caching.CacheItem" />-Eintrag.</param>
      <param name="regionName">Der Name eines Bereichs im Cache, der den <see cref="T:System.Runtime.Caching.CacheItem" />-Eintrag enthält.</param>
    </member>
    <member name="P:System.Runtime.Caching.CacheItem.Key">
      <summary>Ruft einen eindeutigen Bezeichner für eine <see cref="T:System.Runtime.Caching.CacheItem" />-Instanz ab oder legt ihn fest.</summary>
      <returns>Der Bezeichner für eine <see cref="T:System.Runtime.Caching.CacheItem" />-Instanz.</returns>
    </member>
    <member name="P:System.Runtime.Caching.CacheItem.RegionName">
      <summary>Ruft den Namen eines Bereichs im Cache ab, der einen <see cref="T:System.Runtime.Caching.CacheItem" />-Eintrag enthält, oder legt diesen fest.</summary>
      <returns>Der Name eines Bereichs in einem Cache. Der Standardwert ist null.</returns>
    </member>
    <member name="P:System.Runtime.Caching.CacheItem.Value">
      <summary>Ruft die Daten für eine <see cref="T:System.Runtime.Caching.CacheItem" />-Instanz ab oder legt diese fest.</summary>
      <returns>Die Daten für eine <see cref="T:System.Runtime.Caching.CacheItem" />-Instanz. Der Standardwert ist null.</returns>
    </member>
    <member name="T:System.Runtime.Caching.CacheItemPolicy">
      <summary>Stellt einen Satz von Lösch- und Ablaufinformationen für einen bestimmten Cacheeintrag dar.</summary>
    </member>
    <member name="M:System.Runtime.Caching.CacheItemPolicy.#ctor">
      <summary>Initialisiert eine neue Instanz der <see cref="T:System.Runtime.Caching.CacheItemPolicy" />-Klasse.</summary>
    </member>
    <member name="P:System.Runtime.Caching.CacheItemPolicy.AbsoluteExpiration">
      <summary>Ruft einen Wert ab, der angibt, ob ein Cacheeintrag nach einem angegebenen Zeitraum entfernt werden soll, oder legt ihn fest.</summary>
      <returns>Die Zeit, die verstreichen muss, bevor ein Cacheeintrag entfernt wird. Der Standardwert lautet <see cref="F:System.Runtime.Caching.ObjectCache.InfiniteAbsoluteExpiration" />, d. h. der Eintrag läuft nicht ab.</returns>
    </member>
    <member name="P:System.Runtime.Caching.CacheItemPolicy.ChangeMonitors">
      <summary>Ruft eine Auflistung von <see cref="T:System.Runtime.Caching.ChangeMonitor" />-Objekten ab, die einem Cacheeintrag zugeordnet sind.</summary>
      <returns>Eine Auflistung von Änderungsüberwachungen. Der Standard ist eine leere Auflistung.</returns>
    </member>
    <member name="P:System.Runtime.Caching.CacheItemPolicy.Priority">
      <summary>Ruft eine Prioritätseinstellung ab, mit deren Hilfe bestimmt wird, ob ein Cacheeintrag entfernt wird, oder legt diese fest.</summary>
      <returns>Einer der Enumerationswerte, die die Priorität für die Entfernung angeben. Der Standardprioritätswert ist <see cref="F:System.Runtime.Caching.CacheItemPriority.Default" />, d. h. keine Priorität.</returns>
    </member>
    <member name="P:System.Runtime.Caching.CacheItemPolicy.RemovedCallback">
      <summary>Ruft einen Verweis auf einen <see cref="T:System.Runtime.Caching.CacheEntryRemovedCallback" />-Delegaten, der nach dem Entfernen eines Eintrags aus dem Cache aufgerufen wird, ab oder legt ihn fest.</summary>
      <returns>Ein Verweis auf einen Delegaten, der von einer Cacheimplementierung aufgerufen wird.</returns>
    </member>
    <member name="P:System.Runtime.Caching.CacheItemPolicy.SlidingExpiration">
      <summary>Ruft einen Wert ab, der angibt, ob ein Cacheeintrag entfernt werden soll, wenn über einen angegebenen Zeitraum nicht auf ihn zugegriffen wurde, oder legt ihn fest.</summary>
      <returns>Ein Zeitraum, in dem auf einen Cacheeintrag zugegriffen werden muss, bevor er aus dem Cache entfernt wird. Der Standard ist <see cref="F:System.Runtime.Caching.ObjectCache.NoSlidingExpiration" />, d. h., das Element sollte auf Grundlage einer Zeitspanne nicht abgelaufen sein.</returns>
    </member>
    <member name="P:System.Runtime.Caching.CacheItemPolicy.UpdateCallback">
      <summary>Ruft einen Verweis auf einen <see cref="T:System.Runtime.Caching.CacheEntryUpdateCallback" />-Delegaten, der vor dem Entfernen eines Eintrags aus dem Cache aufgerufen wird, ab oder legt ihn fest.</summary>
      <returns>Ein Verweis auf einen Delegaten, der von einer Cacheimplementierung aufgerufen wird.</returns>
    </member>
    <member name="T:System.Runtime.Caching.CacheItemPriority">
      <summary>Legt eine Prioritätseinstellung fest, mit deren Hilfe entschieden wird, ob ein Cacheeintrag entfernt wird.</summary>
    </member>
    <member name="F:System.Runtime.Caching.CacheItemPriority.Default">
      <summary>Gibt an, dass keine Priorität für die Entfernung des Cacheeintrags vorhanden ist.</summary>
    </member>
    <member name="F:System.Runtime.Caching.CacheItemPriority.NotRemovable">
      <summary>Gibt an, dass ein Cacheeintrag nie aus dem Cache entfernt werden soll.</summary>
    </member>
    <member name="T:System.Runtime.Caching.ChangeMonitor">
      <summary>Stellt eine Basisklasse für einen abgeleiteten benutzerdefinierten Typ bereit, der Wechsel in den Zustand der Daten überwacht, auf den ein Cacheelement angewiesen ist.</summary>
    </member>
    <member name="M:System.Runtime.Caching.ChangeMonitor.#ctor">
      <summary>Initialisiert eine neue Instanz der <see cref="T:System.Runtime.Caching.ChangeMonitor" />-Klasse. Dieser Konstruktor wird von Konstruktoren in abgeleiteten Klassen aufgerufen, um die Basisklasse zu initialisieren.</summary>
    </member>
    <member name="M:System.Runtime.Caching.ChangeMonitor.Dispose">
      <summary>Gibt alle von der aktuellen Instanz der <see cref="T:System.Runtime.Caching.ChangeMonitor" />-Klasse verwendeten Ressourcen frei.</summary>
      <exception cref="T:System.InvalidOperationException">Die Initialisierung ist in der abgeleiteten Änderungsüberwachungsklasse nicht vollständig, die die <see cref="M:System.Runtime.Caching.ChangeMonitor.Dispose" />-Basismethode aufrief.</exception>
    </member>
    <member name="M:System.Runtime.Caching.ChangeMonitor.Dispose(System.Boolean)">
      <summary>Gibt alle verwalteten und nicht verwalteten Ressourcen und alle Verweise auf die <see cref="T:System.Runtime.Caching.ChangeMonitor" />-Instanz frei. Diese Überladung muss von abgeleiteten Änderungsüberwachungsklassen implementiert werden.</summary>
      <param name="disposing">true, um verwaltete und nicht verwaltete Ressourcen sowie Verweise auf eine <see cref="T:System.Runtime.Caching.ChangeMonitor" />-Instanz freizugeben, false, um nur nicht verwaltete Ressourcen freizugeben. Wenn false übergeben wird, wird die <see cref="M:System.Runtime.Caching.ChangeMonitor.Dispose(System.Boolean)" />-Methode von einem finalizer-Thread aufgerufen, und alle externen verwalteten Verweise sind wahrscheinlich nicht mehr gültig, da sie bereits von der Garbage Collection freigegeben wurden.</param>
    </member>
    <member name="P:System.Runtime.Caching.ChangeMonitor.HasChanged">
      <summary>Ruft einen Wert ab, der angibt, dass der von der <see cref="T:System.Runtime.Caching.ChangeMonitor" />-Klasse überwachte Zustand geändert wurde.</summary>
      <returns>true, wenn der von der <see cref="T:System.Runtime.Caching.ChangeMonitor" />-Instanz überwachte Zustand geändert wurde, andernfalls false.</returns>
    </member>
    <member name="M:System.Runtime.Caching.ChangeMonitor.InitializationComplete">
      <summary>Wird vom Konstruktor abgeleiteter Klassen aufgerufen, um anzugeben, dass die Initialisierung abgeschlossen ist.</summary>
    </member>
    <member name="P:System.Runtime.Caching.ChangeMonitor.IsDisposed">
      <summary>Ruft einen Wert ab, der angibt, dass die abgeleitete Instanz einer <see cref="T:System.Runtime.Caching.ChangeMonitor" />-Klasse freigegeben wird.</summary>
      <returns>true, wenn die Instanz freigegeben wird, andernfalls false.</returns>
    </member>
    <member name="M:System.Runtime.Caching.ChangeMonitor.NotifyOnChanged(System.Runtime.Caching.OnChangedCallback)">
      <summary>Wird von Cacheimplementierungen aufgerufen, um einen Rückruf zu registrieren und über den <see cref="T:System.Runtime.Caching.OnChangedCallback" />-Delegaten eine <see cref="T:System.Runtime.Caching.ObjectCache" />-Instanz zu benachrichtigen, wenn sich eine Abhängigkeit geändert hat.</summary>
      <param name="onChangedCallback">Ein Verweis auf eine Methode, die aufgerufen wird, wenn eine Abhängigkeit geändert wurde.</param>
      <exception cref="T:System.InvalidOperationException">Die Rückrufmethode wurde bereits aufgerufen.</exception>
      <exception cref="T:System.ArgumentNullException">
        <paramref name="onChangedCallback" /> ist null.</exception>
    </member>
    <member name="M:System.Runtime.Caching.ChangeMonitor.OnChanged(System.Object)">
      <summary>Wird von abgeleiteten Klassen aufgerufen, um das Ereignis auszulösen, wenn sich eine Abhängigkeit ändert.</summary>
      <param name="state">Die Daten für das Change-Ereignis. Dieser Wert kann null sein.</param>
    </member>
    <member name="P:System.Runtime.Caching.ChangeMonitor.UniqueId">
      <summary>Ruft einen Wert ab, der die <see cref="T:System.Runtime.Caching.ChangeMonitor" />-Klasseninstanz darstellt.</summary>
      <returns>Der Bezeichner für eine Änderungsüberwachungsinstanz.</returns>
    </member>
    <member name="T:System.Runtime.Caching.DefaultCacheCapabilities">
      <summary>Stellt einen Satz von Funktionen dar, die von einer Cacheimplementierung bereitgestellt werden.</summary>
    </member>
    <member name="F:System.Runtime.Caching.DefaultCacheCapabilities.AbsoluteExpirations">
      <summary>Eine Cacheimplementierung bietet die Möglichkeit, Cacheeinträge zu einem bestimmten Datum und Zeitpunkt automatisch zu entfernen.</summary>
    </member>
    <member name="F:System.Runtime.Caching.DefaultCacheCapabilities.CacheEntryChangeMonitors">
      <summary>Eine Cacheimplementierung bietet die Möglichkeit, Änderungsüberwachungen zu erstellen, die Einträge überwachen.</summary>
    </member>
    <member name="F:System.Runtime.Caching.DefaultCacheCapabilities.CacheEntryRemovedCallback">
      <summary>Eine Cacheimplementierung kann eine Benachrichtigung auslösen, wenn ein Eintrag aus dem Cache entfernt wurde.</summary>
    </member>
    <member name="F:System.Runtime.Caching.DefaultCacheCapabilities.CacheEntryUpdateCallback">
      <summary>Eine Cacheimplementierung kann eine Benachrichtigung auslösen, wenn ein Eintrag aus dem Cache entfernt werden soll. Diese Einstellung gibt auch an, dass eine Cacheimplementierung die Möglichkeit bietet, den Eintrag, der entfernt wird, automatisch durch einen neuen Cacheeintrag zu ersetzen.</summary>
    </member>
    <member name="F:System.Runtime.Caching.DefaultCacheCapabilities.CacheRegions">
      <summary>Eine Cacheimplementierung bietet die Möglichkeit, den Speicher in Cachebereiche zu partitionieren, Cacheeinträge in diese Bereiche einzufügen und Cacheeinträge aus diesen Bereichen abzurufen.</summary>
    </member>
    <member name="F:System.Runtime.Caching.DefaultCacheCapabilities.InMemoryProvider">
      <summary>Eine Cacheimplementierung wird zumindest teilweise im Arbeitsspeicher ausgeführt. Dieses Flag wird nicht für einen verteilten Cache, sondern für einen Cache im Arbeitsspeicher, z. B. die <see cref="T:System.Runtime.Caching.MemoryCache" />-Klasse, festgelegt.</summary>
    </member>
    <member name="F:System.Runtime.Caching.DefaultCacheCapabilities.None">
      <summary>Eine Cacheimplementierung stellt keine Funktionen bereit, die in der <see cref="T:System.Runtime.Caching.DefaultCacheCapabilities" />-Enumeration beschrieben werden.</summary>
    </member>
    <member name="F:System.Runtime.Caching.DefaultCacheCapabilities.OutOfProcessProvider">
      <summary>Eine Cacheimplementierung wird prozessextern ausgeführt. Dieses Flag wird für einen verteilten Cache, aber nicht für einen Cache im Arbeitsspeicher, z. B. die <see cref="T:System.Runtime.Caching.MemoryCache" />-Klasse, festgelegt.</summary>
    </member>
    <member name="F:System.Runtime.Caching.DefaultCacheCapabilities.SlidingExpirations">
      <summary>Eine Cacheimplementierung bietet die Möglichkeit, Cacheeinträge, auf die in einem angegebenen Zeitraum nicht zugegriffen wurde, automatisch zu entfernen.</summary>
    </member>
    <member name="T:System.Runtime.Caching.FileChangeMonitor">
      <summary>Stellt ein Objekt dar, das Änderungen an Dateien überwacht.</summary>
    </member>
    <member name="M:System.Runtime.Caching.FileChangeMonitor.#ctor">
      <summary>Initialisiert eine neue Instanz der <see cref="T:System.Runtime.Caching.FileChangeMonitor" />-Klasse. Dieser Konstruktor wird von Konstruktoren in abgeleiteten Klassen aufgerufen, um die Basisklasse zu initialisieren.</summary>
    </member>
    <member name="P:System.Runtime.Caching.FileChangeMonitor.FilePaths">
      <summary>Ruft eine Auflistung ab, die die auf Änderungen überwachten Dateipfade enthält.</summary>
      <returns>Eine Auflistung von Dateipfaden.</returns>
    </member>
    <member name="P:System.Runtime.Caching.FileChangeMonitor.LastModified">
      <summary>Ruft einen Wert ab, der angibt, wann eine überwachte Datei zum letzten Mal geändert wurde.</summary>
      <returns>Wenn mehrere Dateien überwacht werden, die Uhrzeit der letzten Änderung der zuletzt geänderten Datei, andernfalls, der Zeitpunkt der letzten Änderung der überwachten Datei.</returns>
    </member>
    <member name="T:System.Runtime.Caching.HostFileChangeMonitor">
      <summary>Überwacht Verzeichnisse und Dateipfade und benachrichtigt den Cache über Änderungen der überwachten Elemente. Diese Klasse kann nicht vererbt werden.</summary>
    </member>
    <member name="M:System.Runtime.Caching.HostFileChangeMonitor.#ctor(System.Collections.Generic.IList{System.String})">
      <summary>Initialisiert eine neue Instanz der <see cref="T:System.Runtime.Caching.HostFileChangeMonitor" />-Klasse.</summary>
      <param name="filePaths">Eine Liste, die mindestens einen zu überwachenden Verzeichnis- oder Dateipfad enthält.</param>
      <exception cref="T:System.ArgumentNullException">
        <paramref name="filePaths" /> ist null.</exception>
      <exception cref="T:System.ArgumentException">
        <paramref name="filePaths" /> enthält null Elemente.  -oder- Ein Pfad in der <paramref name="filePaths" />-Liste ist null oder eine leere Zeichenfolge.</exception>
    </member>
    <member name="P:System.Runtime.Caching.HostFileChangeMonitor.FilePaths">
      <summary>Ruft die Auflistung von Verzeichnis- und Dateipfaden ab, die an den <see cref="M:System.Runtime.Caching.HostFileChangeMonitor.#ctor(System.Collections.Generic.IList{System.String})" />-Konstruktor übergeben wurde.</summary>
      <returns>Eine Auflistung von Verzeichnis- und Dateipfaden.</returns>
    </member>
    <member name="P:System.Runtime.Caching.HostFileChangeMonitor.LastModified">
      <summary>Ruft einen schreibgeschützten Wert ab, der den Zeitpunkt des letzten Schreibvorgangs einer überwachten Datei oder eines Pfads angibt.</summary>
      <returns>Der Zeitpunkt des letzten Schreibvorgangs für eine überwachte Datei oder einen Pfad.</returns>
    </member>
    <member name="P:System.Runtime.Caching.HostFileChangeMonitor.UniqueId">
      <summary>Ruft einen Bezeichner für die <see cref="T:System.Runtime.Caching.HostFileChangeMonitor" />-Instanz ab, der auf dem überwachten Satz von Verzeichnissen und Dateipfaden basiert.</summary>
      <returns>Ein Bezeichner für die Änderungsüberwachung.</returns>
    </member>
    <member name="T:System.Runtime.Caching.MemoryCache">
      <summary>Stellt den Typ dar, der einen Cache im Arbeitsspeicher implementiert.</summary>
    </member>
    <member name="M:System.Runtime.Caching.MemoryCache.#ctor(System.String,System.Collections.Specialized.NameValueCollection)">
      <summary>Initialisiert eine neue Instanz der <see cref="T:System.Runtime.Caching.MemoryCache" />-Klasse.</summary>
      <param name="name">Der Name, der beim Nachschlagen von Konfigurationsinformationen verwendet werden soll.  <paramref name="Note" />   Es ist nicht erforderlich, dass für jeden Namen Konfigurationsinformationen vorhanden sind. Wenn ein passender Konfigurationseintrag vorhanden ist, werden die Konfigurationsinformationen verwendet, um die <see cref="T:System.Runtime.Caching.MemoryCache" />-Instanz zu konfigurieren. Wenn kein entsprechender Konfigurationseintrag vorhanden ist, kann auf den Namen über die <see cref="P:System.Runtime.Caching.MemoryCache.Name" />-Eigenschaft zugegriffen werden, da der angegebene Name der <see cref="T:System.Runtime.Caching.MemoryCache" />-Instanz zugeordnet ist. Weitere Informationen über die Speichercachekonfiguration finden Sie unter <see cref="T:System.Runtime.Caching.Configuration.MemoryCacheElement" />.</param>
      <param name="config">Eine Auflistung von Name-Wert-Paaren mit Konfigurationsinformationen zum Konfigurieren des Caches.</param>
      <exception cref="T:System.ArgumentNullException">
        <paramref name="name" /> ist null.</exception>
      <exception cref="T:System.ArgumentException">
        <paramref name="name" /> ist eine leere Zeichenfolge.</exception>
      <exception cref="T:System.ArgumentException">Der Zeichenfolgenwert "default" (ohne Berücksichtigung der Groß-/Kleinschreibung), der <paramref name="name" /> zugewiesen ist. Einer neuen <see cref="T:System.Runtime.Caching.MemoryCache" />-Instanz kann der Wert der "Standard" nicht zugewiesen werden, da der Wert zur Verwendung durch die <see cref="P:System.Runtime.Caching.MemoryCache.Default" />-Eigenschaft reserviert ist.</exception>
      <exception cref="T:System.Configuration.ConfigurationException">Ein Wert in der <paramref name="config" />-Auflistung ist ungültig.</exception>
      <exception cref="T:System.ArgumentException">Ein Name bzw. Wert im <paramref name="config" />-Parameter konnte nicht analysiert werden.</exception>
    </member>
    <member name="M:System.Runtime.Caching.MemoryCache.Add(System.Runtime.Caching.CacheItem,System.Runtime.Caching.CacheItemPolicy)">
      <summary>Fügt einen Cacheeintrag als eine <see cref="T:System.Runtime.Caching.CacheItem" />-Instanz ein und fügt Details wie der Eintrag zu entfernen ist im Cache hinzu.</summary>
      <returns>"true", wenn der Eintrag eingefügt wird, oder "false", wenn bereits ein Eintrag mit demselben Schlüssel wie das Element im Cache vorhanden ist.</returns>
      <param name="item">Das hinzuzufügende Objekt.</param>
      <param name="policy">Ein Objekt, das Entfernungsdetails für den Cacheeintrag enthält. Dieses Objekt stellt mehr Optionen für das Entfernen bereit als ein einfacher absoluter Ablauf.</param>
    </member>
    <member name="M:System.Runtime.Caching.MemoryCache.AddOrGetExisting(System.Runtime.Caching.CacheItem,System.Runtime.Caching.CacheItemPolicy)">
      <summary>Fügt einen Cacheeintrag unter Verwendung der angegebenen <see cref="T:System.Runtime.Caching.CacheItem" />-Instanz und Details zur Entfernung des Eintrags im Cache hinzu.</summary>
      <returns>Der vorhandene Cacheeintrag, wenn ein Cacheeintrag mit demselben Schlüssel vorhanden ist, andernfalls null.</returns>
      <param name="item">Das hinzuzufügende Objekt.</param>
      <param name="policy">Ein Objekt, das Entfernungsdetails für den Cacheeintrag enthält. Dieses Objekt stellt mehr Optionen für das Entfernen bereit als ein einfacher absoluter Ablauf.</param>
      <exception cref="T:System.ArgumentNullException">
        <paramref name="item" /> ist null.</exception>
      <exception cref="T:System.ArgumentNullException">Die <see cref="P:System.Runtime.Caching.CacheItem.Value" />-Eigenschaft ist null.</exception>
      <exception cref="T:System.ArgumentException">Eine <see cref="P:System.Runtime.Caching.CacheItemPolicy.UpdateCallback" />-Eigenschaft wurde bereitgestellt.  Die Methodenüberladungen <see cref="Overload:System.Runtime.Caching.ObjectCache.Add" /> und <see cref="Overload:System.Runtime.Caching.ObjectCache.AddOrGetExisting" /> unterstützen die <see cref="P:System.Runtime.Caching.CacheItemPolicy.UpdateCallback" />-Eigenschaft nicht. Daher verwenden Sie zum Festlegen der <see cref="P:System.Runtime.Caching.CacheItemPolicy.UpdateCallback" />-Eigenschaft für einen Cacheeintrag stattdessen die <see cref="Overload:System.Runtime.Caching.MemoryCache.Set" />-Methodenüberladungen.</exception>
      <exception cref="T:System.ArgumentException">Sowohl der absolute und gleitende Ablaufzeitwert für das <see cref="T:System.Runtime.Caching.CacheItemPolicy" />-Objekt werden auf andere Werte als die Standardwerte der <see cref="F:System.Runtime.Caching.ObjectCache.InfiniteAbsoluteExpiration" />-Felder und der <see cref="F:System.Runtime.Caching.ObjectCache.NoSlidingExpiration" />-Felder festgelegt. Die <see cref="T:System.Runtime.Caching.MemoryCache" />-Klasse kann keine Ablaufrichtlinie auf Grundlage einer Kombination einer absoluten Ablaufzeit und einer gleitenden Ablaufzeit festlegen. Nur eine Ablaufeinstellung kann explizit festgelegt werden, wenn Sie die <see cref="T:System.Runtime.Caching.MemoryCache" />-Instanz verwenden. Die andere Ablaufeinstellung muss auf das <see cref="F:System.Runtime.Caching.ObjectCache.InfiniteAbsoluteExpiration" />-Feld oder das <see cref="F:System.Runtime.Caching.ObjectCache.NoSlidingExpiration" />-Feld festgelegt werden.</exception>
      <exception cref="T:System.ArgumentOutOfRangeException">Die <see cref="P:System.Runtime.Caching.CacheItemPolicy.SlidingExpiration" />-Eigenschaft wird auf einen Wert kleiner als <see cref="F:System.TimeSpan.Zero" /> festgelegt.  -oder- Die <see cref="P:System.Runtime.Caching.CacheItemPolicy.SlidingExpiration" />-Eigenschaft ist auf einen größeren Wert als ein Jahr festgelegt. -oder- Die <see cref="P:System.Runtime.Caching.CacheItemPolicy.Priority" />-Eigenschaft ist kein Wert der <see cref="T:System.Runtime.Caching.CacheItemPriority" />-Enumeration.</exception>
    </member>
    <member name="M:System.Runtime.Caching.MemoryCache.AddOrGetExisting(System.String,System.Object,System.DateTimeOffset,System.String)">
      <summary>Fügt einen Cacheeintrag unter Verwendung des angegebenen Schlüssels, eines Werts und eines absoluten Ablaufwerts im Cache hinzu.</summary>
      <returns>Der vorhandene Cacheeintrag, wenn ein Cacheeintrag mit demselben Schlüssel vorhanden ist, andernfalls null.</returns>
      <param name="key">Ein eindeutiger Bezeichner für den hinzuzufügenden Cacheeintrag.</param>
      <param name="value">Die Daten für den Cacheeintrag.</param>
      <param name="absoluteExpiration">Das feste Datum und die Uhrzeit, an dem bzw. zu der der Cacheeintrag abläuft.</param>
      <param name="regionName">Ein benannter Bereich im Cache, dem ein Cacheeintrag hinzugefügt werden kann. Übergeben Sie keinen Wert für diesen Parameter. Dieser Parameter ist standardmäßig null, da die <see cref="T:System.Runtime.Caching.MemoryCache" />-Klasse keine Bereiche implementiert.</param>
      <exception cref="T:System.ArgumentNullException">
        <paramref name="key" /> ist null.</exception>
      <exception cref="T:System.NotSupportedException">
        <paramref name="regionName " />hat nicht den Wert null.</exception>
      <exception cref="T:System.ArgumentNullException">
        <paramref name="value " />hat nicht den Wert null.</exception>
      <exception cref="T:System.ArgumentException">Eine <see cref="P:System.Runtime.Caching.CacheItemPolicy.UpdateCallback" />-Eigenschaft wurde bereitgestellt.  Die Methodenüberladungen <see cref="Overload:System.Runtime.Caching.ObjectCache.Add" /> und <see cref="Overload:System.Runtime.Caching.ObjectCache.AddOrGetExisting" /> unterstützen die <see cref="P:System.Runtime.Caching.CacheItemPolicy.UpdateCallback" />-Eigenschaft nicht. Daher verwenden Sie zum Festlegen der <see cref="P:System.Runtime.Caching.CacheItemPolicy.UpdateCallback" />-Eigenschaft für einen Cacheeintrag stattdessen die <see cref="Overload:System.Runtime.Caching.MemoryCache.Set" />-Überladungen.</exception>
      <exception cref="T:System.ArgumentException">Sowohl der absolute und gleitende Ablaufzeitwert für das <see cref="T:System.Runtime.Caching.CacheItemPolicy" />-Objekt werden auf andere Werte als die Standardwerte der <see cref="F:System.Runtime.Caching.ObjectCache.InfiniteAbsoluteExpiration" />-Felder und der <see cref="F:System.Runtime.Caching.ObjectCache.NoSlidingExpiration" />-Felder festgelegt. Die <see cref="T:System.Runtime.Caching.MemoryCache" />-Klasse kann keine Ablaufrichtlinie auf Grundlage einer Kombination einer absoluten Ablaufzeit und einer gleitenden Ablaufzeit festlegen. Nur eine Ablaufeinstellung kann explizit festgelegt werden, wenn Sie die <see cref="T:System.Runtime.Caching.MemoryCache" />-Instanz verwenden. Die andere Ablaufeinstellung muss auf <see cref="F:System.Runtime.Caching.ObjectCache.InfiniteAbsoluteExpiration" /> oder <see cref="F:System.Runtime.Caching.ObjectCache.NoSlidingExpiration" /> festgelegt werden</exception>
      <exception cref="T:System.ArgumentOutOfRangeException">Die <see cref="P:System.Runtime.Caching.CacheItemPolicy.SlidingExpiration" />-Eigenschaft wird auf einen Wert kleiner als <see cref="F:System.TimeSpan.Zero" /> festgelegt.  -oder- Die <see cref="P:System.Runtime.Caching.CacheItemPolicy.SlidingExpiration" />-Eigenschaft ist auf einen größeren Wert als ein Jahr festgelegt. -oder- Die <see cref="P:System.Runtime.Caching.CacheItemPolicy.Priority" />-Eigenschaft ist kein Wert der <see cref="T:System.Runtime.Caching.CacheItemPriority" />-Enumeration.</exception>
    </member>
    <member name="M:System.Runtime.Caching.MemoryCache.AddOrGetExisting(System.String,System.Object,System.Runtime.Caching.CacheItemPolicy,System.String)">
      <summary>Fügt einen Cacheeintrag unter Verwendung des angegebenen Schlüssels und Werts und der angegebenen Details zur Entfernung in den Cache ein.</summary>
      <returns>Ein Cacheeintrag, wenn bereits ein entsprechender Cacheeintrag vorhanden ist, andernfalls null.</returns>
      <param name="key">Ein eindeutiger Bezeichner für den Cacheeintrag, der hinzugefügt oder abgerufen werden soll.</param>
      <param name="value">Die Daten für den Cacheeintrag.</param>
      <param name="policy">Ein Objekt, das Entfernungsdetails für den Cacheeintrag enthält. Dieses Objekt stellt mehr Optionen für das Entfernen bereit als ein einfacher absoluter Ablauf.</param>
      <param name="regionName">Ein benannter Bereich im Cache, dem ein Cacheeintrag hinzugefügt werden kann. Übergeben Sie keinen Wert für diesen Parameter. Dieser Parameter ist standardmäßig null, da die <see cref="T:System.Runtime.Caching.MemoryCache" />-Klasse keine Bereiche implementiert.</param>
      <exception cref="T:System.ArgumentNullException">
        <paramref name="key" /> ist null.</exception>
      <exception cref="T:System.ArgumentNullException">
        <paramref name="value" /> ist null.</exception>
      <exception cref="T:System.ArgumentException">Sowohl die absoluten als auch die gleitenden Ablaufzeitwerte des <see cref="T:System.Runtime.Caching.CacheItemPolicy" />-Objekts werden auf andere Werte als die Standards von <see cref="F:System.Runtime.Caching.ObjectCache.InfiniteAbsoluteExpiration" /> und <see cref="F:System.Runtime.Caching.ObjectCache.NoSlidingExpiration" /> festgelegt. Die <see cref="T:System.Runtime.Caching.MemoryCache" />-Klasse kann keine Ablaufrichtlinie auf Grundlage einer Kombination einer absoluten und einer gleitenden Ablaufzeit festlegen. Nur eine Ablaufeinstellung kann explizit festgelegt werden, wenn Sie die <see cref="T:System.Runtime.Caching.MemoryCache" />-Klasse verwenden. Die andere Einstellung muss auf <see cref="F:System.Runtime.Caching.ObjectCache.InfiniteAbsoluteExpiration" /> oder <see cref="F:System.Runtime.Caching.ObjectCache.NoSlidingExpiration" /> festgelegt werden. -oder- Sowohl der Löschrückruf als auch der Updaterückruf wurden für das <see cref="T:System.Runtime.Caching.CacheItemPolicy" />-Objekt angegeben. Der <see cref="T:System.Runtime.Caching.MemoryCache" /> unterstützt nur das Verwenden von einem Typ von Rückruf pro Cacheeintrag.</exception>
      <exception cref="T:System.ArgumentOutOfRangeException">Die <see cref="P:System.Runtime.Caching.CacheItemPolicy.SlidingExpiration" />-Eigenschaft wird auf einen Wert kleiner als <see cref="F:System.TimeSpan.Zero" /> festgelegt. -oder- Die <see cref="P:System.Runtime.Caching.CacheItemPolicy.SlidingExpiration" /> wurde auf einen Wert größer als ein Jahr festgelegt. -oder- Die <see cref="P:System.Runtime.Caching.CacheItemPolicy.Priority" />-Eigenschaft ist kein Wert der <see cref="T:System.Runtime.Caching.CacheItemPriority" />-Enumeration.</exception>
    </member>
    <member name="P:System.Runtime.Caching.MemoryCache.CacheMemoryLimit">
      <summary>Ruft den Speicherplatz auf dem Computer, der vom Cache verwendet werden kann, in Bytes ab.</summary>
      <returns>Der Speicherplatz in Bytes.</returns>
    </member>
    <member name="M:System.Runtime.Caching.MemoryCache.Contains(System.String,System.String)">
      <summary>Bestimmt, ob ein Cacheeintrag im Cache vorhanden ist.</summary>
      <returns>true, wenn der Cache einen Cacheeintrag enthält, dessen Schlüssel <paramref name="key" /> entspricht, andernfalls false.</returns>
      <param name="key">Ein eindeutiger Bezeichner für den zu suchenden Cacheeintrag.</param>
      <param name="regionName">Ein benannter Bereich im Cache, dem ein Cacheeintrag hinzugefügt wurde. Übergeben Sie keinen Wert für diesen Parameter. Dieser Parameter ist standardmäßig null, da die <see cref="T:System.Runtime.Caching.MemoryCache" />-Klasse keine Bereiche implementiert.</param>
      <exception cref="T:System.ArgumentNullException">
        <paramref name="key" /> ist null.</exception>
      <exception cref="T:System.NotSupportedException">
        <paramref name="regionName " />hat nicht den Wert null.</exception>
    </member>
    <member name="M:System.Runtime.Caching.MemoryCache.CreateCacheEntryChangeMonitor(System.Collections.Generic.IEnumerable{System.String},System.String)">
      <summary>Erstellt ein <see cref="T:System.Runtime.Caching.CacheEntryChangeMonitor" />-Objekt, das Ereignisse auslösen kann, wenn Änderungen an angegebenen Cacheeinträgen vorgenommen werden.</summary>
      <returns>Eine Änderungsüberwachung, die Einträge im Cache überwacht.</returns>
      <param name="keys">Eine Enumeration eindeutiger Cacheeintragsschlüssel für das <see cref="T:System.Runtime.Caching.CacheEntryChangeMonitor" />-Objekt.</param>
      <param name="regionName">Ein benannter Bereich im Cache, dem ein Cacheeintrag hinzugefügt werden kann. Übergeben Sie keinen Wert für diesen Parameter. Dieser Parameter ist standardmäßig null, da die <see cref="T:System.Runtime.Caching.MemoryCache" />-Klasse keine Bereiche implementiert.</param>
      <exception cref="T:System.NotSupportedException">
        <paramref name="regionName " />hat nicht den Wert null.</exception>
      <exception cref="T:System.ArgumentNullException">
        <paramref name="keys" /> ist null.</exception>
      <exception cref="T:System.ArgumentException">Die Anzahl der Elemente in <paramref name="keys" /> ist 0.</exception>
      <exception cref="T:System.ArgumentException">Ein Element in der <paramref name="keys" />-Auflistung ist null.</exception>
    </member>
    <member name="P:System.Runtime.Caching.MemoryCache.Default">
      <summary>Ruft einen Verweis auf die <see cref="T:System.Runtime.Caching.MemoryCache" />-Standardinstanz ab.</summary>
      <returns>Die Standardinstanz des Caches.</returns>
    </member>
    <member name="P:System.Runtime.Caching.MemoryCache.DefaultCacheCapabilities">
      <summary>Ruft eine Beschreibung der Funktionen ab, die der Cache bereitstellt.</summary>
      <returns>Eine bitweise Kombination von Flags, die die Standardfunktionen der Cacheimplementierung angeben.</returns>
    </member>
    <member name="M:System.Runtime.Caching.MemoryCache.Dispose">
      <summary>Gibt alle von der aktuellen Instanz der <see cref="T:System.Runtime.Caching.MemoryCache" />-Klasse verwendeten Ressourcen frei.</summary>
    </member>
    <member name="M:System.Runtime.Caching.MemoryCache.Get(System.String,System.String)">
      <summary>Gibt einen Eintrag aus dem Cache zurück.</summary>
      <returns>Ein Verweis auf den Cacheeintrag, der von <paramref name="key" /> identifiziert wird, wenn der Eintrag vorhanden ist, andernfalls null.</returns>
      <param name="key">Ein eindeutiger Bezeichner für den Cacheeintrag, der abgerufen werden soll.</param>
      <param name="regionName">Ein benannter Bereich im Cache, dem ein Cacheeintrag hinzugefügt wurde. Übergeben Sie keinen Wert für diesen Parameter. Dieser Parameter ist standardmäßig null, da die <see cref="T:System.Runtime.Caching.MemoryCache" />-Klasse keine Bereiche implementiert.</param>
      <exception cref="T:System.NotSupportedException">
        <paramref name="regionName " />hat nicht den Wert null.</exception>
      <exception cref="T:System.ArgumentNullException">
        <paramref name="key" /> ist null.</exception>
    </member>
    <member name="M:System.Runtime.Caching.MemoryCache.GetCacheItem(System.String,System.String)">
      <summary>Gibt den angegebenen Eintrag als <see cref="T:System.Runtime.Caching.CacheItem" />-Instanz aus dem Cache zurück.</summary>
      <returns>Ein Verweis auf den Cacheeintrag, der von <paramref name="key" /> identifiziert wird, wenn der Eintrag vorhanden ist, andernfalls null.</returns>
      <param name="key">Ein eindeutiger Bezeichner für den Cacheeintrag, der abgerufen werden soll.</param>
      <param name="regionName">Ein benannter Bereich im Cache, dem ein Cacheeintrag hinzugefügt wurde. Übergeben Sie keinen Wert für diesen Parameter. Dieser Parameter ist standardmäßig null, da die <see cref="T:System.Runtime.Caching.MemoryCache" />-Klasse keine Bereiche implementiert.</param>
      <exception cref="T:System.NotSupportedException">
        <paramref name="regionName " />hat nicht den Wert null.</exception>
      <exception cref="T:System.ArgumentNullException">
        <paramref name="key" /> ist null.</exception>
    </member>
    <member name="M:System.Runtime.Caching.MemoryCache.GetCount(System.String)">
      <summary>Gibt die Gesamtanzahl von Cacheeinträgen im Cache zurück.</summary>
      <returns>Die Anzahl von Einträgen im Cache.</returns>
      <param name="regionName">Ein benannter Bereich im Cache, dem ein Cacheeintrag hinzugefügt wurde. Übergeben Sie keinen Wert für diesen Parameter. Dieser Parameter ist standardmäßig null, da die <see cref="T:System.Runtime.Caching.MemoryCache" />-Klasse keine Bereiche implementiert.</param>
      <exception cref="T:System.NotSupportedException">
        <paramref name="regionName " />hat nicht den Wert null.</exception>
    </member>
    <member name="M:System.Runtime.Caching.MemoryCache.GetEnumerator">
      <summary>Erstellt einen Enumerator, der zum Durchlaufen einer Auflistung von Cacheeinträgen verwendet werden kann.</summary>
      <returns>Das Enumeratorobjekt, das Zugriff auf die Elemente im Cache bietet.</returns>
    </member>
    <member name="M:System.Runtime.Caching.MemoryCache.GetValues(System.Collections.Generic.IEnumerable{System.String},System.String)">
      <summary>Gibt einen Satz von Cacheeinträgen zurück, die den angegebenen Schlüsseln entsprechen.</summary>
      <returns>Ein Satz von Cacheeinträgen, die den angegebenen Schlüsseln entsprechen.</returns>
      <param name="keys">Ein Satz von eindeutigen Bezeichnern für die zurückzugebenden Cacheeinträge.</param>
      <param name="regionName">Ein benannter Bereich im Cache, dem ein Cacheeintrag hinzugefügt wurde. Übergeben Sie keinen Wert für diesen Parameter. Dieser Parameter ist standardmäßig null, da die <see cref="T:System.Runtime.Caching.MemoryCache" />-Klasse keine Bereiche implementiert.</param>
      <exception cref="T:System.NotSupportedException">
        <paramref name="regionName " />hat nicht den Wert null.</exception>
      <exception cref="T:System.ArgumentNullException">
        <paramref name="keys" /> ist null.</exception>
      <exception cref="T:System.ArgumentException">Ein individueller Schlüssel in der Auslistung ist null.</exception>
    </member>
    <member name="P:System.Runtime.Caching.MemoryCache.Item(System.String)">
      <summary>Ruft einen Wert im Cache mithilfe der Standardindexereigenschaft für eine Instanz der <see cref="T:System.Runtime.Caching.MemoryCache" />-Klasse ab, oder legt ihn fest.</summary>
      <returns>Der Wert in der Cacheinstanz für den angegebenen Schlüssel, falls der Eintrag vorhanden ist, andernfalls null.</returns>
      <param name="key">Ein eindeutiger Bezeichner für den Cachewert, der abgerufen bzw. festgelegt werden soll.</param>
      <exception cref="T:System.ArgumentNullException">
        <paramref name="key" /> ist null.  -oder- Der eingefügte Wert ist null.</exception>
    </member>
    <member name="P:System.Runtime.Caching.MemoryCache.Name">
      <summary>Ruft den Namen des Caches ab.</summary>
      <returns>Der Name des Caches.</returns>
    </member>
    <member name="P:System.Runtime.Caching.MemoryCache.PhysicalMemoryLimit">
      <summary>Ruft den Prozentsatz des physischen Arbeitsspeichers ab, der vom Cache verwendet werden kann.</summary>
      <returns>Der Prozentsatz des physischen Arbeitsspeichers, der vom Cache verwendet werden kann.</returns>
    </member>
    <member name="P:System.Runtime.Caching.MemoryCache.PollingInterval">
      <summary>Ruft die maximale Zeit ab, nach der der Cache die Arbeitsspeicherstatistik aktualisiert.</summary>
      <returns>Die maximale Zeit, bevor die Arbeitsspeicherstatistik aktualisiert wird.</returns>
    </member>
    <member name="M:System.Runtime.Caching.MemoryCache.Remove(System.String,System.String)">
      <summary>Entfernt einen Cacheeintrag aus dem Cache.</summary>
      <returns>Der entfernte Cacheeintrag, wenn der Eintrag im Cache gefunden wird, andernfalls null.</returns>
      <param name="key">Ein eindeutiger Bezeichner für den Cacheeintrag, der entfernt werden soll.</param>
      <param name="regionName">Ein benannter Bereich im Cache, dem ein Cacheeintrag hinzugefügt wurde. Übergeben Sie keinen Wert für diesen Parameter. Dieser Parameter ist standardmäßig null, da die <see cref="T:System.Runtime.Caching.MemoryCache" />-Klasse keine Bereiche implementiert.</param>
      <exception cref="T:System.NotSupportedException">
        <paramref name="regionName " />hat nicht den Wert null.</exception>
      <exception cref="T:System.ArgumentNullException">
        <paramref name="key" /> ist null.</exception>
    </member>
    <member name="M:System.Runtime.Caching.MemoryCache.Set(System.Runtime.Caching.CacheItem,System.Runtime.Caching.CacheItemPolicy)">
      <summary>Fügt einen Cacheeintrag in den Cache ein und gibt dabei mit einer <see cref="T:System.Runtime.Caching.CacheItem" />-Instanz den Schlüssel und den Wert für den Cacheeintrag an.</summary>
      <param name="item">Ein Objekt, das einen einzufügenden Cacheeintrag darstellt.</param>
      <param name="policy">Ein Objekt, das Entfernungsdetails für den Cacheeintrag enthält. Dieses Objekt stellt mehr Optionen für das Entfernen bereit als ein einfacher absoluter Ablauf.</param>
      <exception cref="T:System.ArgumentNullException">
        <paramref name="item" /> ist null. -oder- Die <see cref="P:System.Runtime.Caching.CacheItem.Key" />-Eigenschaft ist null. -oder- Die <see cref="P:System.Runtime.Caching.CacheItem.Value" />-Eigenschaft ist null.</exception>
      <exception cref="T:System.ArgumentException">Eine ungültige Kombination der Argumente für den Cacheeintrag wurde übergeben. Dies tritt auf, wenn die folgenden Ablaufdetails für das Richtlinienobjekt für den Cacheeintrag festgelegt werden: Wenn die absoluten und gleitenden Ablaufzeitwerte des <see cref="T:System.Runtime.Caching.CacheItemPolicy" />-Objekts auf andere Werte als die Standards von <see cref="F:System.Runtime.Caching.ObjectCache.InfiniteAbsoluteExpiration" /> und <see cref="F:System.Runtime.Caching.ObjectCache.NoSlidingExpiration" /> festgelegt werden. Die <see cref="T:System.Runtime.Caching.MemoryCache" />-Klasse kann keine Ablaufrichtlinie auf Grundlage einer absoluten und einer gleitenden Ablaufzeit festlegen. Nur eine Ablaufeinstellung kann explizit festgelegt werden, wenn Sie die <see cref="T:System.Runtime.Caching.MemoryCache" />-Klasse verwenden. Die andere Einstellung muss auf <see cref="F:System.Runtime.Caching.ObjectCache.InfiniteAbsoluteExpiration" />- oder <see cref="F:System.Runtime.Caching.ObjectCache.NoSlidingExpiration" />-Eigenschaft festgelegt werden. Wenn sowohl der Löschrückruf als auch der Updaterückruf für das <see cref="T:System.Runtime.Caching.CacheItemPolicy" />-Objekt angegeben werden. Die <see cref="T:System.Runtime.Caching.MemoryCache" />-Klasse unterstützt nur das Verwenden von einem Typ von Rückruf pro Cacheeintrag.</exception>
      <exception cref="T:System.ArgumentOutOfRangeException">Die <see cref="P:System.Runtime.Caching.CacheItemPolicy.SlidingExpiration" />-Eigenschaft wird auf einen Wert kleiner als <see cref="F:System.TimeSpan.Zero" /> festgelegt.  -oder- Die <see cref="P:System.Runtime.Caching.CacheItemPolicy.SlidingExpiration" />-Eigenschaft ist auf einen größeren Wert als ein Jahr festgelegt. -oder- Die <see cref="P:System.Runtime.Caching.CacheItemPolicy.Priority" /> ist kein Wert der <see cref="T:System.Runtime.Caching.CacheItemPriority" />-Enumeration.</exception>
    </member>
    <member name="M:System.Runtime.Caching.MemoryCache.Set(System.String,System.Object,System.DateTimeOffset,System.String)">
      <summary>Fügt einen Cacheeintrag unter Verwendung eines Schlüssels und eines Werts in den Cache ein und gibt zeitbasierte Ablaufdetails an.</summary>
      <param name="key">Ein eindeutiger Bezeichner für den einzufügenden Cacheeintrag.</param>
      <param name="value">Die Daten für den Cacheeintrag.</param>
      <param name="absoluteExpiration">Das feste Datum und die Uhrzeit, an dem bzw. zu der der Cacheeintrag abläuft.</param>
      <param name="regionName">Ein benannter Bereich im Cache, dem ein Cacheeintrag hinzugefügt werden kann. Übergeben Sie keinen Wert für diesen Parameter. Dieser Parameter ist standardmäßig null, da die <see cref="T:System.Runtime.Caching.MemoryCache" />-Klasse keine Bereiche implementiert.</param>
      <exception cref="T:System.NotSupportedException">
        <paramref name="regionName " />hat nicht den Wert null.</exception>
      <exception cref="T:System.ArgumentNullException">
        <paramref name="key" /> ist null. -oder- <paramref name="Value" /> ist null.</exception>
      <exception cref="T:System.ArgumentException">Eine ungültige Kombination der Argumente für den Cacheeintrag wurde übergeben. Dies tritt auf, wenn die folgenden Ablaufdetails für das Richtlinienobjekt für den Cacheeintrag festgelegt werden: Wenn die absoluten und gleitenden Ablaufzeitwerte des <see cref="T:System.Runtime.Caching.CacheItemPolicy" />-Objekts auf andere Werte als die Standards von <see cref="F:System.Runtime.Caching.ObjectCache.InfiniteAbsoluteExpiration" /> und <see cref="F:System.Runtime.Caching.ObjectCache.NoSlidingExpiration" /> festgelegt werden. Das tritt auf, da die <see cref="T:System.Runtime.Caching.MemoryCache" />-Klasse ablaufende Einträge auf Grundlage eines absoluten und gleitenden Ablaufs nicht unterstützt. Nur eine Ablaufeinstellung kann explizit festgelegt werden, wenn Sie die <see cref="T:System.Runtime.Caching.MemoryCache" />-Klasse verwenden. Die andere Einstellung muss auf <see cref="F:System.Runtime.Caching.ObjectCache.InfiniteAbsoluteExpiration" /> oder <see cref="F:System.Runtime.Caching.ObjectCache.NoSlidingExpiration" /> festgelegt werden. Wenn sowohl der Löschrückruf als auch der Updaterückruf für das <see cref="T:System.Runtime.Caching.CacheItemPolicy" />-Objekt angegeben werden. Die <see cref="T:System.Runtime.Caching.MemoryCache" />-Klasse unterstützt nur das Verwenden von einem Typ von Rückruf pro Cacheeintrag.</exception>
      <exception cref="T:System.ArgumentOutOfRangeException">Die <see cref="P:System.Runtime.Caching.CacheItemPolicy.SlidingExpiration" />-Eigenschaft wird auf einen Wert kleiner als <see cref="F:System.TimeSpan.Zero" /> festgelegt.  -oder- Die <see cref="P:System.Runtime.Caching.CacheItemPolicy.SlidingExpiration" />-Eigenschaft ist auf einen größeren Wert als ein Jahr festgelegt. -oder- Die <see cref="P:System.Runtime.Caching.CacheItemPolicy.Priority" />-Eigenschaft ist kein Wert der <see cref="T:System.Runtime.Caching.CacheItemPriority" />-Enumeration.</exception>
    </member>
    <member name="M:System.Runtime.Caching.MemoryCache.Set(System.String,System.Object,System.Runtime.Caching.CacheItemPolicy,System.String)">
      <summary>Fügt einen Cacheeintrag unter Verwendung eines Schlüssels, eines Werts und von Entfernungsdetails in den Cache ein.</summary>
      <param name="key">Ein eindeutiger Bezeichner für den einzufügenden Cacheeintrag.</param>
      <param name="value">Die Daten für den Cacheeintrag.</param>
      <param name="policy">Ein Objekt, das Entfernungsdetails für den Cacheeintrag enthält. Dieses Objekt stellt mehr Optionen für das Entfernen bereit als ein einfacher absoluter Ablauf.</param>
      <param name="regionName">Ein benannter Bereich im Cache, dem ein Cacheeintrag hinzugefügt werden kann. Übergeben Sie keinen Wert für diesen Parameter. Dieser Parameter ist standardmäßig null, da die <see cref="T:System.Runtime.Caching.MemoryCache" />-Klasse keine Bereiche implementiert.</param>
      <exception cref="T:System.ArgumentNullException">
        <paramref name="key" /> ist null. -oder- <paramref name="value" /> entspricht null -oder- Der Rückrufverweis, der in der <see cref="P:System.Runtime.Caching.CacheItemPolicy.UpdateCallback" />-Eigenschaft an die Hilfsmethode übergeben wurde, lautet null.</exception>
      <exception cref="T:System.ArgumentException">Eine ungültige Kombination der Argumente für den Cacheeintrag ist vorhanden. Dies tritt auf, wenn die folgenden Ablaufdetails für das Richtlinienobjekt für den Cacheeintrag festgelegt werden: Wenn die absoluten und gleitenden Ablaufzeitwerte des <see cref="T:System.Runtime.Caching.CacheItemPolicy" />-Objekts auf andere Werte als die Standards von <see cref="F:System.Runtime.Caching.ObjectCache.InfiniteAbsoluteExpiration" /> und <see cref="F:System.Runtime.Caching.ObjectCache.NoSlidingExpiration" /> festgelegt werden. Das liegt daran, dass die <see cref="T:System.Runtime.Caching.MemoryCache" />-Klasse ablaufende Einträge auf Grundlage eines absoluten und gleitenden Ablaufs nicht unterstützt. Nur eine Ablaufeinstellung kann explizit festgelegt werden, wenn Sie die <see cref="T:System.Runtime.Caching.MemoryCache" />-Klasse verwenden. Die andere Einstellung muss auf <see cref="F:System.Runtime.Caching.ObjectCache.InfiniteAbsoluteExpiration" /> oder <see cref="F:System.Runtime.Caching.ObjectCache.NoSlidingExpiration" /> festgelegt werden. Wenn sowohl der Löschrückruf als auch der Updaterückruf für die <see cref="T:System.Runtime.Caching.CacheItemPolicy" />-Klasse angegeben werden. Die <see cref="T:System.Runtime.Caching.MemoryCache" />-Klasse unterstützt nur das Verwenden von einem Typ von Rückruf pro Cacheeintrag.</exception>
      <exception cref="T:System.ArgumentOutOfRangeException">Die <see cref="P:System.Runtime.Caching.CacheItemPolicy.SlidingExpiration" />-Eigenschaft wird auf einen Wert kleiner als <see cref="F:System.TimeSpan.Zero" /> festgelegt.  -oder- Die <see cref="P:System.Runtime.Caching.CacheItemPolicy.SlidingExpiration" />-Eigenschaft ist auf einen größeren Wert als ein Jahr festgelegt. -oder- Die <see cref="P:System.Runtime.Caching.CacheItemPolicy.Priority" />-Eigenschaft ist kein Wert der <see cref="T:System.Runtime.Caching.CacheItemPriority" />-Enumeration.</exception>
      <exception cref="T:System.NotSupportedException">
        <paramref name="regionName " />hat nicht den Wert null.</exception>
    </member>
    <member name="M:System.Runtime.Caching.MemoryCache.System#Collections#IEnumerable#GetEnumerator">
      <summary>Stellt Unterstützung für eine Iteration durch eine generische Auflistung bereit.</summary>
      <returns>Das Enumeratorobjekt, das Zugriff auf die Einträge im Cache bietet.</returns>
    </member>
    <member name="M:System.Runtime.Caching.MemoryCache.Trim(System.Int32)">
      <summary>Entfernt einen angegebenen Prozentsatz von Cacheeinträgen aus dem Cacheobjekt.</summary>
      <returns>Die Anzahl von Einträgen, die aus dem Cache entfernt wurden.</returns>
      <param name="percent">Der Prozentsatz der gesamten Cacheeinträge, der entfernt werden soll.</param>
    </member>
    <member name="T:System.Runtime.Caching.ObjectCache">
      <summary>Stellt einen Objektcache dar und stellt die Basismethoden und Eigenschaften für den Zugriff auf den Objektcache bereit.</summary>
    </member>
    <member name="M:System.Runtime.Caching.ObjectCache.#ctor">
      <summary>Wird von Konstruktoren in abgeleiteten Klassen aufgerufen, um die <see cref="T:System.Runtime.Caching.ObjectCache" />-Klasse zu initialisieren.</summary>
    </member>
    <member name="M:System.Runtime.Caching.ObjectCache.Add(System.Runtime.Caching.CacheItem,System.Runtime.Caching.CacheItemPolicy)">
      <summary>Wenn diese Methode in einer abgeleiteten Klasse überschrieben wird, versucht sie, einen Cacheeintrag als <see cref="T:System.Runtime.Caching.CacheItem" />-Instanz in den Cache einzufügen, und fügt Details zur Entfernung des Eintrags hinzu.</summary>
      <returns>true, wenn der Eintrag eingefügt wird, oder false, wenn bereits ein Eintrag mit demselben Schlüssel wie <paramref name="item" /> im Cache vorhanden ist.</returns>
      <param name="item">Das hinzuzufügende Objekt.</param>
      <param name="policy">Ein Objekt, das Entfernungsdetails für den Cacheeintrag enthält. Dieses Objekt stellt mehr Optionen für das Entfernen bereit als ein einfacher absoluter Ablauf.</param>
    </member>
    <member name="M:System.Runtime.Caching.ObjectCache.Add(System.String,System.Object,System.DateTimeOffset,System.String)">
      <summary>Wenn diese Methode in einer abgeleiteten Klasse überschrieben wird, fügt sie einen Cacheeintrag in den Cache ein, ohne einen vorhandenen Cacheeintrag zu überschreiben.</summary>
      <returns>true, wenn der Eintrag eingefügt wird, oder false, wenn bereits ein Eintrag mit demselben Schlüssel wie <paramref name="key" /> im Cache vorhanden ist.</returns>
      <param name="key">Ein eindeutiger Bezeichner für den Cacheeintrag.</param>
      <param name="value">Das einzufügende Objekt.</param>
      <param name="absoluteExpiration">Das feste Datum und die Uhrzeit, an dem bzw. zu der der Cacheeintrag abläuft. Dieser Parameter ist erforderlich, wenn die <see cref="Overload:System.Runtime.Caching.ObjectCache.Add" />-Methode aufgerufen wird.</param>
      <param name="regionName">Dies ist optional. Ein benannter Bereich im Cache, dem der Cacheeintrag hinzugefügt werden kann, falls Bereiche implementiert werden. Da Bereiche in .NET Framework 4 nicht implementiert werden, ist der Standardwert null.</param>
    </member>
    <member name="M:System.Runtime.Caching.ObjectCache.Add(System.String,System.Object,System.Runtime.Caching.CacheItemPolicy,System.String)">
      <summary>Fügt beim Überschreiben in einer abgeleiteten Klasse einen Cacheeintrag im Cache ein und gibt Informationen darüber an, wie der Eintrag entfernt wird.</summary>
      <returns>true, wenn der Eintrag erfolgreich eingefügt wird, oder false, wenn bereits ein Eintrag mit demselben Schlüssel wie <paramref name="key" /> im Cache vorhanden ist.</returns>
      <param name="key">Ein eindeutiger Bezeichner für den Cacheeintrag.</param>
      <param name="value">Das einzufügende Objekt.</param>
      <param name="policy">Ein Objekt, das Entfernungsdetails für den Cacheeintrag enthält. Dieses Objekt stellt mehr Optionen für das Entfernen bereit als ein einfacher absoluter Ablauf.</param>
      <param name="regionName">Dies ist optional. Ein benannter Bereich im Cache, dem der Cacheeintrag hinzugefügt werden kann, falls Bereiche implementiert werden. Der Standardwert für den optionalen Parameter ist null.</param>
    </member>
    <member name="M:System.Runtime.Caching.ObjectCache.AddOrGetExisting(System.Runtime.Caching.CacheItem,System.Runtime.Caching.CacheItemPolicy)">
      <summary>Fügt beim Überschreiben in einer abgeleiteten Klasse das angegebene <see cref="T:System.Runtime.Caching.CacheItem" />-Objekt in den Cache ein und gibt Informationen darüber an, wie der Eintrag entfernt wird.</summary>
      <returns>Der angegebene Cacheeintrag, wenn ein Cacheeintrag mit demselben Schlüssel vorhanden ist, andernfalls null.</returns>
      <param name="value">Das einzufügende Objekt.</param>
      <param name="policy">Ein Objekt, das Entfernungsdetails für den Cacheeintrag enthält. Dieses Objekt stellt mehr Optionen für das Entfernen bereit als ein einfacher absoluter Ablauf.</param>
    </member>
    <member name="M:System.Runtime.Caching.ObjectCache.AddOrGetExisting(System.String,System.Object,System.DateTimeOffset,System.String)">
      <summary>Wenn diese Methode in einer abgeleiteten Klasse überschrieben wird, fügt sie einen Cacheeintrag unter Verwendung eines Schlüssels, eines Objekts für den Cacheeintrag, eines absoluten Ablaufwerts und eines optionalen Bereichs zum Hinzufügen des Caches in den Cache ein.</summary>
      <returns>Der Wert des angegebenen Cacheeintrags, wenn ein Cacheeintrag mit demselben Schlüssel vorhanden ist, andernfalls null.</returns>
      <param name="key">Ein eindeutiger Bezeichner für den Cacheeintrag.</param>
      <param name="value">Das einzufügende Objekt.</param>
      <param name="absoluteExpiration">Das feste Datum und die Uhrzeit, an dem bzw. zu der der Cacheeintrag abläuft.</param>
      <param name="regionName">Dies ist optional. Ein benannter Bereich im Cache, dem der Cacheeintrag hinzugefügt werden kann, falls Bereiche implementiert werden. Der Standardwert für den optionalen Parameter ist null.</param>
    </member>
    <member name="M:System.Runtime.Caching.ObjectCache.AddOrGetExisting(System.String,System.Object,System.Runtime.Caching.CacheItemPolicy,System.String)">
      <summary>Wenn diese Methode in einer abgeleiteten Klasse überschrieben wird, fügt einen Cacheeintrag mit einem angegebenen Schlüssel und Wert für den Cacheeintrag sowie Informationen zur Entfernung in den Cache ein.</summary>
      <returns>Der Wert des angegebenen Cacheeintrags, wenn ein Cacheeintrag mit demselben Schlüssel vorhanden ist, andernfalls null.</returns>
      <param name="key">Ein eindeutiger Bezeichner für den Cacheeintrag.</param>
      <param name="value">Das einzufügende Objekt.</param>
      <param name="policy">Ein Objekt, das Entfernungsdetails für den Cacheeintrag enthält. Dieses Objekt stellt mehr Optionen für das Entfernen bereit als ein einfacher absoluter Ablauf.</param>
      <param name="regionName">Dies ist optional. Ein benannter Bereich im Cache, dem der Cacheeintrag hinzugefügt werden kann, falls Bereiche implementiert werden. Der Standardwert für den optionalen Parameter ist null.</param>
    </member>
    <member name="M:System.Runtime.Caching.ObjectCache.Contains(System.String,System.String)">
      <summary>Wenn diese Methode in einer abgeleiteten Klasse überschrieben wird, überprüft sie, ob der Cacheeintrag bereits im Cache vorhanden ist.</summary>
      <returns>true, wenn der Cache einen Cacheeintrag mit demselben Schlüsselwert wie <paramref name="key" /> enthält, andernfalls false.</returns>
      <param name="key">Ein eindeutiger Bezeichner für den Cacheeintrag.</param>
      <param name="regionName">Dies ist optional. Ein benannter Bereich im Cache, in dem sich der Cacheeintrag möglicherweise befindet, falls Bereiche implementiert werden. Der Standardwert für den optionalen Parameter ist null.</param>
    </member>
    <member name="M:System.Runtime.Caching.ObjectCache.CreateCacheEntryChangeMonitor(System.Collections.Generic.IEnumerable{System.String},System.String)">
      <summary>Wenn diese Methode in einer abgeleiteten Klasse überschrieben wird, erstellt sie ein <see cref="T:System.Runtime.Caching.CacheEntryChangeMonitor" />-Objekt, das Ereignisse auslösen kann, wenn Änderungen an angegebenen Cacheeinträgen vorgenommen werden.</summary>
      <returns>Eine Änderungsüberwachung, die Cacheeinträge im Cache überwacht.</returns>
      <param name="keys">Die eindeutigen Bezeichner für die zu überwachenden Cacheeinträge.</param>
      <param name="regionName">Dies ist optional. Ein benannter Bereich im Cache, in dem sich die Cacheschlüssel im <paramref name="keys" />-Parameter befinden, falls Bereiche implementiert werden. Der Standardwert für den optionalen Parameter ist null.</param>
    </member>
    <member name="P:System.Runtime.Caching.ObjectCache.DefaultCacheCapabilities">
      <summary>Wenn diese Methode in einer abgeleiteten Klasse überschrieben wird, ruft sie eine Beschreibung der Funktionen ab, die von einer Cacheimplementierung bereitgestellt werden.</summary>
      <returns>Eine bitweise Kombination von Flags, die die Standardfunktionen einer Cacheimplementierung angeben.</returns>
    </member>
    <member name="M:System.Runtime.Caching.ObjectCache.Get(System.String,System.String)">
      <summary>Wenn diese Methode in einer abgeleiteten Klasse überschrieben wird, ruft sie den angegebenen Cacheeintrag als Objekt aus dem Cache ab.</summary>
      <returns>Der Cacheeintrag, der von <paramref name="key" /> identifiziert wird.</returns>
      <param name="key">Ein eindeutiger Bezeichner für den Cacheeintrag, der abgerufen werden soll.</param>
      <param name="regionName">Dies ist optional. Ein benannter Bereich im Cache, dem der Cacheeintrag hinzugefügt wurde, falls Bereiche implementiert werden. Der Standardwert für den optionalen Parameter ist null.</param>
    </member>
    <member name="M:System.Runtime.Caching.ObjectCache.GetCacheItem(System.String,System.String)">
      <summary>Wenn diese Methode in einer abgeleiteten Klasse überschrieben wird, ruft sie den angegebenen Cacheeintrag als <see cref="T:System.Runtime.Caching.CacheItem" />-Instanz aus dem Cache ab.</summary>
      <returns>Der Cacheeintrag, der von <paramref name="key" /> identifiziert wird.</returns>
      <param name="key">Ein eindeutiger Bezeichner für den Cacheeintrag, der abgerufen werden soll.</param>
      <param name="regionName">Dies ist optional. Ein benannter Bereich im Cache, dem der Cacheeintrag hinzugefügt wurde, falls Bereiche implementiert werden. Da Bereiche in .NET Framework 4 nicht implementiert werden, ist der Standardwert null.</param>
    </member>
    <member name="M:System.Runtime.Caching.ObjectCache.GetCount(System.String)">
      <summary>Wenn diese Methode in einer abgeleiteten Klasse überschrieben wird, ruft sie die Gesamtanzahl von Cacheeinträgen im Cache ab.</summary>
      <returns>Die Anzahl von Cacheeinträgen im Cache. Wenn <paramref name="regionName" /> nicht null ist, gibt dieser Wert die Anzahl von Einträgen im angegebenen Cachebereich an.</returns>
      <param name="regionName">Dies ist optional. Ein benannter Bereich im Cache, für den die Cacheeintragsanzahl berechnet werden soll, falls Bereiche implementiert werden. Der Standardwert für den optionalen Parameter ist null.</param>
    </member>
    <member name="M:System.Runtime.Caching.ObjectCache.GetEnumerator">
      <summary>Wenn diese Methode in einer abgeleiteten Klasse überschrieben wird, erstellt sie einen Enumerator, mit dem eine Auflistung von Cacheeinträgen durchlaufen werden kann.</summary>
      <returns>Das Enumeratorobjekt, das Zugriff auf die Cacheeinträge im Cache bietet.</returns>
    </member>
    <member name="M:System.Runtime.Caching.ObjectCache.GetValues(System.Collections.Generic.IEnumerable{System.String},System.String)">
      <summary>Wenn diese Methode in einer abgeleiteten Klasse überschrieben wird, ruft sie einen Satz von Cacheeinträgen ab, die den angegebenen Schlüsseln entsprechen.</summary>
      <returns>Ein Wörterbuch von Schlüssel-Wert-Paaren, die Cacheeinträge darstellen.</returns>
      <param name="keys">Eine Auflistung von eindeutigen Bezeichnern für die abzurufenden Cacheeinträge.</param>
      <param name="regionName">Dies ist optional. Ein benannter Bereich im Cache, dem der Cacheeintrag oder die Einträge hinzugefügt werden können, falls Bereiche implementiert werden. Der Standardwert für den optionalen Parameter ist null.</param>
    </member>
    <member name="M:System.Runtime.Caching.ObjectCache.GetValues(System.String,System.String[])">
      <summary>Ruft einen Satz von Cacheeinträgen ab, die den angegebenen Schlüsseln entsprechen.</summary>
      <returns>Ein Wörterbuch von Schlüssel-Wert-Paaren, die Cacheeinträge darstellen.</returns>
      <param name="regionName">Dies ist optional. Ein benannter Bereich im Cache, dem der Cacheeintrag oder die Einträge hinzugefügt werden können, falls Bereiche implementiert werden. Da Bereiche in .NET Framework 4 nicht implementiert werden, ist der Standardwert null.</param>
      <param name="keys">Eine Auflistung von eindeutigen Bezeichnern für die abzurufenden Cacheeinträge.</param>
    </member>
    <member name="P:System.Runtime.Caching.ObjectCache.Host">
      <summary>Ruft einen Verweis auf eine verwaltete Hostumgebung ab, die für <see cref="T:System.Runtime.Caching.ObjectCache" />-Implementierungen verfügbar ist und hostspezifische Dienste für <see cref="T:System.Runtime.Caching.ObjectCache" />-Implementierungen bereitstellen kann, oder legt diesen fest.</summary>
      <returns>Ein Verweis auf eine cachefähige verwaltete Hostumgebung.</returns>
      <exception cref="T:System.ArgumentNullException">Der Wert, der der Eigenschaft zugewiesen wird, ist null.</exception>
      <exception cref="T:System.InvalidOperationException">Es wurde versucht, den Eigenschaftenwert mehrmals festzulegen.</exception>
    </member>
    <member name="F:System.Runtime.Caching.ObjectCache.InfiniteAbsoluteExpiration">
      <summary>Ruft einen Wert ab, der angibt, dass ein Cacheeintrag keinen absoluten Ablauf hat.</summary>
      <returns>Ein Datums-/Uhrzeitwert, der auf den maximal möglichen Wert festgelegt ist.</returns>
    </member>
    <member name="P:System.Runtime.Caching.ObjectCache.Item(System.String)">
      <summary>Ruft den Standardindexer für die <see cref="T:System.Runtime.Caching.ObjectCache" />-Klasse ab oder legt diesen fest.</summary>
      <returns>Ein Schlüssel, der als Indexer in der Cacheinstanz dient.</returns>
      <param name="key">Ein eindeutiger Bezeichner für einen Cacheeintrag im Cache.</param>
    </member>
    <member name="P:System.Runtime.Caching.ObjectCache.Name">
      <summary>Ruft den Namen einer bestimmten <see cref="T:System.Runtime.Caching.ObjectCache" />-Instanz ab.</summary>
      <returns>Der Name einer bestimmten Cacheinstanz.</returns>
    </member>
    <member name="F:System.Runtime.Caching.ObjectCache.NoSlidingExpiration">
      <summary>Gibt an, dass ein Cacheeintrag keine gleitende Ablaufzeit hat.</summary>
      <returns>Ein Zeitdauerwert, der auf 0 (null) festgelegt ist.</returns>
    </member>
    <member name="M:System.Runtime.Caching.ObjectCache.Remove(System.String,System.String)">
      <summary>Wenn diese Methode in einer abgeleiteten Klasse überschrieben wird, entfernt sie den Cacheeintrag aus dem Cache.</summary>
      <returns>Ein Objekt, das den Wert des entfernten, vom Schlüssel angegebenen Cacheeintrags darstellt, oder null, wenn der angegebene Eintrag nicht gefunden wurde.</returns>
      <param name="key">Ein eindeutiger Bezeichner für den Cacheeintrag.</param>
      <param name="regionName">Dies ist optional. Ein benannter Bereich im Cache, dem der Cacheeintrag hinzugefügt wurde, falls Bereiche implementiert werden. Der Standardwert für den optionalen Parameter ist null.</param>
    </member>
    <member name="M:System.Runtime.Caching.ObjectCache.Set(System.Runtime.Caching.CacheItem,System.Runtime.Caching.CacheItemPolicy)">
      <summary>Fügt beim Überschreiben in einer abgeleiteten Klasse den Cacheeintrag als <see cref="T:System.Runtime.Caching.CacheItem" />-Instanz im Cache ein und gibt Informationen darüber an, wie der Eintrag entfernt wird.</summary>
      <param name="item">Das hinzuzufügende Cacheelement.</param>
      <param name="policy">Ein Objekt, das Entfernungsdetails für den Cacheeintrag enthält. Dieses Objekt stellt mehr Optionen für das Entfernen bereit als ein einfacher absoluter Ablauf.</param>
    </member>
    <member name="M:System.Runtime.Caching.ObjectCache.Set(System.String,System.Object,System.DateTimeOffset,System.String)">
      <summary>Wenn diese Methode in einer abgeleiteten Klasse überschrieben wird, fügt sie einen Cacheeintrag in den Cache ein und gibt zeitbasierte Ablaufdetails an.</summary>
      <param name="key">Ein eindeutiger Bezeichner für den Cacheeintrag.</param>
      <param name="value">Das einzufügende Objekt.</param>
      <param name="absoluteExpiration">Das feste Datum und die Uhrzeit, an dem bzw. zu der der Cacheeintrag abläuft.</param>
      <param name="regionName">Dies ist optional. Ein benannter Bereich im Cache, dem der Cacheeintrag hinzugefügt werden kann, falls Bereiche implementiert werden. Der Standardwert für den optionalen Parameter ist null.</param>
    </member>
    <member name="M:System.Runtime.Caching.ObjectCache.Set(System.String,System.Object,System.Runtime.Caching.CacheItemPolicy,System.String)">
      <summary>Wenn diese Methode in einer abgeleiteten Klasse überschrieben wird, fügt sie einen Cacheeintrag in den Cache ein.</summary>
      <param name="key">Ein eindeutiger Bezeichner für den Cacheeintrag.</param>
      <param name="value">Das einzufügende Objekt.</param>
      <param name="policy">Ein Objekt, das Entfernungsdetails für den Cacheeintrag enthält. Dieses Objekt stellt mehr Optionen für das Entfernen bereit als ein einfacher absoluter Ablauf.</param>
      <param name="regionName">Dies ist optional. Ein benannter Bereich im Cache, dem der Cacheeintrag hinzugefügt werden kann, falls Bereiche implementiert werden. Der Standardwert für den optionalen Parameter ist null.</param>
    </member>
    <member name="M:System.Runtime.Caching.ObjectCache.System#Collections#Generic#IEnumerable{T}#GetEnumerator">
      <summary>Unterstützt die Iteration für eine stark typisierte Auflistung.</summary>
      <returns>Das Enumeratorobjekt, das Zugriff auf die Cacheeinträge im Cache bietet.</returns>
    </member>
    <member name="M:System.Runtime.Caching.ObjectCache.System#Collections#IEnumerable#GetEnumerator">
      <summary>Unterstützt die Iteration durch eine generische Auflistung.</summary>
      <returns>Das Enumeratorobjekt, das Zugriff auf die Elemente im Cache bietet.</returns>
    </member>
    <member name="T:System.Runtime.Caching.OnChangedCallback">
      <summary>Definiert einen Verweis auf eine Methode, die Änderungen an überwachten Elementen behandelt.</summary>
      <param name="state">Der Zustand des abhängigen Objekts, das geändert wurde.</param>
    </member>
    <member name="T:System.Runtime.Caching.SqlChangeMonitor">
      <summary>Stellt eine Änderungsüberwachung für SQL Server-Datenbanken bereit. Diese Klasse kann nicht vererbt werden.</summary>
    </member>
    <member name="M:System.Runtime.Caching.SqlChangeMonitor.#ctor(System.Data.SqlClient.SqlDependency)">
      <summary>Initialisiert eine neue Instanz der <see cref="T:System.Runtime.Caching.SqlChangeMonitor" />-Klasse.</summary>
      <param name="dependency">Ein Objekt, das ein <see cref="T:System.Data.SqlClient.SqlDependency" />-ADO.NET-Objekt darstellt.</param>
      <exception cref="T:System.ArgumentNullException">
        <paramref name="dependency" /> ist null.</exception>
    </member>
    <member name="P:System.Runtime.Caching.SqlChangeMonitor.UniqueId">
      <summary>Ruft einen Bezeichner für eine <see cref="T:System.Runtime.Caching.SqlChangeMonitor" />-Instanz ab.</summary>
      <returns>Ein Bezeichner für die Änderungsüberwachung.</returns>
    </member>
    <member name="T:System.Runtime.Caching.Configuration.CachingSectionGroup">
      <summary>Definiert einen Konfigurationsabschnitt für .NET Framework-Zwischenspeicherung. Diese Klasse kann nicht vererbt werden.</summary>
    </member>
    <member name="M:System.Runtime.Caching.Configuration.CachingSectionGroup.#ctor">
      <summary>Initialisiert eine neue Instanz der <see cref="T:System.Runtime.Caching.Configuration.CachingSectionGroup" />-Klasse.</summary>
    </member>
    <member name="P:System.Runtime.Caching.Configuration.CachingSectionGroup.MemoryCaches">
      <summary>Ruft die Auflistung von <see cref="T:System.Runtime.Caching.Configuration.MemoryCacheElement" />-Objekten ab.</summary>
      <returns>Die Auflistung von Cacheabschnittsobjekten.</returns>
    </member>
    <member name="T:System.Runtime.Caching.Configuration.MemoryCacheElement">
      <summary>Definiert ein Element, das verwendet wird, um einen auf der <see cref="T:System.Runtime.Caching.MemoryCache" />-Klasse basierenden Cache zu konfigurieren. Diese Klasse kann nicht vererbt werden.</summary>
    </member>
    <member name="M:System.Runtime.Caching.Configuration.MemoryCacheElement.#ctor(System.String)">
      <summary>Initialisiert eine neue Instanz der <see cref="T:System.Runtime.Caching.Configuration.MemoryCacheElement" />-Klasse.</summary>
      <param name="name">Der eindeutige Name für eine bestimmte Cachekonfiguration.</param>
    </member>
    <member name="P:System.Runtime.Caching.Configuration.MemoryCacheElement.CacheMemoryLimitMegabytes">
      <summary>Ruft die maximale Speichergröße in Megabytes ab, auf die eine Instanz eines <see cref="T:System.Runtime.Caching.MemoryCache" />-Objekts anwachsen kann, oder legt diese fest.</summary>
      <returns>Der maximale Speicherplatz in Megabytes. Der Standard ist 0 (null), wodurch angegeben wird, dass <see cref="T:System.Runtime.Caching.MemoryCache" />-Instanzen den eigenen Arbeitsspeicher auf Grundlage des auf dem Computer installierten Arbeitsspeichers verwalten.</returns>
    </member>
    <member name="P:System.Runtime.Caching.Configuration.MemoryCacheElement.Name">
      <summary>Ruft den Namen einer bestimmten Cachekonfiguration ab oder legt ihn fest.</summary>
      <returns>Der Name einer Cachekonfiguration.</returns>
    </member>
    <member name="P:System.Runtime.Caching.Configuration.MemoryCacheElement.PhysicalMemoryLimitPercentage">
      <summary>Ruft den Prozentsatz des Serverarbeitsspeichers, der vom Cache verwendet werden kann, ab oder legt ihn fest.</summary>
      <returns>Der Prozentsatz des physikalischen Speichers, der vom Cache verwendet werden kann, als ganze Zahl zwischen 1 und 100. Der Standard ist 0 (null), wodurch angegeben wird, dass <see cref="T:System.Runtime.Caching.MemoryCache" />-Instanzen den eigenen Arbeitsspeicher auf Grundlage des auf dem Computer installierten Arbeitsspeichers verwalten.</returns>
    </member>
    <member name="P:System.Runtime.Caching.Configuration.MemoryCacheElement.PollingInterval">
      <summary>Ruft einen Wert ab, der das Zeitintervall angibt, nach dem die Cacheimplementierung die aktuelle Arbeitsspeicherlast mit den absoluten und prozentualen Arbeitsspeicherlimits vergleicht, die für die Cacheinstanz festgelegt sind, oder legt diesen fest.</summary>
      <returns>Das Zeitintervall, nach dem die Cacheimplementierung die aktuelle Arbeitsspeicherlast mit den absoluten und prozentualen Arbeitsspeicherlimits vergleicht, die für die Cacheinstanz festgelegt sind. Der Standardwert ist zwei Minuten. Der Standardwert ist 2 Minuten.</returns>
    </member>
    <member name="T:System.Runtime.Caching.Configuration.MemoryCacheSection">
      <summary>Definiert einen Konfigurationsabschnitt für einen Cache auf Grundlage der <see cref="T:System.Runtime.Caching.MemoryCache" />-Klasse. Diese Klasse kann nicht vererbt werden.</summary>
    </member>
    <member name="M:System.Runtime.Caching.Configuration.MemoryCacheSection.#ctor">
      <summary>Initialisiert eine neue Instanz der <see cref="T:System.Runtime.Caching.Configuration.MemoryCacheSection" />-Klasse.</summary>
    </member>
    <member name="P:System.Runtime.Caching.Configuration.MemoryCacheSection.NamedCaches">
      <summary>Ruft die Auflistung der Konfigurationseinstellungen für die benannten <see cref="T:System.Runtime.Caching.MemoryCache" />-Instanzen ab.</summary>
      <returns>Eine Auflistung von Einstellungen für jeden benannten Cache.</returns>
    </member>
    <member name="T:System.Runtime.Caching.Configuration.MemoryCacheSettingsCollection">
      <summary>Stellt eine Auflistung von <see cref="T:System.Runtime.Caching.Configuration.MemoryCacheSettingsCollection" />-Elementen dar. Diese Klasse kann nicht vererbt werden.</summary>
    </member>
    <member name="M:System.Runtime.Caching.Configuration.MemoryCacheSettingsCollection.#ctor">
      <summary>Initialisiert eine neue Instanz der <see cref="T:System.Runtime.Caching.Configuration.MemoryCacheSettingsCollection" />-Klasse.</summary>
    </member>
    <member name="M:System.Runtime.Caching.Configuration.MemoryCacheSettingsCollection.Add(System.Runtime.Caching.Configuration.MemoryCacheElement)">
      <summary>Fügt der <see cref="T:System.Runtime.Caching.Configuration.MemoryCacheSettingsCollection" />-Auflistung das angegebene Cachekonfigurationselement hinzu.</summary>
      <param name="cache">Das hinzuzufügende Konfigurationselement des Arbeitsspeichercache.</param>
    </member>
    <member name="M:System.Runtime.Caching.Configuration.MemoryCacheSettingsCollection.Clear">
      <summary>Löscht alle Elemente aus der <see cref="T:System.Runtime.Caching.Configuration.MemoryCacheSettingsCollection" />-Auflistung.</summary>
    </member>
    <member name="P:System.Runtime.Caching.Configuration.MemoryCacheSettingsCollection.CollectionType">
      <summary>Ruft den Typ der Konfigurationsauflistung ab.</summary>
      <returns>Der Typ der Auflistung.</returns>
    </member>
    <member name="M:System.Runtime.Caching.Configuration.MemoryCacheSettingsCollection.IndexOf(System.Runtime.Caching.Configuration.MemoryCacheElement)">
      <summary>Ruft den Index des angegebenen Cachekonfigurationselements in der <see cref="T:System.Runtime.Caching.Configuration.MemoryCacheSettingsCollection" />-Auflistung ab.</summary>
      <returns>Der Index des Konfigurationselements des Arbeitsspeichers.</returns>
      <param name="cache">Das Cachekonfigurationselement, für das der Index abgerufen werden soll.</param>
    </member>
    <member name="P:System.Runtime.Caching.Configuration.MemoryCacheSettingsCollection.Item(System.Int32)">
      <summary>Ruft das <see cref="T:System.Runtime.Caching.Configuration.MemoryCacheElement" />-Element mit dem angegebenen Index ab.</summary>
      <returns>Das Element am angegebenen Index.</returns>
      <param name="index">Der nullbasierte Index des Elements in der Auflistung.</param>
    </member>
    <member name="P:System.Runtime.Caching.Configuration.MemoryCacheSettingsCollection.Item(System.String)">
      <summary>Ruft das <see cref="T:System.Runtime.Caching.Configuration.MemoryCacheElement" />-Element mit dem angegebenen Schlüssel ab.</summary>
      <returns>Das Element mit dem angegebenen Schlüssel.</returns>
      <param name="key">Ein eindeutiger Bezeichner für das Element.</param>
    </member>
    <member name="M:System.Runtime.Caching.Configuration.MemoryCacheSettingsCollection.Remove(System.Runtime.Caching.Configuration.MemoryCacheElement)">
      <summary>Entfernt das angegebene Cachekonfigurationselement aus der <see cref="T:System.Runtime.Caching.Configuration.MemoryCacheSettingsCollection" />-Klasse.</summary>
      <param name="cache">Das zu entfernende Konfigurationselement des Arbeitsspeichercache.</param>
    </member>
    <member name="M:System.Runtime.Caching.Configuration.MemoryCacheSettingsCollection.RemoveAt(System.Int32)">
      <summary>Entfernt das Cachekonfigurationselement an der angegebenen Position in der <see cref="T:System.Runtime.Caching.Configuration.MemoryCacheSettingsCollection" />-Klasse.</summary>
      <param name="index">Der nullbasierte Index, bei dem das Konfigurationselement des Arbeitsspeichercache entfernt werden soll.</param>
    </member>
    <member name="T:System.Runtime.Caching.Hosting.IApplicationIdentifier">
      <summary>Definiert einen Bezeichner für Anwendungsdomänen, die von einer Cacheimplementierung zur Interaktion mit einer Hostumgebung verwendet werden können.</summary>
    </member>
    <member name="M:System.Runtime.Caching.Hosting.IApplicationIdentifier.GetApplicationId">
      <summary>Ruft einen Bezeichner für eine Anwendungsdomäne ab.</summary>
      <returns>Ein eindeutiger Bezeichner für die aktuelle Anwendungsdomäne.</returns>
    </member>
    <member name="T:System.Runtime.Caching.Hosting.IFileChangeNotificationSystem">
      <summary>Definiert eine Möglichkeit, ein benutzerdefiniertes <see cref="T:System.Runtime.Caching.FileChangeMonitor" />-Objekt für eine Cacheimplementierung verfügbar zu machen.</summary>
    </member>
    <member name="M:System.Runtime.Caching.Hosting.IFileChangeNotificationSystem.StartMonitoring(System.String,System.Runtime.Caching.OnChangedCallback,System.Object@,System.DateTimeOffset@,System.Int64@)">
      <summary>Registriert einen zu überwachenden Dateipfad bei der Hostumgebung.</summary>
      <param name="filePath">Der vollqualifizierte physische Pfad eines Verzeichnisses oder einer Datei, das bzw. die auf Änderungen überwacht werden soll.</param>
      <param name="onChangedCallback">Ein Verweis auf eine Methode, die den <see cref="T:System.Runtime.Caching.OnChangedCallback" />-Delegaten implementiert. Bei einer Änderung der überwachten Datei oder des überwachten Verzeichnisses löst die Implementierung der <see cref="T:System.Runtime.Caching.Hosting.IFileChangeNotificationSystem" />-Schnittstelle der Hostumgebung ein Ereignis aus, indem die <see cref="T:System.Runtime.Caching.OnChangedCallback" />-Klasse aufgerufen wird.</param>
      <param name="state">Der Zustand, der von der Hostumgebung bereitgestellt wird. Cacheimplementierungen und benutzerdefinierte Änderungsmonitore sollten den Zustandswert als transparent behandeln. Der Zustand muss jedoch gespeichert werden, damit er an die Hostumgebung gesendet werden kann, wenn die <see cref="M:System.Runtime.Caching.Hosting.IFileChangeNotificationSystem.StopMonitoring(System.String,System.Object)" />-Methode von der Cacheimplementierung aufgerufen wird.</param>
      <param name="lastWriteTime">Enthält nach der Beendigung dieser Methode das Datum und die Uhrzeit des letzten Schreibvorgangs in <paramref name="filePath" />. Dieser Parameter wird nicht initialisiert übergeben. Dieser Parameter wird von der Hostumgebung zurückgegeben.</param>
      <param name="fileSize">Enthält nach der Beendigung dieser Methode die Gesamtgröße des überwachten <paramref name="filePath" />. Dieser Parameter wird nicht initialisiert übergeben. Dieser Parameter wird von der Hostumgebung zurückgegeben.</param>
    </member>
    <member name="M:System.Runtime.Caching.Hosting.IFileChangeNotificationSystem.StopMonitoring(System.String,System.Object)">
      <summary>Beendet die Überwachung auf Änderungen.</summary>
      <param name="filePath">Der Pfad der Datei oder des Ordners, die bzw. der nicht mehr überwacht werden soll. Dies sollte mit dem Dateipfadwert übereinstimmen, der in einem früheren Aufruf der <see cref="M:System.Runtime.Caching.Hosting.IFileChangeNotificationSystem.StartMonitoring(System.String,System.Runtime.Caching.OnChangedCallback,System.Object@,System.DateTimeOffset@,System.Int64@)" />-Methode übergeben wurde.</param>
      <param name="state">Die Zustandsinformationen, die während eines früheren Aufrufs der <see cref="M:System.Runtime.Caching.Hosting.IFileChangeNotificationSystem.StartMonitoring(System.String,System.Runtime.Caching.OnChangedCallback,System.Object@,System.DateTimeOffset@,System.Int64@)" />-Methode ursprünglich von der Hostumgebung angegeben wurden.</param>
    </member>
    <member name="T:System.Runtime.Caching.Hosting.IMemoryCacheManager">
      <summary>Definiert eine Schnittstelle, die ein Cache verwendet, um die Cachespeicherverwendung einer Hostumgebung mitzuteilen.</summary>
    </member>
    <member name="M:System.Runtime.Caching.Hosting.IMemoryCacheManager.ReleaseCache(System.Runtime.Caching.MemoryCache)">
      <summary>Entfernt alle Verweise auf einen Cache in der Hostumgebung.</summary>
      <param name="cache">Ein Verweis auf den Cache.</param>
    </member>
    <member name="M:System.Runtime.Caching.Hosting.IMemoryCacheManager.UpdateCacheSize(System.Int64,System.Runtime.Caching.MemoryCache)">
      <summary>Meldet die Größe des aktuellen Caches.</summary>
      <param name="size">Die Größe des vom Cache belegten Speicherplatzes in Bytes.</param>
      <param name="cache">Ein Verweis auf den Cache.</param>
    </member>
  </members>
</doc>