﻿<?xml version="1.0" encoding="utf-8"?>
<doc>
  <assembly>
    <name>System.Device</name>
  </assembly>
  <members>
    <member name="T:System.Device.Location.CivicAddress">
      <summary>Stellt eine Adresse dar. Eine Adresse kann Felder wie Straße, Postleitzahl, Bundesland/Kanton und Land oder Region beinhalten.</summary>
    </member>
    <member name="M:System.Device.Location.CivicAddress.#ctor">
      <summary>Initialisiert eine neue Instanz der <see cref="T:System.Device.Location.CivicAddress" />-Klasse.</summary>
    </member>
    <member name="M:System.Device.Location.CivicAddress.#ctor(System.String,System.String,System.String,System.String,System.String,System.String,System.String,System.String)">
      <summary>Initialisiert eine neue Instanz der <see cref="T:System.Device.Location.CivicAddress" />-Klasse mit Adressinformationen.</summary>
      <param name="addressLine1">Eine Zeichenfolge, die die erste Zeile der Anschrift enthält.</param>
      <param name="addressLine2">Eine Zeichenfolge, die die zweite Zeile der Anschrift enthält.</param>
      <param name="building">Eine Zeichenfolge, die den Gebäudenamen bzw. die Hausnummer enthält.</param>
      <param name="city">Eine Zeichenfolge, die die Stadt enthält.</param>
      <param name="countryRegion">Eine Zeichenfolge, die das Land oder die Region enthält.</param>
      <param name="floorLevel">Eine Zeichenfolge, die die Etage enthält.</param>
      <param name="postalCode">Eine Zeichenfolge, die die Postleitzahl enthält.</param>
      <param name="stateProvince">Eine Zeichenfolge, die das Bundesland bzw. den Kanton enthält.</param>
      <exception cref="T:System.ArgumentException">Mindestens ein Parameter muss eine nicht leere Zeichenfolge sein.</exception>
    </member>
    <member name="P:System.Device.Location.CivicAddress.AddressLine1">
      <summary>Ruft die erste Zeile der Adresse ab oder legt diese fest.</summary>
      <returns>Gibt die erste Zeile der Adresse zurück. Falls die Daten nicht vorhanden sind, wird <see cref="F:System.String.Empty" /> zurückgegeben.</returns>
    </member>
    <member name="P:System.Device.Location.CivicAddress.AddressLine2">
      <summary>Ruft die zweite Zeile der Adresse ab oder legt diese fest.</summary>
      <returns>Gibt die zweite Zeile der Adresse zurück. Wenn die Daten nicht vorhanden sind, wird <see cref="F:System.String.Empty." /> zurückgegeben.</returns>
    </member>
    <member name="P:System.Device.Location.CivicAddress.Building">
      <summary>Ruft den Gebäudenamen bzw. die Hausnummer ab oder legt diese Angabe fest.</summary>
      <returns>Gibt den Gebäudenamen bzw. die Hausnummer zurück. Falls die Daten nicht vorhanden sind, wird <see cref="F:System.String.Empty" /> zurückgegeben.</returns>
    </member>
    <member name="P:System.Device.Location.CivicAddress.City">
      <summary>Ruft den Namen der Stadt ab oder legt diesen fest.</summary>
      <returns>Gibt den Namen des Orts zurück. Falls die Daten nicht vorhanden sind, wird <see cref="F:System.String.Empty" /> zurückgegeben.</returns>
    </member>
    <member name="P:System.Device.Location.CivicAddress.CountryRegion">
      <summary>Ruft das Land oder die Region der Position ab bzw. legt diese Angabe fest.</summary>
      <returns>Gibt den Code für das Land oder die Region zurück. Falls die Daten nicht vorhanden sind, wird <see cref="F:System.String.Empty" /> zurückgegeben.</returns>
    </member>
    <member name="P:System.Device.Location.CivicAddress.FloorLevel">
      <summary>Ruft die Etage im Gebäude ab oder legt diese fest.</summary>
      <returns>Gibt eine Zeichenfolge zurück, die die Etage enthält. Falls die Daten nicht vorhanden sind, wird <see cref="F:System.String.Empty" /> zurückgegeben.</returns>
    </member>
    <member name="P:System.Device.Location.CivicAddress.IsUnknown">
      <summary>Ruft einen Wert ab, der angibt, ob das <see cref="T:System.Device.Location.CivicAddress" /> Daten enthält.</summary>
      <returns>true, wenn die <see cref="T:System.Device.Location.CivicAddress" /> und <see cref="F:System.Device.Location.CivicAddress.Unknown" /> gleich sind, andernfalls false.</returns>
    </member>
    <member name="P:System.Device.Location.CivicAddress.PostalCode">
      <summary>Ruft die Postleitzahl der Position ab oder legt diese fest.</summary>
      <returns>Gibt die Postleitzahl der Position zurück. Falls die Daten nicht vorhanden sind, wird <see cref="F:System.String.Empty" /> zurückgegeben.</returns>
    </member>
    <member name="P:System.Device.Location.CivicAddress.StateProvince">
      <summary>Ruft das Bundesland bzw. den Kanton der Position oder legt diese Angabe fest.</summary>
      <returns>Gibt das Bundesland bzw. den Kanton der Position zurück. Falls die Daten nicht vorhanden sind, wird <see cref="F:System.String.Empty" /> zurückgegeben.</returns>
    </member>
    <member name="F:System.Device.Location.CivicAddress.Unknown">
      <summary>Stellt ein <see cref="T:System.Device.Location.CivicAddress" /> dar, das keine Daten enthält.</summary>
    </member>
    <member name="T:System.Device.Location.CivicAddressResolver">
      <summary>Stellt Funktionen zum Auflösen einer mit Koordinaten angegebenen Position in eine Anschrift bereit.</summary>
    </member>
    <member name="M:System.Device.Location.CivicAddressResolver.#ctor">
      <summary>Initialisiert eine neue Instanz der <see cref="T:System.Device.Location.CivicAddressResolver" />-Klasse.</summary>
    </member>
    <member name="M:System.Device.Location.CivicAddressResolver.ResolveAddress(System.Device.Location.GeoCoordinate)">
      <summary>Löst eine Position synchron auf der Grundlage der Breiten- und Längenkoordinaten in eine Anschrift auf. Dieser Aufruf blockiert die Ausführung des aufrufenden Threads, während die Adresse aufgelöst wird.</summary>
      <returns>Die aus dem <paramref name="coordinate" />-Parameter aufgelöste Anschrift. Wenn die Adresse nicht aufgelöst werden kann, wird <see cref="F:System.Device.Location.CivicAddress.Unknown" /> zurückgegeben.</returns>
      <param name="coordinate">Die <see cref="T:System.Device.Location.GeoCoordinate" />, die die Position enthält, die in eine Anschrift aufgelöst werden soll.</param>
      <exception cref="T:System.ArgumentNullException">
        <paramref name="coordinate" /> ist null.</exception>
      <exception cref="T:System.ArgumentException">
        <paramref name="coordinate" /> enthält keine gültige Breite und Länge.</exception>
    </member>
    <member name="M:System.Device.Location.CivicAddressResolver.ResolveAddressAsync(System.Device.Location.GeoCoordinate)">
      <summary>Löst eine auf Breiten- und Längenkoordinaten beruhende Position asynchron in eine Adresse auf. Der Aufruf blockiert keine Ausführung des aufrufenden Threads, während die Adresse aufgelöst wird.</summary>
      <param name="coordinate">Die <see cref="T:System.Device.Location.GeoCoordinate" />, die die Position enthält, die in eine Anschrift aufgelöst werden soll.</param>
      <exception cref="T:System.ArgumentNullException">
        <paramref name="coordinate" /> ist null.</exception>
      <exception cref="T:System.ArgumentException">
        <paramref name="coordinate" /> enthält keine gültige Breite und Länge.</exception>
    </member>
    <member name="E:System.Device.Location.CivicAddressResolver.ResolveAddressCompleted">
      <summary>Tritt auf, wenn die von einem Aufruf von <see cref="M:System.Device.Location.CivicAddressResolver.ResolveAddressAsync(System.Device.Location.GeoCoordinate)" /> initiierte Adressauflösung abgeschlossen wird.</summary>
    </member>
    <member name="T:System.Device.Location.GeoCoordinate">
      <summary>Stellt eine durch Breiten- und Längenkoordinaten bestimmte geografische Position dar. Kann auch Informationen zur Höhe, Genauigkeit. Geschwindigkeit und Kurs enthalten.</summary>
    </member>
    <member name="M:System.Device.Location.GeoCoordinate.#ctor">
      <summary>Initialisiert eine neue Instanz von <see cref="T:System.Device.Location.GeoCoordinate" /> ohne festgelegte Datenfelder.</summary>
    </member>
    <member name="M:System.Device.Location.GeoCoordinate.#ctor(System.Double,System.Double)">
      <summary>Initialisiert eine neue Instanz der <see cref="T:System.Device.Location.GeoCoordinate" />-Klasse aus Breiten- und Längendaten.</summary>
      <param name="latitude">Die Breitenkoordinate der Position. Der Wert kann zwischen -90,0 und 90,0 liegen.</param>
      <param name="longitude">Die Längenkoordinate der Position. Der Wert kann zwischen -180,0 und 180,0 liegen.</param>
      <exception cref="T:System.ArgumentOutOfRangeException">Breite oder Länge liegt außerhalb des Bereichs.</exception>
    </member>
    <member name="M:System.Device.Location.GeoCoordinate.#ctor(System.Double,System.Double,System.Double)">
      <summary>Initialisiert eine neue Instanz der <see cref="T:System.Device.Location.GeoCoordinate" />-Klasse aus Breiten-, Längen- und Höhendaten.</summary>
      <param name="latitude">Die Breitenkoordinate. Der Wert kann zwischen -90,0 und 90,0 liegen.</param>
      <param name="longitude">Die Längenkoordinate. Der Wert kann zwischen -180,0 und 180,0 liegen.</param>
      <param name="altitude">Die Höhe in Meter. Dieser Wert kann negativ, 0, positiv oder <see cref="F:System.Double.NaN" /> sein, falls nicht bekannt.</param>
      <exception cref="T:System.ArgumentOutOfRangeException">
        <paramref name="latitude" />, <paramref name="longitude" /> oder <paramref name="altitude" /> liegt außerhalb des Bereichs.</exception>
    </member>
    <member name="M:System.Device.Location.GeoCoordinate.#ctor(System.Double,System.Double,System.Double,System.Double,System.Double,System.Double,System.Double)">
      <summary>Initialisiert eine neue Instanz der <see cref="T:System.Device.Location.GeoCoordinate" />-Klasse aus Breite, Länge, Höhe, horizontaler Genauigkeit, vertikaler Genauigkeit, Geschwindigkeit und Kurs.</summary>
      <param name="latitude">Die Breitenkoordinate der Position. Der Wert kann zwischen -90,0 und 90,0 liegen.</param>
      <param name="longitude">Die Längenkoordinate der Position. Der Wert kann zwischen -180,0 und 180,0 liegen.</param>
      <param name="altitude">Die Höhe in Meter. Dieser Wert kann negativ, 0, positiv oder <see cref="F:System.Double.NaN" /> sein, falls nicht bekannt.</param>
      <param name="horizontalAccuracy">Die Genauigkeit der Breiten- und Längenkoordinaten in Meter. Muss mindestens 0 sein. Wenn für diesen Konstruktor der Wert 0 (null) angegeben ist, wird die <see cref="P:System.Device.Location.GeoCoordinate.HorizontalAccuracy" />-Eigenschaft auf <see cref="F:System.Double.NaN" /> festgelegt.</param>
      <param name="verticalAccuracy">Die Genauigkeit der Höhe in Meter. Muss mindestens 0 sein. Wenn für diesen Konstruktor der Wert 0 (null) angegeben ist, wird die <see cref="P:System.Device.Location.GeoCoordinate.VerticalAccuracy" />-Eigenschaft auf <see cref="F:System.Double.NaN" /> festgelegt.</param>
      <param name="speed">Die Geschwindigkeit in Meter pro Sekunde. Dieser Wert kann negativ, 0, positiv oder <see cref="F:System.Double.NaN" /> sein, falls nicht bekannt.  Eine negative Geschwindigkeit kann eine Rückwärtsbewegung angeben.</param>
      <param name="course">Die Fahrtrichtung anstelle der Ausrichtung. Dieser Parameter wird in Grad in Bezug auf die echte Nordrichtung gemessen. Muss zwischen 0 und 360,0 liegen oder <see cref="F:System.Double.NaN" /> sein.</param>
      <exception cref="T:System.ArgumentOutOfRangeException">
        <paramref name="latitude" />, <paramref name="longitude" />, <paramref name="horizontalAccuracy" />, <paramref name="verticalAccuracy," /> oder <paramref name="course" /> liegt außerhalb des Bereichs.</exception>
    </member>
    <member name="P:System.Device.Location.GeoCoordinate.Altitude">
      <summary>Ruft die Höhe des <see cref="T:System.Device.Location.GeoCoordinate" />-Objekts in Meter ab.</summary>
      <returns>Die Höhe in Meter.</returns>
    </member>
    <member name="P:System.Device.Location.GeoCoordinate.Course">
      <summary>Ruft die Überschrift in Grad in Bezug auf die echte Nordrichtung ab oder legt diese fest.</summary>
      <returns>Die Überschrift in Grad in Bezug auf die echte Nordrichtung.</returns>
      <exception cref="T:System.ArgumentOutOfRangeException">
        <see cref="P:System.Device.Location.GeoCoordinate.Course" /> liegt außerhalb des gültigen Bereichs.</exception>
    </member>
    <member name="M:System.Device.Location.GeoCoordinate.Equals(System.Device.Location.GeoCoordinate)">
      <summary>Stellt fest, ob das <see cref="T:System.Device.Location.GeoCoordinate" />-Objekt dem Parameter entspricht. Grundlage dabei sind ausschließlich Breite und Länge.</summary>
      <returns>true, wenn die <see cref="T:System.Device.Location.GeoCoordinate" />-Objekte gleich sind, andernfalls false.</returns>
      <param name="other">Das <see cref="T:System.Device.Location.GeoCoordinate" />-Objekt, das mit dem aufrufenden Objekt verglichen werden soll.</param>
    </member>
    <member name="M:System.Device.Location.GeoCoordinate.Equals(System.Object)">
      <summary>Stellt fest, ob eine angegebene <see cref="T:System.Device.Location.GeoCoordinate" /> gleich der aktuellen <see cref="T:System.Device.Location.GeoCoordinate" /> ist. Grundlage dabei sind ausschließlich Breite und Länge.</summary>
      <returns>true, wenn die <see cref="T:System.Device.Location.GeoCoordinate" />-Objekte gleich sind, andernfalls false.</returns>
      <param name="obj">Das Objekt, mit dem das <see cref="T:System.Device.Location.GeoCoordinate" />-Objekt verglichen werden soll.</param>
    </member>
    <member name="M:System.Device.Location.GeoCoordinate.GetDistanceTo(System.Device.Location.GeoCoordinate)">
      <summary>Gibt die Entfernung zwischen den Breiten- und Längenkoordinaten zurück, die von dieser <see cref="T:System.Device.Location.GeoCoordinate" /> und einer anderen angegebenen <see cref="T:System.Device.Location.GeoCoordinate" /> angegeben werden.</summary>
      <returns>Die Entfernung zwischen den zwei Koordinaten in Meter.</returns>
      <param name="other">Das <see cref="T:System.Device.Location.GeoCoordinate" />-Objekt für die Position, für die die Entfernung berechnet werden soll.</param>
    </member>
    <member name="M:System.Device.Location.GeoCoordinate.GetHashCode">
      <summary>Fungiert als eine Hashfunktion für die <see cref="T:System.Device.Location.GeoCoordinate" />-Struktur.</summary>
      <returns>Ein Hashcode für das aktuelle <see cref="T:System.Device.Location.GeoCoordinate" />.</returns>
    </member>
    <member name="P:System.Device.Location.GeoCoordinate.HorizontalAccuracy">
      <summary>Ruft die Genauigkeit der Breiten- und Längenkoordinaten der <see cref="T:System.Device.Location.GeoCoordinate" /> in Meter ab oder legt diese fest.</summary>
      <returns>Die Genauigkeit der Breiten- und Längenkoordinaten in Meter.</returns>
      <exception cref="T:System.ArgumentOutOfRangeException">
        <see cref="P:System.Device.Location.GeoCoordinate.HorizontalAccuracy" /> liegt außerhalb des gültigen Bereichs.</exception>
    </member>
    <member name="P:System.Device.Location.GeoCoordinate.IsUnknown">
      <summary>Ruft einen Wert ab, der angibt, ob die <see cref="T:System.Device.Location.GeoCoordinate" /> keine Breiten- oder Längendaten enthält.</summary>
      <returns>true, wenn die <see cref="T:System.Device.Location.GeoCoordinate" /> keine Breiten- oder Längendaten enthält, andernfalls false.</returns>
    </member>
    <member name="P:System.Device.Location.GeoCoordinate.Latitude">
      <summary>Ruft die Breitenkoordinate der <see cref="T:System.Device.Location.GeoCoordinate" /> ab oder legt diese fest.</summary>
      <returns>Die Breitenkoordinaten der Position.</returns>
      <exception cref="T:System.ArgumentOutOfRangeException">
        <see cref="P:System.Device.Location.GeoCoordinate.Latitude" /> liegt außerhalb des gültigen Bereichs.</exception>
    </member>
    <member name="P:System.Device.Location.GeoCoordinate.Longitude">
      <summary>Ruft die Längekoordinate der <see cref="T:System.Device.Location.GeoCoordinate" /> ab oder legt diese fest.</summary>
      <returns>Die Längenkoordinaten.</returns>
      <exception cref="T:System.ArgumentOutOfRangeException">
        <see cref="P:System.Device.Location.GeoCoordinate.Longitude" /> liegt außerhalb des gültigen Bereichs.</exception>
    </member>
    <member name="M:System.Device.Location.GeoCoordinate.op_Equality(System.Device.Location.GeoCoordinate,System.Device.Location.GeoCoordinate)">
      <summary>Bestimmt, ob zwei <see cref="T:System.Device.Location.GeoCoordinate" />-Objekte auf die gleiche Position verweisen.</summary>
      <returns>true, wenn die <see cref="T:System.Device.Location.GeoCoordinate" />-Objekte gleich sind, andernfalls false.</returns>
      <param name="left">Das erste zu vergleichende <see cref="T:System.Device.Location.GeoCoordinate" />.</param>
      <param name="right">Das zweite zu vergleichende <see cref="T:System.Device.Location.GeoCoordinate" />.</param>
    </member>
    <member name="M:System.Device.Location.GeoCoordinate.op_Inequality(System.Device.Location.GeoCoordinate,System.Device.Location.GeoCoordinate)">
      <summary>Bestimmt, ob zwei <see cref="T:System.Device.Location.GeoCoordinate" />-Objekte anderen Positionen entsprechen.</summary>
      <returns>true, wenn die <see cref="T:System.Device.Location.GeoCoordinate" />-Objekte unterschiedlich sind, andernfalls false.</returns>
      <param name="left">Das erste zu vergleichende <see cref="T:System.Device.Location.GeoCoordinate" />.</param>
      <param name="right">Das zweite zu vergleichende <see cref="T:System.Device.Location.GeoCoordinate" />.</param>
    </member>
    <member name="P:System.Device.Location.GeoCoordinate.Speed">
      <summary>Ruft die Geschwindigkeit in Meter pro Sekunde ab oder legt sie fest.</summary>
      <returns>Die Geschwindigkeit in Meter pro Sekunde. Die Geschwindigkeit muss größer als oder gleich 0 (null) sein, oder <see cref="F:System.Double.NaN" />.</returns>
      <exception cref="System.ArgumentOutOfRangeException">
        <see cref="P:System.Device.Location.GeoCoordinate.Speed" /> liegt außerhalb des gültigen Bereichs.</exception>
    </member>
    <member name="M:System.Device.Location.GeoCoordinate.ToString">
      <summary>Gibt eine Zeichenfolge zurück, die die Breiten- und Längenkoordinaten enthält.</summary>
      <returns>Eine Zeichenfolge, die die Breiten- und Längenkoordinaten enthält (durch Trennzeichen getrennt).</returns>
    </member>
    <member name="F:System.Device.Location.GeoCoordinate.Unknown">
      <summary>Stellt ein <see cref="T:System.Device.Location.GeoCoordinate" />-Objekt mit unbekannten Breiten- und Längenfeldern dar.</summary>
    </member>
    <member name="P:System.Device.Location.GeoCoordinate.VerticalAccuracy">
      <summary>Ruft die Genauigkeit der vom <see cref="T:System.Device.Location.GeoCoordinate" />-Objekt angegebenen Höhenkoordinate in Meter ab oder legt diese fest.</summary>
      <returns>Die Genauigkeit der Höhe in Meter.</returns>
      <exception cref="T:System.ArgumentOutOfRangeException">
        <see cref="P:System.Device.Location.GeoCoordinate.VerticalAccuracy" /> liegt außerhalb des gültigen Bereichs.</exception>
    </member>
    <member name="T:System.Device.Location.GeoCoordinateWatcher">
      <summary>Gibt Positionsdaten an, die auf Breiten- und Längenkoordinaten basieren.</summary>
    </member>
    <member name="M:System.Device.Location.GeoCoordinateWatcher.#ctor">
      <summary>Initialisiert eine neue Instanz von <see cref="T:System.Device.Location.GeoCoordinateWatcher" /> mit Standardeinstellungen für die Genauigkeit.</summary>
    </member>
    <member name="M:System.Device.Location.GeoCoordinateWatcher.#ctor(System.Device.Location.GeoPositionAccuracy)">
      <summary>Initialisiert eine neue Instanz von <see cref="T:System.Device.Location.GeoCoordinateWatcher" />, wobei die Genauigkeitsstufe angegeben ist.</summary>
      <param name="desiredAccuracy">Das <see cref="T:System.Device.Location.GeoLocationAccuracy" />, das die angeforderte Genauigkeitsstufe des Ortungsanbieters angibt. Eine Genauigkeit von <see cref="F:System.Device.Location.GeoPositionAccuracy.High" /> kann die Leistung beeinträchtigen. Sie sollte nur angegeben werden, wenn eine hohe Genauigkeit benötigt wird.</param>
    </member>
    <member name="P:System.Device.Location.GeoCoordinateWatcher.DesiredAccuracy">
      <summary>Die angeforderte Genauigkeitsstufe für die vom <see cref="T:System.Device.Location.GeoCoordinateWatcher" /> bereitgestellten Positionsdaten.</summary>
      <returns>
        <see cref="T:System.Device.Location.GeoLocationAccuracy, which" /> gibt das die angeforderte Genauigkeitsstufe des Ortungsanbieters an.</returns>
    </member>
    <member name="M:System.Device.Location.GeoCoordinateWatcher.Dispose">
      <summary>Gibt alle von der aktuellen Instanz der <see cref="T:System.Device.Location.GeoCoordinateWatcher" />-Klasse verwendeten Ressourcen frei.</summary>
    </member>
    <member name="M:System.Device.Location.GeoCoordinateWatcher.Dispose(System.Boolean)">
      <summary>Gibt alle von der aktuellen Instanz der <see cref="T:System.Device.Location.GeoCoordinateWatcher" />-Klasse verwendeten Ressourcen frei.</summary>
      <param name="disposing">true, um sowohl verwaltete als auch nicht verwaltete Ressourcen freizugeben, false, um ausschließlich nicht verwaltete Ressourcen freizugeben.</param>
    </member>
    <member name="M:System.Device.Location.GeoCoordinateWatcher.Finalize">
      <summary>Gibt Ressourcen frei und führt andere Bereinigungsvorgänge durch, bevor das <see cref="T:System.Device.Location.GeoCoordinateWatcher" /> durch die Garbage Collection wieder zugänglich gemacht wird.</summary>
    </member>
    <member name="P:System.Device.Location.GeoCoordinateWatcher.MovementThreshold">
      <summary>Die Bewegungsentfernung in Metern relativ zur Koordinate des letzten <see cref="E:System.Device.Location.GeoCoordinateWatcher.PositionChanged" />-Ereignisses, die zurückgelegt werden muss, bevor der Ortungsanbieter ein weiteres <see cref="E:System.Device.Location.GeoCoordinateWatcher.PositionChanged" />-Ereignis auslöst.</summary>
      <returns>Die Entfernung in Meter.</returns>
    </member>
    <member name="M:System.Device.Location.GeoCoordinateWatcher.OnPositionChanged(System.Device.Location.GeoPositionChangedEventArgs{System.Device.Location.GeoCoordinate})">
      <summary>Wird aufgerufen, wenn ein <see cref="E:System.Device.Location.GeoCoordinateWatcher.PositionChanged" />-Ereignis auftritt.</summary>
      <param name="e">Ein <see cref="T:System.Device.Location.GeoPositionChangedEventArgs`1" />-Objekt, das den neuen Ort enthält.</param>
    </member>
    <member name="M:System.Device.Location.GeoCoordinateWatcher.OnPositionStatusChanged(System.Device.Location.GeoPositionStatusChangedEventArgs)">
      <summary>Wird aufgerufen, wenn ein <see cref="E:System.Device.Location.GeoCoordinateWatcher.StatusChanged" />-Ereignis auftritt.</summary>
      <param name="e">Ein <see cref="T:System.Device.Location.GeoPositionStatusChangedEventArgs" />-Objekt, das den neuen Status enthält.</param>
    </member>
    <member name="M:System.Device.Location.GeoCoordinateWatcher.OnPropertyChanged(System.String)">
      <summary>Wird aufgerufen, wenn eine Eigenschaft des <see cref="T:System.Device.Location.GeoCoordinateWatcher" /> geändert wird.</summary>
      <param name="propertyName">Der Name der geänderten Eigenschaft.</param>
    </member>
    <member name="P:System.Device.Location.GeoCoordinateWatcher.Permission">
      <summary>Gibt an, ob die Berechtigung für den Zugriff auf Positionsdaten von Ortungsanbietern gewährt oder verweigert wurde.</summary>
      <returns>Ein Wert, der angibt, ob die Berechtigung gewährt oder verweigert wurde.</returns>
    </member>
    <member name="P:System.Device.Location.GeoCoordinateWatcher.Position">
      <summary>Ruft die <see cref="T:System.Device.Location.GeoCoordinate" /> ab, die die aktuelle Position angibt.</summary>
      <returns>Die <see cref="T:System.Device.Location.GeoCoordinate" />, die den aktuellen Speicherort angibt.</returns>
    </member>
    <member name="E:System.Device.Location.GeoCoordinateWatcher.PositionChanged">
      <summary>Gibt an, dass sich die Breiten- oder Längenkoordinate der Positionsdaten geändert hat.</summary>
    </member>
    <member name="M:System.Device.Location.GeoCoordinateWatcher.Start">
      <summary>Initiiert die Erfassung von Daten vom aktuellen Ortungsanbieter. Diese Methode aktiviert <see cref="E:System.Device.Location.GeoCoordinateWatcher.PositionChanged" />-Ereignisse und ermöglicht den Zugriff auf die <see cref="P:System.Device.Location.GeoCoordinateWatcher.Position" />-Eigenschaft.</summary>
    </member>
    <member name="M:System.Device.Location.GeoCoordinateWatcher.Start(System.Boolean)">
      <summary>Initiiert die Erfassung von Daten vom aktuellen Ortungsanbieter. Diese Methode aktiviert <see cref="E:System.Device.Location.GeoCoordinateWatcher.PositionChanged" />-Ereignisse und ermöglicht den Zugriff auf die <see cref="P:System.Device.Location.GeoCoordinateWatcher.Position" />-Eigenschaft.</summary>
      <param name="suppressPermissionPrompt">true, wenn das Dialogfeld für Berechtigungen unterdrückt werden soll; false, wenn das Dialogfeld für Berechtigungen optional angezeigt werden soll, wenn noch keine Berechtigungen gewährt wurden.</param>
    </member>
    <member name="P:System.Device.Location.GeoCoordinateWatcher.Status">
      <summary>Ruft den aktuellen Status des <see cref="T:System.Device.Location.GeoCoordinateWatcher" /> ab.</summary>
      <returns>Ein <see cref="T:System.Device.Location.GeoPositionStatus" />, der die Verfügbarkeit von Daten vom <see cref="T:System.Device.Location.GeoCoordinateWatcher" /> angibt.</returns>
    </member>
    <member name="E:System.Device.Location.GeoCoordinateWatcher.StatusChanged">
      <summary>Gibt an, dass sich der Status des <see cref="T:System.Device.Location.GeoCoordinateWatcher" />-Objekts geändert hat.</summary>
    </member>
    <member name="M:System.Device.Location.GeoCoordinateWatcher.Stop">
      <summary>Beendet die Bereitstellung von Positionsdaten und Ortungsereignissen durch den <see cref="T:System.Device.Location.GeoCoordinateWatcher" />.</summary>
    </member>
    <member name="E:System.Device.Location.GeoCoordinateWatcher.System#ComponentModel#INotifyPropertyChanged#PropertyChanged">
      <summary>Gibt an, dass die <see cref="P:System.Device.Location.GeoCoordinateWatcher.Status" />-Eigenschaft, die <see cref="P:System.Device.Location.GeoCoordinateWatcher.Position" />-Eigenschaft oder die <see cref="P:System.Device.Location.GeoCoordinateWatcher.Permission" />-Eigenschaft geändert wurde.</summary>
    </member>
    <member name="E:System.Device.Location.GeoCoordinateWatcher.System#Device#Location#IGeoPositionWatcher{T}#PositionChanged">
      <summary>Gibt an, dass die Positionsdaten geändert wurden.</summary>
    </member>
    <member name="E:System.Device.Location.GeoCoordinateWatcher.System#Device#Location#IGeoPositionWatcher{T}#StatusChanged">
      <summary>Gibt an, dass der Status des Ortungsanbieters geändert wurde.</summary>
    </member>
    <member name="M:System.Device.Location.GeoCoordinateWatcher.TryStart(System.Boolean,System.TimeSpan)">
      <summary>Initiiert die Erfassung von Daten vom aktuellen Ortungsanbieter. Die Rückgabe der Methode erfolgt synchron.</summary>
      <returns>true, wenn die Datenerfassung innerhalb des von <paramref name="timeout" /> angegebenen Zeitraums gestartet wird, andernfalls false.</returns>
      <param name="suppressPermissionPrompt">true, wenn das Dialogfeld für Berechtigungen unterdrückt werden soll; false, wenn das Dialogfeld für Berechtigungen angezeigt werden soll.</param>
      <param name="timeout">Dauer in Millisekunden, die auf den Start des Ortungsanbieters gewartet werden soll, bis ein Timeout auftritt.</param>
    </member>
    <member name="T:System.Device.Location.GeoPosition`1">
      <summary>Enthält Positionsdaten eines Typs, der vom Typparameter der <see cref="T:System.Device.Location.GeoPosition`1" />-Klasse angegeben wird.</summary>
      <typeparam name="T">Der Typ der Positionsdaten.</typeparam>
    </member>
    <member name="M:System.Device.Location.GeoPosition`1.#ctor">
      <summary>Initialisiert eine neue Instanz der <see cref="T:System.Device.Location.GeoPosition`1" />-Klasse.</summary>
    </member>
    <member name="M:System.Device.Location.GeoPosition`1.#ctor(System.DateTimeOffset,`0)">
      <summary>Initialisiert eine neue Instanz der <see cref="T:System.Device.Location.GeoPosition`1" />-Klasse mit einem Zeitstempel und einer Position.</summary>
      <param name="timestamp">Die Uhrzeit, zu der die Positionsdaten abgerufen wurden.</param>
      <param name="position">Die Positionsdaten, mit denen das <see cref="T:System.Device.Location.GeoPosition`1" />-Objekt initialisiert werden soll.</param>
    </member>
    <member name="P:System.Device.Location.GeoPosition`1.Location">
      <summary>Ruft die Positionsdaten für das <see cref="T:System.Device.Location.GeoPosition`1" />-Objekt ab oder legt diese fest.</summary>
      <returns>Ein Objekt vom Typ T, das die Positionsdaten für das <see cref="T:System.Device.Location.GeoPosition`1" />-Objekt enthält.</returns>
    </member>
    <member name="P:System.Device.Location.GeoPosition`1.Timestamp">
      <summary>Ruft die Uhrzeit ab, zu der die Positionsdaten abgerufen wurden, oder legt diese fest.</summary>
      <returns>Ein <see cref="T:System.DateTimeOffset" /> mit der Uhrzeit, zu der die Positionsdaten erstellt wurden.</returns>
    </member>
    <member name="T:System.Device.Location.GeoPositionAccuracy">
      <summary>Gibt die angeforderte Genauigkeitsstufe für die von der Anwendung verwendeten Positionsdaten an.</summary>
    </member>
    <member name="F:System.Device.Location.GeoPositionAccuracy.Default">
      <summary>Optimiert Energieverbrauch, Leistung und andere Kostenfaktoren.</summary>
    </member>
    <member name="F:System.Device.Location.GeoPositionAccuracy.High">
      <summary>Stellt den Bericht mit der größtmöglichen Genauigkeit bereit. Dies beinhaltet die Verwendung von kostenpflichtigen Diensten oder Diensten mit höherem Akkuverbrauch oder höherer Verbindungsbandbreite.</summary>
    </member>
    <member name="T:System.Device.Location.GeoPositionChangedEventArgs`1">
      <summary>Stellt Daten für das <see cref="E:System.Device.Location.GeoCoordinateWatcher.PositionChanged" />-Ereignis bereit.</summary>
      <typeparam name="T">Der Typ der Positionsdaten in der <see cref="P:System.Device.Location.GeoPosition`1.Location" />-Eigenschaft der <see cref="P:System.Device.Location.GeoPositionChangedEventArgs`1.Position" />-Eigenschaft dieses Ereignisses.</typeparam>
    </member>
    <member name="M:System.Device.Location.GeoPositionChangedEventArgs`1.#ctor(System.Device.Location.GeoPosition{`0})">
      <summary>Initialisiert eine neue Instanz der <see cref="T:System.Device.Location.GeoPositionChangedEventArgs`1" />-Klasse.</summary>
      <param name="position">Die aktualisierte Position.</param>
    </member>
    <member name="P:System.Device.Location.GeoPositionChangedEventArgs`1.Position">
      <summary>Ruft die Positionsdaten ab, die dem Ereignis zugeordnet sind.</summary>
      <returns>Ein <see cref="T:System.Device.Location.GeoPosition`1" />-Objekt, das die Positionsdaten in seiner <see cref="P:System.Device.Location.GeoPosition`1.Location" />-Eigenschaft enthält.</returns>
    </member>
    <member name="T:System.Device.Location.GeoPositionPermission">
      <summary>Gibt an, ob die aufrufende Anwendung über die Berechtigung für den Zugriff auf Positionsdaten verfügt.</summary>
    </member>
    <member name="F:System.Device.Location.GeoPositionPermission.Denied">
      <summary>Berechtigungen für Positionsdaten werden verweigert.</summary>
    </member>
    <member name="F:System.Device.Location.GeoPositionPermission.Granted">
      <summary>Berechtigungen für Positionsdaten werden gewährt.</summary>
    </member>
    <member name="F:System.Device.Location.GeoPositionPermission.Unknown">
      <summary>Berechtigungen für Positionsdaten sind unbekannt. Dieser Status kann während der Initialisierung des Anbieters auftreten.</summary>
    </member>
    <member name="T:System.Device.Location.GeoPositionStatus">
      <summary>Gibt die Fähigkeit des Ortungsanbieters an, Positionsupdates bereitzustellen.</summary>
    </member>
    <member name="F:System.Device.Location.GeoPositionStatus.Disabled">
      <summary>Der Ortungsanbieter ist deaktiviert. Unter Windows 7 ist dies der Fall, wenn die Plattform für Sensoren und Ortung mithilfe einer Gruppenrichtlinie deaktiviert wurde.</summary>
    </member>
    <member name="F:System.Device.Location.GeoPositionStatus.Initializing">
      <summary>Der Ortungsanbieter wird initialisiert.  Diesen Status weist beispielsweise ein GPS auf, das derzeit eine Position abruft.</summary>
    </member>
    <member name="F:System.Device.Location.GeoPositionStatus.NoData">
      <summary>Es sind keine Positionsdaten von Ortungsanbietern verfügbar.</summary>
    </member>
    <member name="F:System.Device.Location.GeoPositionStatus.Ready">
      <summary>Ein Ortungsanbieter ist bereit für die Bereitstellung neuer Daten.</summary>
    </member>
    <member name="T:System.Device.Location.GeoPositionStatusChangedEventArgs">
      <summary>Enthält Daten für ein GeoPositionStatusChanged-Ereignis.</summary>
    </member>
    <member name="M:System.Device.Location.GeoPositionStatusChangedEventArgs.#ctor(System.Device.Location.GeoPositionStatus)">
      <summary>Initialisiert eine neue Instanz der GeoPositionStatusChangedEventArgs-Klasse.</summary>
      <param name="status">Der neue Status.</param>
    </member>
    <member name="P:System.Device.Location.GeoPositionStatusChangedEventArgs.Status">
      <summary>Ruft den aktualisierten Status ab.</summary>
      <returns>Der aktualisierte Status.</returns>
    </member>
    <member name="T:System.Device.Location.ICivicAddressResolver">
      <summary>Stellt eine Methode bereit, die eine Breiten-/Längengradposition in eine Adresse auflöst, wenn sie implementiert wird.</summary>
    </member>
    <member name="M:System.Device.Location.ICivicAddressResolver.ResolveAddress(System.Device.Location.GeoCoordinate)">
      <summary>Löst eine <see cref="T:System.Device.Location.GeoCoordinate" /> synchron in eine Adresse auf.</summary>
      <param name="coordinate">Die Breiten-/Längengradposition, die in eine Adresse aufgelöst werden soll.</param>
    </member>
    <member name="M:System.Device.Location.ICivicAddressResolver.ResolveAddressAsync(System.Device.Location.GeoCoordinate)">
      <summary>Initiiert eine Anforderung zum Auflösen einer Breiten-/Längengradposition in eine Adresse.</summary>
      <param name="coordinate">Die Breiten-/Längengradposition, die in eine Adresse aufgelöst werden soll.</param>
    </member>
    <member name="E:System.Device.Location.ICivicAddressResolver.ResolveAddressCompleted">
      <summary>Tritt ein, wenn eine asynchrone Anforderung mit <see cref="M:System.Device.Location.ICivicAddressResolver.ResolveAddressAsync(System.Device.Location.GeoCoordinate)" /> zum Auflösen der Breiten-/Längengradposition in eine Adresse abgeschlossen ist.</summary>
    </member>
    <member name="T:System.Device.Location.IGeoPositionWatcher`1">
      <summary>Schnittstelle, die zum Bereitstellen des Zugriffs auf Positionsdaten und des Empfangs von Positionsdatenupdates implementiert werden kann.</summary>
      <typeparam name="T">Der Typ des Objekts, das die Positionsdaten enthält.</typeparam>
    </member>
    <member name="P:System.Device.Location.IGeoPositionWatcher`1.Position">
      <summary>Ruft die Positionsdaten ab.</summary>
      <returns>Die <see cref="T:System.Device.Location.GeoPosition`1" />, die die Positionsdaten enthält.</returns>
    </member>
    <member name="E:System.Device.Location.IGeoPositionWatcher`1.PositionChanged">
      <summary>Tritt ein, wenn die <see cref="P:System.Device.Location.IGeoPositionWatcher`1.Position" />-Eigenschaft geändert wurde.</summary>
    </member>
    <member name="M:System.Device.Location.IGeoPositionWatcher`1.Start">
      <summary>Initiiert die Erfassung von Positionsdaten.</summary>
    </member>
    <member name="M:System.Device.Location.IGeoPositionWatcher`1.Start(System.Boolean)">
      <summary>Startet das Abrufen von Positionsdaten, wobei angegeben wird, ob das Abfragen von Berechtigungen unterdrückt werden soll. Die Rückgabe der Methode erfolgt synchron.</summary>
      <param name="suppressPermissionPrompt">Beim Wert true wird der Benutzer nicht zum Aktivieren von Ortungsanbietern aufgefordert, und es wird nur gestartet, wenn Positionsdaten bereits aktiviert sind.  Beim Wert false wird u. U. ein Dialogfeld angezeigt, in dem der Benutzer zum Aktivieren von deaktivierten Ortungsanbietern aufgefordert wird.</param>
    </member>
    <member name="P:System.Device.Location.IGeoPositionWatcher`1.Status">
      <summary>Ruft den Status der Positionsdaten ab.</summary>
      <returns>Der Status der Positionsdaten.</returns>
    </member>
    <member name="E:System.Device.Location.IGeoPositionWatcher`1.StatusChanged">
      <summary>Tritt ein, wenn sich die <see cref="P:System.Device.Location.IGeoPositionWatcher`1.Status" />-Eigenschaft ändert.</summary>
    </member>
    <member name="M:System.Device.Location.IGeoPositionWatcher`1.Stop">
      <summary>Beendet das Abrufen von Positionsdaten.</summary>
    </member>
    <member name="M:System.Device.Location.IGeoPositionWatcher`1.TryStart(System.Boolean,System.TimeSpan)">
      <summary>Startet das Abrufen von Positionsdaten und gibt ein Initialisierungstimeout an. Die Rückgabe der Methode erfolgt synchron.</summary>
      <returns>true, wenn der Vorgang erfolgreich war, false, wenn ein Timeout aufgetreten ist.</returns>
      <param name="suppressPermissionPrompt">Beim Wert true wird der Benutzer nicht zum Aktivieren von Ortungsanbietern aufgefordert, und es wird nur gestartet, wenn Positionsdaten bereits aktiviert sind.  Beim Wert false wird u. U. ein Dialogfeld angezeigt, in dem der Benutzer zum Aktivieren von deaktivierten Ortungsanbietern aufgefordert wird.</param>
      <param name="timeout">Die Dauer in Millisekunden, für die auf den Abschluss der Initialisierung gewartet werden soll.</param>
    </member>
    <member name="T:System.Device.Location.ResolveAddressCompletedEventArgs">
      <summary>Stellt Daten für das <see cref="E:System.Device.Location.ICivicAddressResolver.ResolveAddressCompleted" />-Ereignis bereit.</summary>
    </member>
    <member name="M:System.Device.Location.ResolveAddressCompletedEventArgs.#ctor(System.Device.Location.CivicAddress,System.Exception,System.Boolean,System.Object)">
      <summary>Initialisiert eine neue Instanz von <see cref="T:System.Device.Location.ResolveAddressCompletedEventArgs" />.</summary>
      <param name="address">Das <see cref="T:System.Device.Location.CivicAddress" />-Objekt, das die aus der Breiten-/Längenposition aufgelöste Adresse enthält (sofern die Position erfolgreich aufgelöst wurde).</param>
      <param name="error">Das Ausnahmeobjekt für jede Ausnahme, die beim Auflösen der Adresse auftreten kann.</param>
      <param name="cancelled">true, wenn der Vorgang abgebrochen wurde, andernfalls false.</param>
      <param name="userState">Ein Token zum Verfolgen der Anforderung zum Auflösen der Adresse. Kann null sein, wenn es nicht verwendet wird.</param>
    </member>
    <member name="P:System.Device.Location.ResolveAddressCompletedEventArgs.Address">
      <summary>Ruft das <see cref="T:System.Device.Location.CivicAddress" /> ab, das dem <see cref="E:System.Device.Location.ICivicAddressResolver.ResolveAddressCompleted" />-Ereignis zugeordnet ist.</summary>
      <returns>Das <see cref="T:System.Device.Location.CivicAddress" />, das dem <see cref="E:System.Device.Location.ICivicAddressResolver.ResolveAddressCompleted" />-Ereignis zugeordnet ist. Wenn die Adresse nicht aufgelöst werden konnte, gibt diese Eigenschaft <see cref="F:System.Device.Location.CivicAddress.Unknown" /> zurück.</returns>
    </member>
  </members>
</doc>