﻿<?xml version="1.0" encoding="utf-8"?>
<doc>
  <assembly>
    <name>System.Windows.Input.Manipulations</name>
  </assembly>
  <members>
    <member name="T:System.Windows.Input.Manipulations.InertiaExpansionBehavior2D">
      <summary>Beschreibt das gewünschte Erweiterungsverhalten eines Trägheitprozessors.</summary>
    </member>
    <member name="M:System.Windows.Input.Manipulations.InertiaExpansionBehavior2D.#ctor">
      <summary>Initialisiert eine neue Instanz der <see cref="T:System.Windows.Input.Manipulations.InertiaExpansionBehavior2D" />-Klasse.</summary>
    </member>
    <member name="P:System.Windows.Input.Manipulations.InertiaExpansionBehavior2D.DesiredDeceleration">
      <summary>Ruft die gewünschte Erweiterungsverlangsamung ab oder legt sie fest (in Koordinateneinheiten/ms²).</summary>
      <returns>Die gewünschte Erweiterungsverlangsamung (in Koordinateneinheiten/ms²).</returns>
    </member>
    <member name="P:System.Windows.Input.Manipulations.InertiaExpansionBehavior2D.DesiredExpansionX">
      <summary>Ruft die gewünschte Erweiterung entlang der x-Achse ab (in Koordinateneinheiten).</summary>
      <returns>Die gewünschte Erweiterung entlang der x-Achse (in Koordinateneinheiten).</returns>
    </member>
    <member name="P:System.Windows.Input.Manipulations.InertiaExpansionBehavior2D.DesiredExpansionY">
      <summary>Ruft die gewünschte Erweiterung entlang der y-Achse ab (in Koordinateneinheiten).</summary>
      <returns>Die gewünschte Erweiterung entlang der y-Achse (in Koordinateneinheiten).</returns>
    </member>
    <member name="P:System.Windows.Input.Manipulations.InertiaExpansionBehavior2D.InitialRadius">
      <summary>Ruft den ursprünglichen durchschnittlichen Radius ab oder legt ihn fest (in Koordinateneinheiten).</summary>
      <returns>Der ursprüngliche durchschnittliche Radius (in Koordinateneinheiten).</returns>
    </member>
    <member name="P:System.Windows.Input.Manipulations.InertiaExpansionBehavior2D.InitialVelocityX">
      <summary>Ruft die ursprüngliche Erweiterungsgeschwindigkeit entlang der x-Achse ab oder legt sie fest (in Koordinateneinheiten/ms).</summary>
      <returns>Die ursprüngliche Erweiterungsgeschwindigkeit entlang der x-Achse (in Koordinateneinheiten/ms).</returns>
    </member>
    <member name="P:System.Windows.Input.Manipulations.InertiaExpansionBehavior2D.InitialVelocityY">
      <summary>Ruft die ursprüngliche Erweiterungsgeschwindigkeit entlang der y-Achse ab oder legt sie fest (in Koordinateneinheiten/ms).</summary>
      <returns>Die ursprüngliche Erweiterungsgeschwindigkeit entlang der y-Achse (in Koordinateneinheiten/ms).</returns>
    </member>
    <member name="T:System.Windows.Input.Manipulations.InertiaParameters2D">
      <summary>Basisklasse, von der alle Trägheitsparameterklassen abgeleitet werden.</summary>
    </member>
    <member name="T:System.Windows.Input.Manipulations.InertiaProcessor2D">
      <summary>Implementiert die Extrapolierung der Position, Ausrichtung und des durchschnittlichen Radius einer Bearbeitung.</summary>
    </member>
    <member name="M:System.Windows.Input.Manipulations.InertiaProcessor2D.#ctor">
      <summary>Initialisiert eine neue Instanz der <see cref="T:System.Windows.Input.Manipulations.InertiaProcessor2D" />-Klasse.</summary>
    </member>
    <member name="M:System.Windows.Input.Manipulations.InertiaProcessor2D.Complete(System.Int64)">
      <summary>Schließt abschließende Extrapolierung mit dem angegebenen Zeitstempel ab und löst das <see cref="E:System.Windows.Input.Manipulations.InertiaProcessor2D.Completed" />-Ereignis aus.</summary>
      <exception cref="T:System.ArgumentOutOfRangeException">Der Timestampparameter ist kleiner als der ursprüngliche oder vorherige Timestamp.</exception>
    </member>
    <member name="E:System.Windows.Input.Manipulations.InertiaProcessor2D.Completed">
      <summary>Tritt ein, wenn Extrapolierung abgeschlossen wurde.</summary>
    </member>
    <member name="E:System.Windows.Input.Manipulations.InertiaProcessor2D.Delta">
      <summary>Tritt auf, wenn der Extrapolierungsursprung geändert wurde, oder wenn Übersetzung, Skalierung oder Drehung ausgeführt wurden.</summary>
    </member>
    <member name="P:System.Windows.Input.Manipulations.InertiaProcessor2D.ExpansionBehavior">
      <summary>Ruft das Erweiterungsverhalten des Trägheitprozessors ab oder legt es fest.</summary>
      <returns>Das Erweiterungsverhalten des Trägheitprozessors.</returns>
    </member>
    <member name="P:System.Windows.Input.Manipulations.InertiaProcessor2D.InitialOriginX">
      <summary>Ruft die x-Koordinate für den anfänglichen Ursprung (in Koordinateneinheiten) ab oder legt sie fest.</summary>
      <returns>Die x-Koordinate für den anfänglichen Ursprung in Koordinateneinheiten.</returns>
    </member>
    <member name="P:System.Windows.Input.Manipulations.InertiaProcessor2D.InitialOriginY">
      <summary>Ruft die y-Koordinate für den anfänglichen Ursprung (in Koordinateneinheiten) ab oder legt sie fest.</summary>
      <returns>Die y-Koordinate für den anfänglichen Ursprung in Koordinateneinheiten.</returns>
    </member>
    <member name="P:System.Windows.Input.Manipulations.InertiaProcessor2D.IsRunning">
      <summary>Ruft ab, ob derzeit Trägheit ausgeführt wird.</summary>
      <returns>Ein boolescher Wert, der angibt, ob derzeit Trägheit ausgeführt wird.</returns>
    </member>
    <member name="M:System.Windows.Input.Manipulations.InertiaProcessor2D.Process(System.Int64)">
      <summary>Extrapoliert die Position der Manipulation, die Ausrichtung und den durchschnittlichen Radius zum angegebenen Zeitpunkt.</summary>
      <returns>Die Position, die Ausrichtung und der durchschnittliche Radius der Manipulation zum angegebenen Zeitpunkt. true, wenn Extrapolierung noch ausgeführt wird, andernfalls false.</returns>
      <exception cref="T:System.ArgumentOutOfRangeException">Der Timestampparameter ist kleiner als der ursprüngliche oder vorherige Timestamp.</exception>
    </member>
    <member name="P:System.Windows.Input.Manipulations.InertiaProcessor2D.RotationBehavior">
      <summary>Ruft das Drehverhalten des Trägheitprozessors ab oder legt es fest.</summary>
      <returns>Das Drehverhalten des Trägheitprozessors.</returns>
    </member>
    <member name="M:System.Windows.Input.Manipulations.InertiaProcessor2D.SetParameters(System.Windows.Input.Manipulations.InertiaParameters2D)">
      <summary>Legt Parameter auf dem Trägheitprozessor fest.</summary>
    </member>
    <member name="P:System.Windows.Input.Manipulations.InertiaProcessor2D.TranslationBehavior">
      <summary>Ruft das Übersetzungsverhalten des Trägheitprozessors ab oder legt es fest.</summary>
      <returns>Das Übersetzungsverhalten des Trägheitprozessors.</returns>
    </member>
    <member name="T:System.Windows.Input.Manipulations.InertiaRotationBehavior2D">
      <summary>Beschreibt das gewünschte Drehverhalten eines Trägheitprozessors.</summary>
    </member>
    <member name="M:System.Windows.Input.Manipulations.InertiaRotationBehavior2D.#ctor">
      <summary>Initialisiert eine neue Instanz der <see cref="T:System.Windows.Input.Manipulations.InertiaRotationBehavior2D" />-Klasse.</summary>
    </member>
    <member name="P:System.Windows.Input.Manipulations.InertiaRotationBehavior2D.DesiredDeceleration">
      <summary>Ruft die gewünschte Winkelverzögerung ab (in rad/ms²).</summary>
      <returns>Die gewünschte Winkelverzögerung (in rad/ms²).</returns>
    </member>
    <member name="P:System.Windows.Input.Manipulations.InertiaRotationBehavior2D.DesiredRotation">
      <summary>Ruft die gewünschte Drehung ab (in rad) oder legt sie fest.</summary>
      <returns>Die gewünschte Drehung (in rad).</returns>
    </member>
    <member name="P:System.Windows.Input.Manipulations.InertiaRotationBehavior2D.InitialVelocity">
      <summary>Ruft die ursprüngliche Drehgeschwindigkeit ab (in rad/ms) oder legt sie fest.</summary>
      <returns>Die ursprüngliche Drehgeschwindigkeit (in rad/ms).</returns>
    </member>
    <member name="T:System.Windows.Input.Manipulations.InertiaTranslationBehavior2D">
      <summary>Beschreibt das gewünschte Übersetzungsverhalten eines Trägheitprozessors.</summary>
    </member>
    <member name="M:System.Windows.Input.Manipulations.InertiaTranslationBehavior2D.#ctor">
      <summary>Initialisiert eine neue Instanz der <see cref="T:System.Windows.Input.Manipulations.InertiaTranslationBehavior2D" />-Klasse.</summary>
    </member>
    <member name="P:System.Windows.Input.Manipulations.InertiaTranslationBehavior2D.DesiredDeceleration">
      <summary>Ruft die gewünschte Verlangsamung ab oder legt sie fest (in Koordinateneinheiten/ms²).</summary>
      <returns>Die gewünschte Verlangsamung (in Koordinateneinheiten/ms²).</returns>
    </member>
    <member name="P:System.Windows.Input.Manipulations.InertiaTranslationBehavior2D.DesiredDisplacement">
      <summary>Ruft die absolute Entfernung ab, die das Objekt entlang des Geschwindigkeitsvektors zurücklegen muss (in Koordinateneinheiten) oder legt sie fest.</summary>
      <returns>Die absolute Entfernung, die das Objekt entlang des Geschwindigkeitsvektors zurücklegen muss (in Koordinateneinheiten).</returns>
    </member>
    <member name="P:System.Windows.Input.Manipulations.InertiaTranslationBehavior2D.InitialVelocityX">
      <summary>Ruft die ursprüngliche Geschwindigkeit entlang der x-Achse ab oder legt sie fest (in Koordinateneinheiten/ms).</summary>
      <returns>Die ursprüngliche Geschwindigkeit entlang der x-Achse (in Koordinateneinheiten/ms).</returns>
    </member>
    <member name="P:System.Windows.Input.Manipulations.InertiaTranslationBehavior2D.InitialVelocityY">
      <summary>Ruft die ursprüngliche Geschwindigkeit entlang der y-Achse ab oder legt diese fest (in Koordinateneinheiten/ms).</summary>
      <returns>Die ursprüngliche Geschwindigkeit entlang der y-Achse (in Koordinateneinheiten/ms).</returns>
    </member>
    <member name="T:System.Windows.Input.Manipulations.Manipulation2DCompletedEventArgs">
      <summary>Stellt Daten dar, die mit einem ManipulationProcessor2D.Completed-Ereignis oder einem InertiaProcessor2D.Completed-Ereignis gesendet werden.</summary>
    </member>
    <member name="P:System.Windows.Input.Manipulations.Manipulation2DCompletedEventArgs.OriginX">
      <summary>Ruft die neue x-Koordinate der zusammengesetzten Position der Änderung ab.</summary>
      <returns>Die neue x-Koordinate der zusammengesetzten Position der Änderung.</returns>
    </member>
    <member name="P:System.Windows.Input.Manipulations.Manipulation2DCompletedEventArgs.OriginY">
      <summary>Ruft die neue y-Koordinate der zusammengesetzten Position der Änderung ab.</summary>
      <returns>Die neue y-Koordinate der zusammengesetzten Position der Änderung.</returns>
    </member>
    <member name="P:System.Windows.Input.Manipulations.Manipulation2DCompletedEventArgs.Total">
      <summary>Ruft das gesamte Ausmaß der Änderungen seit Beginn der Bearbeitung ab.</summary>
      <returns>Das gesamte Ausmaß der Änderungen seit Beginn der Bearbeitung.</returns>
    </member>
    <member name="P:System.Windows.Input.Manipulations.Manipulation2DCompletedEventArgs.Velocities">
      <summary>Ruft die aktuellen Geschwindigkeitsinformationen zur Bearbeitung ab.</summary>
      <returns>Die aktuellen Geschwindigkeitsinformationen zur Bearbeitung.</returns>
    </member>
    <member name="T:System.Windows.Input.Manipulations.Manipulation2DDeltaEventArgs">
      <summary>Stellt Daten dar, die mit einem <see cref="E:System.Windows.Input.Manipulations.ManipulationProcessor2D.Delta" />-Ereignis oder einem <see cref="E:System.Windows.Input.Manipulations.InertiaProcessor2D.Delta" />-Ereignis gesendet werden.</summary>
    </member>
    <member name="P:System.Windows.Input.Manipulations.Manipulation2DDeltaEventArgs.Cumulative">
      <summary>Ruft das gesamte Ausmaß der Änderungen seit Beginn der Bearbeitung ab.</summary>
      <returns>Das gesamte Ausmaß der Änderungen seit Beginn der Bearbeitung.</returns>
    </member>
    <member name="P:System.Windows.Input.Manipulations.Manipulation2DDeltaEventArgs.Delta">
      <summary>Ruft das Ausmaß der Änderungen seit dem letzten Ereignis ab.</summary>
      <returns>Das Ausmaß der Änderungen seit dem letzten Ereignis.</returns>
    </member>
    <member name="P:System.Windows.Input.Manipulations.Manipulation2DDeltaEventArgs.OriginX">
      <summary>Ruft die neue x-Koordinate der zusammengesetzten Position der Änderung ab.</summary>
      <returns>Die neue x-Koordinate der zusammengesetzten Position der Änderung.</returns>
    </member>
    <member name="P:System.Windows.Input.Manipulations.Manipulation2DDeltaEventArgs.OriginY">
      <summary>Ruft die neue y-Koordinate der zusammengesetzten Position der Änderung ab.</summary>
      <returns>Die neue y-Koordinate der zusammengesetzten Position der Änderung.</returns>
    </member>
    <member name="P:System.Windows.Input.Manipulations.Manipulation2DDeltaEventArgs.Velocities">
      <summary>Ruft die aktuellen Geschwindigkeitsinformationen zur Bearbeitung ab.</summary>
      <returns>Die aktuellen Geschwindigkeitsinformationen zur Bearbeitung.</returns>
    </member>
    <member name="T:System.Windows.Input.Manipulations.Manipulation2DStartedEventArgs">
      <summary>Stellt Daten dar, die mit einem <see cref="E:System.Windows.Input.Manipulations.ManipulationProcessor2D.Started" />-Ereignis gesendet werden.</summary>
    </member>
    <member name="P:System.Windows.Input.Manipulations.Manipulation2DStartedEventArgs.OriginX">
      <summary>Ruft die x-Koordinate des Ursprungs ab.</summary>
      <returns>Die x-Koordinate des Ursprungs.</returns>
    </member>
    <member name="P:System.Windows.Input.Manipulations.Manipulation2DStartedEventArgs.OriginY">
      <summary>Ruft die y-Koordinate des Ursprungs ab.</summary>
      <returns>Die y-Koordinate des Ursprungs.</returns>
    </member>
    <member name="T:System.Windows.Input.Manipulations.ManipulationDelta2D">
      <summary>Stellt das Ergebnis einer 2D-Bearbeitung dar.</summary>
    </member>
    <member name="P:System.Windows.Input.Manipulations.ManipulationDelta2D.ExpansionX">
      <summary>Ruft das Ausmaß der Erweiterung entlang der x-Achse ab (in Koordinateneinheiten).</summary>
      <returns>Das Ausmaß der Erweiterung entlang der x-Achse (in Koordinateneinheiten).</returns>
    </member>
    <member name="P:System.Windows.Input.Manipulations.ManipulationDelta2D.ExpansionY">
      <summary>Ruft das Ausmaß der Erweiterung entlang der y-Achse ab (in Koordinateneinheiten).</summary>
      <returns>Das Ausmaß der Erweiterung entlang der y-Achse (in Koordinateneinheiten).</returns>
    </member>
    <member name="P:System.Windows.Input.Manipulations.ManipulationDelta2D.Rotation">
      <summary>Ruft das Ausmaß der Drehung ab (in rad).</summary>
      <returns>Das Ausmaß der Drehung (in rad).</returns>
    </member>
    <member name="P:System.Windows.Input.Manipulations.ManipulationDelta2D.ScaleX">
      <summary>Ruft den Skalierungsfaktor entlang der x-Achse ab.</summary>
      <returns>Der Skalierungsfaktor für die x-Achse.</returns>
    </member>
    <member name="P:System.Windows.Input.Manipulations.ManipulationDelta2D.ScaleY">
      <summary>Ruft den Skalierungsfaktor entlang der y-Achse ab.</summary>
      <returns>Der Skalierungsfaktor für die y-Achse.</returns>
    </member>
    <member name="P:System.Windows.Input.Manipulations.ManipulationDelta2D.TranslationX">
      <summary>Ruft die Übersetzung entlang der x-Achse ab (in Koordinateneinheiten).</summary>
      <returns>Die Übersetzung entlang der x-Achse (in Koordinateneinheiten).</returns>
    </member>
    <member name="P:System.Windows.Input.Manipulations.ManipulationDelta2D.TranslationY">
      <summary>Ruft die Übersetzung entlang der y-Achse ab (in Koordinateneinheiten).</summary>
      <returns>Die Übersetzung entlang der y-Achse (in Koordinateneinheiten).</returns>
    </member>
    <member name="T:System.Windows.Input.Manipulations.ManipulationParameters2D">
      <summary>Basisklasse, von der alle Bearbeitungsparameterklassen abgeleitet werden.</summary>
    </member>
    <member name="T:System.Windows.Input.Manipulations.ManipulationPivot2D">
      <summary>Stellt Pivotinformationen dar, die von einem Bearbeitungsprozessor für Drehungen von Einzelmanipulatoren verwendet werden.</summary>
    </member>
    <member name="M:System.Windows.Input.Manipulations.ManipulationPivot2D.#ctor">
      <summary>Initialisiert eine neue Instanz der <see cref="T:System.Windows.Input.Manipulations.ManipulationPivot2D" />-Klasse.</summary>
    </member>
    <member name="P:System.Windows.Input.Manipulations.ManipulationPivot2D.Radius">
      <summary>Ruft den Abstand vom Pivotpunkt zum Rand des bearbeitbaren Bereichs ab.</summary>
      <returns>Der Abstand vom Pivotpunkt zum Rand des bearbeitbaren Bereichs.</returns>
    </member>
    <member name="P:System.Windows.Input.Manipulations.ManipulationPivot2D.X">
      <summary>Ruft die X-Position des Pivotobjekts ab oder legt sie fest.</summary>
      <returns>Die X-Position des Pivotobjekts.</returns>
    </member>
    <member name="P:System.Windows.Input.Manipulations.ManipulationPivot2D.Y">
      <summary>Ruft die Y-Position des Pivotobjekts ab oder legt sie fest.</summary>
      <returns>Die Y-Position des Pivotobjekts.</returns>
    </member>
    <member name="T:System.Windows.Input.Manipulations.ManipulationProcessor2D">
      <summary>Implementiert einen Setzer für Mehrfacheingabe und Einzelausgabe für zweidimensionale (2D) Transformationen in einem freigegebenen Koordinatenraum.</summary>
    </member>
    <member name="M:System.Windows.Input.Manipulations.ManipulationProcessor2D.#ctor(System.Windows.Input.Manipulations.Manipulations2D)">
      <summary>Erstellt ein neues <see cref="T:System.Windows.Input.Manipulations.ManipulationProcessor2D" />-Objekt.</summary>
      <param name="supportedManipulations">Der Anfangssatz unterstützter Bearbeitungen.</param>
      <exception cref="T:System.ArgumentOutOfRangeException">Der <paramref name="supportedManipulations" />-Parameter ist keine gültige Kombination von <see cref="T:System.Windows.Input.Manipulations.Manipulations2D" />-Enumerationswerten.</exception>
    </member>
    <member name="M:System.Windows.Input.Manipulations.ManipulationProcessor2D.#ctor(System.Windows.Input.Manipulations.Manipulations2D,System.Windows.Input.Manipulations.ManipulationPivot2D)">
      <summary>Erstellt ein neues <see cref="T:System.Windows.Input.Manipulations.ManipulationProcessor2D" />-Objekt.</summary>
      <param name="supportedManipulations">Der Anfangssatz unterstützter Bearbeitungen.</param>
      <param name="pivot">Pivotinformationen für Drehungen mit einzelnen Manipulatoren.</param>
      <exception cref="T:System.ArgumentOutOfRangeException">Der <paramref name="supportedManipulations" />-Parameter ist keine gültige Kombination von <see cref="T:System.Windows.Input.Manipulations.Manipulations2D" />-Enumerationswerten.</exception>
    </member>
    <member name="E:System.Windows.Input.Manipulations.ManipulationProcessor2D.Completed">
      <summary>Tritt auf, wenn eine Änderung abgeschlossen wurde.</summary>
    </member>
    <member name="M:System.Windows.Input.Manipulations.ManipulationProcessor2D.CompleteManipulation(System.Int64)">
      <summary>Erzwingt den Abschluss der aktuellen Bearbeitung und löst das <see cref="E:System.Windows.Input.Manipulations.ManipulationProcessor2D.Completed" />-Ereignis aus.</summary>
      <param name="timestamp">Der Zeitstempel zur Fertigstellung der Änderung (in 100-Nanosekunden-Schritten).</param>
      <exception cref="T:System.ArgumentOutOfRangeException">Der Timestamp ist weniger als der vorherige Timestamp für die aktuelle Manipulation.</exception>
    </member>
    <member name="E:System.Windows.Input.Manipulations.ManipulationProcessor2D.Delta">
      <summary>Tritt auf, wenn der Änderungsursprung geändert wurde, oder wenn Übersetzung, Skalierung oder Drehung ausgeführt wurden.</summary>
    </member>
    <member name="P:System.Windows.Input.Manipulations.ManipulationProcessor2D.MinimumScaleRotateRadius">
      <summary>Ruft den minimalen Radius ab (in Koordinateneinheiten), der notwendig ist, damit ein Manipulator an Skalierungs- und Drehungsvorgängen beteiligt werden kann, oder legt ihn fest.</summary>
      <returns>Der minimale Radius (in Koordinateneinheiten), der notwendig ist, damit ein Manipulator an Skalierungs- und Drehungsvorgängen beteiligt werden kann.</returns>
    </member>
    <member name="P:System.Windows.Input.Manipulations.ManipulationProcessor2D.Pivot">
      <summary>Ruft die Pivotinformationen für den Bearbeitungsprozessor ab oder legt sie fest.</summary>
      <returns>Die Pivotinformationen für den Bearbeitungsprozessor.</returns>
    </member>
    <member name="M:System.Windows.Input.Manipulations.ManipulationProcessor2D.ProcessManipulators(System.Int64,System.Collections.Generic.IEnumerable{System.Windows.Input.Manipulations.Manipulator2D})">
      <summary>Verarbeitet die angegebenen Manipulatoren als einzelne Batchaktion.</summary>
      <param name="timestamp">Der Zeitstempel für den Batch (in 100-Nanosekunden-Schritten).</param>
      <param name="manipulators">Der Satz von Manipulatoren, die sich derzeit im Bereich befinden.</param>
      <exception cref="T:System.ArgumentOutOfRangeException">Der Timestamp ist weniger als der vorherige Timestamp für die aktuelle Manipulation.</exception>
    </member>
    <member name="M:System.Windows.Input.Manipulations.ManipulationProcessor2D.SetParameters(System.Windows.Input.Manipulations.ManipulationParameters2D)">
      <summary>Legt Parameter für den Änderungsprozessor fest.</summary>
      <param name="parameters">Parameter, die festgelegt werden sollen.</param>
    </member>
    <member name="E:System.Windows.Input.Manipulations.ManipulationProcessor2D.Started">
      <summary>Tritt auf, wenn eine neue Änderung gestartet wurde.</summary>
    </member>
    <member name="P:System.Windows.Input.Manipulations.ManipulationProcessor2D.SupportedManipulations">
      <summary>Ruft den aktuellen Satz der unterstützten Bearbeitungen ab oder legt ihn fest.</summary>
      <returns>Der aktuelle Satz unterstützter Änderungen.</returns>
      <exception cref="T:System.ArgumentOutOfRangeException">Die Eigenschaft versucht, einen Wert festzulegen, der keine gültige Kombination des <see cref="T:System.Windows.Input.Manipulations.Manipulations2D" /> ist. Enumerationswerte.</exception>
    </member>
    <member name="T:System.Windows.Input.Manipulations.Manipulations2D">
      <summary>Stellt die möglichen affinen zweidimensionalen Bearbeitungen dar.</summary>
    </member>
    <member name="F:System.Windows.Input.Manipulations.Manipulations2D.All">
      <summary>Alle verfügbaren Bearbeitungen.</summary>
    </member>
    <member name="F:System.Windows.Input.Manipulations.Manipulations2D.None">
      <summary>Keine Bearbeitungen.</summary>
    </member>
    <member name="F:System.Windows.Input.Manipulations.Manipulations2D.Rotate">
      <summary>Eine Drehung.</summary>
    </member>
    <member name="F:System.Windows.Input.Manipulations.Manipulations2D.Scale">
      <summary>Eine Skalierung in beide Richtungen.</summary>
    </member>
    <member name="F:System.Windows.Input.Manipulations.Manipulations2D.Translate">
      <summary>Eine Übersetzung in der x- und/oder y-Achse.</summary>
    </member>
    <member name="F:System.Windows.Input.Manipulations.Manipulations2D.TranslateX">
      <summary>Eine Übersetzung in der x-Achse.</summary>
    </member>
    <member name="F:System.Windows.Input.Manipulations.Manipulations2D.TranslateY">
      <summary>Eine Übersetzung in der y-Achse.</summary>
    </member>
    <member name="T:System.Windows.Input.Manipulations.ManipulationVelocities2D">
      <summary>Stellt einen Satz von Geschwindigkeiten dar, der von den Bearbeitungs- und Trägheitprozessoren berechnet wurde.</summary>
    </member>
    <member name="P:System.Windows.Input.Manipulations.ManipulationVelocities2D.AngularVelocity">
      <summary>Ruft die Winkelgeschwindigkeit ab (in rad/ms).</summary>
      <returns>Die Winkelgeschwindigkeit (in rad/ms).</returns>
    </member>
    <member name="P:System.Windows.Input.Manipulations.ManipulationVelocities2D.ExpansionVelocityX">
      <summary>Ruft die Erweiterungsgeschwindigkeit entlang der x-Achse ab (in Koordinateneinheiten/ms).</summary>
      <returns>Die Erweiterungsgeschwindigkeit entlang der x-Achse (in Koordinateneinheiten/ms).</returns>
    </member>
    <member name="P:System.Windows.Input.Manipulations.ManipulationVelocities2D.ExpansionVelocityY">
      <summary>Ruft die Erweiterungsgeschwindigkeit entlang der y-Achse ab (in Koordinateneinheiten/ms).</summary>
      <returns>Die Erweiterungsgeschwindigkeit entlang der y-Achse (in Koordinateneinheiten/ms).</returns>
    </member>
    <member name="P:System.Windows.Input.Manipulations.ManipulationVelocities2D.LinearVelocityX">
      <summary>Ruft die Geschwindigkeit entlang der x-Achse ab (in Koordinateneinheiten/ms).</summary>
      <returns>Die Geschwindigkeit entlang der x-Achse (in Koordinateneinheiten/ms).</returns>
    </member>
    <member name="P:System.Windows.Input.Manipulations.ManipulationVelocities2D.LinearVelocityY">
      <summary>Die Geschwindigkeit entlang der y-Achse (in Koordinateneinheiten/ms).</summary>
      <returns>Die Geschwindigkeit entlang der y-Achse (in Koordinateneinheiten/ms).</returns>
    </member>
    <member name="F:System.Windows.Input.Manipulations.ManipulationVelocities2D.Zero">
      <summary>Ruft ein <see cref="T:System.Windows.Input.Manipulations.ManipulationVelocities2D" />-Objekt ab, in dem alle Geschwindigkeiten auf 0 (null) festgelegt wurden.</summary>
    </member>
    <member name="T:System.Windows.Input.Manipulations.Manipulator2D">
      <summary>Stellt einen 2D-Manipulator zu einem bestimmten Zeitpunkt dar.</summary>
    </member>
    <member name="M:System.Windows.Input.Manipulations.Manipulator2D.#ctor(System.Int32,System.Single,System.Single)">
      <summary>Erstellt ein neues <see cref="T:System.Windows.Input.Manipulations.Manipulator2D" />-Objekt mit den angegebenen Eigenschaften.</summary>
      <param name="id">Die eindeutige ID für diesen Manipulator.</param>
      <param name="x">Die x-Koordinate des Manipulators.</param>
      <param name="y">Die y-Koordinate des Manipulators.</param>
      <exception cref="T:System.ArgumentOutOfRangeException">Die <paramref name="x" />- Koordinate oder <paramref name="y" />- Koordinate ist float.NaN, float.PositiveInfinity oder float.NegativeInfinity. Alle diese Werte sind nicht zulässig.</exception>
    </member>
    <member name="M:System.Windows.Input.Manipulations.Manipulator2D.Equals(System.Object)">
      <summary>Bestimmt, ob dieses <see cref="T:System.Windows.Input.Manipulations.Manipulator2D" />-Objekt über denselben Wert wie das angegebene <see cref="T:System.Windows.Input.Manipulations.Manipulator2D" />-Objekt verfügt.</summary>
      <returns>true, wenn die zwei <see cref="T:System.Windows.Input.Manipulations.Manipulator2D" />-Objekte denselben Typ aufweisen und denselben Wert darstellen, andernfalls false.</returns>
    </member>
    <member name="M:System.Windows.Input.Manipulations.Manipulator2D.GetHashCode">
      <summary>Gibt den Hashcode für diese Instanz zurück.</summary>
      <returns>Der Hashcode für diese Instanz.</returns>
    </member>
    <member name="P:System.Windows.Input.Manipulations.Manipulator2D.Id">
      <summary>Ruft die eindeutige ID für dieses <see cref="T:System.Windows.Input.Manipulations.Manipulator2D" />-Objekt ab bzw. legt es fest.</summary>
      <returns>Die eindeutige ID für das <see cref="T:System.Windows.Input.Manipulations.Manipulator2D" />-Objekt.</returns>
    </member>
    <member name="M:System.Windows.Input.Manipulations.Manipulator2D.op_Equality(System.Windows.Input.Manipulations.Manipulator2D,System.Windows.Input.Manipulations.Manipulator2D)">
      <summary>Bestimmt, ob zwei angegebene <see cref="T:System.Windows.Input.Manipulations.Manipulator2D" />-Objekte denselben Wert haben.</summary>
      <returns>true, wenn die beiden <see cref="T:System.Windows.Input.Manipulations.Manipulator2D" />-Objekte denselben Wert aufweisen, andernfalls false.</returns>
      <param name="manipulator1">Das erste zu vergleichende <see cref="T:System.Windows.Input.Manipulations.Manipulator2D" />-Objekt.</param>
      <param name="manipulator2">Das zweite zu vergleichende <see cref="T:System.Windows.Input.Manipulations.Manipulator2D" />-Objekt.</param>
    </member>
    <member name="M:System.Windows.Input.Manipulations.Manipulator2D.op_Inequality(System.Windows.Input.Manipulations.Manipulator2D,System.Windows.Input.Manipulations.Manipulator2D)">
      <summary>Bestimmt, ob zwei angegebene <see cref="T:System.Windows.Input.Manipulations.Manipulator2D" />-Objekte verschiedene Werte haben.</summary>
      <returns>true, wenn die beiden <see cref="T:System.Windows.Input.Manipulations.Manipulator2D" />-Objekte unterschiedliche Werte besitzen, andernfalls false.</returns>
      <param name="manipulator1">Das erste zu vergleichende <see cref="T:System.Windows.Input.Manipulations.Manipulator2D" />-Objekt.</param>
      <param name="manipulator2">Das zweite zu vergleichende <see cref="T:System.Windows.Input.Manipulations.Manipulator2D" />-Objekt.</param>
    </member>
    <member name="P:System.Windows.Input.Manipulations.Manipulator2D.X">
      <summary>Ruft die x-Koordinate des <see cref="T:System.Windows.Input.Manipulations.Manipulator2D" />-Objekts ab oder legt diesen fest.</summary>
      <returns>Die x-Koordinate des <see cref="T:System.Windows.Input.Manipulations.Manipulator2D" />-Objekts.</returns>
    </member>
    <member name="P:System.Windows.Input.Manipulations.Manipulator2D.Y">
      <summary>Ruft die y-Koordinate des <see cref="T:System.Windows.Input.Manipulations.Manipulator2D" />-Objekts ab oder legt diesen fest.</summary>
      <returns>Die y-Koordinate des <see cref="T:System.Windows.Input.Manipulations.Manipulator2D" />-Objekts.</returns>
    </member>
  </members>
</doc>