﻿<?xml version="1.0" encoding="utf-8"?>
<doc>
  <assembly>
    <name>System.ServiceModel.Channels</name>
  </assembly>
  <members>
    <member name="T:System.ServiceModel.UdpBinding">
      <summary>Stellt eine UPD-Bindung dar.</summary>
    </member>
    <member name="M:System.ServiceModel.UdpBinding.#ctor">
      <summary>Initialisiert eine neue Instanz der <see cref="T:System.ServiceModel.UdpBinding" />-Klasse.</summary>
    </member>
    <member name="M:System.ServiceModel.UdpBinding.#ctor(System.String)">
      <summary>Initialisiert eine neue Instanz der <see cref="T:System.ServiceModel.UdpBinding" />-Klasse mit einem angegebenen Konfigurationsnamen.</summary>
      <param name="configurationName">Der Konfigurationsname.</param>
    </member>
    <member name="M:System.ServiceModel.UdpBinding.CreateBindingElements">
      <summary>Erstellt eine Sammlung von Bindungselementen.</summary>
      <returns>Eine Auflistung von Bindungselementen.</returns>
    </member>
    <member name="P:System.ServiceModel.UdpBinding.DuplicateMessageHistoryLength">
      <summary>Ruft den Wert der Nachrichtenduplikatverlaufslänge in einem UDP-Bindungselement ab oder legt diesen fest.</summary>
      <returns>Die maximale Anzahl Meldungshashes, die von der Bindung zum Identifizieren doppelter Meldungen verwendet werden.</returns>
    </member>
    <member name="P:System.ServiceModel.UdpBinding.MaxBufferPoolSize">
      <summary>Ruft eine maximale Größe der Pufferpool ab oder legt diese fest, die der Bindung zugeordnet ist.</summary>
      <returns>Eine Zahl, die die Größe eines Pufferpools angibt.</returns>
    </member>
    <member name="P:System.ServiceModel.UdpBinding.MaxPendingMessagesTotalSize">
      <summary>Ruft die maximale Anzahl an Meldungen ab bzw. legt diese fest, die zwar empfangen, jedoch noch nicht aus der Eingabewarteschlange einer einzelnen Channelinstanz entfernt wurden.</summary>
      <returns>Die maximale Anzahl ausstehender Nachrichten.</returns>
    </member>
    <member name="P:System.ServiceModel.UdpBinding.MaxReceivedMessageSize">
      <summary>Ruft die maximale Größe für eine Nachricht ab, die von der Bindung verarbeitet werden kann, oder legt sie fest.</summary>
      <returns>Die maximale Größe einer Nachricht, die von der Bindung verarbeitet werden kann.</returns>
    </member>
    <member name="P:System.ServiceModel.UdpBinding.MaxRetransmitCount">
      <summary>Ruft die maximale Anzahl von Rückübertragungsnachrichten in einer UDP-Bindung ab oder legt diese fest.</summary>
      <returns>Die maximale Anzahl von Rückübertragungsnachrichten in einer UDP-Bindung.</returns>
    </member>
    <member name="P:System.ServiceModel.UdpBinding.MulticastInterfaceId">
      <summary>Übernimmt oder bestimmt den Wert der MulticastInterfaceID-Eigenschaft für eine UDP-Bindung.</summary>
      <returns>Der Netzwerkadapter, der beim Senden und Empfangen von Multicastdatenverkehr auf mehrfach verbesserten Computern verwendet wird.</returns>
    </member>
    <member name="P:System.ServiceModel.UdpBinding.ReaderQuotas">
      <summary>Ruft die Readerkontingente ab oder legt diese fest.</summary>
      <returns>Readerkontingente</returns>
    </member>
    <member name="P:System.ServiceModel.UdpBinding.Scheme">
      <summary>Ruft den Namen des Schemas für diese Bindung ab.</summary>
      <returns>Der Name des Schemas für diese Bindung.</returns>
    </member>
    <member name="M:System.ServiceModel.UdpBinding.ShouldSerializeReaderQuotas">
      <summary>Gibt einen Wert zurück, der angibt, ob die ReaderQuotas serialisiert werden soll.</summary>
      <returns>True, wenn die ReaderQuotas serialisiert werden sollen, andernfalls false.</returns>
    </member>
    <member name="M:System.ServiceModel.UdpBinding.ShouldSerializeTextEncoding">
      <summary>Gibt zurück, ob Einstellungen für die Textcodierung serialisiert werden sollen.</summary>
      <returns>True, wenn die Einstellungen für die Textcodierung serialisiert werden sollen, andernfalls false.</returns>
    </member>
    <member name="P:System.ServiceModel.UdpBinding.System#ServiceModel#Channels#IBindingRuntimePreferences#ReceiveSynchronously">
      <summary>Ruft einen Wert ab, der angibt, ob eingehende Anforderungen synchron oder asynchron gehandhabt werden.</summary>
      <returns>True, wenn eingehende Anforderungen synchron verarbeitet werden; andernfalls false.</returns>
    </member>
    <member name="P:System.ServiceModel.UdpBinding.TextEncoding">
      <summary>Übernimmt oder bestimmt die Zeichencodierung, die für die Bindung verwendet wird.</summary>
      <returns>Der Textencoder ().</returns>
    </member>
    <member name="P:System.ServiceModel.UdpBinding.TimeToLive">
      <summary>Übernimmt oder bestimmt den Wert der TimeToLive-Eigenschaft für eine UDP-Bindung.</summary>
      <returns>Die Anzahl an Netzwerksegmenthops, die ein Multicastpaket durchlaufen kann.</returns>
    </member>
    <member name="T:System.ServiceModel.Channels.ByteStreamMessage">
      <summary>Stellt eine Bytestreammeldung dar.</summary>
    </member>
    <member name="M:System.ServiceModel.Channels.ByteStreamMessage.CreateMessage(System.ArraySegment{System.Byte})">
      <summary>Erstellt eine Bytestreammeldung mithilfe der angegebenen Pufferdaten.</summary>
      <returns>Ein <see cref="T:System.ServiceModel.Channels.Message" />-Objekt für die erstellte Nachricht.</returns>
      <param name="buffer">Der Puffer, der Daten für die zu erstellende Meldung bereitstellt.</param>
    </member>
    <member name="M:System.ServiceModel.Channels.ByteStreamMessage.CreateMessage(System.ArraySegment{System.Byte},System.ServiceModel.Channels.BufferManager)">
      <summary>Erstellt eine Bytestreammeldung mithilfe der angegebenen Pufferdaten und des Puffermanagers.</summary>
      <returns>Ein <see cref="T:System.ServiceModel.Channels.Message" />-Objekt für die erstellte Nachricht.</returns>
      <param name="buffer">Der Puffer, der Daten für die zu erstellende Meldung bereitstellt.</param>
      <param name="bufferManager">Der <see cref="T:System.ServiceModel.Channels.BufferManager" />, der den Puffer verwaltet, in dem die Meldung erstellt wird.</param>
    </member>
    <member name="M:System.ServiceModel.Channels.ByteStreamMessage.CreateMessage(System.IO.Stream)">
      <summary>Erstellt eine Bytestreammeldung mithilfe des angegebenen Streams.</summary>
      <returns>Ein <see cref="T:System.ServiceModel.Channels.Message" />-Objekt für die erstellte Nachricht.</returns>
      <param name="stream">Der Stream, der verwendet werden soll, um die Meldung zu erstellen.</param>
    </member>
    <member name="T:System.ServiceModel.Channels.ByteStreamMessageEncodingBindingElement">
      <summary>Das Bindungselement, das die Nachrichtencodierung als Datenstrom von Bytes angibt und über die Option verfügt, die Zeichencodierung anzugeben.</summary>
    </member>
    <member name="M:System.ServiceModel.Channels.ByteStreamMessageEncodingBindingElement.#ctor">
      <summary>Initialisiert eine neue Instanz der <see cref="T:System.ServiceModel.Channels.ByteStreamMessageEncodingBindingElement" />-Klasse.</summary>
    </member>
    <member name="M:System.ServiceModel.Channels.ByteStreamMessageEncodingBindingElement.#ctor(System.Xml.XmlDictionaryReaderQuotas)">
      <summary>Initialisiert eine neue Instanz der <see cref="T:System.ServiceModel.Channels.ByteStreamMessageEncodingBindingElement" />-Klasse mit dem angegebenen Kontingent.</summary>
      <param name="quota">Die Beschränkungen der Komplexität von XML-Meldungen, die von Endpunkten verarbeitet werden können, die mit diesem Bindungselement konfiguriert werden.</param>
    </member>
    <member name="M:System.ServiceModel.Channels.ByteStreamMessageEncodingBindingElement.BuildChannelFactory``1(System.ServiceModel.Channels.BindingContext)">
      <summary>Erstellt den Kanalfactorystapel auf dem Client, der einen angegebenen Kanaltyp für einen angegebenen Kontext erstellt.</summary>
      <returns>Eine Kanalfactory vom Typ <paramref name="TChannel" /> für den angegebenen Kontext.</returns>
      <param name="context">Der Bindungskontext für den Kanal.</param>
      <typeparam name="TChannel">Der Kanaltyp, der von der Kanalfactory erzeugt wird.</typeparam>
    </member>
    <member name="M:System.ServiceModel.Channels.ByteStreamMessageEncodingBindingElement.BuildChannelListener``1(System.ServiceModel.Channels.BindingContext)">
      <summary>Erstellt den Kanallistener auf dem Dienst, der einen festgelegten Kanaltyp für einen bestimmten Kontext akzeptiert.</summary>
      <returns>Ein Kanallistener vom Typ <paramref name="TChannel" /> für den angegebenen Kontext.</returns>
      <param name="context">Der Bindungskontext für den Listener.</param>
      <typeparam name="TChannel">Der Kanaltyp, den der Kanallistener akzeptiert.</typeparam>
    </member>
    <member name="M:System.ServiceModel.Channels.ByteStreamMessageEncodingBindingElement.CanBuildChannelFactory``1(System.ServiceModel.Channels.BindingContext)">
      <summary>Gibt einen Wert zurück, der angibt, ob die aktuelle Bindung eine Factory für einen angegebenen Kanaltyp und Kontext erstellen kann.</summary>
      <returns>true, wenn der angegebene Kanalfactorystapel auf dem Dienst erstellt werden kann, andernfalls false.</returns>
      <param name="context">Der Bindungskontext für den Kanal.</param>
      <typeparam name="TChannel">Der Kanaltyp, der von der Kanalfactory erzeugt wird.</typeparam>
    </member>
    <member name="M:System.ServiceModel.Channels.ByteStreamMessageEncodingBindingElement.CanBuildChannelListener``1(System.ServiceModel.Channels.BindingContext)">
      <summary>Gibt einen Wert zurück, der angibt, ob die aktuelle Bindung einen Listener für einen angegebenen Typ von Kanal und Kontext erstellen kann.</summary>
      <returns>true, wenn der angegebene Kanallistenerstapel auf dem Dienst erstellt werden kann, andernfalls false.</returns>
      <param name="context">Der Bindungskontext für den Listener.</param>
      <typeparam name="TChannel">Der Kanaltyp, den der Kanallistener akzeptiert.</typeparam>
    </member>
    <member name="M:System.ServiceModel.Channels.ByteStreamMessageEncodingBindingElement.Clone">
      <summary>Erstellt ein neues, aus dem aktuellen Objekt initialisiertes <see cref="T:System.ServiceModel.Channels.ByteStreamMessageEncodingBindingElement" />-Objekt.</summary>
      <returns>Ein Bindungselement mit Eigenschaftswerten, die denen des aktuellen Elements entsprechen.</returns>
    </member>
    <member name="M:System.ServiceModel.Channels.ByteStreamMessageEncodingBindingElement.CreateMessageEncoderFactory">
      <summary>Erstellt eine Factory für Bytestream-Nachrichtenencoder, die die SOAP- und WS-Adressierungsversionen und die Zeichencodierung, die vom aktuellen Codierungsbindungselement festgelegt wurden, verwenden.</summary>
      <returns>Die von diesem Bindungselement erstellte Nachrichtenencoderfactory.</returns>
    </member>
    <member name="P:System.ServiceModel.Channels.ByteStreamMessageEncodingBindingElement.MessageVersion">
      <summary>Ruft die Versionen der SOAP-Nachricht und WS-Adressierung ab, die verwendet oder erwartet werden, bzw. legt diese fest.</summary>
      <returns>Die verwendete oder erwartete Nachrichtenversion.</returns>
    </member>
    <member name="P:System.ServiceModel.Channels.ByteStreamMessageEncodingBindingElement.ReaderQuotas">
      <summary>Ruft Beschränkungen der Komplexität von XML-Nachrichten ab, die von mit diesem Bindungselement konfigurierten Endpunkten verarbeitet werden können, oder legt Beschränkungen fest.</summary>
      <returns>Die Komplexitätseinschränkungen für ausgetauschte SOAP-Nachrichten. Die Standardwerte für diese Einschränkungen werden in den folgenden Hinweisabschnitten angegeben.</returns>
    </member>
    <member name="M:System.ServiceModel.Channels.ByteStreamMessageEncodingBindingElement.ShouldSerializeMessageVersion">
      <summary>Gibt einen Wert zurück, der angibt, ob die <see cref="P:System.ServiceModel.Channels.ByteStreamMessageEncodingBindingElement.MessageVersion" />-Eigenschaft ihren Standardwert geändert hat und serialisiert werden soll.</summary>
      <returns>false.</returns>
    </member>
    <member name="M:System.ServiceModel.Channels.ByteStreamMessageEncodingBindingElement.ShouldSerializeReaderQuotas">
      <summary>Gibt einen Wert zurück, der angibt, ob die <see cref="P:System.ServiceModel.Channels.ByteStreamMessageEncodingBindingElement.ReaderQuotas" />-Eigenschaft ihren Standardwert geändert hat und serialisiert werden soll.</summary>
      <returns>true, wenn der <see cref="P:System.ServiceModel.Channels.ByteStreamMessageEncodingBindingElement.ReaderQuotas" />-Eigenschaftswert serialisiert werden soll, andernfalls false.</returns>
    </member>
    <member name="M:System.ServiceModel.Channels.HttpRequestMessageExtensionMethods.ToMessage(System.Net.Http.HttpRequestMessage)">
      <summary>Erstellt eine <see cref="T:System.ServiceModel.Channels.Message" />-Instanz aus einer <see cref="T:System.Net.Http.HttpRequestMessage" />-Instanz.</summary>
      <returns>Die neue <see cref="T:System.ServiceModel.Channels.Message" />-Instanz.</returns>
      <param name="httpRequestMessage">Die <see cref="T:System.Net.Http.HttpRequestMessage" /> aus der die <see cref="T:System.ServiceModel.Channels.Message" />-Instanz erstellt werden soll.</param>
    </member>
    <member name="T:System.ServiceModel.Channels.HttpResponseMessageExtensionMethods">
      <summary>Eine statische Erweiterungsmethodenklasse zum Abrufen einer <see cref="T:System.ServiceModel.Channels.Message" />-Instanz aus einer <see cref="T:System.Net.Http.HttpResponseMessage" />-Instanz.</summary>
    </member>
    <member name="M:System.ServiceModel.Channels.HttpResponseMessageExtensionMethods.ToMessage(System.Net.Http.HttpResponseMessage)">
      <summary>Erstellt eine <see cref="T:System.ServiceModel.Channels.Message" />-Instanz aus einer <see cref="T:System.Net.Http.HttpResponseMessage" />-Instanz.</summary>
      <returns>Die neue <see cref="T:System.ServiceModel.Channels.Message" />-Instanz.</returns>
      <param name="httpResponseMessage">Die <see cref="T:System.Net.Http.HttpResponseMessage" /> aus der die <see cref="T:System.ServiceModel.Channels.Message" />-Instanz erstellt werden soll.</param>
    </member>
    <member name="T:System.ServiceModel.Channels.MessageExtensionMethods">
      <summary>Eine statische Erweiterungsmethoden Klasse zum Abrufen von einer <see cref="T:System.Net.Http.HttpRequestMessage" /> oder einer <see cref="T:System.Net.Http.HttpResponseMessage" />-Instanz aus einer <see cref="T:System.ServiceModel.Channels.Message" />-Instanz.</summary>
    </member>
    <member name="M:System.ServiceModel.Channels.MessageExtensionMethods.ToHttpRequestMessage(System.ServiceModel.Channels.Message)">
      <summary>Erstellt eine <see cref="T:System.Net.Http.HttpRequestMessage" />-Instanz aus einer <see cref="T:System.ServiceModel.Channels.Message" />-Instanz.</summary>
      <returns>Die <see cref="T:System.Net.Http.HttpRequestMessage" />-Instanz.</returns>
      <param name="message">Die <see cref="T:System.ServiceModel.Channels.Message" />-Instanz, aus der die <see cref="T:System.Net.Http.HttpRequestMessage" />-Instanz abrufen werden soll.</param>
    </member>
    <member name="M:System.ServiceModel.Channels.MessageExtensionMethods.ToHttpResponseMessage(System.ServiceModel.Channels.Message)">
      <summary>Erstellt eine <see cref="T:System.Net.Http.HttpResponseMessage" />-Instanz aus einer <see cref="T:System.ServiceModel.Channels.Message" />-Instanz.</summary>
      <returns>Die <see cref="T:System.Net.Http.HttpResponseMessage" />-Instanz.</returns>
      <param name="message">Die <see cref="T:System.ServiceModel.Channels.Message" />-Instanz, aus der die <see cref="T:System.Net.Http.HttpResponseMessage" />-Instanz abrufen werden soll.</param>
    </member>
    <member name="T:System.ServiceModel.Channels.NetworkInterfaceMessageProperty">
      <summary>Stellt eine Netzwerkschnittstellen-Meldungseigenschaft dar.</summary>
    </member>
    <member name="M:System.ServiceModel.Channels.NetworkInterfaceMessageProperty.#ctor(System.Int32)">
      <summary>Initialisiert eine neue Instanz der <see cref="T:System.ServiceModel.Channels.NetworkInterfaceMessageProperty" />-Klasse mit einem angegebenen interfaceIndex.</summary>
      <param name="interfaceIndex">Der angegebene Schnittstellen-Index.</param>
    </member>
    <member name="M:System.ServiceModel.Channels.NetworkInterfaceMessageProperty.AddTo(System.ServiceModel.Channels.Message)">
      <summary>Gibt eine Nachricht zum Anfügen an die Nachricht-Eigenschaften an.</summary>
      <param name="message">Die Meldung, die hinzugefügt werden soll.</param>
    </member>
    <member name="M:System.ServiceModel.Channels.NetworkInterfaceMessageProperty.AddTo(System.ServiceModel.Channels.MessageProperties)">
      <summary>Gibt eine Eigenschaft zum Anfügen an die Nachricht-Eigenschaften an.</summary>
      <param name="properties">Die Eigenschaften, die hinzugefügt werden sollen.</param>
    </member>
    <member name="P:System.ServiceModel.Channels.NetworkInterfaceMessageProperty.InterfaceIndex">
      <summary>Ruft den Wert ab, der den Schnittstellenindex für die Nachrichten-Eigenschaft angibt.</summary>
      <returns>Der Wert, der den Schnittstellenindex für die Nachrichteneigenschaft angibt.</returns>
    </member>
    <member name="P:System.ServiceModel.Channels.NetworkInterfaceMessageProperty.Name">
      <summary>Ruft den angegebenen Namen für die Netzwerkschnittstellenmeldungseigenschaft ab.</summary>
      <returns>Der angegebene Namen für die Meldungseigenschaft der Netzwerkschnittstelle.</returns>
    </member>
    <member name="M:System.ServiceModel.Channels.NetworkInterfaceMessageProperty.TryGet(System.ServiceModel.Channels.Message,System.ServiceModel.Channels.NetworkInterfaceMessageProperty@)">
      <summary>Versucht, die NetworkInterfaceMessageProperty aus den Eigenschaften einer angegebenen Meldung abzurufen.</summary>
      <returns>True, wenn ein Wert für die NetworkInterfaceMessageProperty aus der Meldung abgerufen wird; andernfalls false.</returns>
      <param name="message">Die Nachricht, aus der die Nachrichteneigenschaften des Netzwerkinterfaces abgerufen werden sollen.</param>
      <param name="property">Die Methode gibt true zurück, networkInterfaceMessageProperty enthält eine NetworkInterfaceMessageProperty, die der Meldung zugeordnet ist.</param>
    </member>
    <member name="M:System.ServiceModel.Channels.NetworkInterfaceMessageProperty.TryGet(System.ServiceModel.Channels.MessageProperties,System.ServiceModel.Channels.NetworkInterfaceMessageProperty@)">
      <summary>Versucht, die NetworkInterfaceMessageProperty aus einer angegebenen Nachricht oder einer Sammlung von Nachrichteneigenschaften abzurufen.</summary>
      <returns>True, wenn ein Wert für die NetworkInterfaceMessageProperty aus den Eigenschaften abgerufen wird; andernfalls false.</returns>
      <param name="properties">Die MessageProperties, aus der die Nachrichteneigenschaften des Netzwerkinterfaces abgerufen werden sollen.</param>
      <param name="property">Die Methode gibt true zurück, networkInterfaceMessageProperty enthält eine NetworkInterfaceMessageProperty, die den Eigenschaften zugeordnet ist.</param>
    </member>
    <member name="T:System.ServiceModel.Channels.UdpRetransmissionSettings">
      <summary>Gibt UDP-Neuübertragungs-Einstellungen an.</summary>
    </member>
    <member name="M:System.ServiceModel.Channels.UdpRetransmissionSettings.#ctor">
      <summary>Initialisiert eine neue Instanz der <see cref="T:System.ServiceModel.Channels.UdpRetransmissionSettings" />-Klasse.</summary>
    </member>
    <member name="M:System.ServiceModel.Channels.UdpRetransmissionSettings.#ctor(System.Int32,System.Int32)">
      <summary>Initialisiert eine neue Instanz der <see cref="T:System.ServiceModel.Channels.UdpRetransmissionSettings" />-Klasse mit den angegebenen Werten für die maximale Anzahl der Unicast- und Multicast-Neuübertragungen.</summary>
      <param name="maxUnicastRetransmitCount">Die maximale Anzahl von Unicast-Neuübertragungen.</param>
      <param name="maxMulticastRetransmitCount">Die maximale Anzahl von Multicast-Neuübertragungen.</param>
    </member>
    <member name="M:System.ServiceModel.Channels.UdpRetransmissionSettings.#ctor(System.Int32,System.Int32,System.TimeSpan,System.TimeSpan,System.TimeSpan)">
      <summary>Initialisiert eine neue Instanz der <see cref="T:System.ServiceModel.Channels.UdpRetransmissionSettings" />-Klasse mit den angegebenen Werten für die maximale Anzahl der Unicast- und Multicast-Neuübertragungen, die Verzögerung der unteren Grenze, die Verzögerung der oberen Grenze und der maximalen Verzögerung pro Neuübertragung.</summary>
      <param name="maxUnicastRetransmitCount">Die maximale Anzahl von Unicast-Neuübertragungen.</param>
      <param name="maxMulticastRetransmitCount">Die maximale Anzahl von Multicast-Neuübertragungen.</param>
      <param name="delayLowerBound">Die untere Verzögerungsgrenze.</param>
      <param name="delayUpperBound">Die Verzögerung für die Obergrenze.</param>
      <param name="maxDelayPerRetransmission">Die maximale Verzögerung pro Neuübertragung.</param>
    </member>
    <member name="P:System.ServiceModel.Channels.UdpRetransmissionSettings.DelayLowerBound">
      <summary>Ruft die Verzögerung der unteren Grenze für die Neuübertragungseinstellung ab oder legt diese fest.</summary>
      <returns>Die Verzögerung der unteren Grenze für die Neuübertragungseinstellungen.</returns>
    </member>
    <member name="P:System.ServiceModel.Channels.UdpRetransmissionSettings.DelayUpperBound">
      <summary>Ruft die Verzögerung der oberen Grenze für die Neuübertragungseinstellung ab oder legt diese fest.</summary>
      <returns>Die Verzögerung der oberen Grenze für die Neuübertragungseinstellungen.</returns>
    </member>
    <member name="P:System.ServiceModel.Channels.UdpRetransmissionSettings.MaxDelayPerRetransmission">
      <summary>Ruft die maximale Verzögerung pro Neuübertragung für die Neuübertragungseinstellung ab oder legt diese fest.</summary>
      <returns>Die maximale Verzögerung pro Neuübertragung für die Neuübertragungseinstellung.</returns>
    </member>
    <member name="P:System.ServiceModel.Channels.UdpRetransmissionSettings.MaxMulticastRetransmitCount">
      <summary>Ruft die maximale Anzahl von Multicast-Neuübertragungen ab oder legt diese fest.</summary>
      <returns>Die maximale Anzahl von Multicast-Neuübertragungen.</returns>
    </member>
    <member name="P:System.ServiceModel.Channels.UdpRetransmissionSettings.MaxUnicastRetransmitCount">
      <summary>Ruft die maximale Anzahl von Unicast-Neuübertragungen ab oder legt diese fest.</summary>
      <returns>Die maximale Anzahl von Unicast-Neuübertragungen.</returns>
    </member>
    <member name="M:System.ServiceModel.Channels.UdpRetransmissionSettings.ShouldSerializeDelayLowerBound">
      <summary>Gibt an, ob die UDP-Neuübertragungseinstellungen die Untergrenze bei Änderungsbenachrichtigungen serialisieren sollen.</summary>
      <returns>True, wenn die UDP-Neuübertragungseinstellungen die Untergrenze bei Änderungsbenachrichtigungen serialisieren sollen; andernfalls false.</returns>
    </member>
    <member name="M:System.ServiceModel.Channels.UdpRetransmissionSettings.ShouldSerializeDelayUpperBound">
      <summary>Gibt an, ob die UDP-Neuübertragungseinstellungen die Obergrenze bei Änderungsbenachrichtigungen serialisieren sollen.</summary>
      <returns>True, wenn die UDP-Neuübertragungseinstellungen die Obergrenze bei Änderungsbenachrichtigungen serialisieren sollen; andernfalls false.</returns>
    </member>
    <member name="M:System.ServiceModel.Channels.UdpRetransmissionSettings.ShouldSerializeMaxDelayPerRetransmission">
      <summary>Gibt an, ob die UDP-Neuübertragungseinstellungen die maximale Verzögerung pro Neuübertragung serialisieren sollen.</summary>
      <returns>True, wenn die UDP-Neuübertragungseinstellungen die maximale Verzögerung pro Neuübertragung serialisieren sollen; andernfalls false.</returns>
    </member>
    <member name="T:System.ServiceModel.Channels.UdpTransportBindingElement">
      <summary>Stellt ein UDP-Transportbindungselement dar.</summary>
    </member>
    <member name="M:System.ServiceModel.Channels.UdpTransportBindingElement.#ctor">
      <summary>Initialisiert eine neue Instanz der <see cref="T:System.ServiceModel.Channels.UdpTransportBindingElement" />-Klasse.</summary>
    </member>
    <member name="M:System.ServiceModel.Channels.UdpTransportBindingElement.BuildChannelFactory``1(System.ServiceModel.Channels.BindingContext)">
      <summary>Initialisiert eine Kanalfactory zum Erstellen von Kanälen eines bestimmten Typs aus dem Bindungskontext.</summary>
      <returns>Die <see cref="T:System.ServiceModel.Channels.IChannelFactory`1" /> des Typs <paramref name="TChannel" /> initialisiert aus dem Kontext.</returns>
      <param name="context">
        <see cref="T:System.ServiceModel.Channels.BindingContext" />, der den Kontext für das Bindungselement bereitstellt.</param>
      <typeparam name="TChannel">Der Typ des Kanals, der von der Factory erstellt wird.</typeparam>
    </member>
    <member name="M:System.ServiceModel.Channels.UdpTransportBindingElement.BuildChannelListener``1(System.ServiceModel.Channels.BindingContext)">
      <summary>Initialisiert einen Kanallistener, der Kanäle eines bestimmten Typs aus dem Bindungskontext annimmt.</summary>
      <returns>Die <see cref="T:System.ServiceModel.Channels.IChannelListener`1" /> des Typs <paramref name="TChannel" /> initialisiert aus dem Kontext.</returns>
      <param name="context">
        <see cref="T:System.ServiceModel.Channels.BindingContext" />, der den Kontext für das Bindungselement bereitstellt.</param>
      <typeparam name="TChannel">Der Kanaltyp, den der Kanallistener akzeptiert.</typeparam>
    </member>
    <member name="M:System.ServiceModel.Channels.UdpTransportBindingElement.CanBuildChannelFactory``1(System.ServiceModel.Channels.BindingContext)">
      <summary>Gibt einen Wert zurück, der angibt, ob das Bindungselement eine Kanalfactory für einen bestimmten Typ von Kanal erstellen kann.</summary>
      <returns>true, wenn die <see cref="T:System.ServiceModel.Channels.IChannelFactory`1" /> vom Typ <paramref name="TChannel" /> durch das Bindungselement erstellt werden kann, andernfalls false.</returns>
      <param name="context">Der <see cref="T:System.ServiceModel.Channels.BindingContext" />, der den Kontext für das Bindungselement bereitstellt.</param>
      <typeparam name="TChannel">Der Kanaltyp, der von der Kanalfactory erzeugt wird.</typeparam>
    </member>
    <member name="M:System.ServiceModel.Channels.UdpTransportBindingElement.CanBuildChannelListener``1(System.ServiceModel.Channels.BindingContext)">
      <summary>Gibt einen Wert zurück, der angibt, ob das Bindungselement einen Listener für einen bestimmten Typ von Kanal erstellen kann.</summary>
      <returns>true, wenn die <see cref="T:System.ServiceModel.Channels.IChannelListener`1" /> vom Typ <paramref name="TChannel" /> durch das Bindungselement erstellt werden kann, andernfalls false.</returns>
      <param name="context">Der <see cref="T:System.ServiceModel.Channels.BindingContext" />, der den Kontext für das Bindungselement bereitstellt.</param>
      <typeparam name="TChannel">Der Kanaltyp, den der Listener akzeptiert.</typeparam>
    </member>
    <member name="M:System.ServiceModel.Channels.UdpTransportBindingElement.Clone">
      <summary>Gibt eine Kopie des Bindungselementobjekts zurück.</summary>
      <returns>Ein <see cref="T:System.ServiceModel.Channels.BindingElement" />-Objekt, bei dem es sich um einen tiefen Klon des Originals handelt.</returns>
    </member>
    <member name="P:System.ServiceModel.Channels.UdpTransportBindingElement.DuplicateMessageHistoryLength">
      <summary>Ruft die maximale Anzahl von Meldungs-Hashes ab, die von der Bindung zum Identifizieren doppelter Meldungen verwendet werden.</summary>
      <returns>Die maximale Anzahl Meldungshashes, die von der Bindung zum Identifizieren doppelter Meldungen verwendet werden.</returns>
    </member>
    <member name="M:System.ServiceModel.Channels.UdpTransportBindingElement.GetProperty``1(System.ServiceModel.Channels.BindingContext)">
      <summary>Gibt eine Eigenschaft vom angegebenen Bindungskontexts zurück.</summary>
      <returns>Die Eigenschaft des angegebenen Bindungskontexts.</returns>
      <param name="context">Ein Bindungskontext.</param>
      <typeparam name="T">Der Typ der abzurufenden Eigenschaft.</typeparam>
    </member>
    <member name="P:System.ServiceModel.Channels.UdpTransportBindingElement.MaxPendingMessagesTotalSize">
      <summary>Ruft die maximale Anzahl an Meldungen ab bzw. legt diese fest, die zwar empfangen, jedoch noch nicht aus der Eingabewarteschlange einer einzelnen Channelinstanz entfernt wurden.</summary>
      <returns>Die maximale Anzahl an Meldungen, die zwar empfangen, jedoch noch nicht aus der Eingabewarteschlange einer einzelnen Channelinstanz entfernt wurden.</returns>
    </member>
    <member name="P:System.ServiceModel.Channels.UdpTransportBindingElement.MulticastInterfaceId">
      <summary>Ruft den Netzwerkadapter ab oder legt ihn fest, der beim Senden und Empfangen von mehrfach umgewandeltem Datenverkehr auf mehrfach verbesserten Computern verwendet wird.</summary>
      <returns>Der Netzwerkadapter, der beim Senden und Empfangen von Multicastdatenverkehr auf mehrfach verbesserten Computern verwendet wird.</returns>
    </member>
    <member name="P:System.ServiceModel.Channels.UdpTransportBindingElement.RetransmissionSettings">
      <summary>Übernimmt oder bestimmt die UDP-Neuübertragungseinstellungen.</summary>
      <returns>Die UDP-Neuübertragungseinstellungen.</returns>
    </member>
    <member name="P:System.ServiceModel.Channels.UdpTransportBindingElement.Scheme">
      <summary>Ruft das URI-Schema für den Transport ab.</summary>
      <returns>Das URI-Schema für den Transport.</returns>
    </member>
    <member name="M:System.ServiceModel.Channels.UdpTransportBindingElement.ShouldSerializeRetransmissionSettings">
      <summary>Gibt an, ob die Neuübertragungseinstellungen vom Bindungselement serialisiert werden sollten.</summary>
      <returns>true, wenn die Neuübertragungseinstellungen vom Bindungselement serialisiert werden sollen; andernfalls false.</returns>
    </member>
    <member name="P:System.ServiceModel.Channels.UdpTransportBindingElement.SocketReceiveBufferSize">
      <summary>Übernimmt oder bestimmt die Empfangspuffergröße auf dem zugrunde liegenden Socket.</summary>
      <returns>Die Empfangspuffergröße auf dem zugrunde liegenden Socket.</returns>
    </member>
    <member name="M:System.ServiceModel.Channels.UdpTransportBindingElement.System#ServiceModel#Description#IPolicyExportExtension#ExportPolicy(System.ServiceModel.Description.MetadataExporter,System.ServiceModel.Description.PolicyConversionContext)">
      <summary>Schreibt die benutzerdefinierten Richtlinienassertionen in den Kontext des Bindungselements.</summary>
      <param name="exporter">Das Objekt, das die Metadateninformationen exportiert.</param>
      <param name="context">Der <see cref="T:System.ServiceModel.Description.PolicyConversionContext" />, den Sie zum Einfügen einer benutzerdefinierten Richtlinienassertion verwenden können.</param>
    </member>
    <member name="M:System.ServiceModel.Channels.UdpTransportBindingElement.System#ServiceModel#Description#IWsdlExportExtension#ExportContract(System.ServiceModel.Description.WsdlExporter,System.ServiceModel.Description.WsdlContractConversionContext)">
      <summary>Schreibt die benutzerdefinierten WSDL-Elemente (Web Services Description Language) in für einen Vertrag generierte WSDL.</summary>
      <param name="exporter">Das Objekt, das die Vertragsinformationen exportiert.</param>
      <param name="context">Der Kontext, der Zuordnungen aus exportierten WSDL-Elementen zur Vertragsbeschreibung bereitstellt.</param>
    </member>
    <member name="M:System.ServiceModel.Channels.UdpTransportBindingElement.System#ServiceModel#Description#IWsdlExportExtension#ExportEndpoint(System.ServiceModel.Description.WsdlExporter,System.ServiceModel.Description.WsdlEndpointConversionContext)">
      <summary>Schreibt die benutzerdefinierten WSDL-Elemente (Web Services Description Language) in die generierte WSDL für einen Endpunkt.</summary>
      <param name="exporter">Das Objekt, das die Vertragsinformationen exportiert.</param>
      <param name="context">Der Kontext, der Zuordnungen aus exportierten WSDL-Elementen zur Endpunktbeschreibung bereitstellt.</param>
    </member>
    <member name="P:System.ServiceModel.Channels.UdpTransportBindingElement.TimeToLive">
      <summary>Ruft die Anzahl der Netzwerksegmenthops ab oder legt diese fest.</summary>
      <returns>Die Anzahl der Netzwerksegmenthops.</returns>
    </member>
    <member name="T:System.ServiceModel.Channels.UdpTransportImporter">
      <summary>Stellt einen UDP-Transportimporter dar.</summary>
    </member>
    <member name="M:System.ServiceModel.Channels.UdpTransportImporter.#ctor">
      <summary>Initialisiert eine neue Instanz der <see cref="T:System.ServiceModel.Channels.UdpTransportImporter" />-Klasse.</summary>
    </member>
    <member name="M:System.ServiceModel.Channels.UdpTransportImporter.BeforeImport(System.Web.Services.Description.ServiceDescriptionCollection,System.Xml.Schema.XmlSchemaSet,System.Collections.Generic.ICollection{System.Xml.XmlElement})">
      <summary>Stellt den UDP-Transport vor dem Importieren von Metadatendokumenten dar.</summary>
      <param name="wsdlDocuments">Die WSDL-Dokumente.</param>
      <param name="xmlSchemas">Die XML-Schemas.</param>
      <param name="policy">Die Richtlinie.</param>
    </member>
    <member name="M:System.ServiceModel.Channels.UdpTransportImporter.ImportContract(System.ServiceModel.Description.WsdlImporter,System.ServiceModel.Description.WsdlContractConversionContext)">
      <summary>Importiert einen Vertrag in den UDP-Transportimporter.</summary>
      <param name="importer">Der WSDL-Importer.</param>
      <param name="context">Der Kontext.</param>
    </member>
    <member name="M:System.ServiceModel.Channels.UdpTransportImporter.ImportEndpoint(System.ServiceModel.Description.WsdlImporter,System.ServiceModel.Description.WsdlEndpointConversionContext)">
      <summary>Importiert einen Endpunkt in den UDP-Transportimporter.</summary>
      <param name="importer">Der WSDL-Importer.</param>
      <param name="context">Der Kontext.</param>
    </member>
    <member name="M:System.ServiceModel.Channels.UdpTransportImporter.ImportPolicy(System.ServiceModel.Description.MetadataImporter,System.ServiceModel.Description.PolicyConversionContext)">
      <summary>Importiert eine Richtlinie in den UDP-Transportimporter.</summary>
      <param name="importer">Der WSDL-Importer.</param>
      <param name="context">Der Kontext.</param>
    </member>
    <member name="T:System.ServiceModel.Configuration.ByteStreamMessageEncodingElement">
      <summary>Ermöglicht die Bildung eines Konfigurtionselements, das die Einstellungen für eine Bytestreamnachrichtencodierungselement definiert.</summary>
    </member>
    <member name="M:System.ServiceModel.Configuration.ByteStreamMessageEncodingElement.#ctor">
      <summary>Initialisiert eine neue Instanz der <see cref="T:System.ServiceModel.Configuration.ByteStreamMessageEncodingElement" />-Klasse.</summary>
    </member>
    <member name="M:System.ServiceModel.Configuration.ByteStreamMessageEncodingElement.ApplyConfiguration(System.ServiceModel.Channels.BindingElement)">
      <summary>Übernimmt den Inhalt eines angegebenen Bindungselements für das aktuelle <see cref="T:System.ServiceModel.Configuration.ByteStreamMessageEncodingElement" />-Objekt.</summary>
      <param name="bindingElement">Das Bindungselement, dessen Einstellungen auf dieses Konfigurationselement angewendet werden sollen.</param>
    </member>
    <member name="P:System.ServiceModel.Configuration.ByteStreamMessageEncodingElement.BindingElementType">
      <summary>Ruft den Typ der <see cref="T:System.ServiceModel.Channels.ByteStreamMessageEncodingBindingElement" /> ab.</summary>
      <returns>Ein Konfigurationselementtyp.</returns>
    </member>
    <member name="M:System.ServiceModel.Configuration.ByteStreamMessageEncodingElement.CopyFrom(System.ServiceModel.Configuration.ServiceModelExtensionElement)">
      <summary>Kopiert den Inhalt des angegebenen Konfigurationsabschnitts in das aktuelle <see cref="T:System.ServiceModel.Configuration.ByteStreamMessageEncodingElement" />-Objekt.</summary>
      <param name="from">Der Inhalt, der kopiert wird.</param>
    </member>
    <member name="P:System.ServiceModel.Configuration.ByteStreamMessageEncodingElement.ReaderQuotas">
      <summary>Stellt das <see cref="T:System.ServiceModel.Configuration.XmlDictionaryReaderQuotasElement" />-Konfigurationselement dar, das die Beschränkungen für die Komplexität von SOAP-Meldungen definiert, die von mit dieser Codierung konfigurierten Endpunkten verarbeitet werden können.</summary>
      <returns>Ein Konfigurationselement</returns>
    </member>
    <member name="T:System.ServiceModel.Configuration.UdpBindingCollectionElement">
      <summary>Stellt ein UDP bindendes Sammlungselement dar.</summary>
    </member>
    <member name="M:System.ServiceModel.Configuration.UdpBindingCollectionElement.#ctor">
      <summary>Initialisiert eine neue Instanz der <see cref="T:System.ServiceModel.Configuration.UdpBindingCollectionElement" />-Klasse.</summary>
    </member>
    <member name="T:System.ServiceModel.Configuration.UdpBindingElement">
      <summary>Stellt ein UPD bindendes Element dar.</summary>
    </member>
    <member name="M:System.ServiceModel.Configuration.UdpBindingElement.#ctor">
      <summary>Initialisiert eine neue Instanz der <see cref="T:System.ServiceModel.Configuration.UdpBindingElement" />-Klasse.</summary>
    </member>
    <member name="M:System.ServiceModel.Configuration.UdpBindingElement.#ctor(System.String)">
      <summary>Initialisiert eine neue Instanz der <see cref="T:System.ServiceModel.Configuration.UdpBindingElement" />-Klasse mit dem angegebenen Namen.</summary>
      <param name="name">Der Name.</param>
    </member>
    <member name="P:System.ServiceModel.Configuration.UdpBindingElement.BindingElementType">
      <summary>Ruft den Typ der Bindung ab.</summary>
      <returns>Der Typ der Bindung.</returns>
    </member>
    <member name="P:System.ServiceModel.Configuration.UdpBindingElement.DuplicateMessageHistoryLength">
      <summary>Ruft den Wert der maximalen Anzahl von Nachrichten-Hashes ab, die in einem Konfigurationselement für UDP-Transport verwendet werden, oder legt diesen fest.</summary>
      <returns>Der Wert der maximalen Anzahl an verwendeten Nachrichtenhashes.</returns>
    </member>
    <member name="M:System.ServiceModel.Configuration.UdpBindingElement.InitializeFrom(System.ServiceModel.Channels.Binding)">
      <summary>Initialisiert dieses Bindungskonfigurationselement mit dem Inhalt der angegebenen Bindung.</summary>
      <param name="binding">Die zu verwendende Bindung.</param>
    </member>
    <member name="P:System.ServiceModel.Configuration.UdpBindingElement.MaxBufferPoolSize">
      <summary>Ruft die maximale Größe von Pufferpools ab, die vom Transport verwendet werden, oder legt diese fest.</summary>
      <returns>Die maximale Größe für jeden Puffer in Pools.</returns>
    </member>
    <member name="P:System.ServiceModel.Configuration.UdpBindingElement.MaxPendingMessagesTotalSize">
      <summary>Ruft einen Wert ab oder legt einen Wert fest, der die Gesamtgröße von Meldungen angibt, die empfangen wurden aber noch nicht von der Eigenschaft in einem UDP-Bindungselement entfernt wurden.</summary>
      <returns>Die Gesamtgröße der ausstehenden Nachrichten.</returns>
    </member>
    <member name="P:System.ServiceModel.Configuration.UdpBindingElement.MaxReceivedMessageSize">
      <summary>Ruft den Wert der MaximumReceivedMessageSize-Eigenschaft für ein UDP-Bindungselement ab oder legt diesen fest.</summary>
      <returns>Der Wert der Eigenschaft der maximal erhaltenen Nachrichtengröße.</returns>
    </member>
    <member name="P:System.ServiceModel.Configuration.UdpBindingElement.MaxRetransmitCount">
      <summary>Ruft die maximale Rückübertragungsanzahl für das UDP-Bindungselement ab oder legt diese fest.</summary>
      <returns>Die maximale Anzahl von Neuübertragungen.</returns>
    </member>
    <member name="P:System.ServiceModel.Configuration.UdpBindingElement.MulticastInterfaceId">
      <summary>Ruft den Wert des Netzwerkadapters ab, der in einem UDP-Bindungselement verwendet wird, oder legt diesen fest.</summary>
      <returns>Der Wert des Netzwerkadapters, der in einem UDP-Bindungselement verwendet wird.</returns>
    </member>
    <member name="M:System.ServiceModel.Configuration.UdpBindingElement.OnApplyConfiguration(System.ServiceModel.Channels.Binding)">
      <summary>Übernimmt die angegebene Bindung für die <see cref="T:System.ServiceModel.Configuration.UdpBindingElement" />-Instanz.</summary>
      <param name="binding">Die anzuwendende Bindung.</param>
    </member>
    <member name="P:System.ServiceModel.Configuration.UdpBindingElement.Properties">
      <summary>Ruft die Eigenschaften ab, die dem UDP-Bindungselement zugeordnet sind.</summary>
      <returns>Die Eigenschaften, die dem UDP-Bindungselement zugeordnet sind.</returns>
    </member>
    <member name="P:System.ServiceModel.Configuration.UdpBindingElement.ReaderQuotas">
      <summary>Ruft die Readerkontingente, die im UDP-Bindungselement verwendet werden.</summary>
      <returns>Die Readerkontingente, die im UDP-Bindungselement verwendet werden.</returns>
    </member>
    <member name="P:System.ServiceModel.Configuration.UdpBindingElement.TextEncoding">
      <summary>Ruft die Textcodierung ab, die im UDP-Bindungselement verwendet wird, oder legt diese fest.</summary>
      <returns>Die Textcodierung, die im UDP-Bindungselement verwendet wird.</returns>
    </member>
    <member name="P:System.ServiceModel.Configuration.UdpBindingElement.TimeToLive">
      <summary>Ruft die Gültigkeitsdauer für das UDP-Bindungselement ab oder legt diese fest.</summary>
      <returns>Die Gültigkeitsdauer für das UDP-Bindungselement.</returns>
    </member>
    <member name="T:System.ServiceModel.Configuration.UdpRetransmissionSettingsElement">
      <summary>Stellt ein UDP-Neuübertragungs-Einstellungselement dar.</summary>
    </member>
    <member name="M:System.ServiceModel.Configuration.UdpRetransmissionSettingsElement.#ctor">
      <summary>Initialisiert eine neue Instanz der <see cref="T:System.ServiceModel.Configuration.UdpRetransmissionSettingsElement" />-Klasse.</summary>
    </member>
    <member name="P:System.ServiceModel.Configuration.UdpRetransmissionSettingsElement.DelayLowerBound">
      <summary>Ruft die Untergrenze bei Änderungsbenachrichtigungen für das UDP-Neuübertragungs-Einstellungselement fest oder legt diese fest.</summary>
      <returns>Die untere Verzögerungsgrenze für das Einstellungselement zur UDP-Neuübertragung.</returns>
    </member>
    <member name="P:System.ServiceModel.Configuration.UdpRetransmissionSettingsElement.DelayUpperBound">
      <summary>Ruft die Obergrenze für die Zeitverzögerung für das UDP-Neuübertragungs-Einstellungselement ab oder legt diese fest.</summary>
      <returns>Die obere Verzögerungsgrenze für das Einstellungselement zur UDP-Neuübertragung.</returns>
    </member>
    <member name="P:System.ServiceModel.Configuration.UdpRetransmissionSettingsElement.MaxDelayPerRetransmission">
      <summary>Ruft die maximale Verzögerung pro Neuübertragung für die Neuübertragungseinstellung ab oder legt diese fest.</summary>
      <returns>Die maximale Neuübertragungsverzögerung für das UDP-Neuübertragungs-Einstellungselement.</returns>
    </member>
    <member name="P:System.ServiceModel.Configuration.UdpRetransmissionSettingsElement.MaxMulticastRetransmitCount">
      <summary>Ruft die Anzahl maximaler Multicasts zur Neuübertragung für das UDP-Neuübertragungs-Einstellungselement ab oder legt diese fest.</summary>
      <returns>Der Wert für maximalen Multicast für die Neuübertragung.</returns>
    </member>
    <member name="P:System.ServiceModel.Configuration.UdpRetransmissionSettingsElement.MaxUnicastRetransmitCount">
      <summary>Ruft die Anzahl maximaler Unicasts zur Neuübertragung für das UDP-Neuübertragungs-Einstellungselement fest.</summary>
      <returns>Der Wert für maximalen Unicast für die Neuübertragung für das UDP-Neuübertragungs-Einstellungselement.</returns>
    </member>
    <member name="T:System.ServiceModel.Configuration.UdpTransportElement">
      <summary>Stellt ein Konfigurationselement dar, das bewirkt, dass ein Kanal Meldungen auf dem UDP-Transport überträgt, wenn er in einer benutzerdefinierten Bindung enthalten ist. Diese Klasse kann nicht vererbt werden.</summary>
    </member>
    <member name="M:System.ServiceModel.Configuration.UdpTransportElement.#ctor">
      <summary>Initialisiert eine neue Instanz der <see cref="T:System.ServiceModel.Configuration.UdpTransportElement" />-Klasse.</summary>
    </member>
    <member name="M:System.ServiceModel.Configuration.UdpTransportElement.ApplyConfiguration(System.ServiceModel.Channels.BindingElement)">
      <summary>Übernimmt die Einstellungen vom angegebenen <see cref="T:System.ServiceModel.Channels.BindingElement" /> für dieses Konfigurationselement.</summary>
      <param name="bindingElement">Das <see cref="T:System.ServiceModel.Channels.BindingElement" />, dessen Einstellungen für dieses Konfigurationselement übernommen werden sollen.</param>
    </member>
    <member name="P:System.ServiceModel.Configuration.UdpTransportElement.BindingElementType">
      <summary>Ruft das <see cref="T:System.Type" />-Objekt ab, das das benutzerdefinierte Bindungselement darstellt.</summary>
      <returns>Ein <see cref="T:System.Type" />-Objekt, das das benutzerdefinierte Bindungselement darstellt.</returns>
    </member>
    <member name="P:System.ServiceModel.Configuration.UdpTransportElement.DuplicateMessageHistoryLength">
      <summary>Ruft den Wert der maximalen Anzahl von Nachrichten-Hashes ab, die in einem Konfigurationselement für UDP-Transport verwendet werden, oder legt diesen fest.</summary>
      <returns>Der Wert der maximalen Anzahl an verwendeten Nachrichtenhashes.</returns>
    </member>
    <member name="P:System.ServiceModel.Configuration.UdpTransportElement.MaxPendingMessagesTotalSize">
      <summary>Übernimmt oder bestimmt den Wert der MaximumReceivedMessageSize-Eigenschaft für ein UDP-Transportelement.</summary>
      <returns>Die maximale Größe einer Nachricht, die von der Bindung verarbeitet werden kann.</returns>
    </member>
    <member name="P:System.ServiceModel.Configuration.UdpTransportElement.MulticastInterfaceId">
      <summary>Ruft einen Wert ab oder legt ihn fest, der den Netzwerkadapter eindeutig identifiziert, der beim Senden und Empfangen von Multicastmeldungen verwendet wird.</summary>
      <returns>Der Wert des Netzwerkadapters, der in einem UDP-Bindungselement verwendet wird.</returns>
    </member>
    <member name="P:System.ServiceModel.Configuration.UdpTransportElement.RetransmissionSettings">
      <summary>Übernimmt oder bestimmt die Einstellungen für die Neuübertragung, die im <see cref="T:System.ServiceModel.Configuration.UdpTransportElement" /> verwendet werden.</summary>
      <returns>Die verwendeten Neuübertragungseinstellungen.</returns>
    </member>
    <member name="P:System.ServiceModel.Configuration.UdpTransportElement.SocketReceiveBufferSize">
      <summary>Übernimmt oder bestimmt den Wert der Empfangspuffergröße für ein UDP-Transportelement.</summary>
      <returns>Die Empfangspuffergröße auf dem zugrunde liegenden Socket.</returns>
    </member>
    <member name="P:System.ServiceModel.Configuration.UdpTransportElement.TimeToLive">
      <summary>Ruft die Gültigkeitsdauer für das UDP-Bindungselement ab oder legt diese fest.</summary>
      <returns>Die Gültigkeitsdauer für das UDP-Bindungselement.</returns>
    </member>
  </members>
</doc>