﻿<?xml version="1.0" encoding="utf-8"?>
<doc>
  <assembly>
    <name>System.AddIn</name>
  </assembly>
  <members>
    <member name="T:System.AddIn.AddInAttribute">
      <summary>Identifiziert ein Objekt als Add-In.</summary>
    </member>
    <member name="M:System.AddIn.AddInAttribute.#ctor(System.String)">
      <summary>Initialisiert eine neue Instanz der <see cref="T:System.AddIn.AddInAttribute" />-Klasse.</summary>
      <param name="name">Der Name des Add-Ins.</param>
      <exception cref="T:System.ArgumentException">
        <paramref name="name" /> ist eine Zeichenfolge der Länge 0 (null).</exception>
      <exception cref="T:System.ArgumentNullException">
        <paramref name="name" /> ist null.</exception>
    </member>
    <member name="P:System.AddIn.AddInAttribute.Description">
      <summary>Ruft die Beschreibung des Add-Ins ab oder legt diese fest.</summary>
      <returns>Die aktuelle Beschreibung des Add-Ins.</returns>
    </member>
    <member name="P:System.AddIn.AddInAttribute.Name">
      <summary>Ruft den Namen des Add-Ins ab.</summary>
      <returns>Der Name des Add-Ins.</returns>
    </member>
    <member name="P:System.AddIn.AddInAttribute.Publisher">
      <summary>Ruft den Herausgeber des Add-Ins ab oder legt diesen fest.</summary>
      <returns>Der Herausgeber des Add-Ins.</returns>
    </member>
    <member name="P:System.AddIn.AddInAttribute.Version">
      <summary>Ruft die Softwareversion des Add-Ins ab oder legt diese fest.</summary>
      <returns>Die Softwareversion des Add-Ins.</returns>
    </member>
    <member name="T:System.AddIn.Hosting.AddInController">
      <summary>Stellt den Zugriff auf ein Add-In für eine Reihe von Aufgaben bereit.</summary>
      <filterpriority>2</filterpriority>
    </member>
    <member name="P:System.AddIn.Hosting.AddInController.AddInEnvironment">
      <summary>Ruft ein <see cref="T:System.AddIn.Hosting.AddInEnvironment" />-Objekt ab.</summary>
      <returns>Ein Objekt, mit dem andere Add-Ins in derselben Umgebung wie das ursprüngliche Add-In aktiviert werden können.</returns>
      <filterpriority>2</filterpriority>
    </member>
    <member name="P:System.AddIn.Hosting.AddInController.AppDomain">
      <summary>Ruft die Anwendungsdomäne ab, die ein Add-In enthält.</summary>
      <returns>Die Anwendungsdomäne des Add-Ins.</returns>
      <filterpriority>2</filterpriority>
    </member>
    <member name="M:System.AddIn.Hosting.AddInController.GetAddInController(System.Object)">
      <summary>Ruft den Controller für ein Add-In ab.</summary>
      <returns>Der Controller für das Add-In.</returns>
      <param name="addIn">Die Hostansicht des Add-Ins.</param>
      <filterpriority>2</filterpriority>
    </member>
    <member name="M:System.AddIn.Hosting.AddInController.Shutdown">
      <summary>Deaktiviert ein Add-In.</summary>
      <filterpriority>2</filterpriority>
    </member>
    <member name="P:System.AddIn.Hosting.AddInController.Token">
      <summary>Ruft das Token ab, das das Add-In darstellt.</summary>
      <returns>Ein Objekt, das das Add-In darstellt.</returns>
      <filterpriority>2</filterpriority>
    </member>
    <member name="T:System.AddIn.Hosting.AddInEnvironment">
      <summary>Stellt den Zugriff auf die Anwendungsdomäne und den Prozess eines Add-Ins bereit.</summary>
      <filterpriority>2</filterpriority>
    </member>
    <member name="M:System.AddIn.Hosting.AddInEnvironment.#ctor(System.AppDomain)">
      <summary>Initialisiert eine neue Instanz der <see cref="T:System.AddIn.Hosting.AddInEnvironment" />-Klasse.</summary>
      <param name="appDomain">Die Anwendungsdomäne, die das Add-In enthält.</param>
      <exception cref="T:System.ArgumentNullException">
        <paramref name="appDomain" /> ist null.</exception>
      <exception cref="T:System.Security.SecurityException">Es wird eine Berechtigung mit vollständiger Vertrauenswürdigkeit gefordert. Ein Aufrufer in der Kette von Aufrufen verfügt nicht über ausreichende Berechtigungen.</exception>
      <filterpriority>2</filterpriority>
    </member>
    <member name="P:System.AddIn.Hosting.AddInEnvironment.Process">
      <summary>Ruft das <see cref="T:System.AddIn.Hosting.AddInProcess" />-Objekt ab, das den Prozess darstellt, in dem das Add-In ausgeführt wird.</summary>
      <returns>Der Prozess, in dem das Add-In ausgeführt wird.</returns>
      <filterpriority>2</filterpriority>
    </member>
    <member name="T:System.AddIn.Hosting.AddInProcess">
      <summary>Stellt einen externen Prozess zum prozessexternen Ausführen von Add-Ins über die Hostanwendung bereit.</summary>
    </member>
    <member name="M:System.AddIn.Hosting.AddInProcess.#ctor">
      <summary>Initialisiert eine neue Instanz der <see cref="T:System.AddIn.Hosting.AddInProcess" />-Klasse.</summary>
    </member>
    <member name="M:System.AddIn.Hosting.AddInProcess.#ctor(System.AddIn.Hosting.Platform)">
      <summary>Initialisiert eine neue Instanz der <see cref="T:System.AddIn.Hosting.AddInProcess" />-Klasse und gibt die Bits pro Wort des Prozesses an, in dem das Add-In ausgeführt wird.</summary>
      <param name="platform">Ein Wert, der die Bits pro Wort des Prozesses angibt, in dem das Add-In ausgeführt wird.</param>
      <exception cref="T:System.InvalidOperationException">Der Registrierungseintrag für den Pfad zur ausführbaren Datei (AddInProcess.exe oder AddInProcess32.exe) ist nicht vorhanden. -oder- Der ausführbare Datei fehlt.</exception>
    </member>
    <member name="P:System.AddIn.Hosting.AddInProcess.IsCurrentProcess">
      <summary>Ruft einen Wert ab, der angibt, ob das aktuelle <see cref="T:System.AddIn.Hosting.AddInProcess" />-Objekt den Hostanwendungsprozess darstellt.</summary>
      <returns>true, wenn das <see cref="T:System.AddIn.Hosting.AddInProcess" />-Objekt dem aktuellen Prozess entspricht, andernfalls false.</returns>
    </member>
    <member name="P:System.AddIn.Hosting.AddInProcess.KeepAlive">
      <summary>Ruft einen Wert ab, der angibt, ob der externe Prozess beibehalten werden soll, oder legt diesen Wert fest.</summary>
      <returns>true, wenn der externe Prozess beibehalten werden soll, andernfalls false. Die Standardeinstellung ist false.</returns>
    </member>
    <member name="P:System.AddIn.Hosting.AddInProcess.Platform">
      <summary>Ruft die Bits pro Wort des Prozesses ab, in dem das prozessexterne Add-In ausgeführt wird.</summary>
      <returns>Die Bits pro Wort des Prozesses, in dem das Add-In ausgeführt wird.</returns>
    </member>
    <member name="P:System.AddIn.Hosting.AddInProcess.ProcessId">
      <summary>Ruft die Prozess-ID des externen Prozesses ab.</summary>
      <returns>Die Prozess-ID oder -1, wenn der externe Prozess nicht gestartet wurde.</returns>
    </member>
    <member name="M:System.AddIn.Hosting.AddInProcess.Shutdown">
      <summary>Erzwingt das Beenden des externen Prozesses.</summary>
      <returns>true, wenn der externe Prozess ausgeführt und erfolgreich beendet wurde. false, wenn dem <see cref="T:System.AddIn.Hosting.AddInProcess" /> kein aktiver Prozess zugeordnet ist.</returns>
      <exception cref="T:System.InvalidOperationException">Das Add-In wird im Prozess mit der Hostanwendung ausgeführt. Das Starten und Beenden des Prozesses ist nur für externe Prozesse und nicht für den Hostprozess zulässig.</exception>
    </member>
    <member name="E:System.AddIn.Hosting.AddInProcess.ShuttingDown">
      <summary>Tritt ein, wenn der durch das <see cref="T:System.AddIn.Hosting.AddInProcess" />-Objekt dargestellte Prozess gerade beendet werden soll.</summary>
    </member>
    <member name="M:System.AddIn.Hosting.AddInProcess.Start">
      <summary>Startet den externen Prozess.</summary>
      <returns>true, wenn der Prozess erfolgreich gestartet wurde. false, wenn der Prozess bereits ausgeführt wird.</returns>
      <exception cref="T:System.InvalidOperationException">Das Add-In wird im Prozess mit der Hostanwendung ausgeführt. Das Starten und Beenden des Prozesses ist nur für externe Prozesse und nicht für den Hostprozess zulässig.</exception>
    </member>
    <member name="P:System.AddIn.Hosting.AddInProcess.StartupTimeout">
      <summary>Ruft die zulässige Anzahl von Sekunden zum Starten des Prozesses ab oder legt diese fest.</summary>
      <returns>Die zulässige Anzahl von Sekunden zum Starten des Prozesses.</returns>
      <exception cref="T:System.InvalidOperationException">Der Prozess wird bereits ausgeführt.</exception>
      <exception cref="T:System.ArgumentOutOfRangeException">Der zugewiesene Wert ist kleiner als 0 (null).</exception>
    </member>
    <member name="T:System.AddIn.Hosting.AddInSecurityLevel">
      <summary>Gibt die Vertrauensebene an, die der Anwendungsdomäne gewährt wird, in die ein Add-In geladen wird.</summary>
    </member>
    <member name="F:System.AddIn.Hosting.AddInSecurityLevel.FullTrust">
      <summary>Verwenden Sie die Sicherheitsstufe für volle Vertrauenswürdigkeit für Add-Ins, die über Lese- und Schreibzugriff auf das lokale Dateisystem verfügen, Netzwerkverbindungen erstellen und aus der Registrierung lesen. Diese Sicherheitsstufe gewährt den Vollzugriff auf die Codezugriffssicherheit (Code Access Security, CAS) des Add-Ins, indem das <see cref="F:System.Security.Permissions.PermissionState.Unrestricted" />-Feld angewendet wird.</summary>
    </member>
    <member name="F:System.AddIn.Hosting.AddInSecurityLevel.Host">
      <summary>Verwenden Sie die Hostsicherheitsstufe, um dem Add-In dieselben Berechtigungen zu gewähren, über die der Hostcode derzeit verfügt.</summary>
    </member>
    <member name="F:System.AddIn.Hosting.AddInSecurityLevel.Internet">
      <summary>Verwenden Sie die Internetsicherheitsstufe für Add-Ins mit einer niedrigen Vertrauensebene.</summary>
    </member>
    <member name="F:System.AddIn.Hosting.AddInSecurityLevel.Intranet">
      <summary>Verwenden Sie die Intranetsicherheitsstufe für Add-Ins, die sich im Intranet eines Unternehmens befinden. Diese Add-Ins können eine höhere Vertrauensebene aufweisen, da sich die Server und die Informationen innerhalb der Firewall eines Unternehmens befinden.</summary>
    </member>
    <member name="T:System.AddIn.Hosting.AddInSegmentDirectoryNotFoundException">
      <summary>Die Ausnahme, die ausgelöst wird, wenn in der Pipelineverzeichnisstruktur ein Segmentverzeichnis fehlt.</summary>
    </member>
    <member name="M:System.AddIn.Hosting.AddInSegmentDirectoryNotFoundException.#ctor">
      <summary>Initialisiert eine neue Instanz der <see cref="T:System.AddIn.Hosting.AddInSegmentDirectoryNotFoundException" />-Klasse.</summary>
    </member>
    <member name="M:System.AddIn.Hosting.AddInSegmentDirectoryNotFoundException.#ctor(System.Runtime.Serialization.SerializationInfo,System.Runtime.Serialization.StreamingContext)">
      <summary>Initialisiert eine neue Instanz der <see cref="T:System.AddIn.Hosting.AddInSegmentDirectoryNotFoundException" />-Klasse mit Serialisierungsdaten.</summary>
      <param name="info">Das Objekt, das die Daten des serialisierten Objekts enthält.</param>
      <param name="context">Die Kontextinformationen zu den Quell- oder Zielobjektdaten.</param>
    </member>
    <member name="M:System.AddIn.Hosting.AddInSegmentDirectoryNotFoundException.#ctor(System.String)">
      <summary>Initialisiert eine neue Instanz der <see cref="T:System.AddIn.Hosting.AddInSegmentDirectoryNotFoundException" />-Klasse mit einer angegebenen Meldung.</summary>
      <param name="message">Eine Meldung mit einer Beschreibung des Fehlers.</param>
    </member>
    <member name="M:System.AddIn.Hosting.AddInSegmentDirectoryNotFoundException.#ctor(System.String,System.Exception)">
      <summary>Initialisiert eine neue Instanz der <see cref="T:System.AddIn.Hosting.AddInSegmentDirectoryNotFoundException" />-Klasse mit einer angegebenen Fehlermeldung und einem Verweis auf die innere Ausnahme, die diese Ausnahme ausgelöst hat.</summary>
      <param name="message">Eine Meldung mit einer Beschreibung des Fehlers.</param>
      <param name="innerException">Die Ausnahme, die die Ursache der aktuellen Ausnahme ist. Wenn der <paramref name="innerException" />-Parameter kein NULL-Verweis ist, wird die aktuelle Ausnahme in einem catch-Block ausgelöst, der die innere Ausnahme behandelt.</param>
    </member>
    <member name="T:System.AddIn.Hosting.AddInSegmentType">
      <summary>Gibt den Typ eines Pipelinesegments an.</summary>
    </member>
    <member name="F:System.AddIn.Hosting.AddInSegmentType.AddIn">
      <summary>Gibt ein Add-In-Segment an.</summary>
    </member>
    <member name="F:System.AddIn.Hosting.AddInSegmentType.AddInSideAdapter">
      <summary>Gibt ein Adaptersegment auf Add-In-Seite an.</summary>
    </member>
    <member name="F:System.AddIn.Hosting.AddInSegmentType.AddInView">
      <summary>Gibt ein Add-In-Ansichtssegment an.</summary>
    </member>
    <member name="F:System.AddIn.Hosting.AddInSegmentType.Contract">
      <summary>Gibt ein Vertragssegment an.</summary>
    </member>
    <member name="F:System.AddIn.Hosting.AddInSegmentType.HostSideAdapter">
      <summary>Gibt ein hostseitiges Adaptersegment an.</summary>
    </member>
    <member name="F:System.AddIn.Hosting.AddInSegmentType.HostViewOfAddIn">
      <summary>Gibt die Hostansicht des Add-In-Segments an.</summary>
    </member>
    <member name="T:System.AddIn.Hosting.AddInStore">
      <summary>Stellt Methoden zum Speichern und Suchen von Informationen über verfügbare Add-Ins und Pipelinesegmente bereit.</summary>
    </member>
    <member name="M:System.AddIn.Hosting.AddInStore.FindAddIn(System.Type,System.String,System.String,System.String)">
      <summary>Sucht ein bestimmtes Add-In.</summary>
      <returns>Eine Auflistung von Token, die nur das Token enthält, das das gefundene Add-In darstellt.</returns>
      <param name="hostViewOfAddIn">Der Typ, der die Hostansicht des Add-Ins definiert.</param>
      <param name="pipelineRootFolderPath">Der Pfad zum Stamm der Pipelineverzeichnisstruktur.</param>
      <param name="addInFilePath">Der Pfad und Dateiname des zu suchenden Add-Ins.</param>
      <param name="addInTypeName">Der Typname des Add-Ins.</param>
      <exception cref="T:System.ArgumentException">Die Länge von <paramref name="pipelineRootFolderPath" />, <paramref name="addInFilePath" /> oder <paramref name="addInTypeName" /> ist 0. - oder - Die Add-In-Datei ist in <paramref name="addInfilePath" /> nicht vorhanden.</exception>
      <exception cref="T:System.ArgumentNullException">Ein oder mehrere Parameter sind null.</exception>
      <exception cref="T:System.Security.SecurityException">Der Aufrufer besitzt keine Lesezugriffsberechtigung für <paramref name="pipelineRootFolderPath" />.</exception>
      <filterpriority>2</filterpriority>
    </member>
    <member name="M:System.AddIn.Hosting.AddInStore.FindAddIns(System.Type,System.AddIn.Hosting.PipelineStoreLocation)">
      <summary>Sucht alle Add-Ins für eine angegebene Hostansicht des Add-Ins an dem vom <see cref="T:System.AddIn.Hosting.PipelineStoreLocation" />-Enumerationswert angegebenen Speicherort.</summary>
      <returns>Eine Auflistung von Token, die die gefundenen Add-Ins darstellen.</returns>
      <param name="hostViewOfAddIn">Der Typ, der die Hostansicht des Add-Ins definiert.</param>
      <param name="location">Das Basisverzeichnis der Hostanwendung.</param>
      <exception cref="T:System.AddIn.Hosting.InvalidPipelineStoreException">Es ist eine Zugriffsverletzung bei der Pipelineverzeichnisstruktur aufgetreten.</exception>
      <exception cref="T:System.ArgumentException">
        <paramref name="location" /> ist ein ungültiger <see cref="T:System.AddIn.Hosting.PipelineStoreLocation" />-Wert.</exception>
    </member>
    <member name="M:System.AddIn.Hosting.AddInStore.FindAddIns(System.Type,System.AddIn.Hosting.PipelineStoreLocation,System.String[])">
      <summary>Sucht alle Add-Ins für eine angegebene Hostansicht des Add-Ins an dem von einem <see cref="T:System.AddIn.Hosting.PipelineStoreLocation" />-Wert angegebenen Speicherort und einem optionalen Add-In-Ordner.</summary>
      <returns>Eine Auflistung von Token, die die gefundenen Add-Ins darstellen.</returns>
      <param name="hostViewOfAddIn">Der Typ, der die Hostansicht des Add-Ins definiert.</param>
      <param name="location">Einer der Enumerationswerte. Derzeit ist der einzige Wert in dieser Enumeration das von der <see cref="P:System.AppDomainSetup.ApplicationBase" />-Eigenschaft angegebene Verzeichnis, mit dem die Anwendungsdomäne des Hosts eingerichtet wurde.</param>
      <param name="addInFolderPaths">(Optional). Der Pfad des Verzeichnisses, das ein oder mehrere Unterverzeichnisse von Add-Ins enthält. Da dieser Parameter ein Zeichenfolgenarray akzeptiert, können Sie mehrere Pfade angeben. Dieser Parameter ist nicht erforderlich, wenn sich die Add-Ins in der Pipelineverzeichnisstruktur im Ordner AddIns befinden.</param>
      <exception cref="T:System.AddIn.Hosting.InvalidPipelineStoreException">Es ist eine Zugriffsverletzung bei der Pipelineverzeichnisstruktur aufgetreten.</exception>
      <exception cref="T:System.ArgumentException">
        <paramref name="location" /> ist ein ungültiger <see cref="T:System.AddIn.Hosting.PipelineStoreLocation" />-Wert.</exception>
    </member>
    <member name="M:System.AddIn.Hosting.AddInStore.FindAddIns(System.Type,System.String,System.String[])">
      <summary>Sucht alle Add-Ins für eine angegebene Hostansicht des Add-Ins in einem angegebenen Stammverzeichnis.</summary>
      <returns>Eine Auflistung von Token, die die gefundenen Add-Ins darstellen.</returns>
      <param name="hostViewOfAddIn">Der Typ, der die Hostansicht des Add-Ins definiert.</param>
      <param name="pipelineRootFolderPath">Der Pfad zum Stamm der Pipelineverzeichnisstruktur.</param>
      <param name="addInFolderPaths">(Optional). Der Pfad des Verzeichnisses, das ein oder mehrere Unterverzeichnisse von Add-Ins enthält. Da dieser Parameter ein Zeichenfolgenarray akzeptiert, können Sie mehrere Pfade angeben. Dieser Parameter ist nicht erforderlich, wenn sich die Add-Ins in der Pipelineverzeichnisstruktur im Ordner AddIns befinden.</param>
      <exception cref="T:System.AddIn.Hosting.InvalidPipelineStoreException">Es ist eine Zugriffsverletzung bei der Pipelineverzeichnisstruktur aufgetreten.</exception>
    </member>
    <member name="M:System.AddIn.Hosting.AddInStore.Rebuild(System.AddIn.Hosting.PipelineStoreLocation)">
      <summary>Erstellt den Pipelinesegmentcache neu und schließt neue Segmente am von einem <see cref="T:System.AddIn.Hosting.PipelineStoreLocation" />-Wert angegebenen Speicherort ein.</summary>
      <returns>Eine Auflistung von Zeichenfolgen, die Warnungen während der Überprüfung der Pipelinesegmente beschreiben.</returns>
      <param name="location">Einer der Enumerationswerte. Derzeit ist der einzige Wert in dieser Enumeration das von der <see cref="P:System.AppDomainSetup.ApplicationBase" />-Eigenschaft angegebene Verzeichnis, mit dem die Anwendungsdomäne des Hosts eingerichtet wurde.</param>
      <exception cref="T:System.AddIn.Hosting.AddInSegmentDirectoryNotFoundException">In der Pipelineverzeichnisstruktur fehlt ein Segmentverzeichnis.</exception>
      <exception cref="T:System.AddIn.Hosting.InvalidPipelineStoreException">Es ist eine Zugriffsverletzung bei der Pipelineverzeichnisstruktur aufgetreten.</exception>
      <exception cref="T:System.ArgumentException">
        <paramref name="location" /> ist ein ungültiger <see cref="T:System.AddIn.Hosting.PipelineStoreLocation" />-Wert.</exception>
    </member>
    <member name="M:System.AddIn.Hosting.AddInStore.Rebuild(System.String)">
      <summary>Erstellt den Pipelinesegmentcache neu und schließt neue Segmente aus einem angegebenen Stammverzeichnis ein.</summary>
      <returns>Eine Auflistung von Zeichenfolgen, die Warnungen während der Überprüfung der Pipelinesegmente beschreiben.</returns>
      <param name="pipelineRootFolderPath">Der Pfad zum Stamm der Pipelineverzeichnisstruktur.</param>
      <exception cref="T:System.AddIn.Hosting.AddInSegmentDirectoryNotFoundException">In der Pipelineverzeichnisstruktur fehlt ein Segmentverzeichnis.</exception>
      <exception cref="T:System.AddIn.Hosting.InvalidPipelineStoreException">Es ist eine Zugriffsverletzung bei der Pipelineverzeichnisstruktur aufgetreten.</exception>
      <filterpriority>2</filterpriority>
    </member>
    <member name="M:System.AddIn.Hosting.AddInStore.RebuildAddIns(System.String)">
      <summary>Erstellt den Add-In-Cache neu und schließt neue Add-Ins aus einem angegebenen Stammverzeichnis ein.</summary>
      <returns>Eine Auflistung von Zeichenfolgen, die Warnungen während der Überprüfung der Pipelinesegmente beschreiben.</returns>
      <param name="addInsFolderPath">Der Pfad des Verzeichnisses, das ein oder mehrere Unterverzeichnisse von Add-Ins enthält.</param>
      <exception cref="T:System.AddIn.Hosting.AddInSegmentDirectoryNotFoundException">In der Pipelineverzeichnisstruktur fehlt ein Segmentverzeichnis.</exception>
      <exception cref="T:System.AddIn.Hosting.InvalidPipelineStoreException">Es ist eine Zugriffsverletzung bei der Pipelineverzeichnisstruktur aufgetreten.</exception>
      <exception cref="T:System.ArgumentNullException">
        <paramref name="addInsFolderPath" /> ist null.</exception>
      <exception cref="T:System.Security.SecurityException">Aufrufer verfügt nicht über Lese- und Schreibzugriffsberechtigungen für den Speicherort, der von <paramref name="addInsFolderPath" /> angegeben wird.</exception>
      <filterpriority>2</filterpriority>
    </member>
    <member name="M:System.AddIn.Hosting.AddInStore.Update(System.AddIn.Hosting.PipelineStoreLocation)">
      <summary>Aktualisiert den Pipelinesegmentcache mit neuen Segmenten am von einem <see cref="T:System.AddIn.Hosting.PipelineStoreLocation" />-Wert angegebenen Speicherort.</summary>
      <returns>Eine Auflistung von Zeichenfolgen, die Warnungen während der Überprüfung der Pipelinesegmente beschreiben.</returns>
      <param name="location">Einer der Enumerationswerte. Derzeit ist der einzige Wert in dieser Enumeration das von der <see cref="P:System.AppDomainSetup.ApplicationBase" />-Eigenschaft angegebene Verzeichnis, mit dem die Anwendungsdomäne des Hosts eingerichtet wurde.</param>
      <exception cref="T:System.AddIn.Hosting.AddInSegmentDirectoryNotFoundException">In der Pipelineverzeichnisstruktur fehlt ein Segmentverzeichnis.</exception>
      <exception cref="T:System.AddIn.Hosting.InvalidPipelineStoreException">Es ist eine Zugriffsverletzung bei der Pipelineverzeichnisstruktur aufgetreten.</exception>
      <exception cref="T:System.ArgumentException">
        <paramref name="location" /> ist ein ungültiger <see cref="T:System.AddIn.Hosting.PipelineStoreLocation" />-Wert.</exception>
    </member>
    <member name="M:System.AddIn.Hosting.AddInStore.Update(System.String)">
      <summary>Aktualisiert den Pipelinesegmentcache mit neuen Segmenten aus einem angegebenen Stammverzeichnis.</summary>
      <returns>Eine Auflistung von Zeichenfolgen, die Warnungen während der Überprüfung der Pipelinesegmente beschreiben.</returns>
      <param name="pipelineRootFolderPath">Der Pfad zum Stamm der Pipelineverzeichnisstruktur.</param>
      <exception cref="T:System.AddIn.Hosting.AddInSegmentDirectoryNotFoundException">In der Pipelineverzeichnisstruktur fehlt ein Segmentverzeichnis.</exception>
      <exception cref="T:System.AddIn.Hosting.InvalidPipelineStoreException">Es ist eine Zugriffsverletzung bei der Pipelineverzeichnisstruktur aufgetreten.</exception>
    </member>
    <member name="M:System.AddIn.Hosting.AddInStore.UpdateAddIns(System.String)">
      <summary>Aktualisiert den Add-In-Cache und schließt neue Add-Ins an einem angegebenen Speicherort ein.</summary>
      <returns>Eine Auflistung von Zeichenfolgen, die Warnungen während der Überprüfung der Pipelinesegmente beschreiben.</returns>
      <param name="addInsFolderPath">Der Pfad des Verzeichnisses, das ein oder mehrere Unterverzeichnisse von Add-Ins enthält.</param>
      <exception cref="T:System.AddIn.Hosting.AddInSegmentDirectoryNotFoundException">In der Pipelineverzeichnisstruktur fehlt ein Segmentverzeichnis.</exception>
      <exception cref="T:System.AddIn.Hosting.InvalidPipelineStoreException">Es ist eine Zugriffsverletzung bei der Pipelineverzeichnisstruktur aufgetreten.</exception>
      <exception cref="T:System.ArgumentNullException">
        <paramref name="addInsFolderPath" /> ist null.</exception>
      <exception cref="T:System.Security.SecurityException">Aufrufer verfügt nicht über Lese- und Schreibzugriffsberechtigungen für den Speicherort, der von <paramref name="addInsFolderPath" /> angegeben wird.</exception>
    </member>
    <member name="T:System.AddIn.Hosting.AddInToken">
      <summary>Stellt ein Add-In dar, das aktiviert werden kann.</summary>
    </member>
    <member name="M:System.AddIn.Hosting.AddInToken.Activate``1(System.AddIn.Hosting.AddInEnvironment)">
      <summary>Aktiviert ein Add-In in der Umgebung eines anderen Add-Ins.</summary>
      <returns>Die Hostansicht des Add-Ins.</returns>
      <param name="environment">Die Anwendungsdomäne und der Prozess, die das ursprüngliche Add-In enthalten.</param>
      <typeparam name="T">Die Schnittstelle oder der abstrakte Basistyp, der die Hostansicht des Add-Ins darstellt.</typeparam>
      <filterpriority>2</filterpriority>
    </member>
    <member name="M:System.AddIn.Hosting.AddInToken.Activate``1(System.AddIn.Hosting.AddInProcess,System.AddIn.Hosting.AddInSecurityLevel)">
      <summary>Aktiviert ein Add-In mit einer angegebenen Vertrauensebene in einem externen Prozess in einer neuen Anwendungsdomäne.</summary>
      <returns>Die Hostansicht des Add-Ins.</returns>
      <param name="process">Den externen Prozess, in dem das Add-In aktiviert werden soll.</param>
      <param name="level">Einer der Enumerationswerte, der die Vertrauensebene angibt.</param>
      <typeparam name="T">Die Schnittstelle oder der abstrakte Basistyp, der die Hostansicht des Add-Ins darstellt.</typeparam>
    </member>
    <member name="M:System.AddIn.Hosting.AddInToken.Activate``1(System.AddIn.Hosting.AddInProcess,System.Security.PermissionSet)">
      <summary>Aktiviert ein Add-In mit einem angegebenen Berechtigungssatz in einem externen Prozess in einer neuen Anwendungsdomäne.</summary>
      <returns>Die Hostansicht des Add-Ins.</returns>
      <param name="process">Den externen Prozess, in dem das Add-In aktiviert werden soll.</param>
      <param name="permissionSet">Der für das Add-In erforderliche gewährte Berechtigungssatz.</param>
      <typeparam name="T">Die Schnittstelle oder der abstrakte Basistyp, der die Hostansicht des Add-Ins darstellt.</typeparam>
      <filterpriority>2</filterpriority>
    </member>
    <member name="M:System.AddIn.Hosting.AddInToken.Activate``1(System.AddIn.Hosting.AddInSecurityLevel)">
      <summary>Aktiviert ein Add-In mit einer angegebenen Vertrauensebene in einer neuen Anwendungsdomäne.</summary>
      <returns>Die Hostansicht des Add-Ins.</returns>
      <param name="trustLevel">Einer der Enumerationswerte, der die Vertrauensebene angibt.</param>
      <typeparam name="T">Die Schnittstelle oder der abstrakte Basistyp, der die Hostansicht des Add-Ins darstellt.</typeparam>
    </member>
    <member name="M:System.AddIn.Hosting.AddInToken.Activate``1(System.AddIn.Hosting.AddInSecurityLevel,System.String)">
      <summary>Aktiviert ein Add-In mit einem angegebenen Namen und einer angegebenen Vertrauensebene in einer neuen Anwendungsdomäne.</summary>
      <returns>Die Hostansicht des Add-Ins.</returns>
      <param name="trustLevel">Einer der Enumerationswerte, der die Vertrauensebene angibt.</param>
      <param name="appDomainName">Der angezeigte Name, der der neuen Anwendungsdomäne zugewiesen werden soll.</param>
      <typeparam name="T">Die Schnittstelle oder der abstrakte Basistyp, der die Hostansicht des Add-Ins darstellt.</typeparam>
      <filterpriority>2</filterpriority>
    </member>
    <member name="M:System.AddIn.Hosting.AddInToken.Activate``1(System.AppDomain)">
      <summary>Aktiviert ein Add-In in einer vorhandenen Anwendungsdomäne.</summary>
      <returns>Die Hostansicht des Add-Ins.</returns>
      <param name="target">Die Anwendungsdomäne, in der das Add-In aktiviert werden soll.</param>
      <typeparam name="T">Die Schnittstelle oder der abstrakte Basistyp, der die Hostansicht des Add-Ins darstellt.</typeparam>
      <exception cref="T:System.Security.SecurityException">Es wird eine Berechtigung mit vollständiger Vertrauenswürdigkeit gefordert. Ein Aufrufer in der Kette von Aufrufen verfügt nicht über ausreichende Berechtigungen.</exception>
      <filterpriority>2</filterpriority>
    </member>
    <member name="M:System.AddIn.Hosting.AddInToken.Activate``1(System.Security.PermissionSet)">
      <summary>Aktiviert ein Add-In mit einem angegebenen Berechtigungssatz in einer neuen Anwendungsdomäne.</summary>
      <returns>Die Hostansicht des Add-Ins.</returns>
      <param name="permissions">Die für das Add-In gewährten Berechtigungen.</param>
      <typeparam name="T">Die Schnittstelle oder der abstrakte Basistyp, der die Hostansicht des Add-Ins darstellt.</typeparam>
      <exception cref="T:System.ArgumentNullException">
        <paramref name="permissions" /> ist null.</exception>
      <filterpriority>2</filterpriority>
    </member>
    <member name="P:System.AddIn.Hosting.AddInToken.AddInFullName">
      <summary>Ruft den Namespace und den Typ des Add-Ins ab.</summary>
      <returns>Der Typ des Add-Ins, vollqualifiziert durch den zugehörigen Namespace.</returns>
    </member>
    <member name="P:System.AddIn.Hosting.AddInToken.AssemblyName">
      <summary>Ruft den Namen der Assembly ab, die das Add-In enthält.</summary>
      <returns>Der Name der Assembly.</returns>
    </member>
    <member name="P:System.AddIn.Hosting.AddInToken.Description">
      <summary>Ruft die Beschreibung des Add-Ins ab.</summary>
      <returns>Eine Beschreibung des Add-Ins oder null, wenn die Beschreibung nicht im <see cref="T:System.AddIn.AddInAttribute" />-Attribut angegeben ist.</returns>
    </member>
    <member name="P:System.AddIn.Hosting.AddInToken.EnableDirectConnect">
      <summary>Ruft einen Wert ab, der angibt, ob Add-Ins direkt mit ihren Hosts verbunden werden sollen, wenn die Bedingungen dies zulassen, oder legt diesen Wert fest.</summary>
      <returns>true, wenn das Add-In direkt mit dem Host verbunden werden soll, andernfalls false. Die Standardeinstellung ist false.</returns>
      <filterpriority>2</filterpriority>
    </member>
    <member name="M:System.AddIn.Hosting.AddInToken.Equals(System.Object)">
      <summary>Bestimmt, ob ein angegebenes Objekt gleich der aktuellen Instanz ist.</summary>
      <returns>true, wenn das angegebene Objekt und die aktuelle Instanz gleich sind, andernfalls false.</returns>
      <param name="obj">Das Objekt, das mit der aktuellen Instanz verglichen werden soll.</param>
    </member>
    <member name="M:System.AddIn.Hosting.AddInToken.GetEnumerator">
      <summary>Gibt einen Enumerator für die Qualifizierungsdaten der Pipelinesegmente zurück, die diesem Token zugeordnet sind.</summary>
      <returns>Ein Enumerator, der zum Durchlaufen der Qualifizierungsdaten der Pipelinesegmente verwendet werden kann, die dem aktuellen Token zugeordnet sind.</returns>
      <filterpriority>2</filterpriority>
    </member>
    <member name="M:System.AddIn.Hosting.AddInToken.GetHashCode">
      <summary>Fungiert als eine Hashfunktion für ein Token.</summary>
      <returns>Ein Hashcode für das aktuelle Token.</returns>
    </member>
    <member name="P:System.AddIn.Hosting.AddInToken.Name">
      <summary>Ruft den Namen des Add-Ins ab.</summary>
      <returns>Der Name des Add-Ins.</returns>
    </member>
    <member name="P:System.AddIn.Hosting.AddInToken.Publisher">
      <summary>Ruft den Herausgeber des Add-Ins ab.</summary>
      <returns>Der Herausgeber des Add-Ins oder null, wenn der Herausgeber nicht im <see cref="T:System.AddIn.AddInAttribute" />-Attribut angegeben ist.</returns>
    </member>
    <member name="P:System.AddIn.Hosting.AddInToken.QualificationData">
      <summary>Ruft ein Wörterbuch von Daten zu den Segmenten in der dem aktuellen Token zugeordneten Pipeline ab.</summary>
      <returns>Ein Wörterbuch, dessen Schlüssel Pipelinesegmente und dessen Werte Wörterbücher von Name-Wert-Paaren sind, die Qualifizierungsdaten für die einzelnen Segmente darstellen.</returns>
      <filterpriority>2</filterpriority>
    </member>
    <member name="M:System.AddIn.Hosting.AddInToken.System#Collections#IEnumerable#GetEnumerator">
      <summary>Gibt einen Enumerator für die Qualifizierungsdaten der Pipelinesegmente zurück, die diesem Token zugeordnet sind.</summary>
      <returns>Ein Enumerator, der zum Durchlaufen der Qualifizierungsdaten der Pipelinesegmente verwendet werden kann, die dem aktuellen Token zugeordnet sind.</returns>
    </member>
    <member name="M:System.AddIn.Hosting.AddInToken.ToString">
      <summary>Gibt eine Zeichenfolge zurück, die das Token darstellt.</summary>
      <returns>Eine Zeichenfolge, die das Token darstellt.</returns>
    </member>
    <member name="P:System.AddIn.Hosting.AddInToken.Version">
      <summary>Ruft die Version des Add-Ins ab, wie im <see cref="T:System.AddIn.AddInAttribute" />-Attribut angegeben.</summary>
      <returns>Die Version des Add-Ins oder null, wenn die Versionsnummer nicht im <see cref="T:System.AddIn.AddInAttribute" />-Attribut angegeben ist.</returns>
    </member>
    <member name="T:System.AddIn.Hosting.InvalidPipelineStoreException">
      <summary>Die Ausnahme, die ausgelöst wird, wenn ein Verzeichnis nicht gefunden wird und der Benutzer nicht über die Berechtigung zum Zugriff auf den Stammpfad der Pipeline oder einen Add-In-Pfad verfügt.</summary>
      <filterpriority>2</filterpriority>
    </member>
    <member name="M:System.AddIn.Hosting.InvalidPipelineStoreException.#ctor">
      <summary>Initialisiert eine neue Instanz der <see cref="T:System.AddIn.Hosting.InvalidPipelineStoreException" />-Klasse.</summary>
      <filterpriority>2</filterpriority>
    </member>
    <member name="M:System.AddIn.Hosting.InvalidPipelineStoreException.#ctor(System.Runtime.Serialization.SerializationInfo,System.Runtime.Serialization.StreamingContext)">
      <summary>Initialisiert eine neue Instanz der <see cref="T:System.AddIn.Hosting.InvalidPipelineStoreException" />-Klasse mit Serialisierungs- und Streamingkontextinformationen.</summary>
      <param name="info">Die serialisierten Objektdaten.</param>
      <param name="context">Die Kontextinformationen zu den Quell- oder Zielobjektdaten.</param>
    </member>
    <member name="M:System.AddIn.Hosting.InvalidPipelineStoreException.#ctor(System.String)">
      <summary>Initialisiert eine neue Instanz der <see cref="T:System.AddIn.Hosting.InvalidPipelineStoreException" />-Klasse mit der angegebenen Meldung.</summary>
      <param name="message">Eine Beschreibung des Fehlers.</param>
      <filterpriority>2</filterpriority>
    </member>
    <member name="M:System.AddIn.Hosting.InvalidPipelineStoreException.#ctor(System.String,System.Exception)">
      <summary>Initialisiert eine neue Instanz der <see cref="T:System.AddIn.Hosting.InvalidPipelineStoreException" />-Klasse mit der angegebenen Fehlermeldung und einem Verweis auf die innere Ausnahme, die diese Ausnahme ausgelöst hat.</summary>
      <param name="message">Eine Beschreibung des Fehlers.</param>
      <param name="innerException">Die Ausnahme, die die Ursache der aktuellen Ausnahme ist. Wenn der <paramref name="innerException" />-Parameter kein NULL-Verweis ist, wird die aktuelle Ausnahme in einem catch-Block ausgelöst, der die innere Ausnahme behandelt.</param>
      <filterpriority>2</filterpriority>
    </member>
    <member name="T:System.AddIn.Hosting.PipelineStoreLocation">
      <summary>Gibt alternative Speicherorte für einen Pipelinespeicher anstelle eines Pfads zu einem Verzeichnis an.</summary>
    </member>
    <member name="F:System.AddIn.Hosting.PipelineStoreLocation.ApplicationBase">
      <summary>Der von der <see cref="P:System.AppDomainSetup.ApplicationBase" />-Eigenschaft angegebene Speicherort zum Einrichten des Hosts der Anwendungsdomäne.</summary>
    </member>
    <member name="T:System.AddIn.Hosting.Platform">
      <summary>Gibt die Bits pro Wort des Prozesses an, in dem ein prozessexternes Add-In ausgeführt wird.</summary>
    </member>
    <member name="F:System.AddIn.Hosting.Platform.AnyCpu">
      <summary>Das Add-In wird in einen externen Prozess mit der gleichen Anzahl von Bits pro Wort wie in das Betriebssystem geladen.</summary>
    </member>
    <member name="F:System.AddIn.Hosting.Platform.ARM">
      <summary>Das Add-In wird in einen 32-Bit-Prozess auf einem ARM-Prozessor.</summary>
    </member>
    <member name="F:System.AddIn.Hosting.Platform.Host">
      <summary>Das Add-In wird in einen externen Prozess mit der gleichen Anzahl von Bits pro Wort wie in einen Hostprozess geladen.</summary>
    </member>
    <member name="F:System.AddIn.Hosting.Platform.X64">
      <summary>Das Add-In wird in einen externen 64-Bit-Prozess geladen.</summary>
    </member>
    <member name="F:System.AddIn.Hosting.Platform.X86">
      <summary>Das Add-In wird in einen externen 32-Bit-Prozess geladen.</summary>
    </member>
    <member name="T:System.AddIn.Hosting.QualificationDataItem">
      <summary>Stellt vom Entwickler eines Pipelinesegments angegebene Informationen für die Verwendung durch den Host dar.</summary>
      <filterpriority>2</filterpriority>
    </member>
    <member name="M:System.AddIn.Hosting.QualificationDataItem.Equals(System.Object)">
      <summary>Bestimmt, ob ein angegebenes Objekt dem aktuellen Qualifizierungsdatenelement entspricht.</summary>
      <returns>true, wenn <paramref name="obj" /> gleich der aktuellen Instanz ist, andernfalls false.</returns>
      <param name="obj">Das zu vergleichende Objekt.</param>
    </member>
    <member name="M:System.AddIn.Hosting.QualificationDataItem.GetHashCode">
      <summary>Ruft den Hashcode für dieses Qualifizierungsdatenelement ab.</summary>
      <returns>Der Hashcode.</returns>
    </member>
    <member name="P:System.AddIn.Hosting.QualificationDataItem.Name">
      <summary>Ruft den Namen des Qualifizierungsdatenelements ab.</summary>
      <returns>Der Name des Qualifizierungsdatenelements.</returns>
      <filterpriority>2</filterpriority>
    </member>
    <member name="M:System.AddIn.Hosting.QualificationDataItem.op_Equality(System.AddIn.Hosting.QualificationDataItem,System.AddIn.Hosting.QualificationDataItem)">
      <summary>Stellt fest, ob zwei <see cref="T:System.AddIn.Hosting.QualificationDataItem" />-Strukturen gleich sind.</summary>
      <returns>true, wenn <paramref name="item1" /> und <paramref name="item2" /> gleich sind, andernfalls false.</returns>
      <param name="item1">Das erste zu vergleichende <see cref="T:System.AddIn.Hosting.QualificationDataItem" />.</param>
      <param name="item2">Das zweite zu vergleichende <see cref="T:System.AddIn.Hosting.QualificationDataItem" />.</param>
    </member>
    <member name="M:System.AddIn.Hosting.QualificationDataItem.op_Inequality(System.AddIn.Hosting.QualificationDataItem,System.AddIn.Hosting.QualificationDataItem)">
      <summary>Stellt fest, ob zwei <see cref="T:System.AddIn.Hosting.QualificationDataItem" />-Strukturen unterschiedlich sind.</summary>
      <returns>true, wenn <paramref name="item1" /> und <paramref name="item2" /> ungleich sind, andernfalls false.</returns>
      <param name="item1">Das erste zu vergleichende <see cref="T:System.AddIn.Hosting.QualificationDataItem" />.</param>
      <param name="item2">Das zweite zu vergleichende <see cref="T:System.AddIn.Hosting.QualificationDataItem" />.</param>
    </member>
    <member name="P:System.AddIn.Hosting.QualificationDataItem.Segment">
      <summary>Ruft einen Wert ab, der das Pipelinesegment bezeichnet, auf das das Qualifizierungsdatenelement angewendet wurde.</summary>
      <returns>Die Art von Pipelinesegment, auf das das Datenelement angewendet wurde.</returns>
    </member>
    <member name="P:System.AddIn.Hosting.QualificationDataItem.Value">
      <summary>Ruft den Wert des Qualifizierungsdatenelements ab.</summary>
      <returns>Der Wert des Elements.</returns>
      <filterpriority>2</filterpriority>
    </member>
    <member name="T:System.AddIn.Pipeline.AddInAdapterAttribute">
      <summary>Identifiziert ein Objekt als Adaptersegment der Pipeline auf Add-In-Seite.</summary>
    </member>
    <member name="M:System.AddIn.Pipeline.AddInAdapterAttribute.#ctor">
      <summary>Initialisiert eine neue Instanz der <see cref="T:System.AddIn.Pipeline.AddInAdapterAttribute" />-Klasse.</summary>
    </member>
    <member name="T:System.AddIn.Pipeline.AddInBaseAttribute">
      <summary>Identifiziert ein Objekt als Add-In-Ansichtssegment der Pipeline.</summary>
    </member>
    <member name="M:System.AddIn.Pipeline.AddInBaseAttribute.#ctor">
      <summary>Initialisiert eine neue Instanz der <see cref="T:System.AddIn.Pipeline.AddInBaseAttribute" />-Klasse.</summary>
    </member>
    <member name="P:System.AddIn.Pipeline.AddInBaseAttribute.ActivatableAs">
      <summary>Ruft mindestens einen Add-In-Basistyp ab, mit dem ein Adapter auf Add-In-Seite die Pipeline erstellen kann.</summary>
      <returns>Ein Array von Add-In-Basistypen.</returns>
    </member>
    <member name="T:System.AddIn.Pipeline.CollectionAdapters">
      <summary>Ermöglicht das Übergeben von Auflistungen zwischen einem Add-In und dessen Hostanwendung.</summary>
    </member>
    <member name="M:System.AddIn.Pipeline.CollectionAdapters.ToIList``1(System.AddIn.Contract.IListContract{``0})">
      <summary>Konvertiert die angegebene <see cref="T:System.AddIn.Contract.IListContract`1" />-Auflistung in eine <see cref="T:System.Collections.Generic.IList`1" />-Auflistung.</summary>
      <returns>Die konvertierte Auflistung.</returns>
      <param name="collection">Die Auflistung auf der anderen Seite der Pipeline.</param>
      <typeparam name="T">Der Typ von Objekten, die in der Liste enthalten sind. <paramref name="T" /> muss serialisierbar sein.</typeparam>
    </member>
    <member name="M:System.AddIn.Pipeline.CollectionAdapters.ToIList``2(System.AddIn.Contract.IListContract{``0},System.Converter{``0,``1},System.Converter{``1,``0})">
      <summary>Konvertiert eine angegebene <see cref="T:System.AddIn.Contract.IListContract`1" />-Auflistung unter Verwendung von Konverteradaptern in eine <see cref="T:System.Collections.Generic.IList`1" />-Auflistung.</summary>
      <returns>Die konvertierte Auflistung.</returns>
      <param name="collection">Die Auflistung, die an die andere Seite der Pipeline übergeben werden soll.</param>
      <param name="contractViewAdapter">Ein Konverter, der die Daten des im Vertrag definierten Typs an den Typ anpasst, der in der Ansicht erwartet wird.</param>
      <param name="viewContractAdapter">Ein Konverter, der die Daten des in der Ansicht definierten Typs an den Typ anpasst, der vom Vertrag erwartet wird.</param>
      <typeparam name="TContract">Der Typ, der den Vertrag für über die Isolationsgrenze hinweg übergebene Objekte vom Typ <paramref name="TView" /> definiert.</typeparam>
      <typeparam name="TView">Der Typ, der die Ansicht der Objekte in der Liste definiert.</typeparam>
    </member>
    <member name="M:System.AddIn.Pipeline.CollectionAdapters.ToIListContract``1(System.Collections.Generic.IList{``0})">
      <summary>Konvertiert eine angegebene <see cref="T:System.Collections.Generic.IList`1" />-Auflistung in eine <see cref="T:System.AddIn.Contract.IListContract`1" />-Auflistung.</summary>
      <returns>Die konvertierte Auflistung.</returns>
      <param name="collection">Die zu konvertierende Auflistung.</param>
      <typeparam name="T">Der Typ von Objekten, die in der Liste enthalten sind. <paramref name="T" /> muss serialisierbar sein.</typeparam>
    </member>
    <member name="M:System.AddIn.Pipeline.CollectionAdapters.ToIListContract``2(System.Collections.Generic.IList{``0},System.Converter{``0,``1},System.Converter{``1,``0})">
      <summary>Konvertiert eine angegebene <see cref="T:System.Collections.Generic.IList`1" />-Auflistung unter Verwendung von Konverteradaptern in eine <see cref="T:System.AddIn.Contract.IListContract`1" />-Auflistung.</summary>
      <returns>Die konvertierte Auflistung.</returns>
      <param name="collection">Die zu konvertierende Auflistung.</param>
      <param name="viewContractAdapter">Ein Konverter, der die Daten des in der Ansicht definierten Typs an den Typ anpasst, der vom Vertrag erwartet wird.</param>
      <param name="contractViewAdapter">Ein Konverter, der die Daten des im Vertrag definierten Typs an den Typ anpasst, der in der Ansicht erwartet wird.</param>
      <typeparam name="TView">Der Typ, der die Ansicht der Objekte in der Liste definiert.</typeparam>
      <typeparam name="TContract">Der Typ, der den Vertrag für über die Isolationsgrenze hinweg übergebene Objekte vom Typ <paramref name="TView" /> definiert.</typeparam>
    </member>
    <member name="T:System.AddIn.Pipeline.ContractAdapter">
      <summary>Stellt Methoden zum Freigeben und Neuanpassen von Add-Ins bereit.</summary>
      <filterpriority>2</filterpriority>
    </member>
    <member name="M:System.AddIn.Pipeline.ContractAdapter.ContractToViewAdapter``1(System.AddIn.Pipeline.ContractHandle,System.AddIn.Hosting.PipelineStoreLocation)">
      <summary>Ruft eine Hostansicht für ein Add-In ab, wenn an einer Position, die von einem Wert der <see cref="T:System.AddIn.Hosting.PipelineStoreLocation" />-Enumeration angegeben wird, ein entsprechender hostseitiger Adapter gefunden wird.</summary>
      <returns>Die Hostansicht des Add-Ins, das freigegeben wird.</returns>
      <param name="contract">Ein Handle für den Vertrag, der von dem Add-In verwendet wird, das freigegeben werden soll.</param>
      <param name="location">Die Anwendungsbasis des Hosts.</param>
      <typeparam name="TView">Der Typ, der die Hostansicht des Add-Ins definiert.</typeparam>
      <exception cref="T:System.ArgumentException">"<paramref name="location" />" ist ungültig.</exception>
    </member>
    <member name="M:System.AddIn.Pipeline.ContractAdapter.ContractToViewAdapter``1(System.AddIn.Pipeline.ContractHandle,System.String)">
      <summary>Ruft eine Hostansicht für ein Add-In ab, wenn an einer Position, die durch einen Pfad angegeben wird, ein entsprechender hostseitiger Adapter gefunden wird.</summary>
      <returns>Die Hostansicht des Add-Ins, das freigegeben wird.</returns>
      <param name="contract">Ein Handle für den Vertrag, der von dem Add-In verwendet wird, das freigegeben werden soll.</param>
      <param name="pipelineRoot">Ein Pfad für den Add-In-Speicher.</param>
      <typeparam name="TView">Der Typ, der die Hostansicht des Add-Ins definiert.</typeparam>
      <filterpriority>2</filterpriority>
    </member>
    <member name="M:System.AddIn.Pipeline.ContractAdapter.ViewToContractAdapter(System.Object)">
      <summary>Ruft das Handle des Vertrags für eine bereitgestellte Hostansicht eines Add-Ins ab.</summary>
      <returns>Ein Handle des Vertrags.</returns>
      <param name="view">Die Hostansicht eines systemaktivierten Add-Ins für die aktuelle Anwendungsdomäne.</param>
      <exception cref="T:System.ArgumentNullException">
        <paramref name="view" /> ist null.</exception>
      <filterpriority>2</filterpriority>
    </member>
    <member name="T:System.AddIn.Pipeline.ContractBase">
      <summary>Stellt eine Standardimplementierung von <see cref="T:System.AddIn.Contract.IContract" />-Membern bereit.</summary>
    </member>
    <member name="M:System.AddIn.Pipeline.ContractBase.#ctor">
      <summary>Initialisiert eine neue Instanz der <see cref="T:System.AddIn.Pipeline.ContractBase" />-Klasse.</summary>
    </member>
    <member name="M:System.AddIn.Pipeline.ContractBase.AcquireLifetimeToken">
      <summary>Ruft ein Lebensdauertoken ab.</summary>
      <returns>Eine Zufallszahl, die ein Token identifiziert.</returns>
      <exception cref="T:System.InvalidOperationException">Alle zuvor abgerufenen Token wurden widerrufen.  Es sind weiteren Token verfügbar.</exception>
      <filterpriority>2</filterpriority>
    </member>
    <member name="M:System.AddIn.Pipeline.ContractBase.GetRemoteHashCode">
      <summary>Ruft den Hashcode für das aktuelle <see cref="T:System.AddIn.Pipeline.ContractBase" />-Objekt ab.</summary>
      <returns>Ein Hashcode für das aktuelle <see cref="T:System.AddIn.Pipeline.ContractBase" />-Objekt.</returns>
      <filterpriority>2</filterpriority>
    </member>
    <member name="M:System.AddIn.Pipeline.ContractBase.OnFinalRevoke">
      <summary>Gibt beim Überschreiben in einem Adapter des Add-Ins systemeigene, im Adapter enthaltene Ressourcen frei.</summary>
    </member>
    <member name="M:System.AddIn.Pipeline.ContractBase.QueryContract(System.String)">
      <summary>Reflektiert über die Instanz eines Vertrags und gibt den this-Zeiger zurück, wenn das aktuelle Objekt diesen Vertrag implementiert.</summary>
      <returns>Der this-Zeiger auf eine <see cref="T:System.AddIn.Contract.IContract" />-Schnittstelle oder null, wenn der Vertrag nicht implementiert ist.</returns>
      <param name="contractIdentifier">Der vollständige Name des Vertrags einschließlich des Assemblynamens.</param>
      <exception cref="T:System.ArgumentNullException">
        <paramref name="contractIdentifier" /> ist null.</exception>
      <filterpriority>2</filterpriority>
    </member>
    <member name="M:System.AddIn.Pipeline.ContractBase.RemoteEquals(System.AddIn.Contract.IContract)">
      <summary>Vergleicht ein Objekt auf Gleichheit mit einem Remoteobjekt.</summary>
      <returns>true, wenn das Objekt gleich dem Remoteobjekt ist, andernfalls false.</returns>
      <param name="contract">Das Objekt, das auf Gleichheit mit dem Remoteobjekt überprüft werden soll.</param>
      <filterpriority>2</filterpriority>
    </member>
    <member name="M:System.AddIn.Pipeline.ContractBase.RemoteToString">
      <summary>Ruft eine Zeichenfolge ab, die ein Remoteobjekt identifiziert.</summary>
      <returns>Eine Zeichenfolge, die das Remoteobjekt identifiziert.</returns>
      <filterpriority>2</filterpriority>
    </member>
    <member name="M:System.AddIn.Pipeline.ContractBase.Renewal(System.Runtime.Remoting.Lifetime.ILease)">
      <summary>Fordert von einem Sponsorclient eine Erneuerung des Lease für das angegebene Objekt an.</summary>
      <returns>Der erneuerte Lease.</returns>
      <param name="lease">Das Lebensdauerlease-Objekt, das vom Remoting-Lebensdauerdienst verwendet wird.</param>
      <exception cref="T:System.ArgumentNullException">
        <paramref name="lease" /> ist null.</exception>
      <filterpriority>2</filterpriority>
    </member>
    <member name="M:System.AddIn.Pipeline.ContractBase.RevokeLifetimeToken(System.Int32)">
      <summary>Entfernt das angegebene Token aus der Liste ausstehender Lebensdauertoken.</summary>
      <param name="token">Die Tokennummer.</param>
      <exception cref="T:System.InvalidOperationException">
        <paramref name="token" /> wurde in der Liste ausstehender Lebensdauertoken nicht gefunden.</exception>
      <filterpriority>2</filterpriority>
    </member>
    <member name="T:System.AddIn.Pipeline.ContractHandle">
      <summary>Stellt Methoden bereit, die die Lebensdauer eines Add-Ins steuern.</summary>
    </member>
    <member name="M:System.AddIn.Pipeline.ContractHandle.#ctor(System.AddIn.Contract.IContract)">
      <summary>Initialisiert eine neue Instanz der <see cref="T:System.AddIn.Pipeline.ContractHandle" />-Klasse.</summary>
      <param name="contract">Der Vertrag, der in der Pipeline verwendet werden soll.</param>
      <exception cref="T:System.ArgumentNullException">
        <paramref name="contract" /> ist null.</exception>
    </member>
    <member name="M:System.AddIn.Pipeline.ContractHandle.AppDomainOwner(System.AppDomain)">
      <summary>Ruft die Instanz des Adapters auf Add-In-Seite bei Erstellung der Anwendungsdomäne ab.</summary>
      <returns>Ein <see cref="T:System.AddIn.Contract.IContract" />-Objekt, das den Besitzer der Anwendungsdomäne darstellt.</returns>
      <param name="domain">Die zu überprüfende Anwendungsdomäne.</param>
      <exception cref="T:System.ArgumentNullException">
        <paramref name="domain" /> ist null.</exception>
    </member>
    <member name="P:System.AddIn.Pipeline.ContractHandle.Contract">
      <summary>Ruft den von einer Pipeline verwendeten Vertrag ab.</summary>
      <returns>Der von <see cref="T:System.AddIn.Contract.IContract" /> abgeleitete Vertrag.</returns>
    </member>
    <member name="M:System.AddIn.Pipeline.ContractHandle.ContractOwnsAppDomain(System.AddIn.Contract.IContract,System.AppDomain)">
      <summary>Bestimmt, ob eine Anwendungsdomäne dem angegebenen Vertrag gehört.</summary>
      <returns>true, wenn der Vertrag die Anwendungsdomäne besitzt, andernfalls false.</returns>
      <param name="contract">Der zu überprüfende Vertrag.</param>
      <param name="domain">Die zu überprüfende Anwendungsdomäne.</param>
      <exception cref="T:System.ArgumentNullException">
        <paramref name="contract" /> oder <paramref name="domain" /> ist null.</exception>
      <filterpriority>2</filterpriority>
    </member>
    <member name="M:System.AddIn.Pipeline.ContractHandle.Dispose">
      <summary>Widerruft das Lebensdauertoken für einen Vertrag unabhängig von der Eingabe.</summary>
      <filterpriority>2</filterpriority>
    </member>
    <member name="M:System.AddIn.Pipeline.ContractHandle.Dispose(System.Boolean)">
      <summary>Widerruft das Lebensdauertoken für den Vertrag unabhängig von der Eingabe und gibt optional die verwalteten Ressourcen frei.</summary>
      <param name="disposing">true, um sowohl verwaltete als auch nicht verwaltete Ressourcen freizugeben, false, um ausschließlich nicht verwaltete Ressourcen freizugeben.</param>
    </member>
    <member name="M:System.AddIn.Pipeline.ContractHandle.Finalize">
    </member>
    <member name="T:System.AddIn.Pipeline.HostAdapterAttribute">
      <summary>Identifiziert ein Objekt als hostseitiges Adaptersegment der Pipeline.</summary>
    </member>
    <member name="M:System.AddIn.Pipeline.HostAdapterAttribute.#ctor">
      <summary>Initialisiert eine neue Instanz der <see cref="T:System.AddIn.Pipeline.HostAdapterAttribute" />-Klasse.</summary>
    </member>
  </members>
</doc>