﻿<?xml version="1.0" encoding="utf-8"?>
<doc>
  <assembly>
    <name>System.Web.Extensions.Design</name>
  </assembly>
  <members>
    <member name="T:System.Web.UI.Design.AsyncPostBackTriggerControlIDConverter">
      <summary>Stellt einen Typkonverter bereit, der eine Liste von Steuerelement-IDs im aktuellen Container abruft.</summary>
      <filterpriority>2</filterpriority>
    </member>
    <member name="M:System.Web.UI.Design.AsyncPostBackTriggerControlIDConverter.#ctor">
      <summary>Initialisiert eine neue Instanz der <see cref="T:System.Web.UI.Design.AsyncPostBackTriggerControlIDConverter" />-Klasse.</summary>
      <filterpriority>2</filterpriority>
    </member>
    <member name="M:System.Web.UI.Design.AsyncPostBackTriggerControlIDConverter.GetStandardValues(System.ComponentModel.ITypeDescriptorContext)">
      <summary>Gibt eine Auflistung von Steuerelement-IDs aus dem Container im <see cref="T:System.ComponentModel.Design.IDesignerHost" />-Objekt zurück, wenn die Bereitstellung mit einem Formatierungskontext erfolgt.</summary>
      <returns>Ein Objekt, das eine Reihe von Zeichenfolgen enthält, die die Steuerelement-IDs der Steuerelemente im aktuellen Container darstellen. Wenn der Container keine Steuerelemente enthält, wird eine leere Auflistung zurückgegeben. Wenn der Kontext null oder kein aktueller Container vorhanden ist, gibt die Methode null zurück.</returns>
      <param name="context">Ein Objekt, das einen Formatierungskontext bereitstellt, mit dem zusätzliche Informationen über die Umgebung extrahiert werden können, aus der dieser Konverter aufgerufen wird. Dieser Parameter oder Eigenschaften dieses Parameters können null sein.</param>
      <filterpriority>2</filterpriority>
    </member>
    <member name="M:System.Web.UI.Design.AsyncPostBackTriggerControlIDConverter.GetStandardValuesExclusive(System.ComponentModel.ITypeDescriptorContext)">
      <summary>Gibt einen Wert zurück, der angibt, ob die Auflistung von Standardwerten, die von der <see cref="M:System.Web.UI.Design.AsyncPostBackTriggerControlIDConverter.GetStandardValues(System.ComponentModel.ITypeDescriptorContext)" />-Methode zurückgegeben wird, eine exklusive Liste möglicher Werte darstellt, wobei der angegebene Kontext verwendet wird.</summary>
      <returns>true, wenn das von der <see cref="M:System.Web.UI.Design.AsyncPostBackTriggerControlIDConverter.GetStandardValues(System.ComponentModel.ITypeDescriptorContext)" />-Methode zurückgegebene <see cref="T:System.ComponentModel.TypeConverter.StandardValuesCollection" />-Objekt eine vollständige Liste möglicher Werte darstellt, false, wenn andere Werte möglich sind. Der Standardwert beträgt false.</returns>
      <param name="context">Ein Objekt, das einen Formatierungskontext bereitstellt.</param>
      <filterpriority>2</filterpriority>
    </member>
    <member name="M:System.Web.UI.Design.AsyncPostBackTriggerControlIDConverter.GetStandardValuesSupported(System.ComponentModel.ITypeDescriptorContext)">
      <summary>Gibt einen Wert zurück, der angibt, ob dieser Konverter eine Standardmenge von Steuerelement-IDs unterstützt, die in einer Liste ausgewählt werden können, wobei der angegebene Kontext verwendet wird.</summary>
      <returns>true, wenn die <see cref="M:System.Web.UI.Design.AsyncPostBackTriggerControlIDConverter.GetStandardValues(System.ComponentModel.ITypeDescriptorContext)" />-Methode aufgerufen werden muss, um eine vom Objekt unterstützte Standardmenge von Steuerelement-IDs zu ermitteln, andernfalls false. Die Standardeinstellung ist true.</returns>
      <param name="context">Ein Objekt, das einen Formatierungskontext bereitstellt.</param>
      <filterpriority>2</filterpriority>
    </member>
    <member name="T:System.Web.UI.Design.AsyncPostBackTriggerEventNameConverter">
      <summary>Stellt einen Typkonverter bereit, der eine Liste von Ereignissen für ein Steuerelement im aktuellen Container abruft.</summary>
      <filterpriority>2</filterpriority>
    </member>
    <member name="M:System.Web.UI.Design.AsyncPostBackTriggerEventNameConverter.#ctor">
      <summary>Initialisiert eine neue Instanz der <see cref="T:System.Web.UI.Design.AsyncPostBackTriggerEventNameConverter" />-Klasse.</summary>
      <filterpriority>2</filterpriority>
    </member>
    <member name="M:System.Web.UI.Design.AsyncPostBackTriggerEventNameConverter.GetStandardValues(System.ComponentModel.ITypeDescriptorContext)">
      <summary>Gibt eine Auflistung der Ereignisnamen für ein Steuerelement im Container in der Instanz von <see cref="T:System.ComponentModel.Design.IDesignerHost" /> für einen angegebenen Formatierungskontext zurück.</summary>
      <returns>Eine Auflistung von Zeichenfolgen, die die Ereignisnamen eines Steuerelements im aktuellen Container darstellen. Wenn gegenwärtig keine Steuerelemente enthalten sind, gibt die Methode eine leere Auflistung zurück. Wenn der Kontext null oder kein aktueller Container vorhanden ist, gibt die Methode null zurück.</returns>
      <param name="context">Ein Formatierungskontextobjekt, mit dem zusätzliche Informationen zur Umgebung abgerufen werden können, von der dieser Konverter aufgerufen wird. Dieser Parameter oder dessen Eigenschaften können null sein.</param>
      <filterpriority>2</filterpriority>
    </member>
    <member name="M:System.Web.UI.Design.AsyncPostBackTriggerEventNameConverter.GetStandardValuesExclusive(System.ComponentModel.ITypeDescriptorContext)">
      <summary>Gibt einen Wert zurück, der angibt, ob die Auflistung von Standardwerten, die von <see cref="M:System.Web.UI.Design.AsyncPostBackTriggerEventNameConverter.GetStandardValues(System.ComponentModel.ITypeDescriptorContext)" /> für den angegebenen Kontext zurückgegeben wird, eine exklusive Liste möglicher Werte darstellt.</summary>
      <returns>true, wenn die von <see cref="M:System.Web.UI.Design.AsyncPostBackTriggerEventNameConverter.GetStandardValues(System.ComponentModel.ITypeDescriptorContext)" /> zurückgegebene <see cref="T:System.ComponentModel.TypeConverter.StandardValuesCollection" /> eine vollständige Liste möglicher Werte darstellt, oder false, wenn andere Werte möglich sind. Die Standardimplementierung gibt false zurück.</returns>
      <param name="context">Der Formatierungskontext.</param>
      <filterpriority>2</filterpriority>
    </member>
    <member name="M:System.Web.UI.Design.AsyncPostBackTriggerEventNameConverter.GetStandardValuesSupported(System.ComponentModel.ITypeDescriptorContext)">
      <summary>Gibt einen Wert zurück, der angibt, ob dieser Konverter eine Standardmenge von Ereignisnamen für Steuerelemente unterstützt, die in einer Liste ausgewählt werden können.</summary>
      <returns>true, wenn <see cref="M:System.Web.UI.Design.AsyncPostBackTriggerEventNameConverter.GetStandardValues(System.ComponentModel.ITypeDescriptorContext)" /> aufgerufen werden muss, um eine vom Objekt unterstützte Standardmenge von Steuerelement-IDs zu ermitteln, andernfalls false. Die Standardimplementierung gibt true zurück.</returns>
      <param name="context">Der Formatierungskontext.</param>
      <filterpriority>2</filterpriority>
    </member>
    <member name="T:System.Web.UI.Design.CollectionEditorBase">
      <summary>Stellt eine Benutzeroberfläche bereit, sodass Benutzer zur Entwurfszeit die Objekte <see cref="T:System.Web.UI.ScriptReferenceCollection" />, <see cref="T:System.Web.UI.ServiceReferenceCollection" /> und <see cref="T:System.Web.UI.UpdatePanelTriggerCollection" /> bearbeiten können.</summary>
      <filterpriority>2</filterpriority>
    </member>
    <member name="M:System.Web.UI.Design.CollectionEditorBase.#ctor(System.Type)">
      <summary>Initialisiert eine neue Instanz der <see cref="T:System.Web.UI.Design.CollectionEditorBase" />-Klasse unter Verwendung des angegebenen Auflistungstyps.</summary>
      <param name="type">Der Typ der Auflistung, die bearbeitet werden soll.</param>
      <filterpriority>2</filterpriority>
    </member>
    <member name="M:System.Web.UI.Design.CollectionEditorBase.CreateCollectionForm">
      <summary>Erstellt ein neues Formular zum Anzeigen und Bearbeiten der aktuellen Auflistung.</summary>
      <returns>Das Objekt, das als Benutzeroberfläche zum Bearbeiten der Auflistung bereitgestellt wird.</returns>
    </member>
    <member name="T:System.Web.UI.Design.ExtenderControlDesigner">
      <summary>Stellt UI-Unterstützung für die Arbeit mit Extendersteuerelementen zur Entwurfszeit bereit.</summary>
      <filterpriority>2</filterpriority>
    </member>
    <member name="M:System.Web.UI.Design.ExtenderControlDesigner.#ctor">
      <summary>Initialisiert eine neue Instanz der <see cref="T:System.Web.UI.Design.ExtenderControlDesigner" />-Klasse.</summary>
      <filterpriority>2</filterpriority>
    </member>
    <member name="M:System.Web.UI.Design.ExtenderControlDesigner.Dispose(System.Boolean)">
      <summary>Gibt die von <see cref="T:System.Web.UI.Design.ExtenderControlDesigner" /> verwendeten nicht verwalteten Ressourcen und optional auch die verwalteten Ressourcen frei.</summary>
      <param name="disposing">true, um sowohl verwaltete als auch nicht verwaltete Ressourcen freizugeben, false, um ausschließlich nicht verwaltete Ressourcen freizugeben.</param>
    </member>
    <member name="M:System.Web.UI.Design.ExtenderControlDesigner.GetDesignTimeHtml">
      <summary>Ruft zur Entwurfszeit die HTML-Standarddarstellung eines Extendersteuerelements ab, einschließlich des Typs und der ID-Informationen.</summary>
      <returns>Die HTML-Entwurfszeitdarstellung des Steuerelements.</returns>
      <filterpriority>2</filterpriority>
    </member>
    <member name="M:System.Web.UI.Design.ExtenderControlDesigner.Initialize(System.ComponentModel.IComponent)">
      <summary>Initialisiert die angegebene Komponente und fügt sie dem Komponentenänderungsdienst hinzu.</summary>
      <param name="component">Eine Komponente vom Typ <see cref="T:System.Web.UI.IExtenderControl" />, mit der die <see cref="T:System.ComponentModel.IComponent" />-Schnittstelle implementiert wird.</param>
    </member>
    <member name="M:System.Web.UI.Design.ExtenderControlDesigner.PreFilterProperties(System.Collections.IDictionary)">
      <summary>Passt die im Eigenschaftenraster für das Steuerelement aufgeführten Elemente an.</summary>
      <param name="properties">Ein Wörterbuch, das die Eigenschaften für das Steuerelement enthält.</param>
    </member>
    <member name="P:System.Web.UI.Design.ExtenderControlDesigner.Visible">
      <summary>Ruft einen Wert ab, mit dem angegeben wird, ob das aktuelle Steuerelement auf der Designoberfläche angezeigt wird, sodass es ausgewählt und dessen Eigenschaften bearbeitet werden können.</summary>
      <returns>true, wenn das aktuelle Steuerelement angezeigt wird, andernfalls false.</returns>
    </member>
    <member name="T:System.Web.UI.Design.ExtenderControlToolboxItem">
      <summary>Bietet eine Möglichkeit zu bestimmen, welche Zielsteuerelemente von einem bestimmten Extendersteuerelement in der Toolbox erweitert werden können.</summary>
      <filterpriority>2</filterpriority>
    </member>
    <member name="M:System.Web.UI.Design.ExtenderControlToolboxItem.#ctor">
      <summary>Initialisiert eine neue Instanz der <see cref="T:System.Web.UI.Design.ExtenderControlToolboxItem" />-Klasse.</summary>
      <filterpriority>2</filterpriority>
    </member>
    <member name="M:System.Web.UI.Design.ExtenderControlToolboxItem.#ctor(System.Runtime.Serialization.SerializationInfo,System.Runtime.Serialization.StreamingContext)">
      <summary>Initialisiert eine neue Instanz der <see cref="T:System.Web.UI.Design.ExtenderControlToolboxItem" />-Klasse unter Verwendung der angegebenen Parameter.</summary>
      <param name="info">Ein Objekt, das Serialisierungsinformationen bereitstellt.</param>
      <param name="context">Ein Objekt, das die Quelle und das Ziel des serialisierten Streams beschreibt.</param>
    </member>
    <member name="M:System.Web.UI.Design.ExtenderControlToolboxItem.#ctor(System.Type)">
      <summary>Initialisiert eine neue Instanz der <see cref="T:System.Web.UI.Design.ExtenderControlToolboxItem" />-Klasse unter Verwendung des angegebenen Typs.</summary>
      <param name="type">Der Typ des Zielsteuerelements.</param>
      <filterpriority>2</filterpriority>
    </member>
    <member name="M:System.Web.UI.Design.ExtenderControlToolboxItem.GetTargetControlTypes(System.ComponentModel.Design.IDesignerHost)">
      <summary>Gibt die Auflistung von Zieltypen zurück.</summary>
      <returns>Eine schreibgeschützte Auflistung der Zieltypen.</returns>
      <param name="host">Der Steuerelementhost.</param>
      <filterpriority>2</filterpriority>
    </member>
    <member name="M:System.Web.UI.Design.ExtenderControlToolboxItem.Initialize(System.Type)">
      <summary>Füllt den Zieltyp-Cacheeintrag vorab mit dem angegebenen Typ auf.</summary>
      <param name="type">Der Typ des Zielsteuerelements.</param>
      <filterpriority>2</filterpriority>
    </member>
    <member name="T:System.Web.UI.Design.PostBackTriggerControlIDConverter">
      <summary>Stellt einen Typkonverter bereit, der eine Liste von Steuerelement-IDs im aktuellen Container abruft.</summary>
      <filterpriority>2</filterpriority>
    </member>
    <member name="M:System.Web.UI.Design.PostBackTriggerControlIDConverter.#ctor">
      <summary>Initialisiert eine neue Instanz der <see cref="T:System.Web.UI.Design.PostBackTriggerControlIDConverter" />-Klasse.</summary>
      <filterpriority>2</filterpriority>
    </member>
    <member name="M:System.Web.UI.Design.PostBackTriggerControlIDConverter.GetStandardValues(System.ComponentModel.ITypeDescriptorContext)">
      <summary>Gibt eine Auflistung von Steuerelement-IDs aus dem Container im <see cref="T:System.ComponentModel.Design.IDesignerHost" />-Objekt zurück, wenn die Bereitstellung mit einem Formatierungskontext erfolgt.</summary>
      <returns>Eine Auflistung von Zeichenfolgen, die die Steuerelement-IDs der Steuerelemente im aktuellen Container darstellen. Wenn gegenwärtig keine Steuerelemente enthalten sind, gibt die Methode eine leere Auflistung zurück. Wenn der Kontext null oder kein aktueller Container vorhanden ist, gibt die Methode null zurück.</returns>
      <param name="context">Ein Formatierungskontext, mit dem zusätzliche Informationen über die Umgebung extrahiert werden können, von der dieser Konverter aufgerufen wird. Dieser Parameter oder Eigenschaften dieses Parameters können null sein.</param>
      <filterpriority>2</filterpriority>
    </member>
    <member name="M:System.Web.UI.Design.PostBackTriggerControlIDConverter.GetStandardValuesExclusive(System.ComponentModel.ITypeDescriptorContext)">
      <summary>Gibt einen Wert zurück, der angibt, ob die Auflistung von Standardwerten, die von der <see cref="M:System.Web.UI.Design.PostBackTriggerControlIDConverter.GetStandardValues(System.ComponentModel.ITypeDescriptorContext)" />-Methode zurückgegeben wird, eine exklusive Liste möglicher Werte darstellt, wobei der angegebene Kontext verwendet wird.</summary>
      <returns>true, wenn das von der <see cref="M:System.Web.UI.Design.PostBackTriggerControlIDConverter.GetStandardValues(System.ComponentModel.ITypeDescriptorContext)" />-Methode zurückgegebene <see cref="T:System.ComponentModel.TypeConverter.StandardValuesCollection" />-Objekt eine vollständige Liste möglicher Werte bereitstellt, false, wenn andere Werte möglich sind. Die Standardeinstellung ist false.</returns>
      <param name="context">Der Formatierungskontext.</param>
      <filterpriority>2</filterpriority>
    </member>
    <member name="M:System.Web.UI.Design.PostBackTriggerControlIDConverter.GetStandardValuesSupported(System.ComponentModel.ITypeDescriptorContext)">
      <summary>Gibt einen Wert zurück, der angibt, ob dieser Konverter eine Standardmenge von Steuerelement-IDs unterstützt, die in einer Liste ausgewählt werden können, wobei der angegebene Kontext verwendet wird.</summary>
      <returns>true, wenn die <see cref="M:System.Web.UI.Design.PostBackTriggerControlIDConverter.GetStandardValues(System.ComponentModel.ITypeDescriptorContext)" />-Methode aufgerufen werden muss, um eine vom Objekt unterstützte Standardmenge von Steuerelement-IDs zu ermitteln, andernfalls false. Die Standardeinstellung ist true.</returns>
      <param name="context">Der Formatierungskontext.</param>
      <filterpriority>2</filterpriority>
    </member>
    <member name="T:System.Web.UI.Design.QueryExtenderDesigner">
      <summary>Stellt grundlegende Funktionalität für Designer für das <see cref="T:System.Web.UI.WebControls.QueryExtender" />-Steuerelement bereit.</summary>
    </member>
    <member name="M:System.Web.UI.Design.QueryExtenderDesigner.#ctor">
      <summary>Initialisiert eine neue Instanz der <see cref="T:System.Web.UI.Design.QueryExtenderDesigner" />-Klasse.</summary>
    </member>
    <member name="M:System.Web.UI.Design.QueryExtenderDesigner.GetDesignTimeHtml">
      <summary>Ruft den Platzhalter-HTML-Code für das <see cref="T:System.Web.UI.WebControls.QueryExtender" />-Steuerelement zur Entwurfszeit ab.</summary>
      <returns>Der Platzhalter-HTML-Code für das Steuerelement zur Entwurfszeit.</returns>
    </member>
    <member name="T:System.Web.UI.Design.ScriptManagerDesigner">
      <summary>Stellt Entwurfszeitunterstützung für das <see cref="T:System.Web.UI.ScriptManager" />-Steuerelement in einem visuellen Designer bereit.</summary>
      <filterpriority>2</filterpriority>
    </member>
    <member name="M:System.Web.UI.Design.ScriptManagerDesigner.#ctor">
      <summary>Initialisiert eine neue Instanz der <see cref="T:System.Web.UI.Design.ScriptManagerDesigner" />-Klasse.</summary>
      <filterpriority>2</filterpriority>
    </member>
    <member name="M:System.Web.UI.Design.ScriptManagerDesigner.GetApplicationServices(System.Web.UI.ScriptManager,System.Collections.Generic.IEnumerable{System.Web.UI.ScriptManagerProxy})">
      <summary>Gibt ECMAScript-Code (JavaScript) zurück, der die im <see cref="T:System.Web.UI.ScriptManager" />-Steuerelement und im <see cref="T:System.Web.UI.ScriptManagerProxy" />-Steuerelement einer Webseite definierten Profildiensteigenschaften darstellt.</summary>
      <returns>Der JavaScript-Code, in dem die Profildiensteigenschaften definiert sind.</returns>
      <param name="scriptManager">Der der Webseite zugeordnete <see cref="T:System.Web.UI.ScriptManager" />-Steuerelement.</param>
      <param name="proxies">Die Auflistung von der Webseite zugeordneten <see cref="T:System.Web.UI.ScriptManagerProxy" />-Steuerelementen.</param>
      <exception cref="T:System.ArgumentNullException">
        <paramref name="scriptManager" /> ist null.</exception>
      <filterpriority>2</filterpriority>
    </member>
    <member name="M:System.Web.UI.Design.ScriptManagerDesigner.GetDesignTimeHtml">
      <summary>Gibt das HTML-Markup zurück, das das <see cref="T:System.Web.UI.ScriptManager" />-Steuerelement zur Entwurfszeit darstellt.</summary>
      <returns>Das Markup zum Rendern des <see cref="T:System.Web.UI.ScriptManager" />-Steuerelements zur Entwurfszeit.</returns>
      <filterpriority>2</filterpriority>
    </member>
    <member name="M:System.Web.UI.Design.ScriptManagerDesigner.GetProxyScript(System.Web.UI.ScriptManager,System.Web.UI.ServiceReference)">
      <summary>Stellt ein Proxyskript von einem abgeleiteten <see cref="T:System.Web.UI.ServiceReference" />-Objekt bereit.</summary>
      <returns>Das Proxyskript.</returns>
      <param name="scriptManager">Das <see cref="T:System.Web.UI.ScriptManager" />-Steuerelement auf der Seite.</param>
      <param name="serviceReference">Das <see cref="T:System.Web.UI.ServiceReference" />-Steuerelement, das verwendet wird, um einen Webdienst zur Verwendung auf der Seite zu registrieren.</param>
    </member>
    <member name="M:System.Web.UI.Design.ScriptManagerDesigner.GetProxyUrl(System.Web.UI.ScriptManager,System.Web.UI.ServiceReference)">
      <summary>Stellt eine Proxy-URL von einem abgeleiteten <see cref="T:System.Web.UI.ServiceReference" />-Objekt bereit.</summary>
      <returns>Eine Proxy-URL.</returns>
      <param name="scriptManager">Das <see cref="T:System.Web.UI.ScriptManager" />-Steuerelement auf der Seite.</param>
      <param name="serviceReference">Das <see cref="T:System.Web.UI.ServiceReference" />-Steuerelement, das verwendet wird, um einen Webdienst zur Verwendung auf der Seite zu registrieren.</param>
    </member>
    <member name="M:System.Web.UI.Design.ScriptManagerDesigner.GetScriptFromWebResource(System.Reflection.Assembly,System.String,System.Globalization.CultureInfo)">
      <summary>Gibt ECMAScript (JavaScript)-Code zurück, der vom <see cref="T:System.Web.UI.ScriptResourceAttribute" />-Attribut definiert wird.</summary>
      <returns>Die JavaScript-Ressource.</returns>
      <param name="assembly">Die Assembly, die die Ressource enthält.</param>
      <param name="resourceName">Der vollqualifizierte Name der Ressource in der Assembly.</param>
      <param name="culture">Die Kultur, für die die Ressource angegeben wurde.</param>
    </member>
    <member name="M:System.Web.UI.Design.ScriptManagerDesigner.GetScriptReferences(System.Web.UI.ScriptManager,System.Collections.Generic.IEnumerable{System.Web.UI.ScriptManagerProxy})">
      <summary>Gibt eine Auflistung aller <see cref="T:System.Web.UI.ScriptReference" />-Steuerelemente zurück, die im <see cref="T:System.Web.UI.ScriptManager" />-Steuerelement und im <see cref="T:System.Web.UI.ScriptManagerProxy" />-Steuerelement einer Webseite definiert sind.</summary>
      <returns>Eine schreibgeschützte Auflistung von <see cref="T:System.Web.UI.ScriptReference" />-Steuerelementen.</returns>
      <param name="scriptManager">Das der Webseite zugeordnete <see cref="T:System.Web.UI.ScriptManager" />-Steuerelement.</param>
      <param name="proxies">Die Auflistung von der Webseite zugeordneten <see cref="T:System.Web.UI.ScriptManagerProxy" />-Steuerelementen.</param>
      <exception cref="T:System.ArgumentNullException">
        <paramref name="scriptManager" /> ist null.</exception>
      <filterpriority>2</filterpriority>
    </member>
    <member name="M:System.Web.UI.Design.ScriptManagerDesigner.GetServiceReferences(System.Web.UI.ScriptManager,System.Collections.Generic.IEnumerable{System.Web.UI.ScriptManagerProxy})">
      <summary>Gibt eine Auflistung aller <see cref="T:System.Web.UI.ServiceReference" />-Steuerelemente zurück, die im <see cref="T:System.Web.UI.ScriptManager" />-Steuerelement und im <see cref="T:System.Web.UI.ScriptManagerProxy" />-Steuerelement einer Webseite definiert sind.</summary>
      <returns>Eine schreibgeschützte Auflistung von <see cref="T:System.Web.UI.ServiceReference" />-Steuerelementen.</returns>
      <param name="scriptManager">Das der Webseite zugeordnete <see cref="T:System.Web.UI.ScriptManager" />-Steuerelement.</param>
      <param name="proxies">Die Auflistung von <see cref="T:System.Web.UI.ScriptManagerProxy" />-Steuerelementen, die der Webseite zugeordnet ist.</param>
      <exception cref="T:System.ArgumentNullException">
        <paramref name="scriptManager" /> ist null.</exception>
    </member>
    <member name="M:System.Web.UI.Design.ScriptManagerDesigner.Initialize(System.ComponentModel.IComponent)">
      <summary>Initialisiert die angegebene Komponente.</summary>
      <param name="component">Eine <see cref="T:System.Web.UI.ScriptManager" />-Komponente, die die <see cref="T:System.ComponentModel.IComponent" />-Schnittstelle implementiert.</param>
    </member>
    <member name="T:System.Web.UI.Design.ScriptManagerProxyDesigner">
      <summary>Stellt Entwurfszeitunterstützung für das <see cref="T:System.Web.UI.ScriptManagerProxy" />-Steuerelement in einem visuellen Designer bereit.</summary>
      <filterpriority>2</filterpriority>
    </member>
    <member name="M:System.Web.UI.Design.ScriptManagerProxyDesigner.#ctor">
      <summary>Initialisiert eine neue Instanz der <see cref="T:System.Web.UI.Design.ScriptManagerProxyDesigner" />-Klasse.</summary>
      <filterpriority>2</filterpriority>
    </member>
    <member name="M:System.Web.UI.Design.ScriptManagerProxyDesigner.GetDesignTimeHtml">
      <summary>Gibt das HTML-Markup zurück, das das <see cref="T:System.Web.UI.ScriptManagerProxy" />-Steuerelement zur Entwurfszeit darstellt.</summary>
      <returns>Eine Zeichenfolge, die das Markup enthält, mit dem der <see cref="T:System.Web.UI.ScriptManagerProxy" /> zur Entwurfszeit gerendert wird.</returns>
      <filterpriority>2</filterpriority>
    </member>
    <member name="M:System.Web.UI.Design.ScriptManagerProxyDesigner.Initialize(System.ComponentModel.IComponent)">
      <summary>Initialisiert die angegebene Komponente.</summary>
      <param name="component">Eine <see cref="T:System.Web.UI.ScriptManagerProxy" />-Komponente, die die <see cref="T:System.ComponentModel.IComponent" />-Schnittstelle implementiert.</param>
    </member>
    <member name="T:System.Web.UI.Design.ServiceReferenceCollectionEditor">
      <summary>Stellt einen Komponenten-Editor für die Auflistung der Dienstverweise des <see cref="T:System.Web.UI.ServiceReference" />-Steuerelements bereit.</summary>
    </member>
    <member name="M:System.Web.UI.Design.ServiceReferenceCollectionEditor.#ctor(System.Type)">
      <summary>Initialisiert eine neue Instanz der <see cref="T:System.Web.UI.Design.ServiceReferenceCollectionEditor" />-Klasse unter Verwendung des angegebenen Auflistungstyps.</summary>
      <param name="type">Der Typ der Auflistung, die bearbeitet werden soll.</param>
    </member>
    <member name="M:System.Web.UI.Design.ServiceReferenceCollectionEditor.CanSelectMultipleInstances">
      <summary>Ruft einen Wert ab, der angibt, ob mehrere Skriptverweisinstanzen gleichzeitig ausgewählt werden können.</summary>
      <returns>true, wenn mehrere Skriptverweisinstanzen gleichzeitig ausgewählt werden können, andernfalls false.</returns>
    </member>
    <member name="M:System.Web.UI.Design.ServiceReferenceCollectionEditor.CreateNewItemTypes">
      <summary>Ruft die Datentypen ab, die mit dem Auflistungs-Editor erstellt werden können.</summary>
      <returns>Die Datentypen, die von der <see cref="T:System.Web.UI.Design.ServiceReferenceCollectionEditor" />-Klasse erstellt werden können.</returns>
    </member>
    <member name="T:System.Web.UI.Design.TimerDesigner">
      <summary>Stellt Entwurfszeitunterstützung für das <see cref="T:System.Web.UI.Timer" />-Steuerelement in einem visuellen Designer bereit.</summary>
      <filterpriority>2</filterpriority>
    </member>
    <member name="M:System.Web.UI.Design.TimerDesigner.#ctor">
      <summary>Initialisiert eine neue Instanz der <see cref="T:System.Web.UI.Design.TimerDesigner" />-Klasse.</summary>
      <filterpriority>2</filterpriority>
    </member>
    <member name="M:System.Web.UI.Design.TimerDesigner.GetDesignTimeHtml">
      <summary>Gibt das HTML-Markup zurück, das zur Entwurfszeit zum Rendern des zugeordneten <see cref="T:System.Web.UI.Timer" />-Steuerelements verwendet wird.</summary>
      <returns>Eine Zeichenfolge, die das Markup enthält, mit dem das <see cref="T:System.Web.UI.Timer" />-Steuerelement zur Entwurfszeit gerendert wird.</returns>
      <filterpriority>2</filterpriority>
    </member>
    <member name="T:System.Web.UI.Design.UpdatePanelDesigner">
      <summary>Stellt Entwurfszeitunterstützung für das <see cref="T:System.Web.UI.UpdatePanel" />-Steuerelement in einem visuellen Designer bereit.</summary>
      <filterpriority>2</filterpriority>
    </member>
    <member name="M:System.Web.UI.Design.UpdatePanelDesigner.#ctor">
      <summary>Initialisiert eine neue Instanz der <see cref="T:System.Web.UI.Design.UpdatePanelDesigner" />-Klasse.</summary>
      <filterpriority>2</filterpriority>
    </member>
    <member name="M:System.Web.UI.Design.UpdatePanelDesigner.GetDesignTimeHtml(System.Web.UI.Design.DesignerRegionCollection)">
      <summary>Gibt das HTML-Markup für die Anzeige des <see cref="T:System.Web.UI.UpdatePanel" />-Steuerelements ab und füllt die Auflistung mit den aktuellen Steuerelement-Designer-Bereichen.</summary>
      <returns>Das Entwurfszeit-HTML-Markup für das zugeordnete Steuerelement, einschließlich aller Steuerelement-Designer-Bereiche.</returns>
      <param name="regions">Die Steuerelement-Designer-Bereiche für das zugeordnete Steuerelement.</param>
      <filterpriority>2</filterpriority>
    </member>
    <member name="M:System.Web.UI.Design.UpdatePanelDesigner.GetEditableDesignerRegionContent(System.Web.UI.Design.EditableDesignerRegion)">
      <summary>Gibt den Inhalt eines bearbeitbaren Bereichs der Entwurfszeitansicht des <see cref="T:System.Web.UI.UpdatePanel" />-Steuerelements zurück.</summary>
      <returns>Eine serialisierte Kopie der Vorlage, mit der das <see cref="T:System.Web.UI.UpdatePanel" />-Steuerelement zur Entwurfszeit gerendert wird.</returns>
      <param name="region">Der zu aktualisierende Bereich.</param>
      <filterpriority>2</filterpriority>
    </member>
    <member name="M:System.Web.UI.Design.UpdatePanelDesigner.Initialize(System.ComponentModel.IComponent)">
      <summary>Initialisiert die angegebene Komponente.</summary>
      <param name="component">Eine <see cref="T:System.Web.UI.UpdatePanel" />-Komponente, die die <see cref="T:System.ComponentModel.IComponent" />-Schnittstelle implementiert.</param>
    </member>
    <member name="M:System.Web.UI.Design.UpdatePanelDesigner.OnComponentChanged(System.Object,System.ComponentModel.Design.ComponentChangedEventArgs)">
      <summary>Gibt den Inhalt des bearbeitbaren Bereichs des <see cref="T:System.Web.UI.UpdatePanel" />-Steuerelements zur Entwurfszeit an.</summary>
      <param name="sender">Der zu aktualisierende Bereich.</param>
      <param name="ce">Eine serialisierte Vorlage für das zugeordnete Steuerelement.</param>
      <filterpriority>2</filterpriority>
    </member>
    <member name="M:System.Web.UI.Design.UpdatePanelDesigner.SetEditableDesignerRegionContent(System.Web.UI.Design.EditableDesignerRegion,System.String)">
      <summary>Wird aufgerufen, wenn das zugehörige <see cref="T:System.Web.UI.UpdatePanel" />-Steuerelement geändert wird.</summary>
      <param name="region">Die Quelle des Ereignisses.</param>
      <param name="content">Die Ereignisdaten.</param>
      <filterpriority>2</filterpriority>
    </member>
    <member name="P:System.Web.UI.Design.UpdatePanelDesigner.UsePreviewControl">
      <summary>Ruft einen Wert ab, der angibt, ob der Designer zum Generieren des Entwurfszeitmarkups anstelle des dem Designer zugeordneten eigentlichen Steuerelements eine temporäre Kopie des <see cref="T:System.Web.UI.UpdatePanel" />-Steuerelements verwenden soll.</summary>
      <returns>Immer true.</returns>
    </member>
    <member name="T:System.Web.UI.Design.UpdatePanelTriggerCollectionEditor">
      <summary>Stellt einen Komponenten-Editor für die <see cref="P:System.Web.UI.UpdatePanel.Triggers" />-Auflistung von <see cref="T:System.Web.UI.UpdatePanel" />-Steuerelementen bereit.</summary>
      <filterpriority>2</filterpriority>
    </member>
    <member name="M:System.Web.UI.Design.UpdatePanelTriggerCollectionEditor.#ctor(System.Type)">
      <summary>Initialisiert eine neue Instanz der <see cref="T:System.Web.UI.Design.UpdatePanelTriggerCollectionEditor" />-Klasse.</summary>
      <param name="type">Der Typ des zu bearbeitenden Triggers.</param>
      <filterpriority>2</filterpriority>
    </member>
    <member name="M:System.Web.UI.Design.UpdatePanelTriggerCollectionEditor.CanSelectMultipleInstances">
      <summary>Ruft einen Wert ab, der angibt, ob mehrere Trigger gleichzeitig ausgewählt werden können.</summary>
      <returns>Immer false.</returns>
    </member>
    <member name="M:System.Web.UI.Design.UpdatePanelTriggerCollectionEditor.CreateCollectionItemType">
      <summary>Ruft den Datentyp ab, der von dieser Auflistung bearbeitet wird.</summary>
      <returns>Ein <see cref="T:System.Web.UI.UpdatePanelTrigger" />-Objekt.</returns>
    </member>
    <member name="M:System.Web.UI.Design.UpdatePanelTriggerCollectionEditor.CreateNewItemTypes">
      <summary>Ruft die verschiedenen Datentypen ab, die mit dem Auflistungs-Editor erstellt werden können.</summary>
      <returns>Ein Array der Datentypen, die vom <see cref="T:System.Web.UI.Design.UpdatePanelTriggerCollectionEditor" /> erstellt werden können.</returns>
    </member>
    <member name="M:System.Web.UI.Design.UpdatePanelTriggerCollectionEditor.EditValue(System.ComponentModel.ITypeDescriptorContext,System.IServiceProvider,System.Object)">
      <summary>Bearbeitet den Wert des angegebenen Objekts unter Verwendung des angegebenen Diensts und des angegebenen Kontexts.</summary>
      <returns>Der neue Wert des Objekts.</returns>
      <param name="context">Ein <see cref="T:System.ComponentModel.ITypeDescriptorContext" />-Objekt, das zusätzliche Kontextinformationen bereitstellt.</param>
      <param name="provider">Ein Dienstanbieterobjekt, das Bearbeitungsdienste bereitstellt.</param>
      <param name="value">Das Objekt, dessen Wert bearbeitet wird.</param>
      <filterpriority>2</filterpriority>
    </member>
    <member name="T:System.Web.UI.Design.UpdateProgressAssociatedUpdatePanelIDConverter">
      <summary>Stellt einen Typkonverter bereit, der eine Liste von Steuerelement-IDs im aktuellen Container abruft.</summary>
      <filterpriority>2</filterpriority>
    </member>
    <member name="M:System.Web.UI.Design.UpdateProgressAssociatedUpdatePanelIDConverter.#ctor">
      <summary>Initialisiert eine neue Instanz der <see cref="T:System.Web.UI.Design.UpdateProgressAssociatedUpdatePanelIDConverter" />-Klasse.</summary>
      <filterpriority>2</filterpriority>
    </member>
    <member name="M:System.Web.UI.Design.UpdateProgressAssociatedUpdatePanelIDConverter.GetStandardValues(System.ComponentModel.ITypeDescriptorContext)">
      <summary>Gibt für den angegebenen Formatierungskontext eine Auflistung von Steuerelement-IDs im Container innerhalb des <see cref="T:System.ComponentModel.Design.IDesignerHos" />-Objekts zurück.</summary>
      <returns>Eine Auflistung von Zeichenfolgen, die die Steuerelement-IDs der Steuerelemente im aktuellen Container darstellen. Wenn im Container derzeit keine Steuerelemente enthalten sind, gibt die Methode eine leere Auflistung zurück. Wenn der Kontext null oder kein aktueller Container vorhanden ist, gibt die Methode null zurück.</returns>
      <param name="context">Ein Kontext, mit dem zusätzliche Informationen zur Umgebung abgerufen werden können, von der dieser Konverter aufgerufen wird. Dieser Parameter und dessen Eigenschaften können null sein.</param>
      <filterpriority>2</filterpriority>
    </member>
    <member name="M:System.Web.UI.Design.UpdateProgressAssociatedUpdatePanelIDConverter.GetStandardValuesExclusive(System.ComponentModel.ITypeDescriptorContext)">
      <summary>Gibt einen Wert zurück, der angibt, ob die Auflistung von Standardwerten, die von <see cref="M:System.Web.UI.Design.UpdateProgressAssociatedUpdatePanelIDConverter.GetStandardValues(System.ComponentModel.ITypeDescriptorContext)" /> für den angegebenen Kontext zurückgegeben wird, eine exklusive Liste möglicher Werte darstellt.</summary>
      <returns>true, wenn die von der <see cref="M:System.Web.UI.Design.UpdateProgressAssociatedUpdatePanelIDConverter.GetStandardValues(System.ComponentModel.ITypeDescriptorContext)" />-Methode zurückgegebene <see cref="T:System.ComponentModel.TypeConverter.StandardValuesCollection" />-Klasse eine exklusive Liste möglicher Werte darstellt, false, wenn andere Werte möglich sind. Die Standardeinstellung ist false.</returns>
      <param name="context">Der Formatierungskontext.</param>
      <filterpriority>2</filterpriority>
    </member>
    <member name="M:System.Web.UI.Design.UpdateProgressAssociatedUpdatePanelIDConverter.GetStandardValuesSupported(System.ComponentModel.ITypeDescriptorContext)">
      <summary>Gibt einen Wert zurück, der angibt, ob dieser Konverter eine Reihe von Steuerelement-ID-Werten unterstützt, die in einer Liste ausgewählt werden können.</summary>
      <returns>true, wenn <see cref="M:System.Web.UI.Design.UpdateProgressAssociatedUpdatePanelIDConverter.GetStandardValues(System.ComponentModel.ITypeDescriptorContext)" /> aufgerufen werden muss, um eine vom Objekt unterstützte Standardmenge von Steuerelement-IDs zu ermitteln, andernfalls false. Die Standardeinstellung ist true.</returns>
      <param name="context">Der Formatierungskontext.</param>
      <filterpriority>2</filterpriority>
    </member>
    <member name="T:System.Web.UI.Design.UpdateProgressDesigner">
      <summary>Stellt Entwurfszeitunterstützung für das <see cref="T:System.Web.UI.UpdateProgress" />-Steuerelement in einem visuellen Designer bereit.</summary>
      <filterpriority>2</filterpriority>
    </member>
    <member name="M:System.Web.UI.Design.UpdateProgressDesigner.#ctor">
      <summary>Initialisiert eine neue Instanz der <see cref="T:System.Web.UI.Design.UpdateProgressDesigner" />-Klasse.</summary>
      <filterpriority>2</filterpriority>
    </member>
    <member name="M:System.Web.UI.Design.UpdateProgressDesigner.GetDesignTimeHtml(System.Web.UI.Design.DesignerRegionCollection)">
      <summary>Gibt das HTML-Markup für die Anzeige des <see cref="T:System.Web.UI.UpdateProgress" />-Steuerelements zurück und füllt die Auflistung mit den aktuellen Steuerelement-Designer-Bereichen.</summary>
      <returns>Das Entwurfszeit-HTML-Markup für das zugeordnete Steuerelement, einschließlich aller Steuerelement-Designer-Bereiche.</returns>
      <param name="regions">Ein Objekt, das die Steuerelement-Designer-Bereiche für das zugeordnete Steuerelement enthält.</param>
      <filterpriority>2</filterpriority>
    </member>
    <member name="M:System.Web.UI.Design.UpdateProgressDesigner.GetEditableDesignerRegionContent(System.Web.UI.Design.EditableDesignerRegion)">
      <summary>Gibt den Inhalt eines bearbeitbaren Bereichs der Entwurfszeitansicht des <see cref="T:System.Web.UI.UpdateProgress" />-Steuerelements zurück.</summary>
      <returns>Eine serialisierte Kopie der Vorlage, mit der das <see cref="T:System.Web.UI.UpdatePanel" />-Steuerelement zur Entwurfszeit gerendert wird.</returns>
      <param name="region">Das <see cref="T:System.Web.UI.Design.EditableDesignerRegion" />-Objekt, für das Inhalt abgerufen werden soll.</param>
      <filterpriority>2</filterpriority>
    </member>
    <member name="M:System.Web.UI.Design.UpdateProgressDesigner.SetEditableDesignerRegionContent(System.Web.UI.Design.EditableDesignerRegion,System.String)">
      <summary>Gibt den Inhalt des bearbeitbaren Bereichs des Steuerelements zur Entwurfszeit an.</summary>
      <param name="region">Ein Objekt, das den Namen des zu aktualisierenden Bereichs bereitstellt.</param>
      <param name="content">Eine serialisierte Vorlage für das zugeordnete Steuerelement.</param>
      <filterpriority>2</filterpriority>
    </member>
    <member name="P:System.Web.UI.Design.UpdateProgressDesigner.UsePreviewControl">
      <summary>Ruft einen Wert ab, der angibt, ob der Designer zum Generieren des Entwurfszeitmarkups anstelle des dem Designer tatsächlich zugeordneten Steuerelements eine temporäre Kopie verwenden soll.</summary>
      <returns>Immer true.</returns>
    </member>
    <member name="T:System.Web.UI.Design.WebControls.DataPagerDesigner">
      <summary>Stellt Entwurfszeitunterstützung in einem visuellen Designer für das <see cref="T:System.Web.UI.WebControls.DataPager" />-Steuerelement bereit.</summary>
      <filterpriority>2</filterpriority>
    </member>
    <member name="M:System.Web.UI.Design.WebControls.DataPagerDesigner.#ctor">
      <summary>Initialisiert eine neue Instanz der <see cref="T:System.Web.UI.Design.WebControls.DataPagerDesigner" />-Klasse.</summary>
      <filterpriority>2</filterpriority>
    </member>
    <member name="P:System.Web.UI.Design.WebControls.DataPagerDesigner.ActionLists">
      <summary>Ruft die Liste von Elementen ab, mit denen ein Smarttagbereich für das zugeordnete <see cref="T:System.Web.UI.WebControls.DataPager" />-Steuerelement erstellt wird.</summary>
      <returns>Die Liste von Elementen, mit denen der Smarttagbereich für das zugeordnete <see cref="T:System.Web.UI.WebControls.DataPager" />-Steuerelement erstellt wird.</returns>
      <filterpriority>2</filterpriority>
    </member>
    <member name="M:System.Web.UI.Design.WebControls.DataPagerDesigner.GetDesignTimeHtml">
      <summary>Generiert das HTML-Markup, das zur Entwurfszeit zum Rendern des zugeordneten <see cref="T:System.Web.UI.WebControls.DataPager" />-Steuerelements verwendet wird.</summary>
      <returns>Das HTML-Markup, das für das Rendering des zugeordneten <see cref="T:System.Web.UI.WebControls.DataPager" />-Steuerelements zur Entwurfszeit verwendet wird.</returns>
      <filterpriority>2</filterpriority>
    </member>
    <member name="M:System.Web.UI.Design.WebControls.DataPagerDesigner.GetEmptyDesignTimeHtml">
      <summary>Generiert das HTML-Markup, das ein <see cref="T:System.Web.UI.WebControls.DataPager" />-Steuerelement zur Entwurfszeit darstellt, für das zur Laufzeit keine visuelle Darstellung ausgegeben wird.</summary>
      <returns>Das HTML-Markup, das ein leeres <see cref="T:System.Web.UI.WebControls.DataPager" />-Steuerelement zur Entwurfszeit darstellt.</returns>
    </member>
    <member name="M:System.Web.UI.Design.WebControls.DataPagerDesigner.Initialize(System.ComponentModel.IComponent)">
      <summary>Initialisiert den Steuerelement-Designer und lädt das angegebene Steuerelement.</summary>
      <param name="component">Das Steuerelement, das entworfen wird.</param>
      <filterpriority>2</filterpriority>
    </member>
    <member name="P:System.Web.UI.Design.WebControls.DataPagerDesigner.PagedControlID">
      <summary>Ruft den Wert der Designerversion der <see cref="P:System.Web.UI.WebControls.DataPager.PagedControlID" />-Eigenschaft ab oder legt diesen fest.</summary>
      <returns>Der Wert der <see cref="P:System.Web.UI.WebControls.DataPager.PagedControlID" />-Eigenschaft.</returns>
      <filterpriority>2</filterpriority>
    </member>
    <member name="M:System.Web.UI.Design.WebControls.DataPagerDesigner.PreFilterProperties(System.Collections.IDictionary)">
      <summary>Fügt Eigenschaften im Eigenschaftenraster für das <see cref="T:System.Web.UI.WebControls.DataPager" />-Steuerelement hinzu oder entfernt sie.</summary>
      <param name="properties">Eine Auflistung mit den Eigenschaften, die im Eigenschaftenraster für das <see cref="T:System.Web.UI.WebControls.DataPager" />-Steuerelement zur Entwurfszeit verfügbar gemacht werden.</param>
    </member>
    <member name="P:System.Web.UI.Design.WebControls.DataPagerDesigner.TemplateGroups">
      <summary>Ruft eine Auflistung der Vorlagengruppen für die auf Vorlagen basierenden Pagerfelder des zugeordneten <see cref="T:System.Web.UI.WebControls.DataPager" />-Steuerelements ab.</summary>
      <returns>Eine Auflistung der Vorlagengruppen für die auf Vorlagen basierenden Pagerfelder des zugeordneten <see cref="T:System.Web.UI.WebControls.DataPager" />-Steuerelements.</returns>
      <filterpriority>2</filterpriority>
    </member>
    <member name="P:System.Web.UI.Design.WebControls.DataPagerDesigner.UsePreviewControl">
      <summary>Ruft einen Wert ab, der angibt, ob der Designer zum Generieren des Entwurfszeitmarkups anstelle des dem Designer zugeordneten eigentlichen <see cref="T:System.Web.UI.WebControls.DataPager" />-Steuerelements eine temporäre Kopie des Steuerelements verwenden soll.</summary>
      <returns>true in allen Fällen.</returns>
    </member>
    <member name="T:System.Web.UI.Design.WebControls.DataPagerFieldTypeEditor">
      <summary>Stellt einen visuellen Editor für <see cref="T:System.Web.UI.WebControls.DataPager" />-Felder bereit.</summary>
      <filterpriority>2</filterpriority>
    </member>
    <member name="M:System.Web.UI.Design.WebControls.DataPagerFieldTypeEditor.#ctor">
      <summary>Initialisiert eine neue Instanz der <see cref="T:System.Web.UI.Design.WebControls.DataPagerFieldTypeEditor" />-Klasse.</summary>
      <filterpriority>2</filterpriority>
    </member>
    <member name="M:System.Web.UI.Design.WebControls.DataPagerFieldTypeEditor.EditValue(System.ComponentModel.ITypeDescriptorContext,System.IServiceProvider,System.Object)">
      <summary>Zeigt den visuellen Editor mithilfe des Stils an, der von der <see cref="Overload:System.Web.UI.Design.WebControls.DataPagerFieldTypeEditor.GetEditStyle" />-Methode zum Aktualisieren der <see cref="P:System.Web.UI.WebControls.DataPager.Fields" />-Eigenschaft angegeben wird.</summary>
      <returns>Der neue Wert des Objekts.</returns>
      <param name="context">Kontextinformationen über die Entwurfsumgebung.</param>
      <param name="provider">Ein Verweis auf den zugeordneten Designer.</param>
      <param name="value">Das zu bearbeitende Objekt.</param>
      <filterpriority>2</filterpriority>
    </member>
    <member name="M:System.Web.UI.Design.WebControls.DataPagerFieldTypeEditor.GetEditStyle(System.ComponentModel.ITypeDescriptorContext)">
      <summary>Ruft den Stil ab, der vom Editor verwendet wird.</summary>
      <returns>Einer der Enumerationswerte, der den vom Editor verwendeten Stiltyp angibt.</returns>
      <param name="context">Kontextinformationen über die Entwurfsumgebung.</param>
      <filterpriority>2</filterpriority>
    </member>
    <member name="T:System.Web.UI.Design.WebControls.LinqDataSourceDesigner">
      <summary>Stellt Entwurfszeitunterstützung in einem visuellen Designer für das <see cref="T:System.Web.UI.WebControls.LinqDataSource" />-Steuerelement bereit.</summary>
      <filterpriority>2</filterpriority>
    </member>
    <member name="M:System.Web.UI.Design.WebControls.LinqDataSourceDesigner.#ctor">
      <summary>Initialisiert eine neue Instanz der <see cref="T:System.Web.UI.Design.WebControls.LinqDataSourceDesigner" />-Klasse.</summary>
      <filterpriority>2</filterpriority>
    </member>
    <member name="P:System.Web.UI.Design.WebControls.LinqDataSourceDesigner.ActionLists">
      <summary>Ruft eine Liste von Elementen ab, mit denen zur Entwurfszeit ein Aktionslistenmenü erstellt wird.</summary>
      <returns>Eine Auflistung mit den Aktionslistenelementen.</returns>
      <filterpriority>2</filterpriority>
    </member>
    <member name="P:System.Web.UI.Design.WebControls.LinqDataSourceDesigner.CanConfigure">
      <summary>Ruft einen Wert ab, der angibt, ob die <see cref="M:System.Web.UI.Design.WebControls.LinqDataSourceDesigner.Configure" />-Methode vom Entwurfshost aufgerufen werden kann.</summary>
      <returns>true, wenn die <see cref="M:System.Web.UI.Design.WebControls.LinqDataSourceDesigner.Configure" />-Methode aufgerufen werden kann, andernfalls false.</returns>
      <filterpriority>2</filterpriority>
    </member>
    <member name="P:System.Web.UI.Design.WebControls.LinqDataSourceDesigner.CanRefreshSchema">
      <summary>Ruft einen Wert ab, der angibt, ob die <see cref="M:System.Web.UI.Design.WebControls.LinqDataSourceDesigner.RefreshSchema(System.Boolean)" />-Methode vom Entwurfshost aufgerufen werden kann.</summary>
      <returns>true, wenn die <see cref="M:System.Web.UI.Design.WebControls.LinqDataSourceDesigner.RefreshSchema(System.Boolean)" />-Methode aufgerufen werden kann, andernfalls false.</returns>
      <filterpriority>2</filterpriority>
    </member>
    <member name="M:System.Web.UI.Design.WebControls.LinqDataSourceDesigner.Configure">
      <summary>Startet den Assistenten zur Datenquellenkonfiguration im Entwurfshost.</summary>
      <filterpriority>2</filterpriority>
    </member>
    <member name="P:System.Web.UI.Design.WebControls.LinqDataSourceDesigner.ContextTypeName">
      <summary>Ruft den Namen des Typs mit der Eigenschaft ab, deren Wert die abzurufenden Daten aufweist, oder legt diesen fest.</summary>
      <returns>Der Name der Klasse, von der Daten abgerufen werden sollen.</returns>
      <filterpriority>2</filterpriority>
    </member>
    <member name="P:System.Web.UI.Design.WebControls.LinqDataSourceDesigner.Delete">
      <summary>Ruft einen Wert für den Löschvorgang ab oder legt diesen fest.</summary>
      <returns>null.</returns>
      <filterpriority>2</filterpriority>
    </member>
    <member name="P:System.Web.UI.Design.WebControls.LinqDataSourceDesigner.EnableDelete">
      <summary>Ruft einen Wert ab, der angibt, ob Zeilen zur Laufzeit aus der Datenquelle gelöscht werden können, oder legt diesen fest.</summary>
      <returns>true, wenn der Löschvorgang für Benutzer der zugeordneten <see cref="T:System.Web.UI.WebControls.LinqDataSource" />-Instanz aktiviert ist, andernfalls false.</returns>
      <filterpriority>2</filterpriority>
    </member>
    <member name="P:System.Web.UI.Design.WebControls.LinqDataSourceDesigner.EnableInsert">
      <summary>Ruft einen Wert ab, der angibt, ob Zeilen zur Laufzeit in der Datenquelle eingefügt werden können, oder legt diesen fest.</summary>
      <returns>true, wenn der Einfügevorgang für Benutzer der zugeordneten <see cref="T:System.Web.UI.WebControls.LinqDataSource" />-Instanz aktiviert ist, andernfalls false.</returns>
      <filterpriority>2</filterpriority>
    </member>
    <member name="P:System.Web.UI.Design.WebControls.LinqDataSourceDesigner.EnableUpdate">
      <summary>Ruft einen Wert ab, der angibt, ob Zeilen zur Laufzeit in der Datenquelle aktualisiert werden können, oder legt diesen fest.</summary>
      <returns>true, wenn der Aktualisierungsvorgang für Benutzer der zugeordneten <see cref="T:System.Web.UI.WebControls.LinqDataSource" />-Instanz aktiviert ist, andernfalls false.</returns>
      <filterpriority>2</filterpriority>
    </member>
    <member name="M:System.Web.UI.Design.WebControls.LinqDataSourceDesigner.GetView(System.String)">
      <summary>Gibt eine Datenquellenansicht mit dem angegebenen Namen zurück.</summary>
      <returns>Ein Objekt, dessen Name von <paramref name="viewName" /> angegeben wird, andernfalls null.</returns>
      <param name="viewName">Der Name der zurückzugebenden Ansicht.</param>
      <filterpriority>2</filterpriority>
    </member>
    <member name="M:System.Web.UI.Design.WebControls.LinqDataSourceDesigner.GetViewNames">
      <summary>Ruft eine Liste der verfügbaren Ansichten ab.</summary>
      <returns>Eine Auflistung mit einem Element, das den Namen "DefaultView" enthält.</returns>
      <filterpriority>2</filterpriority>
    </member>
    <member name="P:System.Web.UI.Design.WebControls.LinqDataSourceDesigner.GroupBy">
      <summary>Ruft den Wert ab, der beim Erstellen der Group By-Klausel erstellt wird, oder legt ihn fest.</summary>
      <returns>Eine Zeichenfolge, die die zum Gruppieren von Daten verwendeten Eigenschaften enthält.</returns>
      <filterpriority>2</filterpriority>
    </member>
    <member name="M:System.Web.UI.Design.WebControls.LinqDataSourceDesigner.Initialize(System.ComponentModel.IComponent)">
      <summary>Initialisiert den Steuerelement-Designer und lädt die angegebene Komponente.</summary>
      <param name="component">Das zu initialisierende Objekt.</param>
      <filterpriority>2</filterpriority>
    </member>
    <member name="P:System.Web.UI.Design.WebControls.LinqDataSourceDesigner.Insert">
      <summary>Ruft einen Wert für den Löschvorgang ab oder legt diesen fest.</summary>
      <returns>null.</returns>
      <filterpriority>2</filterpriority>
    </member>
    <member name="P:System.Web.UI.Design.WebControls.LinqDataSourceDesigner.OrderBy">
      <summary>Ruft den Wert ab, der beim Erstellen der Order By-Klausel erstellt wird, oder legt ihn fest.</summary>
      <returns>Eine Zeichenfolge, die die zum Sortieren der Daten verwendeten Eigenschaften enthält.</returns>
      <filterpriority>2</filterpriority>
    </member>
    <member name="P:System.Web.UI.Design.WebControls.LinqDataSourceDesigner.OrderGroupsBy">
      <summary>Ruft den Wert ab, der beim Erstellen der Order Groups By-Klausel erstellt wird, oder legt ihn fest.</summary>
      <returns>Eine Zeichenfolge, die die zum Sortieren von gruppierten Daten verwendeten Eigenschaften enthält.</returns>
    </member>
    <member name="M:System.Web.UI.Design.WebControls.LinqDataSourceDesigner.PreFilterProperties(System.Collections.IDictionary)">
      <summary>Wird vom Designer zum Hinzufügen oder Entfernen von Eigenschaften im Eigenschaftenraster verwendet.</summary>
      <param name="properties">Die zu filternden Eigenschaften.</param>
    </member>
    <member name="M:System.Web.UI.Design.WebControls.LinqDataSourceDesigner.RefreshSchema(System.Boolean)">
      <summary>Aktualisiert das Schema aus der zugrunde liegenden Datenquelle.</summary>
      <param name="preferSilent">Bei true werden alle Datenquellenereignisse unterdrückt, bis das Schema aktualisiert wird.</param>
      <filterpriority>2</filterpriority>
    </member>
    <member name="P:System.Web.UI.Design.WebControls.LinqDataSourceDesigner.Select">
      <summary>Ruft die Zeichenfolge ab, die Werte für den Auswahlvorgang enthält, oder legt sie fest.</summary>
      <returns>Eine Zeichenfolge, die beim Erstellen der Select-Klausel verwendet wird.</returns>
      <filterpriority>2</filterpriority>
    </member>
    <member name="P:System.Web.UI.Design.WebControls.LinqDataSourceDesigner.ServiceProvider">
      <summary>Ruft den Dienstanbieter ab, der der <see cref="T:System.Web.UI.WebControls.LinqDataSource" />-Instanz zugeordnet ist.</summary>
      <returns>Ein Objekt, das den Dienstanbieter darstellt.</returns>
      <filterpriority>2</filterpriority>
    </member>
    <member name="P:System.Web.UI.Design.WebControls.LinqDataSourceDesigner.TableName">
      <summary>Ruft die <see cref="P:System.Web.UI.WebControls.LinqDataSource.TableName" />-Eigenschaft der <see cref="T:System.Web.UI.WebControls.LinqDataSource" />-Instanz ab oder legt sie fest.</summary>
      <returns>Der Name der Klasse, die die Daten enthält.</returns>
      <filterpriority>2</filterpriority>
    </member>
    <member name="P:System.Web.UI.Design.WebControls.LinqDataSourceDesigner.Update">
      <summary>Ruft den Wert für den Aktualisierungsvorgang ab.</summary>
      <returns>null.</returns>
      <filterpriority>2</filterpriority>
    </member>
    <member name="P:System.Web.UI.Design.WebControls.LinqDataSourceDesigner.Where">
      <summary>Ruft die <see cref="P:System.Web.UI.WebControls.LinqDataSource.Where" />-Eigenschaft des <see cref="T:System.Web.UI.WebControls.LinqDataSource" />-Steuerelements ab oder legt diese fest.</summary>
      <returns>Der Wert der <see cref="P:System.Web.UI.WebControls.LinqDataSource.Where" />-Eigenschaft.</returns>
      <filterpriority>2</filterpriority>
    </member>
    <member name="T:System.Web.UI.Design.WebControls.LinqDesignerDataSourceView">
      <summary>Stellt eine Entwurfszeitansicht von Daten für die <see cref="T:System.Web.UI.Design.WebControls.LinqDataSourceDesigner" />-Klasse bereit.</summary>
      <filterpriority>2</filterpriority>
    </member>
    <member name="M:System.Web.UI.Design.WebControls.LinqDesignerDataSourceView.#ctor(System.Web.UI.Design.WebControls.LinqDataSourceDesigner)">
      <summary>Initialisiert eine neue Instanz der <see cref="T:System.Web.UI.Design.WebControls.LinqDesignerDataSourceView" />-Klasse mit der angegebenen Datenquelle und dem angegebenen Ansichtsnamen.</summary>
      <param name="owner">Das übergeordnete <see cref="T:System.Web.UI.Design.WebControls.LinqDataSourceDesigner" />-Objekt.</param>
      <filterpriority>2</filterpriority>
    </member>
    <member name="P:System.Web.UI.Design.WebControls.LinqDesignerDataSourceView.CanDelete">
      <summary>Ruft einen Wert ab, der angibt, ob das <see cref="T:System.Web.UI.WebControls.LinqDataSourceView" />-Objekt, das dem aktuellen <see cref="T:System.Web.UI.WebControls.LinqDataSource" />-Steuerelement zugeordnet ist, die <see cref="M:System.Web.UI.DataSourceView.ExecuteDelete(System.Collections.IDictionary,System.Collections.IDictionary)" />-Methode unterstützt.</summary>
      <returns>true, wenn die <see cref="M:System.Web.UI.WebControls.LinqDataSourceView.ExecuteDelete(System.Collections.IDictionary,System.Collections.IDictionary)" />-Methode unterstützt wird, andernfalls false.</returns>
      <filterpriority>2</filterpriority>
    </member>
    <member name="P:System.Web.UI.Design.WebControls.LinqDesignerDataSourceView.CanInsert">
      <summary>Ruft einen Wert ab, der angibt, ob das <see cref="T:System.Web.UI.WebControls.LinqDataSourceView" />-Objekt, das dem aktuellen <see cref="T:System.Web.UI.WebControls.LinqDataSource" />-Steuerelement zugeordnet ist, die <see cref="M:System.Web.UI.DataSourceView.ExecuteInsert(System.Collections.IDictionary)" />-Methode unterstützt.</summary>
      <returns>true, wenn die <see cref="M:System.Web.UI.WebControls.LinqDataSourceView.ExecuteInsert(System.Collections.IDictionary)" />-Methode unterstützt wird, andernfalls false.</returns>
      <filterpriority>2</filterpriority>
    </member>
    <member name="P:System.Web.UI.Design.WebControls.LinqDesignerDataSourceView.CanPage">
      <summary>Ruft einen Wert ab, der angibt, ob das <see cref="T:System.Web.UI.WebControls.LinqDataSourceView" />-Objekt, das dem aktuellen <see cref="T:System.Web.UI.WebControls.LinqDataSource" />-Steuerelement zugeordnet ist, Paging durch die Daten unterstützt, die von der <see cref="M:System.Web.UI.WebControls.LinqDataSourceView.ExecuteSelect(System.Web.UI.DataSourceSelectArguments)" />-Methode abgerufen wurden.</summary>
      <returns>true, wenn Paging durch die von der <see cref="M:System.Web.UI.WebControls.LinqDataSourceView.ExecuteSelect(System.Web.UI.DataSourceSelectArguments)" />-Methode abgerufenen Daten unterstützt wird, andernfalls false.</returns>
    </member>
    <member name="P:System.Web.UI.Design.WebControls.LinqDesignerDataSourceView.CanSort">
      <summary>Ruft einen Wert ab, der angibt, ob das <see cref="T:System.Web.UI.WebControls.LinqDataSourceView" />-Objekt, das dem aktuellen <see cref="T:System.Web.UI.WebControls.LinqDataSource" />-Steuerelement zugeordnet ist, eine sortierte Ansicht der zugrunde liegenden Datenquelle unterstützt.</summary>
      <returns>true, wenn eine sortierte Ansicht der zugrunde liegenden Datenquelle unterstützt wird, andernfalls false.</returns>
    </member>
    <member name="P:System.Web.UI.Design.WebControls.LinqDesignerDataSourceView.CanUpdate">
      <summary>Ruft einen Wert ab, der angibt, ob das <see cref="T:System.Web.UI.WebControls.LinqDataSourceView" />-Objekt, das dem aktuellen <see cref="T:System.Web.UI.WebControls.LinqDataSource" />-Steuerelement zugeordnet ist, die <see cref="M:System.Web.UI.WebControls.LinqDataSourceView.ExecuteUpdate(System.Collections.IDictionary,System.Collections.IDictionary,System.Collections.IDictionary)" />-Methode unterstützt.</summary>
      <returns>true, wenn die <see cref="M:System.Web.UI.WebControls.LinqDataSourceView.ExecuteUpdate(System.Collections.IDictionary,System.Collections.IDictionary,System.Collections.IDictionary)" />-Methode unterstützt wird, andernfalls false.</returns>
      <filterpriority>2</filterpriority>
    </member>
    <member name="M:System.Web.UI.Design.WebControls.LinqDesignerDataSourceView.GetDesignTimeData(System.Int32,System.Boolean@)">
      <summary>Ruft unter Verwendung der angegebenen Anzahl von Zeilen die Entwurfszeitdaten ab, die dem Schema des zugeordneten Datenquellen-Steuerelements entsprechen. Gibt einen Wert zurück, der angibt, ob es sich bei den Daten um Beispieldaten oder echte Daten handelt.</summary>
      <returns>Die zur Entwurfszeit anzuzeigenden Daten.</returns>
      <param name="minimumRows">Die Mindestanzahl der zurückzugebenden Zeilen.</param>
      <param name="isSampleData">true, um anzugeben, dass die zurückgegebenen Daten Beispieldaten sind, false, um anzugeben, dass es sich bei den zurückgegebenen Daten um Livedaten handelt.</param>
      <filterpriority>2</filterpriority>
    </member>
    <member name="P:System.Web.UI.Design.WebControls.LinqDesignerDataSourceView.IsDataContext">
      <summary>Ruft einen Wert ab, der angibt, ob die <see cref="P:System.Web.UI.WebControls.LinqDataSourceView.ContextType" />-Eigenschaft ein Objekt enthält, das von <see cref="T:System.Data.Linq.DataContext" /> abgeleitet ist.</summary>
      <returns>true, wenn das Objekt in der <see cref="P:System.Web.UI.WebControls.LinqDataSourceView.ContextType" />-Eigenschaft von <see cref="T:System.Data.Linq.DataContext" /> abgeleitet ist, andernfalls false.</returns>
      <filterpriority>2</filterpriority>
    </member>
    <member name="P:System.Web.UI.Design.WebControls.LinqDesignerDataSourceView.IsTableTypeTable">
      <summary>Ruft einen Wert ab, der angibt, ob die <see cref="P:System.Web.UI.WebControls.LinqDataSourceView.TableName" />-Eigenschaft einen <see cref="T:System.Data.Linq.Table`1" />-Typ zurückgibt.</summary>
      <returns>true, wenn die <see cref="P:System.Web.UI.WebControls.LinqDataSourceView.TableName" />-Eigenschaft einen <see cref="T:System.Data.Linq.Table`1" />-Typ zurückgibt, andernfalls false.</returns>
      <filterpriority>2</filterpriority>
    </member>
    <member name="P:System.Web.UI.Design.WebControls.LinqDesignerDataSourceView.Schema">
      <summary>Ruft das Schema ab, das die vom aktuellen Ansichtsobjekt dargestellte Datenquellensicht beschreibt.</summary>
      <returns>Ein Objekt, das das Schema darstellt.</returns>
      <filterpriority>2</filterpriority>
    </member>
    <member name="T:System.Web.UI.Design.WebControls.ListViewDesigner">
      <summary>Stellt Entwurfszeitunterstützung in einem visuellen Designer für das <see cref="T:System.Web.UI.WebControls.ListView" />-Steuerelement bereit.</summary>
      <filterpriority>2</filterpriority>
    </member>
    <member name="M:System.Web.UI.Design.WebControls.ListViewDesigner.#ctor">
      <summary>Initialisiert eine neue Instanz der <see cref="T:System.Web.UI.Design.WebControls.ListViewDesigner" />-Klasse.</summary>
      <filterpriority>2</filterpriority>
    </member>
    <member name="P:System.Web.UI.Design.WebControls.ListViewDesigner.ActionLists">
      <summary>Ruft die Liste von Elementen ab, mit denen ein Smarttagbereich für das <see cref="T:System.Web.UI.WebControls.ListView" />-Steuerelement erstellt wird.</summary>
      <returns>Das <see cref="T:System.ComponentModel.Design.DesignerActionListCollection" />-Objekt, das diesem Designer zugeordnet ist.</returns>
      <filterpriority>2</filterpriority>
    </member>
    <member name="M:System.Web.UI.Design.WebControls.ListViewDesigner.GetDesignTimeHtml">
      <summary>Generiert das HTML-Markup, das zur Entwurfszeit zum Rendern des zugeordneten <see cref="T:System.Web.UI.WebControls.ListView" />-Steuerelements verwendet wird.</summary>
      <returns>Das HTML-Markup, das für das Rendering des zugeordneten <see cref="T:System.Web.UI.WebControls.ListView" />-Steuerelements zur Entwurfszeit verwendet wird.</returns>
      <filterpriority>2</filterpriority>
    </member>
    <member name="M:System.Web.UI.Design.WebControls.ListViewDesigner.GetDesignTimeHtml(System.Web.UI.Design.DesignerRegionCollection)">
      <summary>Generiert das HTML-Markup, das für das Rendering des zugeordneten <see cref="T:System.Web.UI.WebControls.ListView" />-Steuerelements zur Entwurfszeit verwendet wird, und füllt die angegebene Auflistung mit dem gerade ausgewählten Designerbereich auf.</summary>
      <returns>Das HTML-Markup, das für das Rendering des zugeordneten <see cref="T:System.Web.UI.WebControls.ListView" />-Steuerelements zur Entwurfszeit verwendet wird.</returns>
      <param name="regions">Eine Auflistung von Steuerelement-Designer-Bereichen für das zugeordnete <see cref="T:System.Web.UI.WebControls.ListView" />-Steuerelement.</param>
      <filterpriority>2</filterpriority>
    </member>
    <member name="M:System.Web.UI.Design.WebControls.ListViewDesigner.GetEditableDesignerRegionContent(System.Web.UI.Design.EditableDesignerRegion)">
      <summary>Gibt den Inhalt des angegebenen bearbeitbaren Bereichs der Entwurfszeitansicht des zugeordneten <see cref="T:System.Web.UI.WebControls.ListView" />-Steuerelements zurück.</summary>
      <returns>Das HTML-Markup für den Bereich.</returns>
      <param name="region">Der Bereich, für den der Inhalt abgerufen werden soll.</param>
      <filterpriority>2</filterpriority>
    </member>
    <member name="M:System.Web.UI.Design.WebControls.ListViewDesigner.GetEmptyDesignTimeHtml">
      <summary>Generiert das HTML-Markup, das ein <see cref="T:System.Web.UI.WebControls.ListView" />-Steuerelement zur Entwurfszeit darstellt, für das zur Laufzeit keine visuelle Darstellung ausgegeben wird.</summary>
      <returns>Das HTML-Markup, das ein <see cref="T:System.Web.UI.WebControls.ListView" />-Steuerelement zur Entwurfszeit darstellt.</returns>
    </member>
    <member name="M:System.Web.UI.Design.WebControls.ListViewDesigner.Initialize(System.ComponentModel.IComponent)">
      <summary>Initialisiert den Steuerelement-Designer und lädt das angegebene Steuerelement.</summary>
      <param name="component">Das Steuerelement, das gerade entworfen wird.</param>
      <filterpriority>2</filterpriority>
    </member>
    <member name="M:System.Web.UI.Design.WebControls.ListViewDesigner.OnComponentChanged(System.Object,System.ComponentModel.Design.ComponentChangedEventArgs)">
      <summary>Tritt auf, wenn das zugehörige Steuerelement geändert wird.</summary>
      <param name="sender">Die Quelle des Ereignisses.</param>
      <param name="ce">Die Ereignisdaten.</param>
    </member>
    <member name="M:System.Web.UI.Design.WebControls.ListViewDesigner.OnSchemaRefreshed">
      <summary>Verhindert die Aktualisierung des <see cref="T:System.Web.UI.WebControls.ListView" />-Steuerelements, wenn das Datenquellenschema im HTML-Designer aktualisiert wird.</summary>
    </member>
    <member name="P:System.Web.UI.Design.WebControls.ListViewDesigner.SampleRowCount">
      <summary>Ruft die Anzahl der Datensätze ab, die das <see cref="T:System.Web.UI.WebControls.ListView" />-Steuerelement auf der Entwurfsoberfläche anzeigt.</summary>
      <returns>Die Anzahl der Datensätze, die das <see cref="T:System.Web.UI.WebControls.ListView" />-Steuerelement auf der Entwurfsoberfläche anzeigt.</returns>
    </member>
    <member name="M:System.Web.UI.Design.WebControls.ListViewDesigner.SetEditableDesignerRegionContent(System.Web.UI.Design.EditableDesignerRegion,System.String)">
      <summary>Gibt den Inhalt eines bearbeitbaren Bereichs des <see cref="T:System.Web.UI.WebControls.ListView" />-Steuerelements zur Entwurfszeit an.</summary>
      <param name="region">Ein im <see cref="T:System.Web.UI.WebControls.ListView" />-Steuerelement enthaltener bearbeitbarer Entwurfsbereich.</param>
      <param name="content">Der Inhalt, der dem editierbaren Entwurfsbereich zugewiesen werden soll.</param>
      <filterpriority>2</filterpriority>
    </member>
    <member name="P:System.Web.UI.Design.WebControls.ListViewDesigner.UsePreviewControl">
      <summary>Ruft einen Wert ab, der angibt, ob der Designer zum Generieren des Entwurfszeitmarkups anstelle des dem Designer zugeordneten eigentlichen <see cref="T:System.Web.UI.WebControls.ListView" />-Steuerelements eine temporäre Kopie des Steuerelements verwenden soll.</summary>
      <returns>true in allen Fällen.</returns>
    </member>
  </members>
</doc>