﻿<?xml version="1.0" encoding="utf-8"?>
<doc>
  <assembly>
    <name>System.ComponentModel.Composition.Registration</name>
  </assembly>
  <members>
    <member name="T:System.ComponentModel.Composition.Registration.ExportBuilder">
      <summary>Stellt Konfigurationsinformationen für einen regelbasierten Export dar.</summary>
    </member>
    <member name="M:System.ComponentModel.Composition.Registration.ExportBuilder.#ctor">
      <summary>Initialisiert eine neue Instanz der <see cref="T:System.ComponentModel.Composition.Registration.ExportBuilder" />-Klasse.</summary>
    </member>
    <member name="M:System.ComponentModel.Composition.Registration.ExportBuilder.AddMetadata(System.String,System.Func{System.Type,System.Object})">
      <summary>Gibt ein nach dem Export schlüssel-wert-paar Metadaten hinzugefügt werden.</summary>
      <returns>Das aktuelle Objekt, Verkettung ermöglichen.</returns>
      <param name="name">Die Taste für Metadaten.</param>
      <param name="itemFunc">Eine Funktion, die einen Typ akzeptiert und den Metadatenwert zurück.</param>
    </member>
    <member name="M:System.ComponentModel.Composition.Registration.ExportBuilder.AddMetadata(System.String,System.Object)">
      <summary>Gibt ein nach dem Export schlüssel-wert-paar Metadaten hinzugefügt werden.</summary>
      <returns>Das aktuelle Objekt, Verkettung ermöglichen.</returns>
      <param name="name">Die Taste für Metadaten.</param>
      <param name="value">Der Wert der Metadaten.</param>
    </member>
    <member name="M:System.ComponentModel.Composition.Registration.ExportBuilder.AsContractName(System.String)">
      <summary>Gibt an, dass der Export mit dem angegebenen Vertragsnamen werden soll.</summary>
      <returns>Das aktuelle Objekt, Verkettung ermöglichen.</returns>
      <param name="contractName">Der Name des Vertrags.</param>
      <exception cref="T:System.ArgumentNullException">
        <paramref name="contractName" /> ist null.</exception>
      <exception cref="T:System.ArgumentException">
        <paramref name="contractName" /> ist eine leere Zeichenfolge.</exception>
    </member>
    <member name="M:System.ComponentModel.Composition.Registration.ExportBuilder.AsContractType``1">
      <summary>Gibt an, dass der Export den angegebenen Vertragstyp verwenden soll.</summary>
      <returns>Das aktuelle Objekt, Verkettung ermöglichen.</returns>
      <typeparam name="T">Die zu verwendende Typ des fehlgeschlagenen Vertrags.</typeparam>
    </member>
    <member name="M:System.ComponentModel.Composition.Registration.ExportBuilder.AsContractType(System.Type)">
      <summary>Gibt an, dass der Export den angegebenen Vertragstyp verwenden soll.</summary>
      <returns>Das aktuelle Objekt, Verkettung ermöglichen.</returns>
      <param name="type">Der zu verwendende Vertragstyp.</param>
      <exception cref="T:System.ArgumentNullException">
        <paramref name="type" /> ist null.</exception>
    </member>
    <member name="M:System.ComponentModel.Composition.Registration.ExportBuilder.Inherited">
      <summary>Gibt an, dass dieser Export geerbt werden soll.</summary>
      <returns>Das aktuelle Objekt, Verkettung ermöglichen.</returns>
    </member>
    <member name="T:System.ComponentModel.Composition.Registration.ImportBuilder">
      <summary>Stellt Konfigurationsinformationen für einen regelbasierten Import dar.</summary>
    </member>
    <member name="M:System.ComponentModel.Composition.Registration.ImportBuilder.#ctor">
      <summary>Initialisiert eine neue Instanz der <see cref="T:System.ComponentModel.Composition.Registration.ImportBuilder" />-Klasse.</summary>
    </member>
    <member name="M:System.ComponentModel.Composition.Registration.ImportBuilder.AllowDefault">
      <summary>Gibt an, dass der Import eines Standardwerts ermöglichen soll.</summary>
      <returns>Das aktuelle Objekt, Verkettung ermöglichen.</returns>
    </member>
    <member name="M:System.ComponentModel.Composition.Registration.ImportBuilder.AllowRecomposition">
      <summary>Gibt an, dass der Import recomposable werden soll.</summary>
      <returns>Das aktuelle Objekt, Verkettung ermöglichen.</returns>
    </member>
    <member name="M:System.ComponentModel.Composition.Registration.ImportBuilder.AsContractName(System.String)">
      <summary>Gibt an, dass der Import unter dem angegebenen Vertragsnamen werden soll.</summary>
      <returns>Das aktuelle Objekt, Verkettung ermöglichen.</returns>
      <param name="contractName">Der Name des Vertrags.</param>
      <exception cref="T:System.ArgumentNullException">
        <paramref name="contractName" /> ist null.</exception>
      <exception cref="T:System.ArgumentException">
        <paramref name="contractName" /> ist eine leere Zeichenfolge.</exception>
    </member>
    <member name="M:System.ComponentModel.Composition.Registration.ImportBuilder.AsContractType``1">
      <summary>Gibt an, dass der Import den angegebenen Vertragstyp verwenden soll.</summary>
      <returns>Das aktuelle Objekt, Verkettung ermöglichen.</returns>
      <typeparam name="T">Die zu verwendende Typ des fehlgeschlagenen Vertrags.</typeparam>
    </member>
    <member name="M:System.ComponentModel.Composition.Registration.ImportBuilder.AsContractType(System.Type)">
      <summary>Gibt an, dass der Import den angegebenen Vertragstyp verwenden soll.</summary>
      <returns>Das aktuelle Objekt, Verkettung ermöglichen.</returns>
      <param name="type">Der zu verwendende Vertragstyp.</param>
      <exception cref="T:System.ArgumentNullException">
        <paramref name="type" /> ist null.</exception>
    </member>
    <member name="M:System.ComponentModel.Composition.Registration.ImportBuilder.AsMany(System.Boolean)">
      <summary>Gibt die Kardinalität des Imports auf.</summary>
      <returns>Das aktuelle Objekt, Verkettung ermöglichen.</returns>
      <param name="isMany">true , um einen mehrere Imports anzugeben. false , um ein einzelnes Imports anzugeben.Die Standardeinstellung ist true.</param>
    </member>
    <member name="M:System.ComponentModel.Composition.Registration.ImportBuilder.RequiredCreationPolicy(System.ComponentModel.Composition.CreationPolicy)">
      <summary>Gibt die erforderliche Erstellungsrichtlinie des Imports auf.</summary>
      <returns>Das aktuelle Objekt, Verkettung ermöglichen.</returns>
      <param name="requiredCreationPolicy">Die Erstellungsrichtlinie, die der Import- erfordert.</param>
    </member>
    <member name="M:System.ComponentModel.Composition.Registration.ImportBuilder.Source(System.ComponentModel.Composition.ImportSource)">
      <summary>Gibt einen Wert an, der die Bereiche angibt, die mit dieser Import von erfüllt werden kann.</summary>
      <returns>Das aktuelle Objekt, Verkettung ermöglichen.</returns>
      <param name="source">Ein Wert, der die Bereiche der Import angibt, kann der erfüllt sein.</param>
    </member>
    <member name="T:System.ComponentModel.Composition.Registration.ParameterImportBuilder">
      <summary>Stellt die Konfiguration für einen Konstruktorparameter regelbasierten import dar.</summary>
    </member>
    <member name="M:System.ComponentModel.Composition.Registration.ParameterImportBuilder.#ctor">
      <summary>Initialisiert eine neue Instanz der <see cref="T:System.ComponentModel.Composition.Registration.ParameterImportBuilder" />-Klasse.</summary>
    </member>
    <member name="M:System.ComponentModel.Composition.Registration.ParameterImportBuilder.Import``1">
      <summary>Definiert den angegebenen Parameter als importierter Parameter.</summary>
      <returns>Standardwert von <paramref name="T" />, aber diese Methode sollten nur verwiesen werden und nie aufgerufen werden.</returns>
      <typeparam name="T">Der Typ des Parameters zu definieren.</typeparam>
    </member>
    <member name="M:System.ComponentModel.Composition.Registration.ParameterImportBuilder.Import``1(System.Action{System.ComponentModel.Composition.Registration.ImportBuilder})">
      <summary>Definiert den angegebenen Parameter als importierter Parameter, der die angegebene Konfiguration hat.</summary>
      <returns>Standardwert von <paramref name="T" />, aber diese Methode sollten nur verwiesen werden und nie aufgerufen werden.</returns>
      <param name="configure">Ein Objekt, das Konfigurationsinformationen für den importierten Parameter enthält.</param>
      <typeparam name="T">Der Typ des Parameters zu definieren.</typeparam>
      <exception cref="T:System.ArgumentNullException">
        <paramref name="configure" /> ist null.</exception>
    </member>
    <member name="T:System.ComponentModel.Composition.Registration.PartBuilder">
      <summary>Stellt eine Regel zum Füllen eines Satzes von übereinstimmender Typen mit Attributen des Managed Extensibility Framework (MEF) dar.</summary>
    </member>
    <member name="M:System.ComponentModel.Composition.Registration.PartBuilder.AddMetadata(System.String,System.Func{System.Type,System.Object})">
      <summary>Fügt Metadaten den übereinstimmenden Typen hinzu.</summary>
      <returns>Das aktuelle Objekt, Verkettung ermöglichen.</returns>
      <param name="name">Die Taste für Metadaten.</param>
      <param name="itemFunc">Eine Funktion, die den Metadatenwert zurück, wenn der Zieltyp.</param>
    </member>
    <member name="M:System.ComponentModel.Composition.Registration.PartBuilder.AddMetadata(System.String,System.Object)">
      <summary>Fügt Metadaten den übereinstimmenden Typen hinzu.</summary>
      <returns>Das aktuelle Objekt, Verkettung ermöglichen.</returns>
      <param name="name">Die Taste für Metadaten.</param>
      <param name="value">Der Wert der Metadaten.</param>
    </member>
    <member name="M:System.ComponentModel.Composition.Registration.PartBuilder.Export">
      <summary>Gibt an, dass übereinstimmende Typen exportiert werden sollen.</summary>
      <returns>Das aktuelle Objekt, Verkettung ermöglichen.</returns>
    </member>
    <member name="M:System.ComponentModel.Composition.Registration.PartBuilder.Export``1">
      <summary>Gibt an, dass übereinstimmende Typen unter Verwendung des angegebenen Vertrags Typs exportiert werden sollen.</summary>
      <returns>Das aktuelle Objekt, Verkettung ermöglichen.</returns>
      <typeparam name="T">Der Typ des fehlgeschlagenen Vertrags.</typeparam>
    </member>
    <member name="M:System.ComponentModel.Composition.Registration.PartBuilder.Export``1(System.Action{System.ComponentModel.Composition.Registration.ExportBuilder})">
      <summary>Gibt an, dass übereinstimmende Typen unter Verwendung des angegebenen Typs Vertrags exportiert werden sollen, und stellt Konfigurationsinformationen für die resultierenden Exporte bereit.</summary>
      <returns>Das aktuelle Objekt, Verkettung ermöglichen.</returns>
      <param name="exportConfiguration">Ein Objekt, das Konfigurationsinformationen für den Export enthält.Der Standardwert ist null.</param>
      <typeparam name="T">Der Typ des fehlgeschlagenen Vertrags.</typeparam>
    </member>
    <member name="M:System.ComponentModel.Composition.Registration.PartBuilder.Export(System.Action{System.ComponentModel.Composition.Registration.ExportBuilder})">
      <summary>Gibt an, dass übereinstimmende Typen exportiert werden sollen, und stellt Konfigurationsinformationen für die resultierenden Exporte bereit.</summary>
      <returns>Das aktuelle Objekt, Verkettung ermöglichen.</returns>
      <param name="exportConfiguration">Ein Objekt, das Konfigurationsinformationen für den Export enthält.Der Standardwert ist null.</param>
    </member>
    <member name="M:System.ComponentModel.Composition.Registration.PartBuilder.ExportInterfaces">
      <summary>Gibt an, dass alle Schnittstellen der übereinstimmenden Typen exportiert werden sollen.</summary>
      <returns>Das aktuelle Objekt, Verkettung ermöglichen.</returns>
    </member>
    <member name="M:System.ComponentModel.Composition.Registration.PartBuilder.ExportInterfaces(System.Predicate{System.Type})">
      <summary>Gibt einen Satz von Schnittstellen für den übereinstimmenden Typen an, die exportiert werden sollen.</summary>
      <returns>Das aktuelle Objekt, Verkettung ermöglichen.</returns>
      <param name="interfaceFilter">Ein Prädikat, das eine Gruppe von Schnittstellen angibt.</param>
      <exception cref="T:System.ArgumentNullException">
        <paramref name="interfaceFilter" /> ist null.</exception>
    </member>
    <member name="M:System.ComponentModel.Composition.Registration.PartBuilder.ExportInterfaces(System.Predicate{System.Type},System.Action{System.Type,System.ComponentModel.Composition.Registration.ExportBuilder})">
      <summary>Gibt einen Satz von Schnittstellen für den übereinstimmenden Typen, die exportiert werden sollen an und Konfigurationsinformationen für die resultierenden Exporte bereit.</summary>
      <returns>Das aktuelle Objekt, Verkettung ermöglichen.</returns>
      <param name="interfaceFilter">Ein Prädikat, das eine Gruppe von Schnittstellen angibt.</param>
      <param name="exportConfiguration">Ein Objekt, das Konfigurationsinformationen für den Export enthält.Der Standardwert ist null.</param>
      <exception cref="T:System.ArgumentNullException">
        <paramref name="interfaceFilter" /> ist null.</exception>
    </member>
    <member name="M:System.ComponentModel.Composition.Registration.PartBuilder.ExportProperties(System.Predicate{System.Reflection.PropertyInfo})">
      <summary>Gibt einen Satz von Eigenschaften, die für den übereinstimmenden Typen exportiert werden sollen.</summary>
      <returns>Das aktuelle Objekt, Verkettung ermöglichen.</returns>
      <param name="propertyFilter">Ein Prädikat, das eine Gruppe von Eigenschaften angibt.</param>
      <exception cref="T:System.ArgumentNullException">
        <paramref name="propertyFilter" /> ist null.</exception>
    </member>
    <member name="M:System.ComponentModel.Composition.Registration.PartBuilder.ExportProperties``1(System.Predicate{System.Reflection.PropertyInfo})">
      <summary>Gibt einen Satz von Eigenschaften für die entsprechenden Typen, die exportiert werden sollen, unter Verwendung des angegebenen Vertrags Typs an.</summary>
      <returns>Das aktuelle Objekt, Verkettung ermöglichen.</returns>
      <param name="propertyFilter">Ein Prädikat, das eine Gruppe von Eigenschaften angibt.</param>
      <typeparam name="T">Der Typ des fehlgeschlagenen Vertrags.</typeparam>
      <exception cref="T:System.ArgumentNullException">
        <paramref name="propertyFilter" /> ist null.</exception>
    </member>
    <member name="M:System.ComponentModel.Composition.Registration.PartBuilder.ExportProperties(System.Predicate{System.Reflection.PropertyInfo},System.Action{System.Reflection.PropertyInfo,System.ComponentModel.Composition.Registration.ExportBuilder})">
      <summary>Gibt einen Satz von Eigenschaften für die entsprechenden Typen, die exportiert werden sollen an und Konfigurationsinformationen für diese Exporte bereit.</summary>
      <returns>Das aktuelle Objekt, Verkettung ermöglichen.</returns>
      <param name="propertyFilter">Ein Prädikat, das eine Gruppe von Eigenschaften angibt.</param>
      <param name="exportConfiguration">Ein Objekt, das Konfigurationsinformationen für den Export enthält.Der Standardwert ist null.</param>
      <exception cref="T:System.ArgumentNullException">
        <paramref name="propertyFilter" /> ist null.</exception>
    </member>
    <member name="M:System.ComponentModel.Composition.Registration.PartBuilder.ExportProperties``1(System.Predicate{System.Reflection.PropertyInfo},System.Action{System.Reflection.PropertyInfo,System.ComponentModel.Composition.Registration.ExportBuilder})">
      <summary>Gibt einen Satz von Eigenschaften für die entsprechenden Typen, die exportiert werden sollen, indem dem angegebenen Vertragstyp verwendet, an und Konfigurationsinformationen für die resultierenden Exporte bereit.</summary>
      <returns>Das aktuelle Objekt, Verkettung ermöglichen.</returns>
      <param name="propertyFilter">Ein Prädikat, das eine Gruppe von Eigenschaften angibt.</param>
      <param name="exportConfiguration">Ein Objekt, das Konfigurationsinformationen für den Export enthält.Der Standardwert ist null.</param>
      <typeparam name="T">Der Typ des fehlgeschlagenen Vertrags.</typeparam>
      <exception cref="T:System.ArgumentNullException">
        <paramref name="propertyFilter" /> ist null.</exception>
    </member>
    <member name="M:System.ComponentModel.Composition.Registration.PartBuilder.ImportProperties``1(System.Predicate{System.Reflection.PropertyInfo})">
      <summary>Gibt einen Satz von Eigenschaften für die entsprechenden Typen an, die als Importe Typs mithilfe des angegebenen Vertrags markiert werden sollen.</summary>
      <returns>Das aktuelle Objekt, Verkettung ermöglichen.</returns>
      <param name="propertyFilter">Ein Prädikat, das eine Gruppe von Eigenschaften angibt.</param>
      <typeparam name="T">Der Typ des fehlgeschlagenen Vertrags.</typeparam>
      <exception cref="T:System.ArgumentNullException">
        <paramref name="propertyFilter" /> ist null.</exception>
    </member>
    <member name="M:System.ComponentModel.Composition.Registration.PartBuilder.ImportProperties(System.Predicate{System.Reflection.PropertyInfo})">
      <summary>Gibt einen Satz von Eigenschaften für die entsprechenden Typen, die importiert werden sollen.</summary>
      <returns>Das aktuelle Objekt, Verkettung ermöglichen.</returns>
      <param name="propertyFilter">Ein Prädikat, das eine Gruppe von Eigenschaften angibt.</param>
      <exception cref="T:System.ArgumentNullException">
        <paramref name="propertyFilter" /> ist null.</exception>
    </member>
    <member name="M:System.ComponentModel.Composition.Registration.PartBuilder.ImportProperties(System.Predicate{System.Reflection.PropertyInfo},System.Action{System.Reflection.PropertyInfo,System.ComponentModel.Composition.Registration.ImportBuilder})">
      <summary>Gibt einen Satz von Eigenschaften für die entsprechenden Typen, die als Importe markiert werden sollen an und Konfigurationsinformationen für die resultierenden Importe bereit.</summary>
      <returns>Das aktuelle Objekt, Verkettung ermöglichen.</returns>
      <param name="propertyFilter">Ein Prädikat, das eine Gruppe von Eigenschaften angibt.</param>
      <param name="importConfiguration">Ein Objekt, das Konfigurationsinformationen für den Import enthält.Der Standardwert ist null.</param>
      <exception cref="T:System.ArgumentNullException">
        <paramref name="propertyFilter" /> ist null.</exception>
    </member>
    <member name="M:System.ComponentModel.Composition.Registration.PartBuilder.ImportProperties``1(System.Predicate{System.Reflection.PropertyInfo},System.Action{System.Reflection.PropertyInfo,System.ComponentModel.Composition.Registration.ImportBuilder})">
      <summary>Gibt einen Satz von Eigenschaften für die entsprechenden Typen, die als Importe markiert werden sollten, indem dem angegebenen Vertragstyp verwendet, an und Konfigurationsinformationen für die resultierenden Importe bereit.</summary>
      <returns>Das aktuelle Objekt, Verkettung ermöglichen.</returns>
      <param name="propertyFilter">Ein Prädikat, das eine Gruppe von Eigenschaften angibt.</param>
      <param name="importConfiguration">Ein Objekt, das Konfigurationsinformationen für den Import enthält.Der Standardwert ist null.</param>
      <typeparam name="T">Der Typ des fehlgeschlagenen Vertrags.</typeparam>
      <exception cref="T:System.ArgumentNullException">
        <paramref name="propertyFilter" /> ist null.</exception>
    </member>
    <member name="M:System.ComponentModel.Composition.Registration.PartBuilder.SelectConstructor(System.Func{System.Reflection.ConstructorInfo[],System.Reflection.ConstructorInfo})">
      <summary>Gibt den Konstruktor auf, der übereinstimmende Typen als importierender Konstruktor verwenden sollen.</summary>
      <returns>Das aktuelle Objekt, Verkettung ermöglichen.</returns>
      <param name="constructorFilter">Eine Funktion, die einen Konstruktor aus einer Reihe von Konstruktoren auswählt.</param>
      <exception cref="T:System.ArgumentNullException">
        <paramref name="constructorFilter" /> ist null.</exception>
      <exception cref="T:System.ArgumentException">
        <paramref name="constructorFilter" /> gibt null zurück.</exception>
      <exception cref="T:System.InvalidOperationException">
        <paramref name="constructorFilter" /> gibt einen Konstruktor zurück, der nicht mit dem Zieltyp zugeordnet ist.</exception>
    </member>
    <member name="M:System.ComponentModel.Composition.Registration.PartBuilder.SelectConstructor(System.Func{System.Reflection.ConstructorInfo[],System.Reflection.ConstructorInfo},System.Action{System.Reflection.ParameterInfo,System.ComponentModel.Composition.Registration.ImportBuilder})">
      <summary>Gibt den Konstruktor, die übereinstimmende Typen als importierender Konstruktor verwenden, sollten an und Konfigurationsinformationen für den resultierenden Import bereit.</summary>
      <returns>Das aktuelle Objekt, Verkettung ermöglichen.</returns>
      <param name="constructorFilter">Eine Funktion, die einen Konstruktor aus einer Reihe von Konstruktoren auswählt.</param>
      <param name="importConfiguration">Ein Objekt, das Konfigurationsinformationen für den importierten Konstruktor enthält.Der Standardwert ist null.</param>
      <exception cref="T:System.ArgumentNullException">
        <paramref name="constructorFilter" /> ist null.</exception>
      <exception cref="T:System.ArgumentException">
        <paramref name="constructorFilter" /> gibt null zurück.</exception>
      <exception cref="T:System.InvalidOperationException">
        <paramref name="constructorFilter" /> gibt einen Konstruktor zurück, der nicht mit dem Zieltyp zugeordnet ist.</exception>
    </member>
    <member name="M:System.ComponentModel.Composition.Registration.PartBuilder.SetCreationPolicy(System.ComponentModel.Composition.CreationPolicy)">
      <summary>Gibt die Erstellungsrichtlinie für entsprechende Typen an.</summary>
      <returns>Das aktuelle Objekt, Verkettung ermöglichen.</returns>
      <param name="creationPolicy">Die Erstellungsrichtlinie.</param>
    </member>
    <member name="T:System.ComponentModel.Composition.Registration.PartBuilder`1">
      <summary>Erweitert die <see cref="T:System.ComponentModel.Composition.Registration.PartBuilder" />-Klasse, um die Verwendung von Ausdrücken in den ausgewählten Member ermöglichen.</summary>
      <typeparam name="T">Der Typ des Ziels.</typeparam>
    </member>
    <member name="M:System.ComponentModel.Composition.Registration.PartBuilder`1.ExportProperty``1(System.Linq.Expressions.Expression{System.Func{`0,System.Object}})">
      <summary>Gibt eine Eigenschaft an, die als der angegebene Vertragstyp exportiert werden soll.</summary>
      <returns>Das aktuelle Objekt, Verkettung ermöglichen.</returns>
      <param name="propertyFilter">Ein Ausdruck, der einen Verweis auf die Zieleigenschaft ergibt.</param>
      <typeparam name="TContract">Der Typ des Vertrags.</typeparam>
      <exception cref="T:System.ArgumentNullException">
        <paramref name="propertyFilter" /> ist null.</exception>
    </member>
    <member name="M:System.ComponentModel.Composition.Registration.PartBuilder`1.ExportProperty(System.Linq.Expressions.Expression{System.Func{`0,System.Object}})">
      <summary>Gibt eine Eigenschaft an, die exportiert werden soll.</summary>
      <returns>Das aktuelle Objekt, Verkettung ermöglichen.</returns>
      <param name="propertyFilter">Ein Ausdruck, der einen Verweis auf die Zieleigenschaft ergibt.</param>
      <exception cref="T:System.ArgumentNullException">
        <paramref name="propertyFilter" /> ist null.</exception>
    </member>
    <member name="M:System.ComponentModel.Composition.Registration.PartBuilder`1.ExportProperty``1(System.Linq.Expressions.Expression{System.Func{`0,System.Object}},System.Action{System.ComponentModel.Composition.Registration.ExportBuilder})">
      <summary>Gibt eine Eigenschaft, die als der angegebene Vertragstyp exportiert werden soll, an und Konfigurationsinformationen für den resultierenden Export bereit.</summary>
      <returns>Das aktuelle Objekt, Verkettung ermöglichen.</returns>
      <param name="propertyFilter">Ein Ausdruck, der einen Verweis auf die Zieleigenschaft ergibt.</param>
      <param name="exportConfiguration">Ein Objekt, das Konfigurationsinformationen für den Export enthält.Der Standardwert ist null.</param>
      <typeparam name="TContract">Der Typ des Vertrags.</typeparam>
      <exception cref="T:System.ArgumentNullException">
        <paramref name="propertyFilter" /> ist null.</exception>
    </member>
    <member name="M:System.ComponentModel.Composition.Registration.PartBuilder`1.ExportProperty(System.Linq.Expressions.Expression{System.Func{`0,System.Object}},System.Action{System.ComponentModel.Composition.Registration.ExportBuilder})">
      <summary>Gibt eine Eigenschaft, die exportiert werden soll, an und Konfigurationsinformationen für den resultierenden Export bereit.</summary>
      <returns>Das aktuelle Objekt, Verkettung ermöglichen.</returns>
      <param name="propertyFilter">Ein Ausdruck, der einen Verweis auf die Zieleigenschaft ergibt.</param>
      <param name="exportConfiguration">Ein Objekt, das Konfigurationsinformationen für den Export enthält.Der Standardwert ist null.</param>
      <exception cref="T:System.ArgumentNullException">
        <paramref name="propertyFilter" /> ist null.</exception>
    </member>
    <member name="M:System.ComponentModel.Composition.Registration.PartBuilder`1.ImportProperty(System.Linq.Expressions.Expression{System.Func{`0,System.Object}})">
      <summary>Gibt an, dass eine Eigenschaft importiert werden soll.</summary>
      <returns>Das aktuelle Objekt, Verkettung ermöglichen.</returns>
      <param name="propertyFilter">Ein Ausdruck, der einen Verweis auf die Zieleigenschaft ergibt.</param>
      <exception cref="T:System.ArgumentNullException">
        <paramref name="propertyFilter" /> ist null.</exception>
    </member>
    <member name="M:System.ComponentModel.Composition.Registration.PartBuilder`1.ImportProperty``1(System.Linq.Expressions.Expression{System.Func{`0,System.Object}})">
      <summary>Gibt an, dass eine Eigenschaft mit dem angegebenen Vertragsname importiert werden soll.</summary>
      <returns>Das aktuelle Objekt, Verkettung ermöglichen.</returns>
      <param name="propertyFilter">Ein Ausdruck, der einen Verweis auf die Zieleigenschaft ergibt.</param>
      <typeparam name="TContract">Der zu verwendende Vertragstyp.</typeparam>
      <exception cref="T:System.ArgumentNullException">
        <paramref name="propertyFilter" /> ist null.</exception>
    </member>
    <member name="M:System.ComponentModel.Composition.Registration.PartBuilder`1.ImportProperty(System.Linq.Expressions.Expression{System.Func{`0,System.Object}},System.Action{System.ComponentModel.Composition.Registration.ImportBuilder})">
      <summary>Gibt an, dass eine Eigenschaft importiert werden soll, und stellt Konfigurationsinformationen für den resultierenden Import bereit.</summary>
      <returns>Das aktuelle Objekt, Verkettung ermöglichen.</returns>
      <param name="propertyFilter">Ein Ausdruck, der einen Verweis auf die Zieleigenschaft ergibt.</param>
      <param name="importConfiguration">Ein Objekt, das Konfigurationsinformationen für den Import enthält.Der Standardwert ist null.</param>
      <exception cref="T:System.ArgumentNullException">
        <paramref name="propertyFilter" /> ist null.</exception>
    </member>
    <member name="M:System.ComponentModel.Composition.Registration.PartBuilder`1.ImportProperty``1(System.Linq.Expressions.Expression{System.Func{`0,System.Object}},System.Action{System.ComponentModel.Composition.Registration.ImportBuilder})">
      <summary>Gibt an, dass eine Eigenschaft mit dem angegebenen Vertragsname importiert werden soll, und stellt Konfigurationsinformationen für den resultierenden Import bereit.</summary>
      <returns>Das aktuelle Objekt, Verkettung ermöglichen.</returns>
      <param name="propertyFilter">Ein Ausdruck, der einen Verweis auf die Zieleigenschaft ergibt.</param>
      <param name="importConfiguration">Ein Objekt, das Konfigurationsinformationen für den Import enthält.Der Standardwert ist null.</param>
      <typeparam name="TContract">Der zu verwendende Vertragsname.</typeparam>
      <exception cref="T:System.ArgumentNullException">
        <paramref name="propertyFilter" /> ist null.</exception>
    </member>
    <member name="M:System.ComponentModel.Composition.Registration.PartBuilder`1.SelectConstructor(System.Linq.Expressions.Expression{System.Func{System.ComponentModel.Composition.Registration.ParameterImportBuilder,`0}})">
      <summary>Gibt den Konstruktor auf, der als importierender Konstruktor verwendet werden soll.</summary>
      <returns>Das aktuelle Objekt, Verkettung ermöglichen.</returns>
      <param name="constructorFilter">Ein Ausdruck, der <paramref name="T" /> erstellen, indem Sie den gewünschten Konstruktors veranschaulicht.Er wird lediglich als Referenz verwendet, nicht tatsächlich aufgerufen.</param>
    </member>
    <member name="T:System.ComponentModel.Composition.Registration.RegistrationBuilder">
      <summary>Stellt einen Kontext dar, der Reflektions Konventionen zugeordnet sind, die Regeln zum Füllen von Entitäten mit Attributen des Managed Extensibility Framework (MEF) beschreiben.</summary>
    </member>
    <member name="M:System.ComponentModel.Composition.Registration.RegistrationBuilder.#ctor">
      <summary>Initialisiert eine neue Instanz der <see cref="T:System.ComponentModel.Composition.Registration.RegistrationBuilder" />-Klasse.</summary>
    </member>
    <member name="M:System.ComponentModel.Composition.Registration.RegistrationBuilder.ForType``1">
      <summary>Ruft ein stark typisiertes Objekt ab, das die Regel darstellt, die auf den angegebenen Typ angewendet wird.</summary>
      <returns>Ein stark typisierte Objekt, das die Regel darstellt.</returns>
      <typeparam name="T">Der Typ.</typeparam>
    </member>
    <member name="M:System.ComponentModel.Composition.Registration.RegistrationBuilder.ForType(System.Type)">
      <summary>Ruft ein Objekt ab, das die Regel darstellt, die auf den angegebenen Typ angewendet wird.</summary>
      <returns>Ein Objekt, das die Regel darstellt.</returns>
      <param name="type">Der Typ.</param>
    </member>
    <member name="M:System.ComponentModel.Composition.Registration.RegistrationBuilder.ForTypesDerivedFrom``1">
      <summary>Ruft ein stark typisiertes Objekt ab, das die Regel darstellt, die allen Typen angewendet werden, die den angegebenen Typ implementieren, aber die den angegebenen Typ nicht anwendbar ist.</summary>
      <returns>Ein stark typisierte Objekt, das die Regel darstellt.</returns>
      <typeparam name="T">Der Typ.</typeparam>
    </member>
    <member name="M:System.ComponentModel.Composition.Registration.RegistrationBuilder.ForTypesDerivedFrom(System.Type)">
      <summary>Ruft ein Objekt ab, das die Regel darstellt, die allen Typen angewendet werden, die den angegebenen Typ implementieren, aber die den angegebenen Typ nicht anwendbar ist.</summary>
      <returns>Ein Objekt, das die Regel darstellt.</returns>
      <param name="type">Der Typ.</param>
    </member>
    <member name="M:System.ComponentModel.Composition.Registration.RegistrationBuilder.ForTypesMatching(System.Predicate{System.Type})">
      <summary>Ruft ein Objekt ab, das die Regel darstellt, die allen Typen angewendet werden kann, die dem angegebenen Prädikat entsprechen.</summary>
      <returns>Ein Objekt, das die Regel darstellt.</returns>
      <param name="typeFilter">Das Prädikat, mit dem verglichen werden soll.</param>
    </member>
    <member name="M:System.ComponentModel.Composition.Registration.RegistrationBuilder.ForTypesMatching``1(System.Predicate{System.Type})">
      <summary>Ruft ein stark typisiertes Objekt ab, das die Regel darstellt, die allen Typen angewendet werden kann, die dem angegebenen Prädikat entsprechen.</summary>
      <returns>Ein stark typisierte Objekt, das die Regel darstellt.</returns>
      <param name="typeFilter">Das Prädikat, mit dem verglichen werden soll.</param>
      <typeparam name="T">Der Typ des zurückzugebenden Objekts <see cref="T:System.ComponentModel.Composition.Registration.PartBuilder'1" />.</typeparam>
    </member>
    <member name="M:System.ComponentModel.Composition.Registration.RegistrationBuilder.GetCustomAttributes(System.Reflection.MemberInfo,System.Collections.Generic.IEnumerable{System.Object})">
      <summary>Stellt eine Liste benutzerdefinierter Attribute für den angegebenen Member bereit, wie in diesem Reflektions Elementkontext dargestellt.</summary>
      <returns>Eine Auflistung, die die benutzerdefinierten Attribute des angegebenen Members Reflektions in diesem Kontext darstellt.</returns>
      <param name="member">Der Member, dessen benutzerdefinierte Attribute zurückgegeben werden.</param>
      <param name="declaredAttributes">Eine Auflistung der Attribute des Members im aktuellen Kontext.</param>
    </member>
    <member name="M:System.ComponentModel.Composition.Registration.RegistrationBuilder.GetCustomAttributes(System.Reflection.ParameterInfo,System.Collections.Generic.IEnumerable{System.Object})">
      <summary>Stellt eine Liste benutzerdefinierter Attribute für den angegebenen Parameter bereit, wie in diesem Reflektions Elementkontext dargestellt.</summary>
      <returns>Eine Auflistung, die die benutzerdefinierten Attribute des angegebenen Parameters in diesem Reflektions Elementkontext darstellt.</returns>
      <param name="parameter">Der Name des Parameters, dessen benutzerdefinierte Attribute zurückgegeben werden.</param>
      <param name="declaredAttributes">Eine Auflistung der Attribute des Parameters im aktuellen Kontext.</param>
    </member>
  </members>
</doc>