﻿<?xml version="1.0" encoding="utf-8"?>
<doc>
  <assembly>
    <name>System.Windows.Presentation</name>
  </assembly>
  <members>
    <member name="T:System.AddIn.Pipeline.FrameworkElementAdapters">
      <summary>
        <see cref="T:System.AddIn.Pipeline.FrameworkElementAdapters" /> wird von Windows Presentation Foundation (WPF)-Add-Ins für die Umwandlung zwischen einem <see cref="T:System.Windows.FrameworkElement" /> und einem <see cref="T:System.AddIn.Contract.INativeHandleContract" /> verwendet.</summary>
    </member>
    <member name="M:System.AddIn.Pipeline.FrameworkElementAdapters.ContractToViewAdapter(System.AddIn.Contract.INativeHandleContract)">
      <summary>Gibt ein <see cref="T:System.Windows.FrameworkElement" /> zurück, das von einem <see cref="T:System.AddIn.Contract.INativeHandleContract" /> umgewandelt wurde.</summary>
      <returns>Ein <see cref="T:System.Windows.FrameworkElement" />, das von der Hostanwendung oder vom Add-In angezeigt wird, je nachdem, in welcher Richtung Benutzeroberfläche zwischen beiden übergeben wird.</returns>
      <param name="nativeHandleContract">Der <see cref="T:System.AddIn.Contract.INativeHandleContract" />, der über die Isolationsbegrenzung zwischen der Hostanwendung und dem Add-In übergeben wurde.</param>
    </member>
    <member name="M:System.AddIn.Pipeline.FrameworkElementAdapters.ViewToContractAdapter(System.Windows.FrameworkElement)">
      <summary>Gibt einen <see cref="T:System.AddIn.Contract.INativeHandleContract" /> zurück, der von einem <see cref="T:System.Windows.FrameworkElement" /> umgewandelt wurde.</summary>
      <returns>Ein <see cref="T:System.AddIn.Contract.INativeHandleContract" />, der von der Hostanwendung oder vom Add-In übergeben wird, je nachdem, in welcher Richtung Benutzeroberfläche zwischen beiden übergeben wird.</returns>
      <param name="root">Das <see cref="T:System.Windows.FrameworkElement" />, das über die Isolationsbegrenzung zwischen der Hostanwendung und dem Add-In übergeben werden soll.</param>
      <exception cref="T:System.InvalidOperationException">
        <paramref name="root" /> ist nicht das Stammelement einer Struktur von Elementen.</exception>
    </member>
    <member name="T:System.Windows.Threading.DispatcherExtensions">
      <summary>Stellt einen Satz von static-Methoden bereit, die die <see cref="T:System.Windows.Threading.Dispatcher" />-Klasse erweitern.</summary>
    </member>
    <member name="M:System.Windows.Threading.DispatcherExtensions.BeginInvoke(System.Windows.Threading.Dispatcher,System.Action)">
      <summary>Führt den angegebenen Delegaten asynchron mit der normalen Priorität für den Thread aus, in dem der angegebene <see cref="T:System.Windows.Threading.Dispatcher" /> erstellt wurde.</summary>
      <returns>Ein <see cref="T:System.IAsyncResult" />-Objekt, das das Ergebnis des <see cref="M:System.Windows.Threading.DispatcherExtensions.BeginInvoke(System.Windows.Threading.Dispatcher,System.Action)" />-Vorgangs darstellt.</returns>
      <param name="dispatcher">Der Verteiler, der den Delegaten ausführt.</param>
      <param name="action">Der auszuführende Delegat, der keine Argumente akzeptiert und keinen Wert zurückgibt.</param>
      <exception cref="T:System.ArgumentNullException">
        <paramref name="action" /> ist null.</exception>
    </member>
    <member name="M:System.Windows.Threading.DispatcherExtensions.BeginInvoke(System.Windows.Threading.Dispatcher,System.Action,System.Windows.Threading.DispatcherPriority)">
      <summary>Führt den angegebenen Delegaten asynchron mit der angegebenen Priorität für den Thread aus, in dem der angegebene <see cref="T:System.Windows.Threading.Dispatcher" /> erstellt wurde.</summary>
      <returns>Ein <see cref="T:System.IAsyncResult" />-Objekt, das das Ergebnis des <see cref="M:System.Windows.Threading.DispatcherExtensions.BeginInvoke(System.Windows.Threading.Dispatcher,System.Action,System.Windows.Threading.DispatcherPriority)" />-Vorgangs darstellt.</returns>
      <param name="dispatcher">Der Verteiler, der den Delegaten ausführt.</param>
      <param name="action">Der auszuführende Delegat, der keine Argumente akzeptiert und keinen Wert zurückgibt.</param>
      <param name="priority">Die Ausführungspriorität des Delegaten relativ zu anderen ausstehenden Vorgängen in der <see cref="T:System.Windows.Threading.Dispatcher" />-Ereigniswarteschlange.</param>
      <exception cref="T:System.ArgumentNullException">
        <paramref name="action" /> ist null.</exception>
      <exception cref="T:System.ComponentModel.InvalidEnumArgumentException">
        <paramref name="priority" /> ist kein gültiger <see cref="T:System.Windows.Threading.DispatcherPriority" />.</exception>
    </member>
    <member name="M:System.Windows.Threading.DispatcherExtensions.Invoke(System.Windows.Threading.Dispatcher,System.Action)">
      <summary>Führt den angegebenen Delegaten synchron mit der normalen Priorität für den Thread aus, in dem der angegebene <see cref="T:System.Windows.Threading.Dispatcher" /> erstellt wurde.</summary>
      <param name="dispatcher">Der Verteiler, der den Delegaten ausführt.</param>
      <param name="action">Der auszuführende Delegat, der keine Argumente akzeptiert und keinen Wert zurückgibt.</param>
      <exception cref="T:System.ArgumentNullException">
        <paramref name="action" /> ist null.</exception>
    </member>
    <member name="M:System.Windows.Threading.DispatcherExtensions.Invoke(System.Windows.Threading.Dispatcher,System.Action,System.TimeSpan)">
      <summary>Führt den angegebenen Delegaten synchron für den Thread aus, in dem der angegebene <see cref="T:System.Windows.Threading.Dispatcher" /> erstellt wurde, und beendet die Ausführung nach Ablauf des angegebenen Timeouts.</summary>
      <param name="dispatcher">Der Verteiler, der den Delegaten ausführt.</param>
      <param name="action">Der auszuführende Delegat, der keine Argumente akzeptiert und keinen Wert zurückgibt.</param>
      <param name="timeout">Die maximale Zeit, die auf den Abschluss der Operation gewartet wird.</param>
      <exception cref="T:System.ArgumentNullException">
        <paramref name="action" /> ist null.</exception>
      <exception cref="T:System.ArgumentException">
        <paramref name="priority" /> ist gleich <see cref="F:System.Windows.Threading.DispatcherPriority.Inactive" />.</exception>
      <exception cref="T:System.ComponentModel.InvalidEnumArgumentException">
        <paramref name="priority" /> ist kein gültiger <see cref="T:System.Windows.Threading.DispatcherPriority" />.</exception>
    </member>
    <member name="M:System.Windows.Threading.DispatcherExtensions.Invoke(System.Windows.Threading.Dispatcher,System.Action,System.TimeSpan,System.Windows.Threading.DispatcherPriority)">
      <summary>Führt den angegebenen Delegaten synchron und mit der angegebenen Priorität für den Thread aus, in dem der angegebene <see cref="T:System.Windows.Threading.Dispatcher" /> erstellt wurde, und beendet die Ausführung nach Ablauf des angegebenen Timeouts.</summary>
      <param name="dispatcher">Der Verteiler, der den Delegaten ausführt.</param>
      <param name="action">Der auszuführende Delegat, der keine Argumente akzeptiert und keinen Wert zurückgibt.</param>
      <param name="timeout">Die maximale Zeit, die auf den Abschluss der Operation gewartet wird.</param>
      <param name="priority">Die Ausführungspriorität des Delegaten relativ zu anderen ausstehenden Vorgängen in der <see cref="T:System.Windows.Threading.Dispatcher" />-Ereigniswarteschlange.</param>
      <exception cref="T:System.ArgumentNullException">
        <paramref name="action" /> ist null.</exception>
      <exception cref="T:System.ArgumentException">
        <paramref name="priority" /> ist gleich <see cref="F:System.Windows.Threading.DispatcherPriority.Inactive" />.</exception>
      <exception cref="T:System.ComponentModel.InvalidEnumArgumentException">
        <paramref name="priority" /> ist kein gültiger <see cref="T:System.Windows.Threading.DispatcherPriority" />.</exception>
    </member>
    <member name="M:System.Windows.Threading.DispatcherExtensions.Invoke(System.Windows.Threading.Dispatcher,System.Action,System.Windows.Threading.DispatcherPriority)">
      <summary>Führt den angegebenen Delegaten synchron mit der angegebenen Priorität für den Thread aus, in dem der angegebene <see cref="T:System.Windows.Threading.Dispatcher" /> erstellt wurde.</summary>
      <param name="dispatcher">Der Verteiler, der den Delegaten ausführt.</param>
      <param name="action">Der auszuführende Delegat, der keine Argumente akzeptiert und keinen Wert zurückgibt.</param>
      <param name="priority">Die Ausführungspriorität des Delegaten relativ zu anderen ausstehenden Vorgängen in der <see cref="T:System.Windows.Threading.Dispatcher" />-Ereigniswarteschlange.</param>
      <exception cref="T:System.ArgumentNullException">
        <paramref name="action" /> ist null.</exception>
      <exception cref="T:System.ArgumentException">
        <paramref name="priority" /> ist gleich <see cref="F:System.Windows.Threading.DispatcherPriority.Inactive" />.</exception>
      <exception cref="T:System.ComponentModel.InvalidEnumArgumentException">
        <paramref name="priority" /> ist kein gültiger <see cref="T:System.Windows.Threading.DispatcherPriority" />.</exception>
    </member>
    <member name="T:System.Windows.Threading.TaskExtensions">
      <summary>Stellt einen Satz von static-Methoden bereit, die die <see cref="T:System.Threading.Tasks.Task" />-Klasse erweitern.</summary>
    </member>
    <member name="M:System.Windows.Threading.TaskExtensions.DispatcherOperationWait(System.Threading.Tasks.Task)">
      <summary>Wartet, bis die zugrunde liegende <see cref="T:System.Windows.Threading.DispatcherOperation" /> abgeschlossen ist.</summary>
      <returns>Die Status der zugrunde liegenden <see cref="T:System.Windows.Threading.DispatcherOperation" />.</returns>
      <param name="this">Das <see cref="T:System.Threading.Tasks.Task" />, das diesem <see cref="T:System.Windows.Threading.DispatcherOperation" /> zugeordnet ist.</param>
      <exception cref="T:System.NotSupportedException">Der <see cref="T:System.Threading.Tasks.Task" /> ist keiner <see cref="T:System.Windows.Threading.DispatcherOperation" /> zugeordnet.</exception>
    </member>
    <member name="M:System.Windows.Threading.TaskExtensions.DispatcherOperationWait(System.Threading.Tasks.Task,System.TimeSpan)">
      <summary>Wartet die angegebene Zeitdauer auf den Abschluss der zugrunde liegenden <see cref="T:System.Windows.Threading.DispatcherOperation" />.</summary>
      <returns>Die Status der zugrunde liegenden <see cref="T:System.Windows.Threading.DispatcherOperation" />.</returns>
      <param name="this">Das <see cref="T:System.Threading.Tasks.Task" />, das diesem <see cref="T:System.Windows.Threading.DispatcherOperation" /> zugeordnet ist.</param>
      <param name="timeout">Die Menge an Wartezeit.</param>
      <exception cref="T:System.NotSupportedException">Der <see cref="T:System.Threading.Tasks.Task" /> ist keiner <see cref="T:System.Windows.Threading.DispatcherOperation" /> zugeordnet.</exception>
    </member>
    <member name="M:System.Windows.Threading.TaskExtensions.IsDispatcherOperationTask(System.Threading.Tasks.Task)">
      <summary>Gibt einen Wert zurück, mit dem angegeben wird, ob eine <see cref="T:System.Threading.Tasks.Task" /> mit einer <see cref="T:System.Windows.Threading.DispatcherOperation" /> verknüpft ist.</summary>
      <returns>Die Status der zugrunde liegenden <see cref="T:System.Windows.Threading.DispatcherOperation" />.</returns>
      <param name="this">Der zu überprüfende <see cref="T:System.Threading.Tasks.Task" />.</param>
    </member>
  </members>
</doc>