﻿<?xml version="1.0" encoding="utf-8"?>
<doc>
  <assembly>
    <name>System.Runtime.Serialization.Formatters.Soap</name>
  </assembly>
  <members>
    <member name="T:System.Runtime.Serialization.Formatters.Soap.SoapFormatter">
      <summary>Serialisiert und deserialisiert ein Objekt oder ein vollständiges Diagramm verbundener Objekte im SOAP-Format.</summary>
    </member>
    <member name="M:System.Runtime.Serialization.Formatters.Soap.SoapFormatter.#ctor">
      <summary>Initialisiert eine neue Instanz der <see cref="T:System.Runtime.Serialization.Formatters.Soap.SoapFormatter" />-Klasse mit Standardeigenschaftswerten.</summary>
    </member>
    <member name="M:System.Runtime.Serialization.Formatters.Soap.SoapFormatter.#ctor(System.Runtime.Serialization.ISurrogateSelector,System.Runtime.Serialization.StreamingContext)">
      <summary>Initialisiert eine neue Instanz der <see cref="T:System.Runtime.Serialization.Formatters.Soap.SoapFormatter" />-Klasse mit der angegebenen <see cref="T:System.Runtime.Serialization.ISurrogateSelector" /> und den angegebenen <see cref="T:System.Runtime.Serialization.StreamingContext" />.</summary>
      <param name="selector">Der <see cref="T:System.Runtime.Serialization.ISurrogateSelector" />, der mit der neuen Instanz von <see cref="T:System.Runtime.Serialization.Formatters.Soap.SoapFormatter" /> verwendet werden soll. Kann null sein.</param>
      <param name="context">Der <see cref="T:System.Runtime.Serialization.StreamingContext" />, der die Quelle und das Ziel der Serialisierung enthält. Wenn der <paramref name="context" />-Parameter null ist, wird der <see cref="P:System.Runtime.Serialization.Formatters.Soap.SoapFormatter.Context" /> standardmäßig auf <see cref="F:System.Runtime.Serialization.StreamingContextStates.CrossMachine" /> festgelegt.</param>
    </member>
    <member name="P:System.Runtime.Serialization.Formatters.Soap.SoapFormatter.AssemblyFormat">
      <summary>Ruft das Verhalten des Deserialisierungsprogramms bezüglich des Suchens und Ladens von Assemblys ab oder legt dieses fest.</summary>
      <returns>Einer der <see cref="T:System.Runtime.Serialization.Formatters.FormatterAssemblyStyle" />-Werte, der das Deserialisierungsverhalten angibt.</returns>
    </member>
    <member name="P:System.Runtime.Serialization.Formatters.Soap.SoapFormatter.Binder">
      <summary>Ruft den <see cref="T:System.Runtime.Serialization.SerializationBinder" /> ab, der die Bindung eines serialisierten Objekts an einen Typ steuert, oder legt diesen fest.</summary>
      <returns>Der mit diesem <see cref="T:System.Runtime.Serialization.Formatters.Soap.SoapFormatter" /> verwendete <see cref="T:System.Runtime.Serialization.SerializationBinder" />.</returns>
    </member>
    <member name="P:System.Runtime.Serialization.Formatters.Soap.SoapFormatter.Context">
      <summary>Ruft den <see cref="T:System.Runtime.Serialization.StreamingContext" /> ab, der mit diesem <see cref="T:System.Runtime.Serialization.Formatters.Soap.SoapFormatter" /> verwendet wird, oder legt diesen fest.</summary>
      <returns>Der mit diesem <see cref="T:System.Runtime.Serialization.Formatters.Soap.SoapFormatter" /> verwendete <see cref="T:System.Runtime.Serialization.StreamingContext" />.</returns>
    </member>
    <member name="M:System.Runtime.Serialization.Formatters.Soap.SoapFormatter.Deserialize(System.IO.Stream)">
      <summary>Deserialisiert die Daten im bereitgestellten Stream und stellt das Diagramm von Objekten wieder her.</summary>
      <returns>Das oberste Objekt des deserialisierten Diagramms (Stammobjekt).</returns>
      <param name="serializationStream">Der Stream, der die zu deserialisierenden Daten enthält.</param>
      <exception cref="T:System.ArgumentNullException">
        <paramref name="serializationStream" /> ist null.</exception>
    </member>
    <member name="M:System.Runtime.Serialization.Formatters.Soap.SoapFormatter.Deserialize(System.IO.Stream,System.Runtime.Remoting.Messaging.HeaderHandler)">
      <summary>Deserialisiert den Stream in ein Objektdiagramm, wobei sämtliche Header im betreffenden Stream durch den angegebenen <see cref="T:System.Runtime.Remoting.Messaging.HeaderHandler" /> behandelt werden.</summary>
      <returns>Das oberste Objekt des deserialisierten Diagramms (Stammobjekt).</returns>
      <param name="serializationStream">Der Stream, der die zu deserialisierenden Daten enthält.</param>
      <param name="handler">Delegat zum Behandeln aller im Stream gefundenen Header. Kann null sein.</param>
      <exception cref="T:System.ArgumentNullException">
        <paramref name="serializationStream" /> ist null.</exception>
      <exception cref="T:System.Runtime.Serialization.SerializationException">
        <paramref name="serializationStream" /> unterstützt die Suche. Seine Länge ist 0.</exception>
    </member>
    <member name="P:System.Runtime.Serialization.Formatters.Soap.SoapFormatter.FilterLevel">
      <summary>Ruft das <see cref="T:System.Runtime.Serialization.Formatters.TypeFilterLevel" /> der automatischen Deserialisierung für .NET Framework Remoting ab oder legt dieses fest.</summary>
      <returns>Das <see cref="T:System.Runtime.Serialization.Formatters.TypeFilterLevel" />, das die aktuelle Ebene der automatischen Deserialisierung darstellt.</returns>
    </member>
    <member name="M:System.Runtime.Serialization.Formatters.Soap.SoapFormatter.Serialize(System.IO.Stream,System.Object)">
      <summary>Serialisiert ein Objekt oder ein Objektdiagramm mit dem angegebenen Stamm in den angegebenen <see cref="T:System.IO.Stream" />.</summary>
      <param name="serializationStream">Der Stream, in den das Formatierungsprogramm die zu serialisierenden Daten schreibt.</param>
      <param name="graph">Das Objekt oder der Stamm des Objektdiagramms, das serialisiert werden soll. Alle untergeordneten Objekte dieses Stammobjekts werden automatisch serialisiert.</param>
      <exception cref="T:System.ArgumentNullException">
        <paramref name="serializationStream" /> ist null.</exception>
    </member>
    <member name="M:System.Runtime.Serialization.Formatters.Soap.SoapFormatter.Serialize(System.IO.Stream,System.Object,System.Runtime.Remoting.Messaging.Header[])">
      <summary>Serialisiert ein Objekt oder ein Objektdiagramm mit dem angegeben Stammobjekt im SOAP-RPC-Format (Remote Procedure Call, Remoteprozeduraufruf) in den angegebenen <see cref="T:System.IO.Stream" />.</summary>
      <param name="serializationStream">Der Stream, in den das Formatierungsprogramm die zu serialisierenden Daten schreibt.</param>
      <param name="graph">Das Objekt oder der Stamm des Objektdiagramms, das serialisiert werden soll. Alle untergeordneten Objekte dieses Stammobjekts werden automatisch serialisiert.</param>
      <param name="headers">Remoteheader, die in die Serialisierung eingeschlossen werden sollen. Kann null sein.</param>
      <exception cref="T:System.ArgumentNullException">
        <paramref name="serializationStream" /> ist null.</exception>
    </member>
    <member name="P:System.Runtime.Serialization.Formatters.Soap.SoapFormatter.SurrogateSelector">
      <summary>Ruft den <see cref="T:System.Runtime.Serialization.SurrogateSelector" /> ab, der die Typersetzung während der Serialisierung und Deserialisierung steuert, oder legt diesen fest.</summary>
      <returns>Der mit diesem <see cref="T:System.Runtime.Serialization.Formatters.Soap.SoapFormatter" /> verwendete <see cref="T:System.Runtime.Serialization.SurrogateSelector" />.</returns>
    </member>
    <member name="P:System.Runtime.Serialization.Formatters.Soap.SoapFormatter.TopObject">
      <summary>Ruft die <see cref="T:System.Runtime.Serialization.Formatters.ISoapMessage" /> ab, in die das oberste SOAP-Objekt deserialisiert wird, oder legt diese fest.</summary>
      <returns>Die <see cref="T:System.Runtime.Serialization.Formatters.ISoapMessage" />, in die das oberste SOAP-Objekt deserialisiert wird.</returns>
    </member>
    <member name="P:System.Runtime.Serialization.Formatters.Soap.SoapFormatter.TypeFormat">
      <summary>Ruft das Format für das Layout von Typbeschreibungen im serialisierten Stream ab oder legt dieses fest.</summary>
      <returns>Das Format, in dem Typbeschreibungen im serialisierten Stream dargestellt werden.</returns>
    </member>
  </members>
</doc>