﻿<?xml version="1.0" encoding="utf-8"?>
<doc>
  <assembly>
    <name>System.Web.RegularExpressions</name>
  </assembly>
  <members>
    <member name="T:System.Web.RegularExpressions.AspCodeRegex">
      <summary>Stellt einen regulären Ausdruck zum Analysieren eines ASP.NET-Codeblockes bereit.</summary>
    </member>
    <member name="M:System.Web.RegularExpressions.AspCodeRegex.#ctor">
      <summary>Initialisiert eine neue Instanz der <see cref="T:System.Web.RegularExpressions.AspCodeRegex" />-Klasse.</summary>
    </member>
    <member name="M:System.Web.RegularExpressions.AspCodeRegex.#ctor(System.TimeSpan)">
      <summary>Initialisiert eine neue Instanz der <see cref="T:System.Web.RegularExpressions.AspCodeRegex" />-Klasse mit dem angegebenen Timeoutwert.</summary>
      <param name="A_1">Ein Timeoutintervall oder <see cref="F:System.Text.RegularExpressions.Regex.InfiniteMatchTimeout" />, wenn entsprechende Vorgänge kein Timeout haben sollten.</param>
    </member>
    <member name="T:System.Web.RegularExpressions.AspEncodedExprRegex">
      <summary>Stellt einen regulären Ausdruck zum Analysieren eines codierten ASP.NET-Ausdrucksblocks bereit.</summary>
    </member>
    <member name="M:System.Web.RegularExpressions.AspEncodedExprRegex.#ctor">
      <summary>Initialisiert eine neue Instanz der <see cref="T:System.Web.RegularExpressions.AspEncodedExprRegex" />-Klasse.</summary>
    </member>
    <member name="M:System.Web.RegularExpressions.AspEncodedExprRegex.#ctor(System.TimeSpan)">
      <summary>Initialisiert eine neue Instanz der <see cref="T:System.Web.RegularExpressions.AspEncodedExprRegex" />-Klasse mit dem angegebenen Timeoutwert.</summary>
      <param name="A_1">Ein Timeoutintervall oder <see cref="F:System.Text.RegularExpressions.Regex.InfiniteMatchTimeout" />, wenn entsprechende Vorgänge kein Timeout haben sollten.</param>
    </member>
    <member name="T:System.Web.RegularExpressions.AspExprRegex">
      <summary>Stellt einen regulären Ausdruck zum Analysieren eines ASP.NET-Ausdrucksblockes bereit.</summary>
    </member>
    <member name="M:System.Web.RegularExpressions.AspExprRegex.#ctor">
      <summary>Initialisiert eine neue Instanz der <see cref="T:System.Web.RegularExpressions.AspExprRegex" />-Klasse.</summary>
    </member>
    <member name="M:System.Web.RegularExpressions.AspExprRegex.#ctor(System.TimeSpan)">
      <summary>Initialisiert eine neue Instanz der <see cref="T:System.Web.RegularExpressions.AspExprRegex" />-Klasse mit dem angegebenen Timeoutwert.</summary>
      <param name="A_1">Ein Timeoutintervall oder <see cref="F:System.Text.RegularExpressions.Regex.InfiniteMatchTimeout" />, wenn entsprechende Vorgänge kein Timeout haben sollten.</param>
    </member>
    <member name="T:System.Web.RegularExpressions.CommentRegex">
      <summary>Stellt einen regulären Ausdruck zum Analysieren eines ASP.NET-Kommentarblockes bereit.</summary>
    </member>
    <member name="M:System.Web.RegularExpressions.CommentRegex.#ctor">
      <summary>Initialisiert eine neue Instanz der <see cref="T:System.Web.RegularExpressions.CommentRegex" />-Klasse.</summary>
    </member>
    <member name="M:System.Web.RegularExpressions.CommentRegex.#ctor(System.TimeSpan)">
      <summary>Initialisiert eine neue Instanz der <see cref="T:System.Web.RegularExpressions.CommentRegex" />-Klasse mit dem angegebenen Timeoutwert.</summary>
      <param name="A_1">Ein Timeoutintervall oder <see cref="F:System.Text.RegularExpressions.Regex.InfiniteMatchTimeout" />, wenn entsprechende Vorgänge kein Timeout haben sollten.</param>
    </member>
    <member name="T:System.Web.RegularExpressions.DatabindExprRegex">
      <summary>Stellt einen regulären Ausdruck zum Analysieren eines ASP.NET-Datenbindungsausdrucks bereit.</summary>
    </member>
    <member name="M:System.Web.RegularExpressions.DatabindExprRegex.#ctor">
      <summary>Initialisiert eine neue Instanz der <see cref="T:System.Web.RegularExpressions.DatabindExprRegex" />-Klasse.</summary>
    </member>
    <member name="M:System.Web.RegularExpressions.DatabindExprRegex.#ctor(System.TimeSpan)">
      <summary>Initialisiert eine neue Instanz der <see cref="T:System.Web.RegularExpressions.DatabindExprRegex" />-Klasse mit dem angegebenen Timeoutwert.</summary>
      <param name="A_1">Ein Timeoutintervall oder <see cref="F:System.Text.RegularExpressions.Regex.InfiniteMatchTimeout" />, wenn entsprechende Vorgänge kein Timeout haben sollten.</param>
    </member>
    <member name="T:System.Web.RegularExpressions.DataBindRegex">
      <summary>Stellt einen regulären Ausdruck zum Analysieren eines ASP.NET-Datenbindungsausdrucks bereit.</summary>
    </member>
    <member name="M:System.Web.RegularExpressions.DataBindRegex.#ctor">
      <summary>Initialisiert eine neue Instanz der <see cref="T:System.Web.RegularExpressions.DataBindRegex" />-Klasse.</summary>
    </member>
    <member name="M:System.Web.RegularExpressions.DataBindRegex.#ctor(System.TimeSpan)">
      <summary>Initialisiert eine neue Instanz der <see cref="T:System.Web.RegularExpressions.DataBindRegex" />-Klasse mit dem angegebenen Timeoutwert.</summary>
      <param name="A_1">Ein Timeoutintervall oder <see cref="F:System.Text.RegularExpressions.Regex.InfiniteMatchTimeout" />, wenn entsprechende Vorgänge kein Timeout haben sollten.</param>
    </member>
    <member name="T:System.Web.RegularExpressions.DirectiveRegex">
      <summary>Stellt einen regulären Ausdruck zum Analysieren einer ASP.NET-Direktive bereit.</summary>
    </member>
    <member name="M:System.Web.RegularExpressions.DirectiveRegex.#ctor">
      <summary>Initialisiert eine neue Instanz der <see cref="T:System.Web.RegularExpressions.DirectiveRegex" />-Klasse.</summary>
    </member>
    <member name="M:System.Web.RegularExpressions.DirectiveRegex.#ctor(System.TimeSpan)">
      <summary>Initialisiert eine neue Instanz der <see cref="T:System.Web.RegularExpressions.DirectiveRegex" />-Klasse mit dem angegebenen Timeoutwert.</summary>
      <param name="A_1">Ein Timeoutintervall oder <see cref="F:System.Text.RegularExpressions.Regex.InfiniteMatchTimeout" />, wenn entsprechende Vorgänge kein Timeout haben sollten.</param>
    </member>
    <member name="T:System.Web.RegularExpressions.EndTagRegex">
      <summary>Stellt einen regulären Ausdruck zum Analysieren eines Beenden-Tags eines HTML-Elements, eines XML-Elements oder eines ASP.NET-Webserver-Steuerelementtags bereit.</summary>
    </member>
    <member name="M:System.Web.RegularExpressions.EndTagRegex.#ctor">
      <summary>Initialisiert eine neue Instanz der <see cref="T:System.Web.RegularExpressions.EndTagRegex" />-Klasse.</summary>
    </member>
    <member name="M:System.Web.RegularExpressions.EndTagRegex.#ctor(System.TimeSpan)">
      <summary>Initialisiert eine neue Instanz der <see cref="T:System.Web.RegularExpressions.EndTagRegex" />-Klasse mit dem angegebenen Timeoutwert.</summary>
      <param name="A_1">Ein Timeoutintervall oder <see cref="F:System.Text.RegularExpressions.Regex.InfiniteMatchTimeout" />, wenn entsprechende Vorgänge kein Timeout haben sollten.</param>
    </member>
    <member name="T:System.Web.RegularExpressions.GTRegex">
      <summary>Stellt einen regulären Ausdruck bereit, mit dem auf einer ASP.NET-Webseite ein Kleiner-als-Zeichen (&lt;) abgeglichen wird.</summary>
    </member>
    <member name="M:System.Web.RegularExpressions.GTRegex.#ctor">
      <summary>Initialisiert eine neue Instanz der <see cref="T:System.Web.RegularExpressions.GTRegex" />-Klasse.</summary>
    </member>
    <member name="M:System.Web.RegularExpressions.GTRegex.#ctor(System.TimeSpan)">
      <summary>Initialisiert eine neue Instanz der <see cref="T:System.Web.RegularExpressions.GTRegex" />-Klasse mit dem angegebenen Timeoutwert.</summary>
      <param name="A_1">Ein Timeoutintervall oder <see cref="F:System.Text.RegularExpressions.Regex.InfiniteMatchTimeout" />, wenn entsprechende Vorgänge kein Timeout haben sollten.</param>
    </member>
    <member name="T:System.Web.RegularExpressions.IncludeRegex">
      <summary>Stellt einen regulären Ausdruck zum Analysieren einer ASP.NET-#include-Direktive bereit.</summary>
    </member>
    <member name="M:System.Web.RegularExpressions.IncludeRegex.#ctor">
      <summary>Initialisiert eine neue Instanz der <see cref="T:System.Web.RegularExpressions.IncludeRegex" />-Klasse.</summary>
    </member>
    <member name="M:System.Web.RegularExpressions.IncludeRegex.#ctor(System.TimeSpan)">
      <summary>Initialisiert eine neue Instanz der <see cref="T:System.Web.RegularExpressions.IncludeRegex" />-Klasse mit dem angegebenen Timeoutwert.</summary>
      <param name="A_1">Ein Timeoutintervall oder <see cref="F:System.Text.RegularExpressions.Regex.InfiniteMatchTimeout" />, wenn entsprechende Vorgänge kein Timeout haben sollten.</param>
    </member>
    <member name="T:System.Web.RegularExpressions.LTRegex">
      <summary>Stellt einen regulären Ausdruck bereit, mit dem auf einer ASP.NET-Webseite nach einem Kleiner-als-Zeichen (&lt;) gesucht wird.</summary>
    </member>
    <member name="M:System.Web.RegularExpressions.LTRegex.#ctor">
      <summary>Initialisiert eine neue Instanz der <see cref="T:System.Web.RegularExpressions.LTRegex" />-Klasse.</summary>
    </member>
    <member name="M:System.Web.RegularExpressions.LTRegex.#ctor(System.TimeSpan)">
      <summary>Initialisiert eine neue Instanz der <see cref="T:System.Web.RegularExpressions.LTRegex" />-Klasse mit dem angegebenen Timeoutwert.</summary>
      <param name="A_1">Ein Timeoutintervall oder <see cref="F:System.Text.RegularExpressions.Regex.InfiniteMatchTimeout" />, wenn entsprechende Vorgänge kein Timeout haben sollten.</param>
    </member>
    <member name="T:System.Web.RegularExpressions.RunatServerRegex">
      <summary>Stellt einen regulären Ausdruck zum Analysieren eines ASP.NET-runat-Attributs bereit.</summary>
    </member>
    <member name="M:System.Web.RegularExpressions.RunatServerRegex.#ctor">
      <summary>Initialisiert eine neue Instanz der <see cref="T:System.Web.RegularExpressions.RunatServerRegex" />-Klasse.</summary>
    </member>
    <member name="M:System.Web.RegularExpressions.RunatServerRegex.#ctor(System.TimeSpan)">
      <summary>Initialisiert eine neue Instanz der <see cref="T:System.Web.RegularExpressions.RunatServerRegex" />-Klasse mit dem angegebenen Timeoutwert.</summary>
      <param name="A_1">Ein Timeoutintervall oder <see cref="F:System.Text.RegularExpressions.Regex.InfiniteMatchTimeout" />, wenn entsprechende Vorgänge kein Timeout haben sollten.</param>
    </member>
    <member name="T:System.Web.RegularExpressions.ServerTagsRegex">
      <summary>Stellt einen regulären Ausdruck zum Analysieren von ASP.NET-Servertags bereit.</summary>
    </member>
    <member name="M:System.Web.RegularExpressions.ServerTagsRegex.#ctor">
      <summary>Initialisiert eine neue Instanz der <see cref="T:System.Web.RegularExpressions.ServerTagsRegex" />-Klasse.</summary>
    </member>
    <member name="M:System.Web.RegularExpressions.ServerTagsRegex.#ctor(System.TimeSpan)">
      <summary>Initialisiert eine neue Instanz der <see cref="T:System.Web.RegularExpressions.ServerTagsRegex" />-Klasse mit dem angegebenen Timeoutwert.</summary>
      <param name="A_1">Ein Timeoutintervall oder <see cref="F:System.Text.RegularExpressions.Regex.InfiniteMatchTimeout" />, wenn entsprechende Vorgänge kein Timeout haben sollten.</param>
    </member>
    <member name="T:System.Web.RegularExpressions.SimpleDirectiveRegex">
      <summary>Stellt einen regulären Ausdruck zum Analysieren einer ASP.NET-Datendirektive bereit.</summary>
    </member>
    <member name="M:System.Web.RegularExpressions.SimpleDirectiveRegex.#ctor">
      <summary>Initialisiert eine neue Instanz der <see cref="T:System.Web.RegularExpressions.SimpleDirectiveRegex" />-Klasse.</summary>
    </member>
    <member name="M:System.Web.RegularExpressions.SimpleDirectiveRegex.#ctor(System.TimeSpan)">
      <summary>Initialisiert eine neue Instanz der <see cref="T:System.Web.RegularExpressions.SimpleDirectiveRegex" />-Klasse mit dem angegebenen Timeoutwert.</summary>
      <param name="A_1">Ein Timeoutintervall oder <see cref="F:System.Text.RegularExpressions.Regex.InfiniteMatchTimeout" />, wenn entsprechende Vorgänge kein Timeout haben sollten.</param>
    </member>
    <member name="T:System.Web.RegularExpressions.TagRegex">
      <summary>Ermöglicht einem regulären Ausdruck das Analysieren des öffnenden Tags eines HTML-Elements, eines XML-Elements oder eines ASP.NET-Webserver-Steuerelementtags.</summary>
    </member>
    <member name="M:System.Web.RegularExpressions.TagRegex.#ctor">
      <summary>Initialisiert eine neue Instanz der <see cref="T:System.Web.RegularExpressions.TagRegex" />-Klasse.</summary>
    </member>
    <member name="M:System.Web.RegularExpressions.TagRegex.#ctor(System.TimeSpan)">
      <summary>Initialisiert eine neue Instanz der <see cref="T:System.Web.RegularExpressions.TagRegex" />-Klasse mit dem angegebenen Timeoutwert.</summary>
      <param name="A_1">Ein Timeoutintervall oder <see cref="F:System.Text.RegularExpressions.Regex.InfiniteMatchTimeout" />, wenn entsprechende Vorgänge kein Timeout haben sollten.</param>
    </member>
    <member name="T:System.Web.RegularExpressions.TagRegex35">
      <summary>Stellt einen regulären Ausdruck zum Analysieren des Öffnen-Tags eines HTML-Elements, eines XML-Elements oder eines ASP.NET-Webserversteuerelementtags für Anwendungen bereit, die auf das .NET Framework 3.5 SP1 oder frühere Versionen abzielen.</summary>
    </member>
    <member name="M:System.Web.RegularExpressions.TagRegex35.#ctor">
      <summary>Initialisiert eine neue Instanz der <see cref="T:System.Web.RegularExpressions.TagRegex35" />-Klasse.</summary>
    </member>
    <member name="M:System.Web.RegularExpressions.TagRegex35.#ctor(System.TimeSpan)">
      <summary>Initialisiert eine neue Instanz der <see cref="T:System.Web.RegularExpressions.TagRegex35" />-Klasse mit dem angegebenen Timeoutwert.</summary>
      <param name="A_1">Ein Timeoutintervall oder <see cref="F:System.Text.RegularExpressions.Regex.InfiniteMatchTimeout" />, wenn entsprechende Vorgänge kein Timeout haben sollten.</param>
    </member>
    <member name="T:System.Web.RegularExpressions.TextRegex">
      <summary>Stellt einen regulären Ausdruck bereit, der allen Zeichen bis zum nächsten Kleiner-als-Zeichen (&lt;) entspricht.</summary>
    </member>
    <member name="M:System.Web.RegularExpressions.TextRegex.#ctor">
      <summary>Initialisiert eine neue Instanz der <see cref="T:System.Web.RegularExpressions.TextRegex" />-Klasse.</summary>
    </member>
    <member name="M:System.Web.RegularExpressions.TextRegex.#ctor(System.TimeSpan)">
      <summary>Initialisiert eine neue Instanz der <see cref="T:System.Web.RegularExpressions.TextRegex" />-Klasse mit dem angegebenen Timeoutwert.</summary>
      <param name="A_1">Ein Timeoutintervall oder <see cref="F:System.Text.RegularExpressions.Regex.InfiniteMatchTimeout" />, wenn entsprechende Vorgänge kein Timeout haben sollten.</param>
    </member>
  </members>
</doc>