﻿<?xml version="1.0" encoding="utf-8"?>
<doc>
  <assembly>
    <name>System.Deployment</name>
  </assembly>
  <members>
    <member name="T:System.Deployment.Application.ApplicationDeployment">
      <summary>Unterstützt programmgesteuerte Updates der aktuellen Bereitstellung und behandelt bedarfsabhängige Downloads von Dateien. Diese Klasse kann nicht vererbt werden.</summary>
    </member>
    <member name="P:System.Deployment.Application.ApplicationDeployment.ActivationUri">
      <summary>Ruft die URL ab, die verwendet wird, um das Bereitstellungsmanifest der Anwendung zu starten.</summary>
      <returns>Eine Zeichenfolge der Länge 0 (null), wenn die TrustUrlParameters-Eigenschaft im Bereitstellungsmanifest false ist oder wenn der Benutzer einen UNC-Pfad zum Öffnen der Bereitstellung angegeben oder diese lokal geöffnet hat. Andernfalls ist der Rückgabewert die vollständige URL, die zum Starten der Anwendung verwendet wird, einschließlich aller Parameter.</returns>
    </member>
    <member name="M:System.Deployment.Application.ApplicationDeployment.CheckForDetailedUpdate">
      <summary>Führt die denselben Vorgang aus wie <see cref="M:System.Deployment.Application.ApplicationDeployment.CheckForUpdate" />, gibt aber erweiterte Informationen über das verfügbare Update zurück.</summary>
      <returns>Ein <see cref="T:System.Deployment.Application.UpdateCheckInfo" /> für das verfügbare Update.</returns>
      <exception cref="T:System.InvalidOperationException">Entweder ist die aktuelle Anwendung nicht für die Unterstützung von Updates konfiguriert, oder es wird bereits ein anderer Updateprüfungsvorgang ausgeführt.</exception>
      <exception cref="T:System.Deployment.Application.DeploymentDownloadException">Das Bereitstellungsmanifest kann nicht heruntergeladen werden. Diese Ausnahme wird in der <see cref="P:System.ComponentModel.AsyncCompletedEventArgs.Error" />-Eigenschaft des <see cref="E:System.Deployment.Application.ApplicationDeployment.CheckForUpdateCompleted" />-Ereignisses angezeigt.</exception>
      <exception cref="T:System.Deployment.Application.InvalidDeploymentException">Das Bereitstellungsmanifest ist beschädigt. Generieren Sie das Manifest der Anwendung erneut, bevor Sie versuchen, diese Anwendung für Benutzer bereitzustellen. Diese Ausnahme wird in der <see cref="P:System.ComponentModel.AsyncCompletedEventArgs.Error" />-Eigenschaft des <see cref="E:System.Deployment.Application.ApplicationDeployment.CheckForUpdateCompleted" />-Ereignisses angezeigt.</exception>
    </member>
    <member name="M:System.Deployment.Application.ApplicationDeployment.CheckForDetailedUpdate(System.Boolean)">
      <summary>Führt die denselben Vorgang aus wie <see cref="M:System.Deployment.Application.ApplicationDeployment.CheckForUpdate" />, gibt aber erweiterte Informationen über das verfügbare Update zurück.</summary>
      <returns>Ein <see cref="T:System.Deployment.Application.UpdateCheckInfo" /> für das verfügbare Update.</returns>
      <param name="persistUpdateCheckResult">false, wenn das Update automatisch angewendet und kein Dialogfeld angezeigt wird.</param>
    </member>
    <member name="M:System.Deployment.Application.ApplicationDeployment.CheckForUpdate">
      <summary>Überprüft <see cref="P:System.Deployment.Application.ApplicationDeployment.UpdateLocation" />, um zu bestimmen, ob ein neues Update verfügbar ist.</summary>
      <returns>true, wenn ein neues Update vorhanden ist, andernfalls false.</returns>
      <exception cref="T:System.InvalidOperationException">ClickOnce löst sofort diese Ausnahme aus, wenn Sie die <see cref="M:System.Deployment.Application.ApplicationDeployment.CheckForUpdate" />-Methode aufrufen, während bereits ein Update ausgeführt wird.</exception>
      <exception cref="T:System.Deployment.Application.DeploymentDownloadException">Das Bereitstellungsmanifest kann nicht heruntergeladen werden.</exception>
      <exception cref="T:System.Deployment.Application.InvalidDeploymentException">Das Bereitstellungsmanifest ist beschädigt. Sie müssen die Anwendung erneut bereitstellen, um dieses Problem zu beheben.</exception>
    </member>
    <member name="M:System.Deployment.Application.ApplicationDeployment.CheckForUpdate(System.Boolean)">
      <summary>Überprüft <see cref="P:System.Deployment.Application.ApplicationDeployment.UpdateLocation" />, um zu bestimmen, ob ein neues Update verfügbar ist.</summary>
      <returns>true, wenn ein neues Update vorhanden ist, andernfalls false.</returns>
      <param name="persistUpdateCheckResult">false, wenn das Update automatisch angewendet und kein Dialogfeld angezeigt wird.</param>
    </member>
    <member name="M:System.Deployment.Application.ApplicationDeployment.CheckForUpdateAsync">
      <summary>Überprüft <see cref="P:System.Deployment.Application.ApplicationDeployment.UpdateLocation" /> asynchron, um zu bestimmen, ob ein neues Update verfügbar ist.</summary>
      <exception cref="T:System.InvalidOperationException">ClickOnce löst sofort diese Ausnahme aus, wenn Sie die <see cref="M:System.Deployment.Application.ApplicationDeployment.CheckForUpdateAsync" />-Methode aufrufen, während bereits ein Update ausgeführt wird.</exception>
      <exception cref="T:System.Deployment.Application.DeploymentDownloadException">Das Bereitstellungsmanifest kann nicht heruntergeladen werden. Diese Ausnahme wird in der <see cref="P:System.ComponentModel.AsyncCompletedEventArgs.Error" />-Eigenschaft des <see cref="E:System.Deployment.Application.ApplicationDeployment.CheckForUpdateCompleted" />-Ereignisses angezeigt.</exception>
      <exception cref="T:System.Deployment.Application.InvalidDeploymentException">Das Bereitstellungsmanifest ist beschädigt. Sie müssen die Anwendung erneut bereitstellen, um dieses Problem zu beheben. Diese Ausnahme wird in der <see cref="P:System.ComponentModel.AsyncCompletedEventArgs.Error" />-Eigenschaft des <see cref="E:System.Deployment.Application.ApplicationDeployment.CheckForUpdateCompleted" />-Ereignisses angezeigt.</exception>
    </member>
    <member name="M:System.Deployment.Application.ApplicationDeployment.CheckForUpdateAsyncCancel">
      <summary>Bricht die asynchrone Updateprüfung ab.</summary>
    </member>
    <member name="E:System.Deployment.Application.ApplicationDeployment.CheckForUpdateCompleted">
      <summary>Tritt auf, wenn <see cref="M:System.Deployment.Application.ApplicationDeployment.CheckForUpdateAsync" /> abgeschlossen wurde.</summary>
    </member>
    <member name="E:System.Deployment.Application.ApplicationDeployment.CheckForUpdateProgressChanged">
      <summary>Tritt auf, wenn ein Fortschrittsupdate auf einem <see cref="M:System.Deployment.Application.ApplicationDeployment.CheckForUpdateAsync" />-Aufruf verfügbar ist.</summary>
    </member>
    <member name="P:System.Deployment.Application.ApplicationDeployment.CurrentDeployment">
      <summary>Gibt die aktuelle <see cref="T:System.Deployment.Application.ApplicationDeployment" /> für diese Bereitstellung zurück.</summary>
      <returns>Die aktuelle Bereitstellung.</returns>
      <exception cref="T:System.Deployment.Application.InvalidDeploymentException">Sie haben versucht, diese statische Eigenschaft mit einer Anwendung aufzurufen, die keine ClickOnce-Anwendung ist.</exception>
    </member>
    <member name="P:System.Deployment.Application.ApplicationDeployment.CurrentVersion">
      <summary>Ruft die Version der Bereitstellung für die aktuell ausgeführte Instanz der Anwendung ab.</summary>
      <returns>Die aktuelle Bereitstellungsversion.</returns>
    </member>
    <member name="P:System.Deployment.Application.ApplicationDeployment.DataDirectory">
      <summary>Ruft den Pfad des Datenverzeichnisses von ClickOnce ab.</summary>
      <returns>Eine Zeichenfolge mit dem Pfad zum Datenverzeichnis der Anwendung auf dem lokalen Datenträger.</returns>
    </member>
    <member name="M:System.Deployment.Application.ApplicationDeployment.DownloadFileGroup(System.String)">
      <summary>Lädt bedarfsabhängig einen Satz optionaler Dateien herunter.</summary>
      <param name="groupName">Die genannte Gruppe von Dateien zum Herunterladen. Alle in einer ClickOnce-Anwendung als "optional" markierten Dateien erfordern einen Gruppennamen.</param>
      <exception cref="T:System.ArgumentNullException">Der <paramref name="groupName" />-Parameter ist NULL oder hat die Länge 0 (null).</exception>
    </member>
    <member name="M:System.Deployment.Application.ApplicationDeployment.DownloadFileGroupAsync(System.String)">
      <summary>Lädt bedarfsabhängig einen Satz optionaler Dateien im Hintergrund herunter.</summary>
      <param name="groupName">Die genannte Gruppe von Dateien zum Herunterladen. Alle in einer ClickOnce-Anwendung als "optional" markierten Dateien erfordern einen Gruppennamen.</param>
      <exception cref="T:System.ArgumentNullException">Der <paramref name="groupName" />-Parameter ist NULL oder hat die Länge 0 (null).</exception>
      <exception cref="T:System.InvalidOperationException">Sie können nicht mehr als einen Download von <paramref name="groupName" /> gleichzeitig initiieren.</exception>
    </member>
    <member name="M:System.Deployment.Application.ApplicationDeployment.DownloadFileGroupAsync(System.String,System.Object)">
      <summary>Lädt bedarfsabhängig einen Satz optionaler Dateien im Hintergrund herunter und übergibt den Ereignisrückrufen die Informationen vom Anwendungszustand.</summary>
      <param name="groupName">Die genannte Gruppe von Dateien zum Herunterladen. Alle in einer ClickOnce-Anwendung als "optional" markierten Dateien erfordern einen Gruppennamen.</param>
      <param name="userState">Ein beliebiges Objekt, das Zustandsinformationen für den asynchronen Vorgang enthält.</param>
      <exception cref="T:System.ArgumentNullException">Der <paramref name="groupName" />-Parameter ist NULL oder hat die Länge 0 (null).</exception>
      <exception cref="T:System.InvalidOperationException">Sie können nicht mehr als einen Download von <paramref name="groupName" /> gleichzeitig initiieren.</exception>
    </member>
    <member name="M:System.Deployment.Application.ApplicationDeployment.DownloadFileGroupAsyncCancel(System.String)">
      <summary>Bricht einen asynchronen Dateidownload ab.</summary>
      <param name="groupName">Die genannte Gruppe von Dateien zum Herunterladen. Alle in einer ClickOnce-Anwendung als "optional" markierten Dateien erfordern einen Gruppennamen.</param>
      <exception cref="T:System.ArgumentNullException">
        <paramref name="groupName" /> darf nicht null sein.</exception>
    </member>
    <member name="E:System.Deployment.Application.ApplicationDeployment.DownloadFileGroupCompleted">
      <summary>Tritt im Hauptanwendungsthread auf, wenn ein Dateidownload abgeschlossen ist.</summary>
    </member>
    <member name="E:System.Deployment.Application.ApplicationDeployment.DownloadFileGroupProgressChanged">
      <summary>Tritt auf, wenn Statusinformationen über einen Dateidownloadvorgang verfügbar sind, der durch einen Aufruf von <see cref="Overload:System.Deployment.Application.ApplicationDeployment.DownloadFileGroupAsync" /> initiiert wurde.</summary>
    </member>
    <member name="M:System.Deployment.Application.ApplicationDeployment.IsFileGroupDownloaded(System.String)">
      <summary>Überprüft, ob die genannte Dateigruppe bereits zum Clientcomputer heruntergeladen wurde.</summary>
      <returns>true, wenn die Dateigruppe bereits für die aktuelle Version dieser Anwendung heruntergeladen wurde, andernfalls false. Wenn eine neue Version der Anwendung installiert wurde und die neue Version in der Dateigruppe keine Dateien hinzugefügt, entfernt oder geändert hat, gibt <see cref="M:System.Deployment.Application.ApplicationDeployment.IsFileGroupDownloaded(System.String)" />true zurück.</returns>
      <param name="groupName">Die genannte Gruppe von Dateien zum Herunterladen. Alle in einer ClickOnce-Anwendung als "optional" markierten Dateien erfordern einen Gruppennamen.</param>
      <exception cref="T:System.Deployment.Application.InvalidDeploymentException">
        <paramref name="groupName" /> ist keine im Anwendungsmanifest definierte Dateigruppe.</exception>
    </member>
    <member name="P:System.Deployment.Application.ApplicationDeployment.IsFirstRun">
      <summary>Ruft einen Wert ab, der angibt, ob dies das erste Mal ist, dass diese Anwendung auf dem Clientcomputer ausgeführt wird.</summary>
      <returns>true, wenn diese Version der Anwendung vorher nie auf dem Clientcomputer ausgeführt wurde; andernfalls false.</returns>
    </member>
    <member name="P:System.Deployment.Application.ApplicationDeployment.IsNetworkDeployed">
      <summary>Ruft einen Wert ab, der angibt, ob die aktuelle Anwendung eine ClickOnce-Anwendung ist.</summary>
      <returns>true, wenn es sich um eine ClickOnce-Anwendung handelt, andernfalls false.</returns>
    </member>
    <member name="P:System.Deployment.Application.ApplicationDeployment.TimeOfLastUpdateCheck">
      <summary>Ruft das Datum und die Uhrzeit ab, zu der ClickOnce zuletzt nach einem Anwendungsupdate gesucht hat.</summary>
      <returns>Der <see cref="T:System.DateTime" /> der letzten Updateprüfung.</returns>
    </member>
    <member name="M:System.Deployment.Application.ApplicationDeployment.Update">
      <summary>Lädt die neueste Version dieser Anwendung synchron herunter und installiert sie.</summary>
      <returns>true, wenn eine Anwendung aktualisiert wurde, andernfalls false.</returns>
      <exception cref="T:System.Deployment.Application.TrustNotGrantedException">Die Anwendung darf die angeforderte Berechtigungsstufe auf dem lokalen Computer nicht ausführen.</exception>
      <exception cref="T:System.Deployment.Application.InvalidDeploymentException">Die ClickOnce-Bereitstellung ist beschädigt. Tipps zum Diagnostizieren und Beheben des Problems finden Sie unter Problembehandlung bei ClickOnce-Bereitstellungen.</exception>
      <exception cref="T:System.Deployment.Application.DeploymentDownloadException">Die neue Bereitstellung konnte nicht vom Speicherort im Netzwerk heruntergeladen werden.</exception>
      <exception cref="T:System.InvalidOperationException">Die Anwendung wird gerade aktualisiert.</exception>
    </member>
    <member name="M:System.Deployment.Application.ApplicationDeployment.UpdateAsync">
      <summary>Lädt die neueste Version dieser Anwendung asynchron herunter und installiert sie.</summary>
      <exception cref="T:System.Deployment.Application.TrustNotGrantedException">Die Anwendung darf die angeforderte Berechtigungsstufe auf dem lokalen Computer nicht ausführen.</exception>
      <exception cref="T:System.Deployment.Application.InvalidDeploymentException">Die ClickOnce-Bereitstellung ist beschädigt. Tipps zum Diagnostizieren und Beheben des Problems finden Sie unter Problembehandlung bei ClickOnce-Bereitstellungen.</exception>
      <exception cref="T:System.Deployment.Application.DeploymentDownloadException">Die neue Bereitstellung konnte nicht vom Speicherort im Netzwerk heruntergeladen werden.</exception>
    </member>
    <member name="M:System.Deployment.Application.ApplicationDeployment.UpdateAsyncCancel">
      <summary>Bricht ein asynchrones, von <see cref="M:System.Deployment.Application.ApplicationDeployment.UpdateAsync" /> initiiertes Update ab.</summary>
    </member>
    <member name="E:System.Deployment.Application.ApplicationDeployment.UpdateCompleted">
      <summary>Tritt ein, wenn ClickOnce das Update der Anwendung aufgrund eines Aufrufs von <see cref="M:System.Deployment.Application.ApplicationDeployment.UpdateAsync" /> beendet hat.</summary>
    </member>
    <member name="P:System.Deployment.Application.ApplicationDeployment.UpdatedApplicationFullName">
      <summary>Ruft den vollständigen Namen der Anwendung nach dem Update ab.</summary>
      <returns>Ein <see cref="T:System.String" />, der den vollständigen Namen der Anwendung enthält.</returns>
    </member>
    <member name="P:System.Deployment.Application.ApplicationDeployment.UpdatedVersion">
      <summary>Ruft die Version des zuletzt heruntergeladenen Updates ab.</summary>
      <returns>Die <see cref="T:System.Version" />, die die Version des Updates beschreibt.</returns>
    </member>
    <member name="P:System.Deployment.Application.ApplicationDeployment.UpdateLocation">
      <summary>Ruft die Website oder die Dateifreigabe ab, von der sich diese Anwendung selbst aktualisiert.</summary>
      <returns>Der Updatepfad ausgedrückt als eine HTTP-, HTTPS- oder Datei-URL oder als Windows-Netzwerkdateipfad (UNC).</returns>
    </member>
    <member name="E:System.Deployment.Application.ApplicationDeployment.UpdateProgressChanged">
      <summary>Tritt auf, wenn ClickOnce neue Statusinformationen für einen Updatevorgang hat, der durch einen Aufruf der <see cref="M:System.Deployment.Application.ApplicationDeployment.UpdateAsync" />-Methode initiiert wurde.</summary>
    </member>
    <member name="T:System.Deployment.Application.CheckForUpdateCompletedEventArgs">
      <summary>Stellt ausführliche, durch einen Aufruf von <see cref="M:System.Deployment.Application.ApplicationDeployment.CheckForUpdateAsync" /> erhaltene Updateinformationen dar.</summary>
    </member>
    <member name="P:System.Deployment.Application.CheckForUpdateCompletedEventArgs.AvailableVersion">
      <summary>Ruft die Versionsnummer der letzten deinstallierten Version ab.</summary>
      <returns>Die <see cref="T:System.Version" /> gibt Haupt-, Neben-, Build- und Revisionsnummern der neuesten Version an.</returns>
    </member>
    <member name="P:System.Deployment.Application.CheckForUpdateCompletedEventArgs.IsUpdateRequired">
      <summary>Ruft einen Wert ab, der angibt, ob das Update installiert werden muss.</summary>
      <returns>true, wenn das Update erforderlich ist, andernfalls false.</returns>
    </member>
    <member name="P:System.Deployment.Application.CheckForUpdateCompletedEventArgs.MinimumRequiredVersion">
      <summary>Ruft die minimale Version ab, die der Benutzer auf dem Computer installiert haben muss.</summary>
      <returns>Ein <see cref="T:System.Version" />-Objekt, das die früheste Version ausdrückt, die alle Benutzer installieren müssen.</returns>
    </member>
    <member name="P:System.Deployment.Application.CheckForUpdateCompletedEventArgs.UpdateAvailable">
      <summary>Ruft ab, ob ein deinstalliertes Update verfügbar ist.</summary>
      <returns>true, wenn neue Version der Anwendung verfügbar ist; andernfalls false.</returns>
    </member>
    <member name="P:System.Deployment.Application.CheckForUpdateCompletedEventArgs.UpdateSizeBytes">
      <summary>Ruft die Größe des verfügbaren Updates ab.</summary>
      <returns>Ein <see cref="T:System.Int64" />, der die Größe des verfügbaren Updates in Bytes beschreibt. Wenn kein Update verfügbar ist, wird 0 (null) zurückgegeben.</returns>
    </member>
    <member name="T:System.Deployment.Application.CheckForUpdateCompletedEventHandler">
      <summary>Stellt die Methode dar, die das <see cref="E:System.Deployment.Application.ApplicationDeployment.CheckForUpdateCompleted" />-Ereignis von <see cref="T:System.Deployment.Application.ApplicationDeployment" /> behandelt.</summary>
      <param name="sender">Die Quelle des Ereignisses.</param>
      <param name="e">Ein <see cref="T:System.Deployment.Application.CheckForUpdateCompletedEventArgs" />, das die Ereignisdaten enthält.</param>
    </member>
    <member name="T:System.Deployment.Application.CompatibleFramework">
      <summary>Stellt eine Version von .NET Framework dar, unter der eine Anwendung installiert und ausgeführt werden kann.</summary>
    </member>
    <member name="P:System.Deployment.Application.CompatibleFramework.Profile">
      <summary>Gibt das Profil der Version von .NET Framework an, unter der eine Anwendung installiert und ausgeführt werden kann.</summary>
      <returns>Eine Zeichenfolge, die das Profil darstellt.</returns>
    </member>
    <member name="P:System.Deployment.Application.CompatibleFramework.SupportedRuntime">
      <summary>Gibt die Versionsnummer der Laufzeit von .NET Framework an, unter der eine Anwendung installiert und ausgeführt werden kann.</summary>
      <returns>Eine Zeichenfolge, die die Laufzeitversion darstellt.</returns>
    </member>
    <member name="P:System.Deployment.Application.CompatibleFramework.TargetVersion">
      <summary>Gibt die Version von .NET Framework an, unter der eine Anwendung installiert und ausgeführt werden kann.</summary>
      <returns>Eine Zeichenfolge, die die Version darstellt.</returns>
    </member>
    <member name="T:System.Deployment.Application.CompatibleFrameworkMissingException">
      <summary>Diese Ausnahme wird ausgelöst, wenn keine mit dieser Anwendung kompatible Version von .NET Framework gefunden wurde.</summary>
    </member>
    <member name="M:System.Deployment.Application.CompatibleFrameworkMissingException.#ctor">
      <summary>Initialisiert eine neue Instanz der <see cref="T:System.Deployment.Application.CompatibleFrameworkMissingException" />-Klasse mit einer vom System generierten Meldung, die den Fehler beschreibt.</summary>
    </member>
    <member name="M:System.Deployment.Application.CompatibleFrameworkMissingException.#ctor(System.Runtime.Serialization.SerializationInfo,System.Runtime.Serialization.StreamingContext)">
      <summary>Initialisiert eine neue Instanz der <see cref="T:System.Deployment.Application.CompatibleFrameworkMissingException" />-Klasse mit serialisierten Daten.</summary>
      <param name="serializationInfo">Das Objekt, das die Daten des serialisierten Objekts enthält.</param>
      <param name="streamingContext">Die Kontextinformationen zur Quelle bzw. zum Ziel.</param>
    </member>
    <member name="M:System.Deployment.Application.CompatibleFrameworkMissingException.#ctor(System.String)">
      <summary>Initialisiert eine neue Instanz der <see cref="T:System.Deployment.Application.CompatibleFrameworkMissingException" />-Klasse mit einer angegebenen Meldung, die den Fehler beschreibt.</summary>
      <param name="message">Die Meldung, in der die Ausnahme beschrieben wird Der Aufrufer dieses Konstruktors muss sicherstellen, dass diese Zeichenfolge für die aktuelle Systemkultur lokalisiert wurde.</param>
    </member>
    <member name="M:System.Deployment.Application.CompatibleFrameworkMissingException.#ctor(System.String,System.Exception)">
      <summary>Initialisiert eine neue Instanz der <see cref="T:System.Deployment.Application.CompatibleFrameworkMissingException" />-Klasse mit einer angegebenen Fehlermeldung und einem Verweis auf die innere Ausnahme, die diese Ausnahme ausgelöst hat.</summary>
      <param name="message">Die Meldung, in der die Ausnahme beschrieben wird Der Aufrufer dieses Konstruktors muss sicherstellen, dass diese Zeichenfolge für die aktuelle Systemkultur lokalisiert wurde.</param>
      <param name="innerException">Die Ausnahme, die die Ursache der aktuellen Ausnahme ist. Wenn der <paramref name="innerException" />-Parameter nicht null ist, wird die aktuelle Ausnahme in einem catch-Block ausgelöst, der die innere Ausnahme behandelt.</param>
    </member>
    <member name="P:System.Deployment.Application.CompatibleFrameworkMissingException.CompatibleFrameworks">
      <summary>Ruft eine Liste von .NET Framework-Versionen ab, unter denen diese Anwendung installiert und ausgeführt werden kann.</summary>
      <returns>Eine Liste von .NET Framework-Versionen, unter denen diese Anwendung installiert und ausgeführt werden kann.</returns>
    </member>
    <member name="M:System.Deployment.Application.CompatibleFrameworkMissingException.GetObjectData(System.Runtime.Serialization.SerializationInfo,System.Runtime.Serialization.StreamingContext)">
      <summary>Initialisiert eine neue Instanz der <see cref="T:System.Deployment.Application.CompatibleFrameworkMissingException" />-Klasse mit serialisierten Daten.</summary>
      <param name="info">Das Objekt, das die Daten des serialisierten Objekts enthält.</param>
      <param name="context">Die Kontextinformationen zur Quelle bzw. zum Ziel.</param>
    </member>
    <member name="T:System.Deployment.Application.CompatibleFrameworks">
      <summary>Stellt Details zu Versionen von .NET Framework bereit, unter denen diese Anwendung installiert und ausgeführt werden kann.</summary>
    </member>
    <member name="P:System.Deployment.Application.CompatibleFrameworks.Frameworks">
      <summary>Ruft eine Liste von .NET Framework-Versionen ab, unter denen diese Anwendung installiert und ausgeführt werden kann.</summary>
      <returns>Eine Liste von <see cref="T:System.Deployment.Application.CompatibleFramework" />-Objekten, die die .NET Framework-Versionen angeben, auf denen diese Anwendung installiert und ausgeführt werden kann.</returns>
    </member>
    <member name="P:System.Deployment.Application.CompatibleFrameworks.SupportUrl">
      <summary>Ruft einen <see cref="T:System.Uri" /> ab, über den der Benutzer Anweisungen zur Installation einer Version von .NET Framework erhält, unter der diese Anwendung installiert und ausgeführt werden kann.</summary>
      <returns>Ein <see cref="T:System.Uri" />, über den der Benutzer Anweisungen zur Installation einer Version von .NET Framework erhält, unter der diese Anwendung installiert und ausgeführt werden kann.</returns>
    </member>
    <member name="T:System.Deployment.Application.DependentPlatformMissingException">
      <summary>Die Ausnahme, die ausgelöst wird, wenn die Plattformabhängigkeit während der Aktivierung der ClickOnce-Bereitstellung nicht gefunden wird und die Bereitstellung nicht ausgeführt werden kann.</summary>
    </member>
    <member name="M:System.Deployment.Application.DependentPlatformMissingException.#ctor">
      <summary>Initialisiert eine neue Instanz der <see cref="T:System.Deployment.Application.DependentPlatformMissingException" />-Klasse.</summary>
    </member>
    <member name="M:System.Deployment.Application.DependentPlatformMissingException.#ctor(System.Runtime.Serialization.SerializationInfo,System.Runtime.Serialization.StreamingContext)">
      <summary>Initialisiert eine neue Instanz der <see cref="T:System.Deployment.Application.DependentPlatformMissingException" />-Klasse.</summary>
      <param name="serializationInfo">Das Objekt, das die Daten des serialisierten Objekts enthält.</param>
      <param name="streamingContext">Die Kontextinformationen zur Quelle bzw. zum Ziel.</param>
    </member>
    <member name="M:System.Deployment.Application.DependentPlatformMissingException.#ctor(System.String)">
      <summary>Initialisiert eine neue Instanz der <see cref="T:System.Deployment.Application.DependentPlatformMissingException" />-Klasse mit einer angegebenen Meldung, die den Fehler beschreibt.</summary>
      <param name="message">Die Meldung, in der die Ausnahme beschrieben wird Der Aufrufer dieses Konstruktors muss sicherstellen, dass diese Zeichenfolge für die aktuelle Systemkultur lokalisiert wurde.</param>
    </member>
    <member name="M:System.Deployment.Application.DependentPlatformMissingException.#ctor(System.String,System.Exception)">
      <summary>Initialisiert eine neue Instanz der <see cref="T:System.Deployment.Application.DependentPlatformMissingException" />-Klasse mit einer angegebenen Fehlermeldung und einem Verweis auf die innere Ausnahme, die diese Ausnahme ausgelöst hat.</summary>
      <param name="message">Die Meldung, in der die Ausnahme beschrieben wird Der Aufrufer dieses Konstruktors muss sicherstellen, dass diese Zeichenfolge für die aktuelle Systemkultur lokalisiert wurde.</param>
      <param name="innerException">Die Ausnahme, die die Ursache der aktuellen Ausnahme ist. Wenn der <paramref name="innerException" />-Parameter nicht null ist, wird die aktuelle Ausnahme in einem catch-Block ausgelöst, der die innere Ausnahme behandelt.</param>
    </member>
    <member name="M:System.Deployment.Application.DependentPlatformMissingException.#ctor(System.String,System.Uri)">
      <summary>Initialisiert eine neue Instanz der <see cref="T:System.Deployment.Application.DependentPlatformMissingException" />-Klasse.</summary>
      <param name="message">Die Ausnahmemeldung.</param>
      <param name="supportUrl">Die URL, unter der Supportinformationen für das Produkt verfügbar sind.</param>
    </member>
    <member name="M:System.Deployment.Application.DependentPlatformMissingException.GetObjectData(System.Runtime.Serialization.SerializationInfo,System.Runtime.Serialization.StreamingContext)">
      <summary>Ruft die Objektdaten ab.</summary>
      <param name="info">Das Objekt, das die Daten des serialisierten Objekts enthält.</param>
      <param name="context">Die Kontextinformationen zur Quelle bzw. zum Ziel.</param>
    </member>
    <member name="P:System.Deployment.Application.DependentPlatformMissingException.SupportUrl">
      <summary>Ruft einen URI ab, der Supportquellen für das aufgetretene Problem angibt.</summary>
      <returns>Ein URI, der Supportquellen für das aufgetretene Problem angibt.</returns>
    </member>
    <member name="T:System.Deployment.Application.DeploymentDownloadException">
      <summary>Gibt an, dass beim Herunterladen der ClickOnce-Manifeste oder der Bereitstellungsdateien auf den Clientcomputer ein Fehler aufgetreten ist.</summary>
    </member>
    <member name="M:System.Deployment.Application.DeploymentDownloadException.#ctor">
      <summary>Initialisiert eine neue Instanz der <see cref="T:System.Deployment.Application.DeploymentDownloadException" />-Klasse.</summary>
    </member>
    <member name="M:System.Deployment.Application.DeploymentDownloadException.#ctor(System.Runtime.Serialization.SerializationInfo,System.Runtime.Serialization.StreamingContext)">
      <summary>Initialisiert eine neue Instanz der <see cref="T:System.Deployment.Application.DeploymentDownloadException" />-Klasse.</summary>
      <param name="serializationInfo">Das Objekt, das die Daten des serialisierten Objekts enthält.</param>
      <param name="streamingContext">Die Kontextinformationen zur Quelle bzw. zum Ziel.</param>
    </member>
    <member name="M:System.Deployment.Application.DeploymentDownloadException.#ctor(System.String)">
      <summary>Initialisiert eine neue Instanz der <see cref="T:System.Deployment.Application.DeploymentDownloadException" />-Klasse mit einer Meldung, in der die Ausnahme beschrieben wird.</summary>
      <param name="message">Die Meldung, in der die Ausnahme beschrieben wird Der Aufrufer dieses Konstruktors muss sicherstellen, dass diese Zeichenfolge für die aktuelle Systemkultur lokalisiert wurde.</param>
    </member>
    <member name="M:System.Deployment.Application.DeploymentDownloadException.#ctor(System.String,System.Exception)">
      <summary>Initialisiert eine neue Instanz der <see cref="T:System.Deployment.Application.DeploymentDownloadException" />-Klasse.</summary>
      <param name="message">Die Meldung, in der die Ausnahme beschrieben wird Der Aufrufer dieses Konstruktors muss sicherstellen, dass diese Zeichenfolge für die aktuelle Systemkultur lokalisiert wurde.</param>
      <param name="innerException">Die Ausnahme, die die Ursache der aktuellen Ausnahme ist. Wenn der <paramref name="innerException" />-Parameter nicht null ist, wird die aktuelle Ausnahme in einem catch-Block ausgelöst, der die innere Ausnahme behandelt.</param>
    </member>
    <member name="T:System.Deployment.Application.DeploymentException">
      <summary>Definiert eine Basisklasse für alle bereitstellungsbezogenen Ausnahmen.</summary>
    </member>
    <member name="M:System.Deployment.Application.DeploymentException.#ctor">
      <summary>Initialisiert eine neue Instanz der <see cref="T:System.Deployment.Application.DeploymentException" />-Klasse.</summary>
    </member>
    <member name="M:System.Deployment.Application.DeploymentException.#ctor(System.Runtime.Serialization.SerializationInfo,System.Runtime.Serialization.StreamingContext)">
      <summary>Initialisiert eine neue Instanz der <see cref="T:System.Deployment.Application.DeploymentException" />-Klasse.</summary>
      <param name="serializationInfo">Enthält sämtliche zum Serialisieren bzw. Deserialisieren eines Objekts benötigten Daten. Diese Klasse kann nicht vererbt werden.</param>
      <param name="streamingContext">Beschreibt die Quelle und das Ziel eines angegebenen serialisierten Streams und stellt einen zusätzlichen aufruferdefinierten Kontext bereit.</param>
    </member>
    <member name="M:System.Deployment.Application.DeploymentException.#ctor(System.String)">
      <summary>Initialisiert eine neue Instanz der <see cref="T:System.Deployment.Application.DeploymentException" />-Klasse.</summary>
      <param name="message">Stellt Text als eine Reihe von Unicode-Zeichen dar.</param>
    </member>
    <member name="M:System.Deployment.Application.DeploymentException.#ctor(System.String,System.Exception)">
      <summary>Initialisiert eine neue Instanz der <see cref="T:System.Deployment.Application.DeploymentException" />-Klasse.</summary>
      <param name="message">Stellt Text als eine Reihe von Unicode-Zeichen dar.</param>
      <param name="innerException">Stellt Fehler dar, die beim Ausführen einer Anwendung auftreten.</param>
    </member>
    <member name="M:System.Deployment.Application.DeploymentException.GetObjectData(System.Runtime.Serialization.SerializationInfo,System.Runtime.Serialization.StreamingContext)">
      <param name="info">Die <see cref="T:System.Runtime.Serialization.SerializationInfo" />, die die serialisierten Objektdaten für die ausgelöste Ausnahme enthält.</param>
      <param name="context">Der <see cref="T:System.Runtime.Serialization.StreamingContext" />, der die Kontextinformationen über die Quelle oder das Ziel enthält.</param>
    </member>
    <member name="T:System.Deployment.Application.DeploymentProgressChangedEventArgs">
      <summary>Stellt in einer asynchronen Operation gemeldete Fortschrittsdaten dar.</summary>
    </member>
    <member name="P:System.Deployment.Application.DeploymentProgressChangedEventArgs.BytesCompleted">
      <summary>Ruft die Anzahl der Bytes ab, die von diesem Vorgang bereits heruntergeladen wurden.</summary>
      <returns>Ein <see cref="T:System.Int64" />, der die bereits übertragenen Daten in Bytes darstellt.</returns>
    </member>
    <member name="P:System.Deployment.Application.DeploymentProgressChangedEventArgs.BytesTotal">
      <summary>Ruft die Gesamtzahl von Bytes im Downloadvorgang ab.</summary>
      <returns>Ein <see cref="T:System.Int64" />, der die Gesamtgröße des Downloads in Bytes darstellt.</returns>
    </member>
    <member name="P:System.Deployment.Application.DeploymentProgressChangedEventArgs.Group">
      <summary>Ruft den Namen der Dateigruppe ab, die heruntergeladen wird.</summary>
      <returns>Ein <see cref="T:System.String" />, der den Namen der Dateigruppe enthält, wenn das Ereignis als Ergebnis eines Aufrufs von <see cref="Overload:System.Deployment.Application.ApplicationDeployment.DownloadFileGroupAsync" /> aufgetreten ist, andernfalls eine Zeichenfolge der Länge 0 (null).</returns>
    </member>
    <member name="P:System.Deployment.Application.DeploymentProgressChangedEventArgs.State">
      <summary>Ruft die Aktion ab, die der Prozess gerade ausführt.</summary>
      <returns>Ein <see cref="T:System.Deployment.Application.DeploymentProgressState" />-Wert, der angibt, welches Element oder welche Elemente der Vorgang gerade herunterlädt.</returns>
    </member>
    <member name="T:System.Deployment.Application.DeploymentProgressChangedEventHandler">
      <summary>Stellt die Methode dar, die das Ereignis <see cref="E:System.Deployment.Application.ApplicationDeployment.CheckForUpdateProgressChanged" />, <see cref="E:System.Deployment.Application.ApplicationDeployment.UpdateProgressChanged" /> oder <see cref="E:System.Deployment.Application.ApplicationDeployment.DownloadFileGroupProgressChanged" /> einer <see cref="T:System.Deployment.Application.ApplicationDeployment" /> behandelt.</summary>
      <param name="sender">Die Quelle des Ereignisses.</param>
      <param name="e">Ein <see cref="T:System.Deployment.Application.DeploymentProgressChangedEventArgs" />, das die Ereignisdaten enthält.</param>
    </member>
    <member name="T:System.Deployment.Application.DeploymentProgressState">
      <summary>Gibt die aktuelle Stufe eines ClickOnce-Downloadvorgangs an.</summary>
    </member>
    <member name="F:System.Deployment.Application.DeploymentProgressState.DownloadingApplicationFiles">
      <summary>ClickOnce lädt die DLLs und die Datendateien herunter, aus denen sich die Anwendung zusammensetzt.</summary>
    </member>
    <member name="F:System.Deployment.Application.DeploymentProgressState.DownloadingApplicationInformation">
      <summary>ClickOnce lädt das Anwendungsmanifest herunter.</summary>
    </member>
    <member name="F:System.Deployment.Application.DeploymentProgressState.DownloadingDeploymentInformation">
      <summary>ClickOnce lädt das Bereitstellungsmanifest herunter.</summary>
    </member>
    <member name="T:System.Deployment.Application.DeploymentServiceCom">
      <summary>Stellt interne Dienste für die ClickOnce-Bereitstellungs-API bereit.</summary>
    </member>
    <member name="M:System.Deployment.Application.DeploymentServiceCom.#ctor">
      <summary>Erstellt eine neue Instanz von <see cref="T:System.Deployment.Application.DeploymentServiceCom" />.</summary>
    </member>
    <member name="M:System.Deployment.Application.DeploymentServiceCom.ActivateApplicationExtension(System.String,System.String,System.String)">
      <summary>Aktiviert eine Anwendungserweiterung.</summary>
      <param name="textualSubId">Die interne ID der Bereitstellung.</param>
      <param name="deploymentProviderUrl">Die URL der Bereitstellung.</param>
      <param name="targetAssociatedFile">Die Zieldatei.</param>
    </member>
    <member name="M:System.Deployment.Application.DeploymentServiceCom.ActivateDeployment(System.String,System.Boolean)">
      <summary>Startet die Bereitstellung auf dem Clientcomputer.</summary>
      <param name="deploymentLocation">Der Speicherort für das Bereitstellungsmanifest auf dem Datenträger.</param>
      <param name="isShortcut">Gibt an, ob <paramref name="deploymentLocation" /> eine Verknüpfung oder die eigentliche Datei ist.</param>
    </member>
    <member name="M:System.Deployment.Application.DeploymentServiceCom.ActivateDeploymentEx(System.String,System.Int32,System.Int32)">
      <summary>Startet die Bereitstellung auf dem Clientcomputer.</summary>
      <param name="deploymentLocation">Der Speicherort für das Bereitstellungsmanifest.</param>
      <param name="unsignedPolicy">Die Richtlinie, die für Anwendungen ohne Signatur verwendet werden soll.</param>
      <param name="signedPolicy">Die Richtlinie, die für Anwendungen mit Signatur verwendet werden soll.</param>
    </member>
    <member name="M:System.Deployment.Application.DeploymentServiceCom.CheckForDeploymentUpdate(System.String)">
      <summary>Überprüft den Updatespeicherort, um zu bestimmen, ob eine aktualisierte Version dieser Bereitstellung vorhanden ist.</summary>
      <param name="textualSubId">Ein interner Bezeichner für die Bereitstellung.</param>
    </member>
    <member name="M:System.Deployment.Application.DeploymentServiceCom.CleanOnlineAppCache">
      <summary>Entfernt alle ClickOnce-Anwendungen, die auf einem Computer installiert sind und nur online ausgeführt werden.</summary>
    </member>
    <member name="M:System.Deployment.Application.DeploymentServiceCom.EndServiceRightNow">
      <summary>Hält ein Bereitstellungsupdate sofort an.</summary>
    </member>
    <member name="M:System.Deployment.Application.DeploymentServiceCom.MaintainSubscription(System.String)">
      <summary>Behält das Updateabonnement bei.</summary>
      <param name="textualSubId">Die interne ID der Bereitstellung.</param>
    </member>
    <member name="T:System.Deployment.Application.DownloadApplicationCompletedEventArgs">
      <summary>Stellt Daten für das <see cref="E:System.Deployment.Application.InPlaceHostingManager.DownloadApplicationCompleted" />-Ereignis bereit.</summary>
    </member>
    <member name="P:System.Deployment.Application.DownloadApplicationCompletedEventArgs.LogFilePath">
      <summary>Ruft den Pfad der ClickOnce-Protokolldatei ab.</summary>
      <returns>Der Pfad der ClickOnce-Protokolldatei.</returns>
    </member>
    <member name="P:System.Deployment.Application.DownloadApplicationCompletedEventArgs.ShortcutAppId">
      <summary>Ruft den Inhalt einer .appref-ms-Datei ab, die diese ClickOnce-Anwendung starten kann.</summary>
      <returns>Der Inhalt einer .appref-ms-Datei.</returns>
    </member>
    <member name="T:System.Deployment.Application.DownloadFileGroupCompletedEventArgs">
      <summary>Beschreibt einen Dateidownload, der vor kurzem abgeschlossen wurde.</summary>
    </member>
    <member name="P:System.Deployment.Application.DownloadFileGroupCompletedEventArgs.Group">
      <summary>Ruft den Namen der Dateigruppe ab, die heruntergeladen wird.</summary>
      <returns>Ein <see cref="T:System.String" />, der den Namen der Dateigruppe darstellt.</returns>
    </member>
    <member name="T:System.Deployment.Application.DownloadFileGroupCompletedEventHandler">
      <summary>Stellt die Methode dar, die das <see cref="E:System.Deployment.Application.ApplicationDeployment.DownloadFileGroupCompleted" />-Ereignis von <see cref="T:System.Deployment.Application.ApplicationDeployment" /> behandelt.</summary>
      <param name="sender">Die Quelle des Ereignisses.</param>
      <param name="e">Ein <see cref="T:System.Deployment.Application.DownloadFileGroupCompletedEventArgs" />, das die Ereignisdaten enthält.</param>
    </member>
    <member name="T:System.Deployment.Application.DownloadProgressChangedEventArgs">
      <summary>Stellt Daten für das <see cref="E:System.Deployment.Application.InPlaceHostingManager.DownloadProgressChanged" />-Ereignis bereit.</summary>
    </member>
    <member name="P:System.Deployment.Application.DownloadProgressChangedEventArgs.BytesDownloaded">
      <summary>Ruft die Anzahl von auf den lokalen Computer heruntergeladenen Bytes ab.</summary>
      <returns>Ein <see cref="T:System.Int64" />, der die Anzahl von heruntergeladenen Bytes darstellt.</returns>
    </member>
    <member name="P:System.Deployment.Application.DownloadProgressChangedEventArgs.State">
      <summary>Ruft den Fortschrittszustand des Downloads ab.</summary>
      <returns>Ein <see cref="T:System.Deployment.Application.DeploymentProgressState" />-Wert, in dem beschrieben wird, welcher Teil der ClickOnce-Anwendung heruntergeladen wird.</returns>
    </member>
    <member name="P:System.Deployment.Application.DownloadProgressChangedEventArgs.TotalBytesToDownload">
      <summary>Ruft die Gesamtzahl von Bytes für den Downloadvorgang ab.</summary>
      <returns>Ein <see cref="T:System.Int64" />, der die Gesamtgröße des Downloads in Bytes darstellt.</returns>
    </member>
    <member name="T:System.Deployment.Application.GetManifestCompletedEventArgs">
      <summary>Stellt Daten für das <see cref="E:System.Deployment.Application.InPlaceHostingManager.GetManifestCompleted" />-Ereignis von <see cref="T:System.Deployment.Application.InPlaceHostingManager" /> bereit.</summary>
    </member>
    <member name="P:System.Deployment.Application.GetManifestCompletedEventArgs.ActivationContext">
      <summary>Ruft den Kontext für die aktuelle ClickOnce-Anwendung ab.</summary>
      <returns>Ein <see cref="T:System.ActivationContext" />-Objekt, das den Kontext für die aktuelle Anwendung darstellt.</returns>
    </member>
    <member name="P:System.Deployment.Application.GetManifestCompletedEventArgs.ApplicationIdentity">
      <summary>Ruft eine Beschreibung der ClickOnce-Anwendung ab.</summary>
      <returns>Ein <see cref="T:System.ApplicationIdentity" />-Objekt.</returns>
    </member>
    <member name="P:System.Deployment.Application.GetManifestCompletedEventArgs.ApplicationManifest">
      <summary>Ruft das ClickOnce-Anwendungsmanifest für diese Bereitstellung ab.</summary>
      <returns>Ein <see cref="T:System.Xml.XmlReader" />, der das Anwendungsmanifest darstellt.</returns>
    </member>
    <member name="P:System.Deployment.Application.GetManifestCompletedEventArgs.DeploymentManifest">
      <summary>Ruft das ClickOnce-Bereitstellungsmanifest für diese Bereitstellung ab.</summary>
      <returns>Ein <see cref="T:System.Xml.XmlReader" />, der das Bereitstellungsmanifest darstellt.</returns>
    </member>
    <member name="P:System.Deployment.Application.GetManifestCompletedEventArgs.IsCached">
      <summary>Ruft einen Wert ab, der angibt, ob diese ClickOnce-Anwendung zwischengespeichert wird.</summary>
      <returns>true, wenn die Anwendung zwischengespeichert wird, andernfalls false.</returns>
    </member>
    <member name="P:System.Deployment.Application.GetManifestCompletedEventArgs.LogFilePath">
      <summary>Ruft den Speicherort des ClickOnce-Fehlerprotokolls ab.</summary>
      <returns>Ein <see cref="T:System.String" />, der den Speicherort des ClickOnce-Fehlerprotokolls enthält.</returns>
    </member>
    <member name="P:System.Deployment.Application.GetManifestCompletedEventArgs.ProductName">
      <summary>Ruft den Namen der ClickOnce-Anwendung ab.</summary>
      <returns>Ein <see cref="T:System.String" />, der den Produktnamen der ClickOnce-Anwendung darstellt, wie er in den Assemblymetadaten der zentralen ausführbaren Datei der Anwendung gespeichert ist.</returns>
    </member>
    <member name="P:System.Deployment.Application.GetManifestCompletedEventArgs.SubscriptionIdentity">
      <summary>Ruft eine Zeichenfolge ab, die das Abonnement angibt.</summary>
      <returns>Eine Zeichenfolge mit Informationen zum Identifizieren des Abonnements.</returns>
    </member>
    <member name="P:System.Deployment.Application.GetManifestCompletedEventArgs.SupportUri">
      <summary>Ruft den Speicherort einer Webseite ab, auf der Benutzer Produktunterstützung für die ClickOnce-Anwendung erhalten.</summary>
      <returns>Ein <see cref="T:System.Uri" />, der den Wert enthält, der im supportUrl-Attribut des &lt;description&gt;-Tags für das Bereitstellungsmanifest gefunden wurde. Weitere Informationen finden Sie unter ClickOnce-Bereitstellungsmanifest.</returns>
    </member>
    <member name="P:System.Deployment.Application.GetManifestCompletedEventArgs.Version">
      <summary>Ruft die Version des Updates für die ClickOnce-Anwendung ab.</summary>
      <returns>Eine <see cref="T:System.Version" />, die die im heruntergeladenen Manifest enthaltene Versionsnummer darstellt.</returns>
    </member>
    <member name="T:System.Deployment.Application.InPlaceHostingManager">
      <summary>Installiert oder aktualisiert eine ClickOnce-Bereitstellung auf einem Computer.</summary>
    </member>
    <member name="M:System.Deployment.Application.InPlaceHostingManager.#ctor(System.Uri)">
      <summary>Erstellt eine neue Instanz von <see cref="T:System.Deployment.Application.InPlaceHostingManager" />, um die angegebene im Browser gehostete Anwendung herunterzuladen und zu installieren.</summary>
      <param name="deploymentManifest">Ein <see cref="T:System.Uri" /> (Uniform Resource Identifier) für das Bereitstellungsmanifest einer ClickOnce-Anwendung.</param>
      <exception cref="T:System.PlatformNotSupportedException">
        <see cref="T:System.Deployment.Application.InPlaceHostingManager" /> kann nur unter Windows XP oder höheren Versionen des Windows-Betriebssystems verwendet werden.</exception>
      <exception cref="T:System.ArgumentNullException">null kann für das <paramref name="deploymentManifest" />-Argument nicht übergeben werden.</exception>
      <exception cref="T:System.ArgumentException">
        <paramref name="deploymentManifest" /> verwendet ein URI-Schema, das von ClickOnce nicht unterstützt wird.</exception>
    </member>
    <member name="M:System.Deployment.Application.InPlaceHostingManager.#ctor(System.Uri,System.Boolean)">
      <summary>Erstellt eine neue Instanz von <see cref="T:System.Deployment.Application.InPlaceHostingManager" />, um die angegebene Anwendung herunterzuladen und zu installieren. Diese kann eigenständig sein und auf Windows Forms beruhen oder aber in einem Webbrowser gehostet werden.</summary>
      <param name="deploymentManifest">Der URI (Uniform Resource Identifier) für das Bereitstellungsmanifest der zu installierenden Anwendung.</param>
      <param name="launchInHostProcess">Gibt an, ob diese Anwendung in einem Host ausgeführt wird, z. B. einem Webbrowser. Legen Sie diesen Wert für eine eigenständige Anwendung auf false fest.</param>
      <exception cref="T:System.PlatformNotSupportedException">
        <see cref="T:System.Deployment.Application.InPlaceHostingManager" /> kann nur unter Windows XP oder höheren Versionen des Windows-Betriebssystems verwendet werden.</exception>
      <exception cref="T:System.ArgumentNullException">null kann für das <paramref name="deploymentManifest" />-Argument nicht übergeben werden.</exception>
      <exception cref="T:System.ArgumentException">
        <paramref name="deploymentManifest" /> verwendet ein URI-Schema, das von ClickOnce nicht unterstützt wird.</exception>
    </member>
    <member name="M:System.Deployment.Application.InPlaceHostingManager.AssertApplicationRequirements">
      <summary>Bestimmt, ob die ClickOnce-Anwendung die entsprechenden Berechtigungen und Plattformabhängigkeiten hat, die zur Ausführung auf dem lokalen Computer erforderlich sind.</summary>
      <exception cref="T:System.InvalidOperationException">Wird ausgelöst, wenn diese Methode vor der <see cref="M:System.Deployment.Application.InPlaceHostingManager.GetManifestAsync" />-Methode aufgerufen wird.</exception>
    </member>
    <member name="M:System.Deployment.Application.InPlaceHostingManager.AssertApplicationRequirements(System.Boolean)">
      <summary>Bestimmt, ob die ClickOnce-Anwendung die entsprechenden Berechtigungen und Plattformabhängigkeiten hat, die zur Ausführung auf dem lokalen Computer erforderlich sind.</summary>
      <param name="grantApplicationTrust">Wenn der Wert true ist, versucht die Anwendung, ihre Berechtigungen auf die erforderliche Ebene zu erhöhen.</param>
    </member>
    <member name="M:System.Deployment.Application.InPlaceHostingManager.CancelAsync">
      <summary>Bricht einen asynchronen Downloadvorgang ab.</summary>
    </member>
    <member name="M:System.Deployment.Application.InPlaceHostingManager.Dispose">
      <summary>Gibt alle vom <see cref="T:System.Deployment.Application.InPlaceHostingManager" /> verwendeten Ressourcen frei.</summary>
    </member>
    <member name="M:System.Deployment.Application.InPlaceHostingManager.DownloadApplicationAsync">
      <summary>Lädt ein Anwendungsupdate im Hintergrund herunter.</summary>
      <exception cref="T:System.InvalidOperationException">Wird ausgelöst, wenn diese Methode vor der <see cref="M:System.Deployment.Application.InPlaceHostingManager.GetManifestAsync" />-Methode und der <see cref="M:System.Deployment.Application.InPlaceHostingManager.AssertApplicationRequirements" />-Methode aufgerufen wird.</exception>
    </member>
    <member name="E:System.Deployment.Application.InPlaceHostingManager.DownloadApplicationCompleted">
      <summary>Tritt auf, wenn die Anwendung vollständig auf den lokalen Computer heruntergeladen wurde.</summary>
    </member>
    <member name="E:System.Deployment.Application.InPlaceHostingManager.DownloadProgressChanged">
      <summary>Tritt ein, wenn es eine Änderung im Status eines Downloads einer Anwendung oder eines Manifests gibt.</summary>
    </member>
    <member name="M:System.Deployment.Application.InPlaceHostingManager.Execute">
      <summary>Startet die ClickOnce-Anwendung nur dann, wenn es sich dabei um eine Windows Presentation Foundation-basierte Anwendung handelt, die in einem Webbrowser ausgeführt wird.</summary>
      <returns>Ein <see cref="T:System.Runtime.Remoting.ObjectHandle" />, das der gestarteten Anwendung entspricht.</returns>
    </member>
    <member name="M:System.Deployment.Application.InPlaceHostingManager.GetManifestAsync">
      <summary>Lädt das Bereitstellungsmanifest der ClickOnce-Anwendung im Hintergrund herunter und löst ein Ereignis aus, wenn der Vorgang abgeschlossen wurde oder ein Fehler aufgetreten ist.</summary>
    </member>
    <member name="E:System.Deployment.Application.InPlaceHostingManager.GetManifestCompleted">
      <summary>Tritt auf, wenn das Bereitstellungsmanifest auf den lokalen Computer heruntergeladen wurde.</summary>
    </member>
    <member name="M:System.Deployment.Application.InPlaceHostingManager.UninstallCustomAddIn(System.String)">
      <summary>Entfernt eine zuvor installierte benutzerdefinierte Komponente einer Anwendung.</summary>
      <param name="subscriptionId">Eine Zeichenfolge mit einem Abonnementbezeichner, der das zu entfernende Add-In angibt.</param>
      <exception cref="T:System.ArgumentException">
        <paramref name="subscriptionId" /> ist keine gültige Abonnementidentität oder enthält keinen Namen, kein öffentliches Schlüsseltoken, keine Prozessorarchitektur und keine Versionsnummer.</exception>
      <exception cref="T:System.ArgumentNullException">
        <paramref name="subscriptionId" /> ist null.</exception>
    </member>
    <member name="M:System.Deployment.Application.InPlaceHostingManager.UninstallCustomUXApplication(System.String)">
      <summary>Entfernt eine ClickOnce-Anwendung, die das &lt;customUX&gt;-Element beinhaltet.</summary>
      <param name="subscriptionId">Eine Zeichenfolge mit einem Abonnementbezeichner, der die zu entfernende ClickOnce-Anwendung angibt.</param>
    </member>
    <member name="T:System.Deployment.Application.InvalidDeploymentException">
      <summary>Gibt an, dass ClickOnce weder die Bereitstellungs- noch die Anwendungsmanifeste lesen konnte.</summary>
    </member>
    <member name="M:System.Deployment.Application.InvalidDeploymentException.#ctor">
      <summary>Initialisiert eine neue Instanz der <see cref="T:System.Deployment.Application.InvalidDeploymentException" />-Klasse.</summary>
    </member>
    <member name="M:System.Deployment.Application.InvalidDeploymentException.#ctor(System.Runtime.Serialization.SerializationInfo,System.Runtime.Serialization.StreamingContext)">
      <summary>Initialisiert eine neue Instanz der <see cref="T:System.Deployment.Application.InvalidDeploymentException" />-Klasse.</summary>
      <param name="serializationInfo">Das Objekt, das die Daten des serialisierten Objekts enthält.</param>
      <param name="streamingContext">Die Kontextinformationen zur Quelle bzw. zum Ziel.</param>
    </member>
    <member name="M:System.Deployment.Application.InvalidDeploymentException.#ctor(System.String)">
      <summary>Initialisiert eine neue Instanz der <see cref="T:System.Deployment.Application.InvalidDeploymentException" />-Klasse mit der angegebenen Meldung, in der die Ausnahme beschrieben wird.</summary>
      <param name="message">Die Meldung, in der die Ausnahme beschrieben wird Der Aufrufer dieses Konstruktors muss sicherstellen, dass diese Zeichenfolge für die aktuelle Systemkultur lokalisiert wurde.</param>
    </member>
    <member name="M:System.Deployment.Application.InvalidDeploymentException.#ctor(System.String,System.Exception)">
      <summary>Initialisiert eine neue Instanz der <see cref="T:System.Deployment.Application.InvalidDeploymentException" />-Klasse.</summary>
      <param name="message">Die Meldung, in der die Ausnahme beschrieben wird Der Aufrufer dieses Konstruktors muss sicherstellen, dass diese Zeichenfolge für die aktuelle Systemkultur lokalisiert wurde.</param>
      <param name="innerException">Die Ausnahme, die die Ursache der aktuellen Ausnahme ist. Wenn der <paramref name="innerException" />-Parameter nicht null ist, wird die aktuelle Ausnahme in einem catch-Block ausgelöst, der die innere Ausnahme behandelt.</param>
    </member>
    <member name="T:System.Deployment.Application.SupportedRuntimeMissingException">
      <summary>Diese Ausnahme wird ausgelöst, wenn keine mit dieser Anwendung kompatible Laufzeitversion gefunden wurde.</summary>
    </member>
    <member name="M:System.Deployment.Application.SupportedRuntimeMissingException.#ctor">
      <summary>Initialisiert eine neue Instanz der <see cref="T:System.Deployment.Application.SupportedRuntimeMissingException" />-Klasse mit einer vom System generierten Meldung, die den Fehler beschreibt.</summary>
    </member>
    <member name="M:System.Deployment.Application.SupportedRuntimeMissingException.#ctor(System.Runtime.Serialization.SerializationInfo,System.Runtime.Serialization.StreamingContext)">
      <summary>Initialisiert eine neue Instanz der <see cref="T:System.Deployment.Application.SupportedRuntimeMissingException" />-Klasse mit serialisierten Daten.</summary>
      <param name="serializationInfo">Das Objekt, das die Daten des serialisierten Objekts enthält.</param>
      <param name="streamingContext">Die Kontextinformationen zur Quelle bzw. zum Ziel.</param>
    </member>
    <member name="M:System.Deployment.Application.SupportedRuntimeMissingException.#ctor(System.String)">
      <summary>Initialisiert eine neue Instanz der <see cref="T:System.Deployment.Application.SupportedRuntimeMissingException" />-Klasse mit einer angegebenen Meldung, die den Fehler beschreibt.</summary>
      <param name="message">Die Meldung, in der die Ausnahme beschrieben wird Der Aufrufer dieses Konstruktors muss sicherstellen, dass diese Zeichenfolge für die aktuelle Systemkultur lokalisiert wurde.</param>
    </member>
    <member name="M:System.Deployment.Application.SupportedRuntimeMissingException.#ctor(System.String,System.Exception)">
      <summary>Initialisiert eine neue Instanz der <see cref="T:System.Deployment.Application.SupportedRuntimeMissingException" />-Klasse mit einer angegebenen Fehlermeldung und einem Verweis auf die innere Ausnahme, die diese Ausnahme ausgelöst hat.</summary>
      <param name="message">Die Meldung, in der die Ausnahme beschrieben wird Der Aufrufer dieses Konstruktors muss sicherstellen, dass diese Zeichenfolge für die aktuelle Systemkultur lokalisiert wurde.</param>
      <param name="innerException">Die Ausnahme, die die Ursache der aktuellen Ausnahme ist. Wenn der <paramref name="innerException" />-Parameter nicht null ist, wird die aktuelle Ausnahme in einem catch-Block ausgelöst, der die innere Ausnahme behandelt.</param>
    </member>
    <member name="M:System.Deployment.Application.SupportedRuntimeMissingException.GetObjectData(System.Runtime.Serialization.SerializationInfo,System.Runtime.Serialization.StreamingContext)">
      <summary>Initialisiert eine neue Instanz der <see cref="T:System.Deployment.Application.SupportedRuntimeMissingException" />-Klasse mit serialisierten Daten.</summary>
      <param name="info">Das Objekt, das die Daten des serialisierten Objekts enthält.</param>
      <param name="context">Die Kontextinformationen zur Quelle bzw. zum Ziel.</param>
    </member>
    <member name="P:System.Deployment.Application.SupportedRuntimeMissingException.SupportedRuntimeVersion">
      <summary>Ruft die Version der Laufzeit ab, unter der diese Anwendung installiert und ausgeführt werden kann.</summary>
      <returns>Eine Zeichenfolge, die die Versionsnummer der Laufzeit enthält.</returns>
    </member>
    <member name="T:System.Deployment.Application.TrustNotGrantedException">
      <summary>Gibt an, dass die Anwendung nicht die zum Ausführen auf dem lokalen Computer geeignete Vertrauensebene aufweist.</summary>
    </member>
    <member name="M:System.Deployment.Application.TrustNotGrantedException.#ctor">
      <summary>Initialisiert eine neue Instanz der <see cref="T:System.Deployment.Application.TrustNotGrantedException" />-Klasse mit einer vom System generierten Meldung, die den Fehler beschreibt.</summary>
    </member>
    <member name="M:System.Deployment.Application.TrustNotGrantedException.#ctor(System.Runtime.Serialization.SerializationInfo,System.Runtime.Serialization.StreamingContext)">
      <summary>Initialisiert eine neue Instanz der <see cref="T:System.Deployment.Application.TrustNotGrantedException" />-Klasse mit serialisierten Daten.</summary>
      <param name="serializationInfo">Das Objekt, das die Daten des serialisierten Objekts enthält.</param>
      <param name="streamingContext">Die Kontextinformationen zur Quelle bzw. zum Ziel.</param>
    </member>
    <member name="M:System.Deployment.Application.TrustNotGrantedException.#ctor(System.String)">
      <summary>Initialisiert eine neue Instanz der <see cref="T:System.Deployment.Application.TrustNotGrantedException" />-Klasse mit einer angegebenen Meldung, die den Fehler beschreibt.</summary>
      <param name="message">Die Meldung, in der die Ausnahme beschrieben wird Der Aufrufer dieses Konstruktors muss sicherstellen, dass diese Zeichenfolge für die aktuelle Systemkultur lokalisiert wurde.</param>
    </member>
    <member name="M:System.Deployment.Application.TrustNotGrantedException.#ctor(System.String,System.Exception)">
      <summary>Initialisiert eine neue Instanz der <see cref="T:System.Deployment.Application.TrustNotGrantedException" />-Klasse mit einer angegebenen Fehlermeldung und einem Verweis auf die innere Ausnahme, die diese Ausnahme ausgelöst hat.</summary>
      <param name="message">Die Meldung, in der die Ausnahme beschrieben wird Der Aufrufer dieses Konstruktors muss sicherstellen, dass diese Zeichenfolge für die aktuelle Systemkultur lokalisiert wurde.</param>
      <param name="innerException">Die Ausnahme, die die Ursache der aktuellen Ausnahme ist. Wenn der <paramref name="innerException" />-Parameter nicht null ist, wird die aktuelle Ausnahme in einem catch-Block ausgelöst, der die innere Ausnahme behandelt.</param>
    </member>
    <member name="T:System.Deployment.Application.UpdateCheckInfo">
      <summary>Stellt ausführliche, durch einen Aufruf von <see cref="M:System.Deployment.Application.ApplicationDeployment.CheckForDetailedUpdate" /> erhaltene Updateinformationen dar.</summary>
    </member>
    <member name="P:System.Deployment.Application.UpdateCheckInfo.AvailableVersion">
      <summary>Ruft die Versionsnummer der letzten deinstallierten Version ab.</summary>
      <returns>Die <see cref="T:System.Version" /> gibt Haupt- und Nebenbuildnummer sowie die Revisionsnummer der neuesten Version an.</returns>
    </member>
    <member name="P:System.Deployment.Application.UpdateCheckInfo.IsUpdateRequired">
      <summary>Ruft einen Wert ab, der angibt, ob das Update installiert werden muss.</summary>
      <returns>true, wenn das Update erforderlich ist, andernfalls false.</returns>
    </member>
    <member name="P:System.Deployment.Application.UpdateCheckInfo.MinimumRequiredVersion">
      <summary>Ruft die minimale Version ab, die der Benutzer auf dem Computer installiert haben muss.</summary>
      <returns>Eine <see cref="T:System.Version" />, die die Version ausdrückt, die der Benutzer mindestens installieren muss.</returns>
      <exception cref="T:System.InvalidOperationException">Es ist keine neue Version zum Installieren verfügbar.</exception>
    </member>
    <member name="P:System.Deployment.Application.UpdateCheckInfo.UpdateAvailable">
      <summary>Ruft ab, ob ein deinstalliertes Update verfügbar ist.</summary>
      <returns>true, wenn neue Version der Anwendung verfügbar ist; andernfalls false.</returns>
    </member>
    <member name="P:System.Deployment.Application.UpdateCheckInfo.UpdateSizeBytes">
      <summary>Ruft die Größe des verfügbaren Updates ab.</summary>
      <returns>Ein <see cref="T:System.Int64" />, der die Größe des verfügbaren Updates in Bytes beschreibt. Wenn kein Update verfügbar ist, wird 0 (null) zurückgegeben.</returns>
    </member>
    <member name="T:System.Deployment.Internal.CodeSigning.RSAPKCS1SHA256SignatureDescription">
      <summary>Erstellt <see cref="T:System.Security.Cryptography.RSAPKCS1SignatureFormatter" />- und <see cref="T:System.Security.Cryptography.RSAPKCS1SignatureDeformatter" />-Objekte.</summary>
    </member>
    <member name="M:System.Deployment.Internal.CodeSigning.RSAPKCS1SHA256SignatureDescription.#ctor">
      <summary>Initialisiert eine neue Instanz der <see cref="T:System.Deployment.Internal.CodeSigning.RSAPKCS1SHA256SignatureDescription" />-Klasse.</summary>
    </member>
    <member name="M:System.Deployment.Internal.CodeSigning.RSAPKCS1SHA256SignatureDescription.CreateDeformatter(System.Security.Cryptography.AsymmetricAlgorithm)">
      <summary>Erstellt eine asymmetrische Signaturdeformatierungsprogramm-Instanz, die über den angegebenen Schlüssel verfügt.</summary>
      <returns>Ein asymmetrisches Signaturdeformatierungsprogramm-Objekt.</returns>
      <param name="key">Der im Deformatierer zu verwendende Schlüssel.</param>
    </member>
    <member name="M:System.Deployment.Internal.CodeSigning.RSAPKCS1SHA256SignatureDescription.CreateFormatter(System.Security.Cryptography.AsymmetricAlgorithm)">
      <summary>Erstellt eine asymmetrische Signaturformatierungsprogramm-Instanz, die über den angegebenen Schlüssel verfügt.</summary>
      <returns>Ein asymmetrisches Signaturformatierungsprogramm-Objekt.</returns>
      <param name="key">Der im Formatter zu verwendende Schlüssel.</param>
    </member>
  </members>
</doc>