﻿<?xml version="1.0" encoding="utf-8"?>
<doc>
  <assembly>
    <name>System.Web.ApplicationServices</name>
  </assembly>
  <members>
    <member name="T:System.Web.Configuration.MembershipPasswordCompatibilityMode">
      <summary>Listet die Kennwortkompatibilitätsmodi für ASP.NET-Mitgliedschaft auf.</summary>
    </member>
    <member name="F:System.Web.Configuration.MembershipPasswordCompatibilityMode.Framework20">
      <summary>Kennwörter befinden sich im ASP.NET 2.0-Modus.</summary>
    </member>
    <member name="F:System.Web.Configuration.MembershipPasswordCompatibilityMode.Framework40">
      <summary>Kennwörter befinden sich im ASP.NET 4-Modus.</summary>
    </member>
    <member name="T:System.Web.Hosting.CustomLoaderAttribute">
      <summary>[Wird nur im .NET Framework 4.5.1 und höheren Versionen unterstützt] Stellt ein benutzerdefinierte Ladeprogramm für ASP.NET bereit, so dass eine Anwendung eine eigene Implementierung der Hostumgebung bereitstellen kann.</summary>
    </member>
    <member name="M:System.Web.Hosting.CustomLoaderAttribute.#ctor(System.Type)">
      <summary>[Wird nur im .NET Framework 4.5.1 und höheren Versionen unterstützt] Initialisiert eine neue Instanz der <see cref="T:System.Web.Hosting.CustomLoaderAttribute" />-Klasse.</summary>
    </member>
    <member name="P:System.Web.Hosting.CustomLoaderAttribute.CustomLoaderType">
      <summary>[Wird nur im .NET Framework 4.5.1 und höheren Versionen unterstützt] Ruft den Typ des benutzerdefinierten Ladeprogramms ab.</summary>
      <returns>Der Typ des benutzerdefinierten Ladeprogramms.</returns>
    </member>
    <member name="T:System.Web.Security.MembershipCreateStatus">
      <summary>Beschreibt das Ergebnis eines <see cref="M:System.Web.Security.Membership.CreateUser(System.String,System.String)" />-Vorgangs.</summary>
    </member>
    <member name="F:System.Web.Security.MembershipCreateStatus.DuplicateEmail">
      <summary>Die E-Mail-Adresse ist bereits in der Datenbank für die Anwendung vorhanden.</summary>
    </member>
    <member name="F:System.Web.Security.MembershipCreateStatus.DuplicateProviderUserKey">
      <summary>Der Benutzerschlüssel des Anbieters ist in der Datenbank für die Anwendung bereits vorhanden.</summary>
    </member>
    <member name="F:System.Web.Security.MembershipCreateStatus.DuplicateUserName">
      <summary>Der Benutzername ist bereits in der Datenbank für die Anwendung vorhanden.</summary>
    </member>
    <member name="F:System.Web.Security.MembershipCreateStatus.InvalidAnswer">
      <summary>Die Kennwortantwort ist nicht ordnungsgemäß formatiert.</summary>
    </member>
    <member name="F:System.Web.Security.MembershipCreateStatus.InvalidEmail">
      <summary>Die E-Mail-Adresse ist nicht ordnungsgemäß formatiert.</summary>
    </member>
    <member name="F:System.Web.Security.MembershipCreateStatus.InvalidPassword">
      <summary>Das Kennwort ist nicht ordnungsgemäß formatiert.</summary>
    </member>
    <member name="F:System.Web.Security.MembershipCreateStatus.InvalidProviderUserKey">
      <summary>Der Benutzerschlüssel des Anbieters weist einen ungültigen Typ auf, oder er besitzt ein ungültiges Format.</summary>
    </member>
    <member name="F:System.Web.Security.MembershipCreateStatus.InvalidQuestion">
      <summary>Die Kennwortfrage ist nicht ordnungsgemäß formatiert.</summary>
    </member>
    <member name="F:System.Web.Security.MembershipCreateStatus.InvalidUserName">
      <summary>Der Benutzername wurde in der Datenbank nicht gefunden.</summary>
    </member>
    <member name="F:System.Web.Security.MembershipCreateStatus.ProviderError">
      <summary>Der Anbieter hat einen Fehler zurückgegeben, der nicht durch andere <see cref="T:System.Web.Security.MembershipCreateStatus" />-Enumerationswerte beschrieben wird.</summary>
    </member>
    <member name="F:System.Web.Security.MembershipCreateStatus.Success">
      <summary>Der Benutzer wurde erfolgreich erstellt.</summary>
    </member>
    <member name="F:System.Web.Security.MembershipCreateStatus.UserRejected">
      <summary>Der Benutzer wurde aus einem vom Anbieter definierten Grund nicht erstellt.</summary>
    </member>
    <member name="T:System.Web.Security.MembershipCreateUserException">
      <summary>Diese Ausnahme wird ausgelöst, wenn ein Benutzer nicht erfolgreich von einem Mitgliedschaftsanbieter erstellt wurde.</summary>
    </member>
    <member name="M:System.Web.Security.MembershipCreateUserException.#ctor">
      <summary>Initialisiert eine neue Instanz der <see cref="T:System.Web.Security.MembershipCreateUserException" />-Klasse.</summary>
    </member>
    <member name="M:System.Web.Security.MembershipCreateUserException.#ctor(System.Runtime.Serialization.SerializationInfo,System.Runtime.Serialization.StreamingContext)">
      <summary>Initialisiert eine neue Instanz der <see cref="T:System.Web.Security.MembershipCreateUserException" />-Klasse mit den bereitgestellten Serialisierungsinformationen und dem bereitgestellten Kontext.</summary>
      <param name="info">Die <see cref="T:System.Runtime.Serialization.SerializationInfo" />, die die serialisierten Objektdaten für die ausgelöste Ausnahme enthält.</param>
      <param name="context">Der <see cref="T:System.Runtime.Serialization.StreamingContext" />, der die Kontextinformationen über die Quelle oder das Ziel enthält.</param>
    </member>
    <member name="M:System.Web.Security.MembershipCreateUserException.#ctor(System.String)">
      <summary>Initialisiert eine neue Instanz der <see cref="T:System.Web.Security.MembershipCreateUserException" />-Klasse und legt die <see cref="P:System.Exception.Message" />-Eigenschaft auf den bereitgestellten <paramref name="message" />-Parameterwert fest.</summary>
      <param name="message">Eine Beschreibung des Grunds für die Ausnahme.</param>
    </member>
    <member name="M:System.Web.Security.MembershipCreateUserException.#ctor(System.String,System.Exception)">
      <summary>Initialisiert eine neue Instanz der <see cref="T:System.Web.Security.MembershipCreateUserException" />-Klasse und legt die <see cref="P:System.Exception.Message" />-Eigenschaft auf die bereitgestellte <paramref name="message" /> und die <see cref="P:System.Exception.InnerException" />-Eigenschaft auf die bereitgestellte <paramref name="innerException" /> fest.</summary>
      <param name="message">Eine Beschreibung des Grunds für die Ausnahme.</param>
      <param name="innerException">Die Ausnahme, die <see cref="T:System.Web.Security.MembershipCreateUserException" /> verursacht hat.</param>
    </member>
    <member name="M:System.Web.Security.MembershipCreateUserException.#ctor(System.Web.Security.MembershipCreateStatus)">
      <summary>Initialisiert eine neue Instanz der <see cref="T:System.Web.Security.MembershipCreateUserException" />-Klasse mit dem angegebenen <see cref="P:System.Web.Security.MembershipCreateUserException.StatusCode" />-Wert.</summary>
      <param name="statusCode">Ein <see cref="T:System.Web.Security.MembershipCreateStatus" />-Enumerationswert, der den Grund für die Ausnahme beschreibt.</param>
    </member>
    <member name="M:System.Web.Security.MembershipCreateUserException.GetObjectData(System.Runtime.Serialization.SerializationInfo,System.Runtime.Serialization.StreamingContext)">
      <summary>Füllt eine <see cref="T:System.Runtime.Serialization.SerializationInfo" /> mit den Daten auf, die zum Serialisieren des Zielobjekts erforderlich sind.</summary>
      <param name="info">Die mit Daten zu füllende <see cref="T:System.Runtime.Serialization.SerializationInfo" />.</param>
      <param name="context">Ein <see cref="T:System.Runtime.Serialization.StreamingContext" />, der das Ziel für diese Serialisierung angibt.</param>
    </member>
    <member name="P:System.Web.Security.MembershipCreateUserException.StatusCode">
      <summary>Ruft eine Beschreibung des Grundes für die Ausnahme ab.</summary>
      <returns>Ein <see cref="T:System.Web.Security.MembershipCreateStatus" />-Enumerationswert, der den Grund für die Ausnahme beschreibt.</returns>
    </member>
    <member name="T:System.Web.Security.MembershipPasswordException">
      <summary>Diese Ausnahme wird ausgelöst, wenn ein Kennwort nicht vom Kennwortspeicher abgerufen werden kann.</summary>
    </member>
    <member name="M:System.Web.Security.MembershipPasswordException.#ctor">
      <summary>Initialisiert eine neue Instanz der <see cref="T:System.Web.Security.MembershipPasswordException" />-Klasse. </summary>
    </member>
    <member name="M:System.Web.Security.MembershipPasswordException.#ctor(System.Runtime.Serialization.SerializationInfo,System.Runtime.Serialization.StreamingContext)">
      <summary>Initialisiert eine neue Instanz der <see cref="T:System.Web.Security.MembershipPasswordException" />-Klasse mit den bereitgestellten Serialisierungsinformationen und dem bereitgestellten Kontext. </summary>
      <param name="info">Die <see cref="T:System.Runtime.Serialization.SerializationInfo" />, die die serialisierten Objektdaten für die ausgelöste Ausnahme enthält.</param>
      <param name="context">Der <see cref="T:System.Runtime.Serialization.StreamingContext" />, der die Kontextinformationen über die Quelle oder das Ziel enthält.</param>
    </member>
    <member name="M:System.Web.Security.MembershipPasswordException.#ctor(System.String)">
      <summary>Initialisiert eine neue Instanz der <see cref="T:System.Web.Security.MembershipPasswordException" />-Klasse und legt die <see cref="P:System.Exception.Message" />-Eigenschaft auf die bereitgestellte <paramref name="message" /> fest.</summary>
      <param name="message">Eine Beschreibung des Grunds für die Ausnahme.</param>
    </member>
    <member name="M:System.Web.Security.MembershipPasswordException.#ctor(System.String,System.Exception)">
      <summary>Initialisiert eine neue Instanz der <see cref="T:System.Web.Security.MembershipPasswordException" />-Klasse und legt die <see cref="P:System.Exception.Message" />-Eigenschaft auf die bereitgestellte <paramref name="message" /> und die <see cref="P:System.Exception.InnerException" />-Eigenschaft auf die bereitgestellte <paramref name="innerException" /> fest.</summary>
      <param name="message">Eine Beschreibung des Grunds für die Ausnahme.</param>
      <param name="innerException">Die Ausnahme, die die <see cref="T:System.Web.Security.MembershipPasswordException" /> verursacht hat.</param>
    </member>
    <member name="T:System.Web.Security.MembershipPasswordFormat">
      <summary>Beschreibt das Verschlüsselungsformat für das Speichern von Kennwörtern für Mitgliedschaftsbenutzer.</summary>
    </member>
    <member name="F:System.Web.Security.MembershipPasswordFormat.Clear">
      <summary>Kennwörter werden nicht verschlüsselt.</summary>
    </member>
    <member name="F:System.Web.Security.MembershipPasswordFormat.Encrypted">
      <summary>Kennwörter werden mit den von der machineKey-Element (ASP.NET-Einstellungsschema)-Elementkonfiguration bestimmten Verschlüsselungseinstellungen verschlüsselt.</summary>
    </member>
    <member name="F:System.Web.Security.MembershipPasswordFormat.Hashed">
      <summary>Kennwörter werden mit dem SHA1-Hashalgorithmus unidirektional verschlüsselt.</summary>
    </member>
    <member name="T:System.Web.Security.MembershipProvider">
      <summary>Definiert den Vertrag, den ASP.NET implementiert, um Mitgliedschaftsdienste mit benutzerdefinierten Mitgliedschaftsanbietern bereitzustellen.</summary>
    </member>
    <member name="M:System.Web.Security.MembershipProvider.#ctor">
      <summary>Initialisiert eine neue Instanz der <see cref="T:System.Web.Security.MembershipProvider" />-Klasse.</summary>
    </member>
    <member name="P:System.Web.Security.MembershipProvider.ApplicationName">
      <summary>Der Name der Anwendung, die den benutzerdefinierten Mitgliedschaftsanbieter verwendet.</summary>
      <returns>Der Name der Anwendung, die den benutzerdefinierten Mitgliedschaftsanbieter verwendet.</returns>
    </member>
    <member name="M:System.Web.Security.MembershipProvider.ChangePassword(System.String,System.String,System.String)">
      <summary>Verarbeitet eine Anforderung zum Aktualisieren des Kennworts für einen Mitgliedschaftsbenutzer.</summary>
      <returns>true, wenn das Kennwort erfolgreich aktualisiert wurde, andernfalls false.</returns>
      <param name="username">Der Benutzer, dessen Kennwort aktualisiert werden soll. </param>
      <param name="oldPassword">Das aktuelle Kennwort für den angegebenen Benutzer. </param>
      <param name="newPassword">Das neue Kennwort für den angegebenen Benutzer. </param>
    </member>
    <member name="M:System.Web.Security.MembershipProvider.ChangePasswordQuestionAndAnswer(System.String,System.String,System.String,System.String)">
      <summary>Verarbeitet eine Anforderung zum Aktualisieren der Kennwortfrage und -antwort für einen Mitgliedschaftsbenutzer.</summary>
      <returns>true, wenn Kennwortfrage und -antwort erfolgreich aktualisiert wurden, andernfalls false.</returns>
      <param name="username">Der Benutzer, für den die Kennwortfrage und -antwort geändert werden sollen. </param>
      <param name="password">Das Kennwort für den angegebenen Benutzer. </param>
      <param name="newPasswordQuestion">Die neue Kennwortfrage für den angegebenen Benutzer. </param>
      <param name="newPasswordAnswer">Die neue Kennwortantwort für den angegebenen Benutzer. </param>
    </member>
    <member name="M:System.Web.Security.MembershipProvider.CreateUser(System.String,System.String,System.String,System.String,System.String,System.Boolean,System.Object,System.Web.Security.MembershipCreateStatus@)">
      <summary>Fügt der Datenquelle einen neuen Mitgliedschaftsbenutzer hinzu.</summary>
      <returns>Ein <see cref="T:System.Web.Security.MembershipUser" />-Objekt, das die Informationen für den neu erstellten Benutzer enthält.</returns>
      <param name="username">Der Benutzername für den neuen Benutzer. </param>
      <param name="password">Das Kennwort für den neuen Benutzer. </param>
      <param name="email">Die E-Mail-Adresse für den neuen Benutzer.</param>
      <param name="passwordQuestion">Die Kennwortfrage für den neuen Benutzer.</param>
      <param name="passwordAnswer">Die Kennwortantwort für den neuen Benutzer.</param>
      <param name="isApproved">Gibt an, ob der neue Benutzer für die Überprüfung zugelassen ist.</param>
      <param name="providerUserKey">Der eindeutige Bezeichner für den Benutzer aus der Mitgliedschaftsdatenquelle.</param>
      <param name="status">Ein <see cref="T:System.Web.Security.MembershipCreateStatus" />-Enumerationswert, der angibt, ob der Benutzer erfolgreich erstellt wurde.</param>
    </member>
    <member name="M:System.Web.Security.MembershipProvider.DecryptPassword(System.Byte[])">
      <summary>Entschlüsselt ein verschlüsseltes Kennwort.</summary>
      <returns>Ein Bytearray, das das entschlüsselte Kennwort enthält.</returns>
      <param name="encodedPassword">Ein Bytearray, das das zu entschlüsselnde verschlüsselte Kennwort enthält.</param>
      <exception cref="T:System.Configuration.Provider.ProviderException">Die <see cref="P:System.Web.Configuration.MachineKeySection.ValidationKey" />-Eigenschaft oder die <see cref="P:System.Web.Configuration.MachineKeySection.DecryptionKey" />-Eigenschaft ist auf AutoGenerate festgelegt.</exception>
      <exception cref="T:System.PlatformNotSupportedException">Diese Methode ist nicht verfügbar.Dies kann auftreten, wenn die Anwendung auf den .NET Framework 4 Client Profile abzielt.Um diese Ausnahme zu verhindern, überschreiben Sie die Methode, oder ändern Sie die Anwendung, um auf die Vollversion von .NET Framework abzuzielen.</exception>
    </member>
    <member name="M:System.Web.Security.MembershipProvider.DeleteUser(System.String,System.Boolean)">
      <summary>Entfernt einen Benutzer aus der Mitgliedschaftsdatenquelle. </summary>
      <returns>true, wenn der Benutzer erfolgreich gelöscht wurde, andernfalls false.</returns>
      <param name="username">Der Name des zu löschenden Benutzers.</param>
      <param name="deleteAllRelatedData">true, um die benutzerspezifischen Daten aus der Datenbank zu löschen; false, um die benutzerspezifischen Daten in der Datenbank zu belassen.</param>
    </member>
    <member name="P:System.Web.Security.MembershipProvider.EnablePasswordReset">
      <summary>Gibt an, ob der Mitgliedschaftsanbieter so konfiguriert ist, dass Benutzer ihre Kennwörter zurücksetzen können.</summary>
      <returns>true, wenn der Mitgliedschaftsanbieter das Zurücksetzen von Kennwörtern unterstützt, andernfalls false.Die Standardeinstellung ist true.</returns>
    </member>
    <member name="P:System.Web.Security.MembershipProvider.EnablePasswordRetrieval">
      <summary>Gibt an, ob der Mitgliedschaftsanbieter so konfiguriert ist, dass Benutzer ihre Kennwörter abrufen können.</summary>
      <returns>true, wenn der Mitgliedschaftsanbieter so konfiguriert ist, dass das Abrufen von Kennwörtern unterstützt wird, andernfalls false.Die Standardeinstellung ist false.</returns>
    </member>
    <member name="M:System.Web.Security.MembershipProvider.EncryptPassword(System.Byte[])">
      <summary>Verschlüsselt ein Kennwort.</summary>
      <returns>Ein Bytearray, das das verschlüsselte Kennwort enthält.</returns>
      <param name="password">Ein Bytearray, das das zu verschlüsselnde Kennwort enthält.</param>
      <exception cref="T:System.Configuration.Provider.ProviderException">Die <see cref="P:System.Web.Configuration.MachineKeySection.ValidationKey" />-Eigenschaft oder die <see cref="P:System.Web.Configuration.MachineKeySection.DecryptionKey" />-Eigenschaft ist auf AutoGenerate festgelegt.</exception>
      <exception cref="T:System.PlatformNotSupportedException">Diese Methode ist nicht verfügbar.Dies kann auftreten, wenn die Anwendung auf den .NET Framework 4 Client Profile abzielt.Um diese Ausnahme zu verhindern, überschreiben Sie die Methode, oder ändern Sie die Anwendung, um auf die Vollversion von .NET Framework abzuzielen.</exception>
    </member>
    <member name="M:System.Web.Security.MembershipProvider.EncryptPassword(System.Byte[],System.Web.Configuration.MembershipPasswordCompatibilityMode)">
      <summary>Verschlüsselt das angegebene Kennwort mithilfe des angegebenen Kennwortkompatibilitätsmodus.</summary>
      <returns>Ein Bytearray, das das verschlüsselte Kennwort enthält.</returns>
      <param name="password">Ein Bytearray, das das zu verschlüsselnde Kennwort enthält.</param>
      <param name="legacyPasswordCompatibilityMode">Der Kompatibilitätsmodus für Mitgliedschaftskennwörter.</param>
      <exception cref="T:System.Configuration.Provider.ProviderException">Die <see cref="P:System.Web.Configuration.MachineKeySection.ValidationKey" />-Eigenschaft oder die <see cref="P:System.Web.Configuration.MachineKeySection.DecryptionKey" />-Eigenschaft ist auf AutoGenerate festgelegt.</exception>
      <exception cref="T:System.PlatformNotSupportedException">Diese Methode ist nicht verfügbar.Dies kann auftreten, wenn die Anwendung auf den .NET Framework 4 Client Profile abzielt.Um diese Ausnahme zu verhindern, überschreiben Sie die Methode, oder ändern Sie die Anwendung, um auf die Vollversion von .NET Framework abzuzielen.</exception>
    </member>
    <member name="M:System.Web.Security.MembershipProvider.FindUsersByEmail(System.String,System.Int32,System.Int32,System.Int32@)">
      <summary>Ruft eine Auflistung der Mitgliedschaftsbenutzer ab, deren E-Mail-Adresse die angegebene Vergleichs-E-Mail-Adresse enthält.</summary>
      <returns>Eine <see cref="T:System.Web.Security.MembershipUserCollection" />-Auflistung, die eine Seite mit <paramref name="pageSize" /><see cref="T:System.Web.Security.MembershipUser" />-Objekten enthält, die auf der mit <paramref name="pageIndex" /> angegebenen Seite beginnen.</returns>
      <param name="emailToMatch">Die gesuchte E-Mail-Adresse.</param>
      <param name="pageIndex">Der Index der zurückgegebenen Ergebnisseite.<paramref name="pageIndex" /> ist nullbasiert.</param>
      <param name="pageSize">Die Größe der zurückzugebenden Ergebnisseite.</param>
      <param name="totalRecords">Die Gesamtanzahl der übereinstimmenden Benutzer.</param>
    </member>
    <member name="M:System.Web.Security.MembershipProvider.FindUsersByName(System.String,System.Int32,System.Int32,System.Int32@)">
      <summary>Ruft eine Auflistung von Mitgliedschaftsbenutzern ab, deren Benutzername den angegebenen Vergleichsbenutzernamen enthält.</summary>
      <returns>Eine <see cref="T:System.Web.Security.MembershipUserCollection" />-Auflistung, die eine Seite mit <paramref name="pageSize" /><see cref="T:System.Web.Security.MembershipUser" />-Objekten enthält, die auf der mit <paramref name="pageIndex" /> angegebenen Seite beginnen.</returns>
      <param name="usernameToMatch">Der zu suchende Benutzername.</param>
      <param name="pageIndex">Der Index der zurückgegebenen Ergebnisseite.<paramref name="pageIndex" /> ist nullbasiert.</param>
      <param name="pageSize">Die Größe der zurückzugebenden Ergebnisseite.</param>
      <param name="totalRecords">Die Gesamtanzahl der übereinstimmenden Benutzer.</param>
    </member>
    <member name="M:System.Web.Security.MembershipProvider.GetAllUsers(System.Int32,System.Int32,System.Int32@)">
      <summary>Ruft eine Auflistung aller Benutzer in der Datenquelle in Datenseiten ab.</summary>
      <returns>Eine <see cref="T:System.Web.Security.MembershipUserCollection" />-Auflistung, die eine Seite mit <paramref name="pageSize" /><see cref="T:System.Web.Security.MembershipUser" />-Objekten enthält, die auf der mit <paramref name="pageIndex" /> angegebenen Seite beginnen.</returns>
      <param name="pageIndex">Der Index der zurückgegebenen Ergebnisseite.<paramref name="pageIndex" /> ist nullbasiert.</param>
      <param name="pageSize">Die Größe der zurückzugebenden Ergebnisseite.</param>
      <param name="totalRecords">Die Gesamtanzahl der übereinstimmenden Benutzer.</param>
    </member>
    <member name="M:System.Web.Security.MembershipProvider.GetNumberOfUsersOnline">
      <summary>Ruft die Anzahl der Benutzer ab, die gegenwärtig auf die Anwendung zugreifen.</summary>
      <returns>Die Anzahl der Benutzer, die gegenwärtig auf die Anwendung zugreifen.</returns>
    </member>
    <member name="M:System.Web.Security.MembershipProvider.GetPassword(System.String,System.String)">
      <summary>Ruft das Kennwort für den angegebenen Benutzernamen aus der Datenquelle ab.</summary>
      <returns>Das Kennwort für den angegebenen Benutzernamen.</returns>
      <param name="username">Der Benutzer, dessen Kennwort abgerufen werden soll. </param>
      <param name="answer">Die Kennwortantwort für den Benutzer. </param>
    </member>
    <member name="M:System.Web.Security.MembershipProvider.GetUser(System.Object,System.Boolean)">
      <summary>Ruft Benutzerinformationen aus der Datenquelle auf Grundlage des eindeutigen Bezeichners für den Mitgliedschaftsbenutzer ab.Stellt eine Option zum Aktualisieren des Datums-/Zeitstempels der letzten Aktivität des Benutzers bereit.</summary>
      <returns>Ein mit den Informationen des angegebenen Benutzers aus der Datenquelle aufgefülltes <see cref="T:System.Web.Security.MembershipUser" />-Objekt.</returns>
      <param name="providerUserKey">Der eindeutige Bezeichner für den Mitgliedschaftsbenutzer, für den Informationen abgerufen werden sollen.</param>
      <param name="userIsOnline">true, um den Datums-/Zeitstempel der letzten Aktivität des Benutzers zu aktualisieren; false, um Benutzerinformationen ohne Aktualisierung des Datums-/Zeitstempels der letzten Aktivität des Benutzers zurückzugeben.</param>
    </member>
    <member name="M:System.Web.Security.MembershipProvider.GetUser(System.String,System.Boolean)">
      <summary>Ruft Informationen für einen Benutzer aus der Datenquelle ab.Stellt eine Option zum Aktualisieren des Datums-/Zeitstempels der letzten Aktivität des Benutzers bereit.</summary>
      <returns>Ein mit den Informationen des angegebenen Benutzers aus der Datenquelle aufgefülltes <see cref="T:System.Web.Security.MembershipUser" />-Objekt.</returns>
      <param name="username">Der Name des Benutzers, für den Informationen abgerufen werden sollen. </param>
      <param name="userIsOnline">true, um den Datums-/Zeitstempel der letzten Aktivität des Benutzers zu aktualisieren; false, um Benutzerinformationen ohne Aktualisierung des Datums-/Zeitstempels der letzten Aktivität des Benutzers zurückzugeben. </param>
    </member>
    <member name="M:System.Web.Security.MembershipProvider.GetUserNameByEmail(System.String)">
      <summary>Ruft den der angegebenen E-Mail-Adresse zugeordneten Benutzernamen ab.</summary>
      <returns>Der der angegebenen E-Mail-Adresse zugeordnete Benutzername.Wenn keine Übereinstimmung gefunden wird, wird null zurückgegeben.</returns>
      <param name="email">Die gesuchte E-Mail-Adresse. </param>
    </member>
    <member name="P:System.Web.Security.MembershipProvider.MaxInvalidPasswordAttempts">
      <summary>Ruft die Anzahl der zulässigen ungültigen Kennworteingaben und Kennwortantworteingaben ab, bevor der Mitgliedschaftsbenutzer gesperrt wird.</summary>
      <returns>Die Anzahl der zulässigen ungültigen Kennworteingaben und Kennwortantworteingaben, bevor der Mitgliedschaftsbenutzer gesperrt wird.</returns>
    </member>
    <member name="P:System.Web.Security.MembershipProvider.MinRequiredNonAlphanumericCharacters">
      <summary>Ruft die Mindestanzahl der Sonderzeichen ab, die in einem gültigen Kennwort enthalten sein müssen.</summary>
      <returns>Die Mindestanzahl der Sonderzeichen, die in einem gültigen Kennwort enthalten sein müssen.</returns>
    </member>
    <member name="P:System.Web.Security.MembershipProvider.MinRequiredPasswordLength">
      <summary>Ruft die für ein Kennwort erforderliche Mindestlänge ab.</summary>
      <returns>Die für ein Kennwort erforderliche Mindestlänge. </returns>
    </member>
    <member name="M:System.Web.Security.MembershipProvider.OnValidatingPassword(System.Web.Security.ValidatePasswordEventArgs)">
      <summary>Löst das <see cref="E:System.Web.Security.MembershipProvider.ValidatingPassword" />-Ereignis aus, wenn ein Ereignishandler definiert wurde.</summary>
      <param name="e">Die an den <see cref="E:System.Web.Security.MembershipProvider.ValidatingPassword" />-Ereignishandler zu übergebende Instanz der <see cref="T:System.Web.Security.ValidatePasswordEventArgs" />-Klasse.</param>
    </member>
    <member name="P:System.Web.Security.MembershipProvider.PasswordAttemptWindow">
      <summary>Ruft die Anzahl der Minuten ab, in denen eine maximale Anzahl ungültiger Kennworteingaben und Kennwortantworteingaben zulässig ist, bevor der Mitgliedschaftsbenutzer gesperrt wird.</summary>
      <returns>Die Anzahl der Minuten, in denen eine maximale Anzahl ungültiger Kennworteingaben und Kennwortantworteingaben zulässig ist, bevor der Mitgliedschaftsbenutzer gesperrt wird.</returns>
    </member>
    <member name="P:System.Web.Security.MembershipProvider.PasswordFormat">
      <summary>Ruft einen Wert ab, der das Format zum Speichern von Kennwörtern im Mitgliedschaftsdatenspeicher angibt.</summary>
      <returns>Einer der <see cref="T:System.Web.Security.MembershipPasswordFormat" />-Werte, der das Format zum Speichern von Kennwörtern im Datenspeicher angibt.</returns>
    </member>
    <member name="P:System.Web.Security.MembershipProvider.PasswordStrengthRegularExpression">
      <summary>Ruft den regulären Ausdruck ab, der zum Auswerten eines Kennworts verwendet wird.</summary>
      <returns>Ein regulärer Ausdruck, der zum Auswerten eines Kennworts verwendet wird.</returns>
    </member>
    <member name="P:System.Web.Security.MembershipProvider.RequiresQuestionAndAnswer">
      <summary>Ruft einen Wert ab, der angibt, ob der Mitgliedschaftsanbieter so konfiguriert ist, dass der Benutzer zum Zurücksetzen und Abrufen des Kennworts eine Kennwortfrage beantworten muss.</summary>
      <returns>true, wenn zum Zurücksetzen und Abrufen von Kennwörtern eine Kennwortantwort erforderlich ist, andernfalls false.Die Standardeinstellung ist true.</returns>
    </member>
    <member name="P:System.Web.Security.MembershipProvider.RequiresUniqueEmail">
      <summary>Ruft einen Wert ab, der angibt, ob der Mitgliedschaftsanbieter so konfiguriert ist, dass eine eindeutige E-Mail-Adresse für jeden Benutzernamen erforderlich ist.</summary>
      <returns>true, wenn für den Mitgliedschaftsanbieter eine eindeutige E-Mail-Adresse erforderlich ist, andernfalls false.Die Standardeinstellung ist true.</returns>
    </member>
    <member name="M:System.Web.Security.MembershipProvider.ResetPassword(System.String,System.String)">
      <summary>Setzt das Kennwort eines Benutzers auf ein neues, automatisch generiertes Kennwort zurück.</summary>
      <returns>Das neue Kennwort für den angegebenen Benutzer.</returns>
      <param name="username">Der Benutzer, dessen Kennwort zurückgesetzt werden soll. </param>
      <param name="answer">Die Kennwortantwort für den angegebenen Benutzer. </param>
    </member>
    <member name="M:System.Web.Security.MembershipProvider.UnlockUser(System.String)">
      <summary>Hebt eine Sperre auf, sodass der Mitgliedschaftsbenutzer überprüft werden kann.</summary>
      <returns>true, wenn der Mitgliedschaftsbenutzer erfolgreich entsperrt wurde, andernfalls false.</returns>
      <param name="userName">Der Mitgliedschaftsbenutzer, dessen Sperrstatus Sie löschen möchten.</param>
    </member>
    <member name="M:System.Web.Security.MembershipProvider.UpdateUser(System.Web.Security.MembershipUser)">
      <summary>Aktualisiert Informationen zu einem Benutzer in der Datenquelle.</summary>
      <param name="user">Ein <see cref="T:System.Web.Security.MembershipUser" />-Objekt, das den zu aktualisierenden Benutzer und die aktualisierten Informationen für den Benutzer darstellt. </param>
    </member>
    <member name="M:System.Web.Security.MembershipProvider.ValidateUser(System.String,System.String)">
      <summary>Überprüft, ob der angegebene Benutzername und das Kennwort in der Datenquelle vorhanden sind.</summary>
      <returns>true, wenn der angegebene Benutzername und das angegebene Kennwort gültig sind, andernfalls false.</returns>
      <param name="username">Der Name des zu überprüfenden Benutzers. </param>
      <param name="password">Das Kennwort für den angegebenen Benutzer. </param>
    </member>
    <member name="E:System.Web.Security.MembershipProvider.ValidatingPassword">
      <summary>Tritt ein, wenn ein Benutzer erstellt, ein Kennwort geändert oder ein Kennwort zurückgesetzt wird.</summary>
    </member>
    <member name="T:System.Web.Security.MembershipProviderCollection">
      <summary>Eine Auflistung von Objekten, die die abstrakte <see cref="T:System.Web.Security.MembershipProvider" />-Klasse erben.</summary>
    </member>
    <member name="M:System.Web.Security.MembershipProviderCollection.#ctor">
      <summary>Erstellt eine neue, leere Mitgliedschaftsanbieterauflistung.</summary>
    </member>
    <member name="M:System.Web.Security.MembershipProviderCollection.Add(System.Configuration.Provider.ProviderBase)">
      <summary>Fügt der Auflistung einen Mitgliedschaftsanbieter hinzu.</summary>
      <param name="provider">Der Mitgliedschaftsanbieter, der der Auflistung hinzugefügt werden soll.</param>
      <exception cref="T:System.ArgumentNullException">
        <paramref name="provider" /> ist null.</exception>
      <exception cref="T:System.ArgumentException">
        <paramref name="provider" /> ist kein Typ, der die abstrakte <see cref="T:System.Web.Security.MembershipProvider" />-Klasse erbt.</exception>
    </member>
    <member name="M:System.Web.Security.MembershipProviderCollection.CopyTo(System.Web.Security.MembershipProvider[],System.Int32)">
      <summary>Kopiert die Mitgliedschaftsanbieterauflistung in ein eindimensionales Array.</summary>
      <param name="array">Das eindimensionale Array, in das die Elemente aus <see cref="T:System.Web.Security.MembershipProviderCollection" /> kopiert werden.Für das Array muss eine nullbasierte Indizierung verwendet werden.</param>
      <param name="index">Der nullbasierte Index in <paramref name="array" />, an dem das Kopieren beginnt.</param>
      <exception cref="T:System.ArgumentNullException">
        <paramref name="array" /> ist null. </exception>
      <exception cref="T:System.ArgumentOutOfRangeException">
        <paramref name="index" /> ist kleiner als 0. </exception>
      <exception cref="T:System.ArgumentException">
        <paramref name="array" /> ist mehrdimensional.- oder - Die Anzahl der aus dem Quellarray zu kopierenden Elemente ist größer als der verfügbare Platz von <paramref name="index" /> bis zum Ende des Ziel-<paramref name="array" />. </exception>
      <exception cref="T:System.InvalidCastException">Der Typ des Quellarrays kann nicht automatisch in den Typ des Ziel-<paramref name="array" /> umgewandelt werden. </exception>
    </member>
    <member name="P:System.Web.Security.MembershipProviderCollection.Item(System.String)">
      <summary>Ruft den Mitgliedschaftsanbieter in der Auflistung ab, auf den vom angegebenen Anbieternamen verwiesen wird.</summary>
      <returns>Ein Objekt, das die abstrakte <see cref="T:System.Web.Security.MembershipProvider" />-Klasse erbt.</returns>
      <param name="name">Der Name des Mitgliedschaftsanbieters.</param>
    </member>
    <member name="T:System.Web.Security.MembershipUser">
      <summary>Macht Mitgliedschaftsbenutzerinformationen im Mitgliedschaftsdatenspeicher verfügbar und aktualisiert sie.</summary>
    </member>
    <member name="M:System.Web.Security.MembershipUser.#ctor">
      <summary>Erstellt eine neue Instanz eines <see cref="T:System.Web.Security.MembershipUser" />-Objekts für eine Klasse, die die <see cref="T:System.Web.Security.MembershipUser" />-Klasse erbt.</summary>
    </member>
    <member name="M:System.Web.Security.MembershipUser.#ctor(System.String,System.String,System.Object,System.String,System.String,System.String,System.Boolean,System.Boolean,System.DateTime,System.DateTime,System.DateTime,System.DateTime,System.DateTime)">
      <summary>Erstellt ein neues Mitgliedschaftsbenutzerobjekt mit den angegebenen Eigenschaftswerten.</summary>
      <param name="providerName">Die <see cref="P:System.Web.Security.MembershipUser.ProviderName" />-Zeichenfolge für den Mitgliedschaftsbenutzer.</param>
      <param name="name">Die <see cref="P:System.Web.Security.MembershipUser.UserName" />-Zeichenfolge für den Mitgliedschaftsbenutzer.</param>
      <param name="providerUserKey">Der <see cref="P:System.Web.Security.MembershipUser.ProviderUserKey" />-Bezeichner für den Mitgliedschaftsbenutzer.</param>
      <param name="email">Die <see cref="P:System.Web.Security.MembershipUser.Email" />-Zeichenfolge für den Mitgliedschaftsbenutzer.</param>
      <param name="passwordQuestion">Die <see cref="P:System.Web.Security.MembershipUser.PasswordQuestion" />-Zeichenfolge für den Mitgliedschaftsbenutzer.</param>
      <param name="comment">Die <see cref="P:System.Web.Security.MembershipUser.Comment" />-Zeichenfolge für den Mitgliedschaftsbenutzer.</param>
      <param name="isApproved">Der <see cref="P:System.Web.Security.MembershipUser.IsApproved" />-Wert für den Mitgliedschaftsbenutzer.</param>
      <param name="isLockedOut">true, um den Mitgliedschaftsbenutzer zu sperren, andernfalls false.</param>
      <param name="creationDate">Das <see cref="P:System.Web.Security.MembershipUser.CreationDate" /><see cref="T:System.DateTime" />-Objekt für den Mitgliedschaftsbenutzer.</param>
      <param name="lastLoginDate">Das <see cref="P:System.Web.Security.MembershipUser.LastLoginDate" /><see cref="T:System.DateTime" />-Objekt für den Mitgliedschaftsbenutzer.</param>
      <param name="lastActivityDate">Das <see cref="P:System.Web.Security.MembershipUser.LastActivityDate" /><see cref="T:System.DateTime" />-Objekt für den Mitgliedschaftsbenutzer.</param>
      <param name="lastPasswordChangedDate">Das <see cref="P:System.Web.Security.MembershipUser.LastPasswordChangedDate" /><see cref="T:System.DateTime" />-Objekt für den Mitgliedschaftsbenutzer.</param>
      <param name="lastLockoutDate">Das <see cref="P:System.Web.Security.MembershipUser.LastLockoutDate" /><see cref="T:System.DateTime" />-Objekt für den Mitgliedschaftsbenutzer.</param>
      <exception cref="T:System.ArgumentException">
        <paramref name="providerName" /> ist null.- oder -<paramref name="providerName" /> wird in der <see cref="P:System.Web.Security.Membership.Providers" />-Auflistung nicht gefunden.</exception>
      <exception cref="T:System.PlatformNotSupportedException">Der Konstruktor ist nicht verfügbar.Dies kann auftreten, wenn die Anwendung auf den .NET Framework 4 Client Profile abzielt.Um diese Ausnahme zu verhindern, leiten Sie die Klasse vom Typ ab, und rufen Sie dann den geschützten Standardkonstruktor auf, oder ändern Sie die Anwendung, um auf die Vollversion von .NET Framework abzuzielen.</exception>
    </member>
    <member name="M:System.Web.Security.MembershipUser.ChangePassword(System.String,System.String)">
      <summary>Aktualisiert das Kennwort für den Mitgliedschaftsbenutzer im Mitgliedschaftsdatenspeicher.</summary>
      <returns>true, wenn die Aktualisierung erfolgreich war, andernfalls false.</returns>
      <param name="oldPassword">Das aktuelle Kennwort für den Mitgliedschaftsbenutzer.</param>
      <param name="newPassword">Das neue Kennwort für den Mitgliedschaftsbenutzer.</param>
      <exception cref="T:System.ArgumentException">
        <paramref name="oldPassword" /> ist eine leere Zeichenfolge.- oder -<paramref name="newPassword" /> ist eine leere Zeichenfolge.</exception>
      <exception cref="T:System.ArgumentNullException">
        <paramref name="oldPassword" /> ist null.- oder -<paramref name="newPassword" /> ist null.</exception>
      <exception cref="T:System.PlatformNotSupportedException">Diese Methode ist nicht verfügbar.Dies kann auftreten, wenn die Anwendung auf den .NET Framework 4 Client Profile abzielt.Um diese Ausnahme zu verhindern, überschreiben Sie die Methode, oder ändern Sie die Anwendung, um auf die Vollversion von .NET Framework abzuzielen.</exception>
    </member>
    <member name="M:System.Web.Security.MembershipUser.ChangePasswordQuestionAndAnswer(System.String,System.String,System.String)">
      <summary>Aktualisiert die Kennwortfrage und -antwort für den Mitgliedschaftsbenutzer im Mitgliedschaftsdatenspeicher.</summary>
      <returns>true, wenn die Aktualisierung erfolgreich war, andernfalls false.</returns>
      <param name="password">Das aktuelle Kennwort für den Mitgliedschaftsbenutzer.</param>
      <param name="newPasswordQuestion">Der neue Wert der Kennwortfrage für den Mitgliedschaftsbenutzer.</param>
      <param name="newPasswordAnswer">Der neue Wert der Kennwortantwort für den Mitgliedschaftsbenutzer.</param>
      <exception cref="T:System.ArgumentException">
        <paramref name="password" /> ist eine leere Zeichenfolge.- oder -<paramref name="newPasswordQuestion" /> ist eine leere Zeichenfolge.- oder -<paramref name="newPasswordAnswer" /> ist eine leere Zeichenfolge.</exception>
      <exception cref="T:System.ArgumentNullException">
        <paramref name="password" /> ist null.</exception>
      <exception cref="T:System.PlatformNotSupportedException">Diese Methode ist nicht verfügbar.Dies kann auftreten, wenn die Anwendung auf den .NET Framework 4 Client Profile abzielt.Um diese Ausnahme zu verhindern, überschreiben Sie die Methode, oder ändern Sie die Anwendung, um auf die Vollversion von .NET Framework abzuzielen.</exception>
    </member>
    <member name="P:System.Web.Security.MembershipUser.Comment">
      <summary>Ruft anwendungsspezifische Informationen für den Mitgliedschaftsbenutzer ab oder legt sie fest.</summary>
      <returns>Anwendungsspezifische Informationen für den Mitgliedschaftsbenutzer.</returns>
    </member>
    <member name="P:System.Web.Security.MembershipUser.CreationDate">
      <summary>Ruft das Datum mit Uhrzeit ab, an dem der Benutzer dem Mitgliedschaftsdatenspeicher hinzugefügt wurde.</summary>
      <returns>Das Datum mit Uhrzeit, an dem der Benutzer dem Mitgliedschaftsdatenspeicher hinzugefügt wurde. </returns>
    </member>
    <member name="P:System.Web.Security.MembershipUser.Email">
      <summary>Ruft die E-Mail-Adresse für den Mitgliedschaftsbenutzer ab oder legt sie fest.</summary>
      <returns>Die E-Mail-Adresse für den Mitgliedschaftsbenutzer.</returns>
    </member>
    <member name="M:System.Web.Security.MembershipUser.GetPassword">
      <summary>Ruft das Kennwort für den Mitgliedschaftsbenutzer aus dem Mitgliedschaftsdatenspeicher ab.</summary>
      <returns>Das Kennwort für den Mitgliedschaftsbenutzer.</returns>
      <exception cref="T:System.PlatformNotSupportedException">Diese Methode ist nicht verfügbar.Dies kann auftreten, wenn die Anwendung auf den .NET Framework 4 Client Profile abzielt.Um diese Ausnahme zu verhindern, überschreiben Sie die Methode, oder ändern Sie die Anwendung, um auf die Vollversion von .NET Framework abzuzielen.</exception>
    </member>
    <member name="M:System.Web.Security.MembershipUser.GetPassword(System.String)">
      <summary>Ruft das Kennwort für den Mitgliedschaftsbenutzer aus dem Mitgliedschaftsdatenspeicher ab.</summary>
      <returns>Das Kennwort für den Mitgliedschaftsbenutzer.</returns>
      <param name="passwordAnswer">Die Kennwortantwort für den Mitgliedschaftsbenutzer.</param>
      <exception cref="T:System.PlatformNotSupportedException">Diese Methode ist nicht verfügbar.Dies kann auftreten, wenn die Anwendung auf den .NET Framework 4 Client Profile abzielt.Um diese Ausnahme zu verhindern, überschreiben Sie die Methode, oder ändern Sie die Anwendung, um auf die Vollversion von .NET Framework abzuzielen.</exception>
    </member>
    <member name="P:System.Web.Security.MembershipUser.IsApproved">
      <summary>Ruft einen Wert ab, der angibt, ob der Mitgliedschaftsbenutzer authentifiziert werden kann, oder legt diesen Wert fest.</summary>
      <returns>true, wenn der Benutzer authentifiziert werden kann, andernfalls false.</returns>
    </member>
    <member name="P:System.Web.Security.MembershipUser.IsLockedOut">
      <summary>Ruft einen Wert ab, der angibt, ob der Mitgliedschaftsbenutzer gesperrt ist und nicht überprüft werden kann.</summary>
      <returns>true, wenn der Mitgliedschaftsbenutzer gesperrt ist und nicht überprüft werden kann, andernfalls false.</returns>
    </member>
    <member name="P:System.Web.Security.MembershipUser.IsOnline">
      <summary>Ruft einen Wert ab, der angibt, ob der Benutzer gegenwärtig online ist.</summary>
      <returns>true, wenn der Benutzer online ist, andernfalls false.</returns>
      <exception cref="T:System.PlatformNotSupportedException">Diese Methode ist nicht verfügbar.Dies kann auftreten, wenn die Anwendung auf den .NET Framework 4 Client Profile abzielt.Um diese Ausnahme zu verhindern, überschreiben Sie die Methode, oder ändern Sie die Anwendung, um auf die Vollversion von .NET Framework abzuzielen.</exception>
    </member>
    <member name="P:System.Web.Security.MembershipUser.LastActivityDate">
      <summary>Ruft Datum und Uhrzeit der letzten Authentifizierung des Mitgliedschaftsbenutzers bzw. des letzten Zugriffs des Mitgliedschaftsbenutzers auf die Anwendung ab, oder legt diese fest.</summary>
      <returns>Datum und Uhrzeit der letzten Authentifizierung des Mitgliedschaftsbenutzers bzw. des letzten Zugriffs des Mitgliedschaftsbenutzers auf die Anwendung.</returns>
    </member>
    <member name="P:System.Web.Security.MembershipUser.LastLockoutDate">
      <summary>Ruft Datum und Uhrzeit der letzten Sperrung des Mitgliedschaftsbenutzers ab.</summary>
      <returns>Ein <see cref="T:System.DateTime" />-Objekt, das Datum und Uhrzeit der letzten Sperrung des Mitgliedschaftsbenutzers darstellt.</returns>
    </member>
    <member name="P:System.Web.Security.MembershipUser.LastLoginDate">
      <summary>Ruft Datum und Uhrzeit der letzten Authentifizierung des Benutzers ab oder legt diese fest.</summary>
      <returns>Datum und Uhrzeit der letzten Authentifizierung des Benutzers.</returns>
    </member>
    <member name="P:System.Web.Security.MembershipUser.LastPasswordChangedDate">
      <summary>Ruft Datum und Uhrzeit der letzten Aktualisierung des Kennworts eines Mitgliedschaftsbenutzers ab.</summary>
      <returns>Datum und Uhrzeit der letzten Aktualisierung des Kennworts eines Mitgliedschaftsbenutzers.</returns>
    </member>
    <member name="P:System.Web.Security.MembershipUser.PasswordQuestion">
      <summary>Ruft die Kennwortfrage für den Mitgliedschaftsbenutzer ab.</summary>
      <returns>Die Kennwortfrage für den Mitgliedschaftsbenutzer.</returns>
    </member>
    <member name="P:System.Web.Security.MembershipUser.ProviderName">
      <summary>Ruft den Namen des Mitgliedschaftsanbieters ab, der Benutzerinformationen für den Mitgliedschaftsbenutzer speichert und abruft.</summary>
      <returns>Der Name des Mitgliedschaftsanbieters, der Benutzerinformationen für den Mitgliedschaftsbenutzer speichert und abruft.</returns>
    </member>
    <member name="P:System.Web.Security.MembershipUser.ProviderUserKey">
      <summary>Ruft die Benutzer-ID aus der Mitgliedschaftsdatenquelle für den Benutzer ab.</summary>
      <returns>Die Benutzer-ID aus der Mitgliedschaftsdatenquelle für den Benutzer.</returns>
    </member>
    <member name="M:System.Web.Security.MembershipUser.ResetPassword">
      <summary>Setzt das Kennwort eines Benutzers auf ein neues, automatisch generiertes Kennwort zurück.</summary>
      <returns>Das neue Kennwort für den Mitgliedschaftsbenutzer.</returns>
      <exception cref="T:System.PlatformNotSupportedException">Diese Methode ist nicht verfügbar.Dies kann auftreten, wenn die Anwendung auf den .NET Framework 4 Client Profile abzielt.Um diese Ausnahme zu verhindern, überschreiben Sie die Methode, oder ändern Sie die Anwendung, um auf die Vollversion von .NET Framework abzuzielen.</exception>
    </member>
    <member name="M:System.Web.Security.MembershipUser.ResetPassword(System.String)">
      <summary>Setzt das Kennwort eines Benutzers auf ein neues, automatisch generiertes Kennwort zurück.</summary>
      <returns>Das neue Kennwort für den Mitgliedschaftsbenutzer.</returns>
      <param name="passwordAnswer">Die Kennwortantwort für den Mitgliedschaftsbenutzer.</param>
      <exception cref="T:System.PlatformNotSupportedException">Diese Methode ist nicht verfügbar.Dies kann auftreten, wenn die Anwendung auf den .NET Framework 4 Client Profile abzielt.Um diese Ausnahme zu verhindern, überschreiben Sie die Methode, oder ändern Sie die Anwendung, um auf die Vollversion von .NET Framework abzuzielen.</exception>
    </member>
    <member name="M:System.Web.Security.MembershipUser.ToString">
      <summary>Gibt den Benutzernamen für den Mitgliedschaftsbenutzer zurück.</summary>
      <returns>Der <see cref="P:System.Web.Security.MembershipUser.UserName" /> für den Mitgliedschaftsbenutzer.</returns>
    </member>
    <member name="M:System.Web.Security.MembershipUser.UnlockUser">
      <summary>Hebt die Sperre für den Benutzer auf, damit der Mitgliedschaftsbenutzer überprüft werden kann.</summary>
      <returns>true, wenn der Mitgliedschaftsbenutzer erfolgreich entsperrt wurde, andernfalls false.</returns>
      <exception cref="T:System.PlatformNotSupportedException">Diese Methode ist nicht verfügbar.Dies kann auftreten, wenn die Anwendung auf den .NET Framework 4 Client Profile abzielt.Um diese Ausnahme zu verhindern, überschreiben Sie die Methode, oder ändern Sie die Anwendung, um auf die Vollversion von .NET Framework abzuzielen.</exception>
    </member>
    <member name="P:System.Web.Security.MembershipUser.UserName">
      <summary>Ruft den Anmeldenamen des Mitgliedschaftsbenutzers ab.</summary>
      <returns>Der Anmeldename des Mitgliedschaftsbenutzers.</returns>
    </member>
    <member name="T:System.Web.Security.MembershipUserCollection">
      <summary>Eine Auflistung von <see cref="T:System.Web.Security.MembershipUser" />-Objekten.</summary>
    </member>
    <member name="M:System.Web.Security.MembershipUserCollection.#ctor">
      <summary>Erstellt eine neue, leere Mitgliedschaftsbenutzerauflistung.</summary>
    </member>
    <member name="M:System.Web.Security.MembershipUserCollection.Add(System.Web.Security.MembershipUser)">
      <summary>Fügt der Auflistung den angegebenen Mitgliedschaftsbenutzer hinzu.</summary>
      <param name="user">Ein der Auflistung hinzuzufügendes <see cref="T:System.Web.Security.MembershipUser" />-Objekt.</param>
      <exception cref="T:System.NotSupportedException">Die Auflistung ist schreibgeschützt.</exception>
      <exception cref="T:System.ArgumentNullException">Der <see cref="P:System.Web.Security.MembershipUser.UserName" /> von <paramref name="user" /> ist NULL.</exception>
      <exception cref="T:System.ArgumentException">Ein <see cref="T:System.Web.Security.MembershipUser" />-Objekt mit dem gleichen <see cref="P:System.Web.Security.MembershipUser.UserName" />-Wert wie <paramref name="user" /> ist bereits in der Auflistung vorhanden ist.</exception>
    </member>
    <member name="M:System.Web.Security.MembershipUserCollection.Clear">
      <summary>Entfernt alle Mitgliedschaftsbenutzerobjekte aus der Auflistung.</summary>
    </member>
    <member name="M:System.Web.Security.MembershipUserCollection.CopyTo(System.Web.Security.MembershipUser[],System.Int32)">
      <summary>Kopiert die Mitgliedschaftsbenutzerauflistung in ein eindimensionales Array.</summary>
      <param name="array">Ein eindimensionales Array vom Typ <see cref="T:System.Web.Security.MembershipUser" />, in das die Elemente aus <see cref="T:System.Web.Security.MembershipUserCollection" /> kopiert werden.Für das Array muss eine nullbasierte Indizierung verwendet werden.</param>
      <param name="index">Der nullbasierte Index in dem Array, in dem der Kopiervorgang beginnt.</param>
    </member>
    <member name="P:System.Web.Security.MembershipUserCollection.Count">
      <summary>Ruft die Anzahl der Mitgliedschaftsbenutzerobjekte in der Auflistung ab.</summary>
      <returns>Die Anzahl der <see cref="T:System.Web.Security.MembershipUser" />-Objekte in der Auflistung.</returns>
    </member>
    <member name="M:System.Web.Security.MembershipUserCollection.GetEnumerator">
      <summary>Gibt einen Enumerator zurück, der die Mitgliedschaftsbenutzerauflistung durchlaufen kann.</summary>
      <returns>Ein <see cref="T:System.Collections.IEnumerator" /> für das gesamte <see cref="T:System.Web.Security.MembershipUserCollection" />.</returns>
    </member>
    <member name="P:System.Web.Security.MembershipUserCollection.IsSynchronized">
      <summary>Ruft einen Wert ab, der angibt, ob die Mitgliedschaftsbenutzerauflistung threadsicher ist.</summary>
      <returns>Immer false, da threadsichere Mitgliedschaftsbenutzerauflistungen nicht unterstützt werden.</returns>
    </member>
    <member name="P:System.Web.Security.MembershipUserCollection.Item(System.String)">
      <summary>Ruft den Mitgliedschaftsbenutzer in der Auflistung ab, auf die vom angegebenen Benutzernamen verwiesen wird.</summary>
      <returns>Ein <see cref="T:System.Web.Security.MembershipUser" />-Objekt, das den von <paramref name="name" /> angegebenen Benutzer darstellt.</returns>
      <param name="name">Der <see cref="P:System.Web.Security.MembershipUser.UserName" /> des <see cref="T:System.Web.Security.MembershipUser" />, der aus der Auflistung abgerufen werden soll.</param>
    </member>
    <member name="M:System.Web.Security.MembershipUserCollection.Remove(System.String)">
      <summary>Entfernt das Mitgliedschaftsbenutzerobjekt mit dem angegebenen Benutzernamen aus der Auflistung.</summary>
      <param name="name">Der Benutzername des <see cref="T:System.Web.Security.MembershipUser" />-Objekts, das aus der Auflistung entfernt werden soll.</param>
      <exception cref="T:System.NotSupportedException">Die Auflistung ist schreibgeschützt.</exception>
    </member>
    <member name="M:System.Web.Security.MembershipUserCollection.SetReadOnly">
      <summary>Legt den Inhalt der Mitgliedschaftsbenutzerauflistung als schreibgeschützt fest.</summary>
    </member>
    <member name="P:System.Web.Security.MembershipUserCollection.SyncRoot">
      <summary>Ruft den Stamm der Synchronisierung ab.</summary>
      <returns>Immer this, da die Synchronisierung der Mitgliedschaftsbenutzerauflistungen nicht unterstützt wird.</returns>
    </member>
    <member name="M:System.Web.Security.MembershipUserCollection.System#Collections#ICollection#CopyTo(System.Array,System.Int32)">
      <summary>Kopiert den Inhalt des <see cref="T:System.Web.Security.MembershipUserCollection" />-Objekts in ein <see cref="T:System.Array" />, wobei an einem bestimmten <see cref="T:System.Array" />-Index begonnen wird.</summary>
      <param name="array">Das eindimensionale <see cref="T:System.Array" />, in das die Objekte aus dem <see cref="T:System.Web.Security.MembershipUserCollection" />-Objekt kopiert werden.Für das <see cref="T:System.Array" /> muss eine nullbasierte Indizierung verwendet werden.</param>
      <param name="index">Der nullbasierte Index in <paramref name="array" />, an dem das Kopieren beginnt.</param>
      <exception cref="T:System.ArgumentNullException">
        <paramref name="array" /> ist null.</exception>
      <exception cref="T:System.ArgumentOutOfRangeException">
        <paramref name="index" /> ist kleiner als 0.</exception>
      <exception cref="T:System.ArgumentException">
        <paramref name="array" /> ist mehrdimensional.- oder -<paramref name="index" /> ist größer oder gleich der Länge von <paramref name="array" />.- oder -Die Anzahl der Elemente in der <see cref="T:System.Web.Security.MembershipUserCollection" />-Quelle ist größer als der verfügbare Speicherplatz ab <paramref name="index" /> bis zum Ende des Zielarrays. </exception>
      <exception cref="T:System.InvalidCastException">Der Typ des Quell-<see cref="T:System.Web.Security.MembershipUserCollection" /> kann nicht automatisch in den Typ des Zielarrays umgewandelt werden. </exception>
    </member>
    <member name="T:System.Web.Security.MembershipValidatePasswordEventHandler">
      <summary>Stellt die Methode dar, die das <see cref="E:System.Web.Security.MembershipProvider.ValidatingPassword" />-Ereignis der <see cref="T:System.Web.Security.MembershipProvider" />-Klasse behandelt.</summary>
      <param name="sender">Der <see cref="T:System.Web.Security.MembershipProvider" />, der das <see cref="E:System.Web.Security.MembershipProvider.ValidatingPassword" />-Ereignis ausgelöst hat.</param>
      <param name="e">Ein <see cref="T:System.Web.Security.ValidatePasswordEventArgs" />-Objekt, das die Ereignisdaten enthält.</param>
    </member>
    <member name="T:System.Web.Security.RoleProvider">
      <summary>Definiert den Vertrag, den ASP.NET implementiert, um Rollenverwaltungsdienste mit benutzerdefinierten Rollenanbietern bereitzustellen.</summary>
    </member>
    <member name="M:System.Web.Security.RoleProvider.#ctor">
      <summary>Initialisiert eine neue Instanz der <see cref="T:System.Web.Security.RoleProvider" />-Klasse. </summary>
    </member>
    <member name="M:System.Web.Security.RoleProvider.AddUsersToRoles(System.String[],System.String[])">
      <summary>Fügt den angegebenen Rollen die angegebenen Benutzernamen für den konfigurierten applicationName hinzu.</summary>
      <param name="usernames">Ein Zeichenfolgenarray mit Benutzernamen, die den angegebenen Rollen hinzugefügt werden sollen. </param>
      <param name="roleNames">Ein Zeichenfolgenarray der Rollennamen, denen die angegebenen Benutzernamen hinzugefügt werden sollen.</param>
    </member>
    <member name="P:System.Web.Security.RoleProvider.ApplicationName">
      <summary>Ruft den Namen der Anwendung ab, für die Rolleninformationen gespeichert und abgerufen werden sollen, oder legt diesen fest.</summary>
      <returns>Der Name der Anwendung, für die Rolleninformationen gespeichert und abgerufen werden sollen.</returns>
    </member>
    <member name="M:System.Web.Security.RoleProvider.CreateRole(System.String)">
      <summary>Fügt der Datenquelle für den konfigurierten applicationName eine neue Rolle hinzu.</summary>
      <param name="roleName">Der Name der zu erstellenden Rolle.</param>
    </member>
    <member name="M:System.Web.Security.RoleProvider.DeleteRole(System.String,System.Boolean)">
      <summary>Entfernt eine Rolle aus der Datenquelle für den konfigurierten applicationName.</summary>
      <returns>true, wenn die Rolle erfolgreich gelöscht wurde, andernfalls false.</returns>
      <param name="roleName">Der Name der zu löschenden Rolle.</param>
      <param name="throwOnPopulatedRole">Wenn der Wert true ist und <paramref name="roleName" /> über mindestens ein Mitglied verfügt, wird eine Ausnahme ausgelöst, und <paramref name="roleName" /> wird nicht gelöscht.</param>
    </member>
    <member name="M:System.Web.Security.RoleProvider.FindUsersInRole(System.String,System.String)">
      <summary>Ruft ein Array von Benutzernamen in einer Rolle ab, die mit den angegebenen Benutzernamen übereinstimmen.</summary>
      <returns>Ein Zeichenfolgenarray, das die Namen aller Benutzer enthält, deren Benutzername mit <paramref name="usernameToMatch" /> übereinstimmt und die Mitglied der angegebenen Rolle sind.</returns>
      <param name="roleName">Die Rolle, in der gesucht werden soll.</param>
      <param name="usernameToMatch">Der zu suchende Benutzername.</param>
    </member>
    <member name="M:System.Web.Security.RoleProvider.GetAllRoles">
      <summary>Ruft eine Liste aller Rollen für den konfigurierten applicationName ab.</summary>
      <returns>Ein Zeichenfolgenarray, das die Namen aller Rollen enthält, die in der Datenquelle für den konfigurierten applicationName gespeichert sind.</returns>
    </member>
    <member name="M:System.Web.Security.RoleProvider.GetRolesForUser(System.String)">
      <summary>Ruft eine Liste der Rollen des angegebenen Benutzers für den konfigurierten applicationName ab.</summary>
      <returns>Ein Zeichenfolgenarray, das die Namen aller Rollen des angegebenen Benutzers für den konfigurierten applicationName enthält.</returns>
      <param name="username">Der Benutzer, für den eine Liste der Rollen zurückgegeben werden soll.</param>
    </member>
    <member name="M:System.Web.Security.RoleProvider.GetUsersInRole(System.String)">
      <summary>Ruft für den konfigurierten applicationName eine Liste der Benutzer mit der angegebenen Rolle ab.</summary>
      <returns>Ein Zeichenfolgenarray mit den Namen aller Benutzer, die Mitglieder der angegebenen Rolle für den konfigurierten applicationName sind.</returns>
      <param name="roleName">Der Name der Rolle, für die die Benutzerliste abgerufen werden soll.</param>
    </member>
    <member name="M:System.Web.Security.RoleProvider.IsUserInRole(System.String,System.String)">
      <summary>Ruft einen Wert ab, der angibt, ob der angegebene Benutzer die angegebene Rolle für den konfigurierten applicationName innehat.</summary>
      <returns>true, wenn der angegebene Benutzer die angegebene Rolle für den konfigurierten applicationName innehat, andernfalls false.</returns>
      <param name="username">Der zu suchende Benutzername.</param>
      <param name="roleName">Die Rolle, in der gesucht werden soll.</param>
    </member>
    <member name="M:System.Web.Security.RoleProvider.RemoveUsersFromRoles(System.String[],System.String[])">
      <summary>Entfernt die angegebenen Benutzernamen aus den angegebenen Rollen für den konfigurierten applicationName.</summary>
      <param name="usernames">Ein Zeichenfolgenarray mit Benutzernamen, die aus den angegebenen Rollen entfernt werden sollen. </param>
      <param name="roleNames">Ein Zeichenfolgenarray mit Rollennamen, aus denen die angegebenen Benutzernamen entfernt werden sollen.</param>
    </member>
    <member name="M:System.Web.Security.RoleProvider.RoleExists(System.String)">
      <summary>Ruft einen Wert ab, der angibt, ob der angegebene Rollenname bereits in der Rollendatenquelle für den konfigurierten applicationName vorhanden ist.</summary>
      <returns>true, wenn der Rollenname bereits in der Datenquelle für den konfigurierten applicationName vorhanden ist, andernfalls false.</returns>
      <param name="roleName">Der Name der Rolle, die in der Datenquelle gesucht werden soll.</param>
    </member>
    <member name="T:System.Web.Security.ValidatePasswordEventArgs">
      <summary>Stellt Ereignisdaten für das <see cref="E:System.Web.Security.MembershipProvider.ValidatingPassword" />-Ereignis der <see cref="T:System.Web.Security.MembershipProvider" />-Klasse bereit.</summary>
    </member>
    <member name="M:System.Web.Security.ValidatePasswordEventArgs.#ctor(System.String,System.String,System.Boolean)">
      <summary>Erstellt eine neue Instanz der <see cref="T:System.Web.Security.ValidatePasswordEventArgs" />-Klasse.</summary>
      <param name="userName">Der Mitgliedschaftsbenutzername für die aktuelle Aktion zum Erstellen eines Benutzers, zum Ändern des Kennworts oder zum Zurücksetzen des Kennworts.</param>
      <param name="password">Das neue Kennwort für den angegebenen Mitgliedschaftsbenutzer.</param>
      <param name="isNewUser">true, wenn das Ereignis auftritt, während ein neuer Benutzer erstellt wird, andernfalls false.</param>
    </member>
    <member name="P:System.Web.Security.ValidatePasswordEventArgs.Cancel">
      <summary>Ruft einen Wert ab, der angibt, ob die aktuelle Aktion zum Erstellen eines Benutzers, zum Ändern des Kennworts oder zum Zurücksetzen des Kennworts abgebrochen wird, oder legt diesen Wert fest.</summary>
      <returns>true, wenn die aktuelle Aktion zum Erstellen eines Benutzers, zum Ändern des Kennworts oder zum Zurücksetzen des Kennworts abgebrochen wird, andernfalls false.Die Standardeinstellung ist false.</returns>
    </member>
    <member name="P:System.Web.Security.ValidatePasswordEventArgs.FailureInformation">
      <summary>Ruft eine Ausnahme ab, die den Grund für den Fehler bei der Kennwortvalidierung beschreibt, oder legt diese Ausnahme fest.</summary>
      <returns>Eine <see cref="T:System.Exception" />, die den Grund für den Fehler bei der Kennwortvalidierung beschreibt.</returns>
    </member>
    <member name="P:System.Web.Security.ValidatePasswordEventArgs.IsNewUser">
      <summary>Ruft einen Wert ab, der angibt, ob das <see cref="E:System.Web.Security.MembershipProvider.ValidatingPassword" />-Ereignis während eines Aufrufs der <see cref="M:System.Web.Security.MembershipProvider.CreateUser(System.String,System.String,System.String,System.String,System.String,System.Boolean,System.Object,System.Web.Security.MembershipCreateStatus@)" />-Methode ausgelöst wird.</summary>
      <returns>true, wenn das <see cref="E:System.Web.Security.MembershipProvider.ValidatingPassword" />-Ereignis während eines Aufrufs der <see cref="M:System.Web.Security.MembershipProvider.CreateUser(System.String,System.String,System.String,System.String,System.String,System.Boolean,System.Object,System.Web.Security.MembershipCreateStatus@)" />-Methode ausgelöst wird, andernfalls false.</returns>
    </member>
    <member name="P:System.Web.Security.ValidatePasswordEventArgs.Password">
      <summary>Ruft das Kennwort für die aktuelle Aktion zum Erstellen eines Benutzers, zum Ändern des Kennworts oder zum Zurücksetzen des Kennworts ab.</summary>
      <returns>Das Kennwort für die aktuelle Aktion zum Erstellen eines Benutzers, zum Ändern des Kennworts oder zum Zurücksetzen des Kennworts.</returns>
    </member>
    <member name="P:System.Web.Security.ValidatePasswordEventArgs.UserName">
      <summary>Ruft den Namen des Mitgliedschaftsbenutzers für die aktuelle Aktion zum Erstellen eines Benutzers, zum Ändern des Kennworts oder zum Zurücksetzen des Kennworts ab.</summary>
      <returns>Der Name des Mitgliedschaftsbenutzers für die aktuelle Aktion zum Erstellen eines Benutzers, zum Ändern des Kennworts oder zum Zurücksetzen des Kennworts.</returns>
    </member>
  </members>
</doc>