﻿<?xml version="1.0" encoding="utf-8"?>
<doc>
  <assembly>
    <name>System.Web.Entity.Design</name>
  </assembly>
  <members>
    <member name="T:System.Web.UI.Design.WebControls.EntityDataSourceDesigner">
      <summary>Stellt Entwurfszeitunterstützung in einem visuellen Designer für das <see cref="T:System.Web.UI.WebControls.EntityDataSource" />-Steuerelement bereit.</summary>
    </member>
    <member name="M:System.Web.UI.Design.WebControls.EntityDataSourceDesigner.#ctor">
      <summary>Erstellt eine neue Instanz der <see cref="T:System.Web.UI.Design.WebControls.EntityDataSourceDesigner" />.</summary>
    </member>
    <member name="P:System.Web.UI.Design.WebControls.EntityDataSourceDesigner.CanConfigure">
      <summary>Ruft einen Wert ab, der angibt, ob die <see cref="M:System.Web.UI.Design.WebControls.EntityDataSourceDesigner.Configure" />-Methode vom Entwurfshost aufgerufen werden kann.</summary>
      <returns>true, wenn die <see cref="M:System.Web.UI.Design.WebControls.EntityDataSourceDesigner.Configure" />-Methode aufgerufen werden kann, andernfalls false.</returns>
    </member>
    <member name="P:System.Web.UI.Design.WebControls.EntityDataSourceDesigner.CanRefreshSchema">
      <summary>Ruft einen Wert ab, der angibt, ob die <see cref="M:System.Web.UI.Design.WebControls.EntityDataSourceDesigner.RefreshSchema(System.Boolean)" />-Methode vom Entwurfshost aufgerufen werden kann.</summary>
      <returns>true, wenn die <see cref="M:System.Web.UI.Design.WebControls.EntityDataSourceDesigner.RefreshSchema(System.Boolean)" />-Methode aufgerufen werden kann, andernfalls false.</returns>
    </member>
    <member name="P:System.Web.UI.Design.WebControls.EntityDataSourceDesigner.CommandText">
      <summary>Ruft die <see cref="P:System.Web.UI.WebControls.EntityDataSource.CommandText" />-Eigenschaft des <see cref="T:System.Web.UI.WebControls.EntityDataSource" />-Steuerelements ab oder legt diese fest.</summary>
      <returns>Der Wert der <see cref="P:System.Web.UI.WebControls.EntityDataSource.CommandText" />-Eigenschaft.</returns>
    </member>
    <member name="M:System.Web.UI.Design.WebControls.EntityDataSourceDesigner.Configure">
      <summary>Startet im Entwurfshost das Dienstprogramm zur Datenquellenkonfiguration.</summary>
    </member>
    <member name="P:System.Web.UI.Design.WebControls.EntityDataSourceDesigner.ConnectionString">
      <summary>Ruft die <see cref="P:System.Web.UI.WebControls.EntityDataSource.ConnectionString" />-Eigenschaft des <see cref="T:System.Web.UI.WebControls.EntityDataSource" />-Steuerelements ab oder legt diese fest.</summary>
      <returns>Der Wert der <see cref="P:System.Web.UI.WebControls.EntityDataSource.ConnectionString" />-Eigenschaft.</returns>
    </member>
    <member name="P:System.Web.UI.Design.WebControls.EntityDataSourceDesigner.DefaultContainerName">
      <summary>Ruft die <see cref="P:System.Web.UI.WebControls.EntityDataSource.DefaultContainerName" />-Eigenschaft des <see cref="T:System.Web.UI.WebControls.EntityDataSource" />-Steuerelements ab oder legt diese fest.</summary>
      <returns>Der Wert der <see cref="P:System.Web.UI.WebControls.EntityDataSource.DefaultContainerName" />-Eigenschaft.</returns>
    </member>
    <member name="P:System.Web.UI.Design.WebControls.EntityDataSourceDesigner.EntitySetName">
      <summary>Ruft die <see cref="P:System.Web.UI.WebControls.EntityDataSource.EntitySetName" />-Eigenschaft des <see cref="T:System.Web.UI.WebControls.EntityDataSource" />-Steuerelements ab oder legt diese fest.</summary>
      <returns>Der Wert der <see cref="P:System.Web.UI.WebControls.EntityDataSource.EntitySetName" />-Eigenschaft.</returns>
    </member>
    <member name="P:System.Web.UI.Design.WebControls.EntityDataSourceDesigner.EntityTypeFilter">
      <summary>Ruft die <see cref="P:System.Web.UI.WebControls.EntityDataSource.EntityTypeFilter" />-Eigenschaft des <see cref="T:System.Web.UI.WebControls.EntityDataSource" />-Steuerelements ab oder legt diese fest.</summary>
      <returns>Der Wert der <see cref="P:System.Web.UI.WebControls.EntityDataSource.EntityTypeFilter" />-Eigenschaft.</returns>
    </member>
    <member name="M:System.Web.UI.Design.WebControls.EntityDataSourceDesigner.GetView(System.String)">
      <summary>Gibt eine Datenquellenansicht mit dem angegebenen Namen zurück.</summary>
      <returns>Ein <see cref="T:System.Web.UI.WebControls.Design.EntityDesignerDataSourceView" />-Objekt mit dem durch <paramref name="viewName" /> angegebenen Namen.</returns>
      <param name="viewName">Der Name der zurückzugebenden Ansicht.</param>
    </member>
    <member name="M:System.Web.UI.Design.WebControls.EntityDataSourceDesigner.GetViewNames">
      <summary>Ruft eine Liste der verfügbaren Ansichten ab.</summary>
      <returns>Eine Auflistung mit einem Element, das den Namen "DefaultView" enthält.</returns>
    </member>
    <member name="M:System.Web.UI.Design.WebControls.EntityDataSourceDesigner.Initialize(System.ComponentModel.IComponent)">
      <summary>Initialisiert den Steuerelement-Designer und lädt die angegebene Komponente.</summary>
      <param name="component">Ein zu initialisierendes <see cref="T:System.ComponentModel.IComponent" />-Objekt.</param>
    </member>
    <member name="P:System.Web.UI.Design.WebControls.EntityDataSourceDesigner.OrderBy">
      <summary>Ruft die <see cref="P:System.Web.UI.WebControls.EntityDataSource.OrderBy" />-Eigenschaft des <see cref="T:System.Web.UI.WebControls.EntityDataSource" />-Steuerelements ab oder legt diese fest.</summary>
      <returns>Der Wert der <see cref="P:System.Web.UI.WebControls.EntityDataSource.OrderBy" />-Eigenschaft.</returns>
    </member>
    <member name="M:System.Web.UI.Design.WebControls.EntityDataSourceDesigner.PreFilterProperties(System.Collections.IDictionary)">
      <summary>Wird vom Designer zum Hinzufügen oder Entfernen von Eigenschaften im Eigenschaftenraster oder zum Durchführen von Shadowing für Eigenschaften des zugeordneten Steuerelements verwendet.</summary>
      <param name="properties">Die zu filternden Eigenschaften.</param>
    </member>
    <member name="M:System.Web.UI.Design.WebControls.EntityDataSourceDesigner.RefreshSchema(System.Boolean)">
      <summary>Aktualisiert das Schema aus der zugrunde liegenden Datenquelle.</summary>
      <param name="preferSilent">Bei true werden alle Datenquellenereignisse unterdrückt, bis das Schema aktualisiert wird.</param>
    </member>
    <member name="P:System.Web.UI.Design.WebControls.EntityDataSourceDesigner.Select">
      <summary>Ruft die <see cref="P:System.Web.UI.WebControls.EntityDataSource.Select" />-Eigenschaft des <see cref="T:System.Web.UI.WebControls.EntityDataSource" />-Steuerelements ab oder legt diese fest.</summary>
      <returns>Der Wert der <see cref="P:System.Web.UI.WebControls.EntityDataSource.Select" />-Eigenschaft.</returns>
    </member>
    <member name="P:System.Web.UI.Design.WebControls.EntityDataSourceDesigner.Where">
      <summary>Ruft die <see cref="P:System.Web.UI.WebControls.EntityDataSource.Where" />-Eigenschaft des <see cref="T:System.Web.UI.WebControls.EntityDataSource" />-Steuerelements ab oder legt diese fest.</summary>
      <returns>Der Wert der <see cref="P:System.Web.UI.WebControls.EntityDataSource.Where" />-Eigenschaft.</returns>
    </member>
    <member name="T:System.Web.UI.Design.WebControls.EntityDesignerDataSourceView">
      <summary>Stellt eine Entwurfszeitansicht von Daten für die <see cref="T:System.Web.UI.Design.WebControls.EntityDataSourceDesigner" />-Klasse bereit.</summary>
    </member>
    <member name="M:System.Web.UI.Design.WebControls.EntityDesignerDataSourceView.#ctor(System.Web.UI.Design.WebControls.EntityDataSourceDesigner)">
      <summary>Erstellt eine neue Instanz der <see cref="T:System.Web.UI.WebControls.Design.EntityDesignerDataSourceView" /> mit dem bereitgestellten Datenquellen-Designer.</summary>
      <param name="owner">Das übergeordnete <see cref="T:System.Web.UI.Design.WebControls.EntityDataSourceDesigner" />-Objekt.</param>
    </member>
    <member name="P:System.Web.UI.Design.WebControls.EntityDesignerDataSourceView.CanDelete">
      <summary>Ruft einen Wert ab, der angibt, ob das <see cref="T:System.Web.UI.WebControls.EntityDataSourceView" />-Objekt, das dem aktuellen <see cref="T:System.Web.UI.WebControls.EntityDataSource" />-Steuerelement zugeordnet ist, Löschvorgänge unterstützt.</summary>
      <returns>true, wenn Löschvorgänge unterstützt werden, andernfalls false.</returns>
    </member>
    <member name="P:System.Web.UI.Design.WebControls.EntityDesignerDataSourceView.CanInsert">
      <summary>Ruft einen Wert ab, der angibt, ob das <see cref="T:System.Web.UI.WebControls.EntityDataSourceView" />-Objekt, das dem aktuellen <see cref="T:System.Web.UI.WebControls.EntityDataSource" />-Steuerelement zugeordnet ist, Einfügevorgänge unterstützt.</summary>
      <returns>true, wenn Einfügevorgänge unterstützt werden, andernfalls false.</returns>
    </member>
    <member name="P:System.Web.UI.Design.WebControls.EntityDesignerDataSourceView.CanPage">
      <summary>Ruft einen Wert ab, der angibt, ob das <see cref="T:System.Web.UI.WebControls.EntityDataSourceView" />-Objekt, das dem aktuellen <see cref="T:System.Web.UI.WebControls.EntityDataSource" />-Steuerelement zugeordnet ist, Paging für die von einer Abfrage zurückgegebenen Daten unterstützt.</summary>
      <returns>true, wenn das Paging unterstützt wird, andernfalls false.</returns>
    </member>
    <member name="P:System.Web.UI.Design.WebControls.EntityDesignerDataSourceView.CanSort">
      <summary>Ruft einen Wert ab, der angibt, ob das <see cref="T:System.Web.UI.WebControls.EntityDataSourceView" />-Objekt, das dem aktuellen <see cref="T:System.Web.UI.WebControls.EntityDataSource" />-Steuerelement zugeordnet ist, eine sortierte Ansicht der zugrunde liegenden Datenquelle unterstützt.</summary>
      <returns>true, wenn das Sortieren unterstützt wird, andernfalls false.</returns>
    </member>
    <member name="P:System.Web.UI.Design.WebControls.EntityDesignerDataSourceView.CanUpdate">
      <summary>Ruft einen Wert ab, der angibt, ob das <see cref="T:System.Web.UI.WebControls.EntityDataSourceView" />-Objekt, das dem aktuellen <see cref="T:System.Web.UI.WebControls.EntityDataSource" />-Steuerelement zugeordnet ist, Updatevorgänge unterstützt.</summary>
      <returns>true, wenn Aktualisierungsvorgänge unterstützt werden, andernfalls false.</returns>
    </member>
    <member name="M:System.Web.UI.Design.WebControls.EntityDesignerDataSourceView.GetDesignTimeData(System.Int32,System.Boolean@)">
      <summary>Ruft unter Verwendung der angegebenen Anzahl von Zeilen die Entwurfszeitdaten ab, die dem Schema des zugeordneten Datenquellen-Steuerelements entsprechen.</summary>
      <returns>Die zur Entwurfszeit anzuzeigenden Daten.</returns>
      <param name="minimumRows">Die Mindestanzahl der zurückzugebenden Zeilen.</param>
      <param name="isSampleData">true, um anzugeben, dass die zurückgegebenen Daten Beispieldaten sind, false, um anzugeben, dass es sich bei den zurückgegebenen Daten um Livedaten handelt.</param>
    </member>
    <member name="P:System.Web.UI.Design.WebControls.EntityDesignerDataSourceView.Schema">
      <summary>Ruft das Schema ab, das die vom aktuellen Ansichtsobjekt dargestellte Datenquellensicht beschreibt.</summary>
      <returns>Ein Objekt, das das Schema darstellt.</returns>
    </member>
  </members>
</doc>