﻿<?xml version="1.0" encoding="utf-8"?>
<doc>
  <assembly>
    <name>System.Data.DataSetExtensions</name>
  </assembly>
  <members>
    <member name="T:System.Data.DataRowComparer">
      <summary>Gibt eine Singletoninstanz der <see cref="T:System.Data.DataRowComparer`1" />-Klasse zurück.</summary>
    </member>
    <member name="P:System.Data.DataRowComparer.Default">
      <summary>Ruft eine Singletoninstanz von <see cref="T:System.Data.DataRowComparer`1" /> ab. Diese Eigenschaft ist schreibgeschützt.</summary>
      <returns>Eine Instanz von <see cref="T:System.Data.DataRowComparer`1" />.</returns>
    </member>
    <member name="T:System.Data.DataRowComparer`1">
      <summary>Vergleicht zwei <see cref="T:System.Data.DataRow" />-Objekte in einem wertbasiertem Vergleich auf Übereinstimmung.</summary>
      <typeparam name="TRow">Die Objekttypen, die verglichen werden, i. d. R. <see cref="T:System.Data.DataRow" />.</typeparam>
    </member>
    <member name="P:System.Data.DataRowComparer`1.Default">
      <summary>Ruft eine Singletoninstanz von <see cref="T:System.Data.DataRowComparer`1" /> ab. Diese Eigenschaft ist schreibgeschützt.</summary>
      <returns>Eine Instanz von <see cref="T:System.Data.DataRowComparer`1" />.</returns>
    </member>
    <member name="M:System.Data.DataRowComparer`1.Equals(`0,`0)">
      <summary>Vergleicht zwei <see cref="T:System.Data.DataRow" />-Objekte in einem spaltenweisen, wertbasierten Vergleich.</summary>
      <returns>true, wenn die beiden <see cref="T:System.Data.DataRow" />-Objekte über geordnete Mengen von Spaltenwerten verfügen, die gleich sind, andernfalls  false.</returns>
      <param name="leftRow">Das erste zu vergleichende <see cref="T:System.Data.DataRow" />-Objekt.</param>
      <param name="rightRow">Das zweite zu vergleichende <see cref="T:System.Data.DataRow" />-Objekt.</param>
      <exception cref="T:System.ArgumentNullException">Mindestens eines der <see cref="T:System.Data.DataRow" />-Quellobjekte ist null.</exception>
    </member>
    <member name="M:System.Data.DataRowComparer`1.GetHashCode(`0)">
      <summary>Gibt einen Hashcode für das angegebene <see cref="T:System.Data.DataRow" />-Objekt zurück.</summary>
      <returns>Ein <see cref="T:System.Int32" />-Wert, der den Hashcode der Zeile darstellt.</returns>
      <param name="row">Die <see cref="T:System.Data.DataRow" />, aus der der Hashcode berechnet werden soll.</param>
      <exception cref="T:System.ArgumentException">Die <see cref="T:System.Data.DataRow" />-Quellobjekte gehören nicht zu einer <see cref="T:System.Data.DataTable" />.</exception>
      <exception cref="T:System.ArgumentNullException">Die <see cref="T:System.Data.DataRow" />-Quellobjekte sind null.</exception>
    </member>
    <member name="T:System.Data.DataRowExtensions">
      <summary>Definiert die Erweiterungsmethoden der <see cref="T:System.Data.DataRow" />-Klasse. Dies ist eine statische Klasse.</summary>
    </member>
    <member name="M:System.Data.DataRowExtensions.Field``1(System.Data.DataRow,System.Data.DataColumn)">
      <summary>Stellt stark typisierten Zugriff auf die einzelnen Spaltenwerte in der angegebenen Zeile bereit. Die <see cref="M:System.Data.DataRowExtensions.Field``1(System.Data.DataRow,System.Data.DataColumn)" />-Methode unterstützt auch Typen, die NULL-Werte zulassen.</summary>
      <returns>Der Wert (vom Typ <paramref name="T" />) der von <paramref name="column" /> angegebenen <see cref="T:System.Data.DataColumn" />.</returns>
      <param name="row">Die <see cref="T:System.Data.DataRow" /> für die Eingabe, die als this-Instanz für die Erweiterungsmethode fungiert.</param>
      <param name="column">Das <see cref="T:System.Data.DataColumn" />-Eingabeobjekt, das die Spalte angibt, deren Wert zurückgegeben werden soll.</param>
      <typeparam name="T">Ein generischer Parameter, der den Rückgabetyp der Spalte angibt.</typeparam>
      <exception cref="T:System.InvalidCastException">Der Werttyp der zugrunde liegenden Spalte konnte nicht in den vom generischen Parameter (<paramref name="T" />) angegebenen Typ umgewandelt werden.</exception>
      <exception cref="T:System.IndexOutOfRangeException">Die von <paramref name="column" /> angegebene Spalte ist nicht in der <see cref="T:System.Data.DataTable" /> enthalten, zu der die <see cref="T:System.Data.DataRow" /> gehört.</exception>
      <exception cref="T:System.NullReferenceException">Einem Typ, der keine NULL-Werte zulässt, wurde ein null-Wert zugewiesen.</exception>
    </member>
    <member name="M:System.Data.DataRowExtensions.Field``1(System.Data.DataRow,System.Data.DataColumn,System.Data.DataRowVersion)">
      <summary>Stellt stark typisierten Zugriff auf die einzelnen Spaltenwerte in der angegebenen Zeile bereit. Die <see cref="M:System.Data.DataRowExtensions.Field``1(System.Data.DataRow,System.Data.DataColumn,System.Data.DataRowVersion)" />-Methode unterstützt auch Typen, die NULL-Werte zulassen.</summary>
      <returns>Der Wert (vom Typ <paramref name="T" />) der von <paramref name="column" /> und <paramref name="version" /> angegebenen <see cref="T:System.Data.DataColumn" />.</returns>
      <param name="row">Die <see cref="T:System.Data.DataRow" /> für die Eingabe, die als this-Instanz für die Erweiterungsmethode fungiert.</param>
      <param name="column">Das <see cref="T:System.Data.DataColumn" />-Eingabeobjekt, das die Spalte angibt, deren Wert zurückgegeben werden soll.</param>
      <param name="version">Eine <see cref="T:System.Data.DataRowVersion" />-Enumeration, die die Version des zurückzugebenden Spaltenwerts angibt, z. B. die Version Current oder Original.</param>
      <typeparam name="T">Ein generischer Parameter, der den Rückgabetyp der Spalte angibt.</typeparam>
      <exception cref="T:System.InvalidCastException">Der Werttyp der zugrunde liegenden Spalte konnte nicht in den vom generischen Parameter (<paramref name="T" />) angegebenen Typ umgewandelt werden.</exception>
      <exception cref="T:System.IndexOutOfRangeException">Die von <paramref name="column" /> angegebene Spalte ist nicht in der <see cref="T:System.Data.DataTable" /> enthalten, zu der die <see cref="T:System.Data.DataRow" /> gehört.</exception>
      <exception cref="T:System.NullReferenceException">Einem Typ, der keine NULL-Werte zulässt, wurde ein null-Wert zugewiesen.</exception>
    </member>
    <member name="M:System.Data.DataRowExtensions.Field``1(System.Data.DataRow,System.Int32)">
      <summary>Stellt stark typisierten Zugriff auf die einzelnen Spaltenwerte in der angegebenen Zeile bereit. Die <see cref="M:System.Data.DataRowExtensions.Field``1(System.Data.DataRow,System.Int32)" />-Methode unterstützt auch Typen, die NULL-Werte zulassen.</summary>
      <returns>Der Wert (vom Typ <paramref name="T" />) der von <paramref name="columnIndex" /> angegebenen <see cref="T:System.Data.DataColumn" />.</returns>
      <param name="row">Die <see cref="T:System.Data.DataRow" /> für die Eingabe, die als this-Instanz für die Erweiterungsmethode fungiert.</param>
      <param name="columnIndex">Der Spaltenindex.</param>
      <typeparam name="T">Ein generischer Parameter, der den Rückgabetyp der Spalte angibt.</typeparam>
      <exception cref="T:System.InvalidCastException">Der Werttyp der zugrunde liegenden Spalte konnte nicht in den vom generischen Parameter (<paramref name="T" />) angegebenen Typ umgewandelt werden.</exception>
      <exception cref="T:System.IndexOutOfRangeException">Die von <paramref name="ordinal" /> angegebene Spalte ist nicht in der <see cref="T:System.Data.DataTable" /> enthalten, zu der die <see cref="T:System.Data.DataRow" /> gehört.</exception>
      <exception cref="T:System.NullReferenceException">Einem Typ, der keine NULL-Werte zulässt, wurde ein null-Wert zugewiesen.</exception>
    </member>
    <member name="M:System.Data.DataRowExtensions.Field``1(System.Data.DataRow,System.Int32,System.Data.DataRowVersion)">
      <summary>Stellt stark typisierten Zugriff auf die einzelnen Spaltenwerte in der angegebenen Zeile bereit. Die <see cref="M:System.Data.DataRowExtensions.Field``1(System.Data.DataRow,System.Int32,System.Data.DataRowVersion)" />-Methode unterstützt auch Typen, die NULL-Werte zulassen.</summary>
      <returns>Der Wert (vom Typ <paramref name="T" />) der von <paramref name="ordinal" /> und <paramref name="version" /> angegebenen <see cref="T:System.Data.DataColumn" />.</returns>
      <param name="row">Die <see cref="T:System.Data.DataRow" /> für die Eingabe, die als this-Instanz für die Erweiterungsmethode fungiert.</param>
      <param name="columnIndex">Die nullbasierte Ordnungszahl der Spalte, deren Wert zurückgegeben werden soll.</param>
      <param name="version">Eine <see cref="T:System.Data.DataRowVersion" />-Enumeration, die die Version des zurückzugebenden Spaltenwerts angibt, z. B. die Version Current oder Original.</param>
      <typeparam name="T">Ein generischer Parameter, der den Rückgabetyp der Spalte angibt.</typeparam>
      <exception cref="T:System.InvalidCastException">Der Werttyp der zugrunde liegenden Spalte konnte nicht in den vom generischen Parameter (<paramref name="T" />) angegebenen Typ umgewandelt werden.</exception>
      <exception cref="T:System.IndexOutOfRangeException">Die von <paramref name="ordinal" /> angegebene Spalte ist nicht in der <see cref="T:System.Data.DataTable" /> enthalten, zu der die <see cref="T:System.Data.DataRow" /> gehört.</exception>
      <exception cref="T:System.NullReferenceException">Einem Typ, der keine NULL-Werte zulässt, wurde ein null-Wert zugewiesen.</exception>
    </member>
    <member name="M:System.Data.DataRowExtensions.Field``1(System.Data.DataRow,System.String)">
      <summary>Stellt stark typisierten Zugriff auf die einzelnen Spaltenwerte in der angegebenen Zeile bereit. Die <see cref="M:System.Data.DataRowExtensions.Field``1(System.Data.DataRow,System.String)" />-Methode unterstützt auch Typen, die NULL-Werte zulassen.</summary>
      <returns>Der Wert (vom Typ <paramref name="T" />) der von <paramref name="columnName" /> angegebenen <see cref="T:System.Data.DataColumn" />.</returns>
      <param name="row">Die <see cref="T:System.Data.DataRow" /> für die Eingabe, die als this-Instanz für die Erweiterungsmethode fungiert.</param>
      <param name="columnName">Der Name der Spalte, deren Wert zurückgegeben werden soll.</param>
      <typeparam name="T">Ein generischer Parameter, der den Rückgabetyp der Spalte angibt.</typeparam>
      <exception cref="T:System.InvalidCastException">Der Werttyp der zugrunde liegenden Spalte konnte nicht in den vom generischen Parameter (<paramref name="T" />) angegebenen Typ umgewandelt werden.</exception>
      <exception cref="T:System.IndexOutOfRangeException">Die von <paramref name="columnName" /> angegebene Spalte ist nicht in der <see cref="T:System.Data.DataTable" /> enthalten, zu der die <see cref="T:System.Data.DataRow" /> gehört.</exception>
      <exception cref="T:System.NullReferenceException">Einem Typ, der keine NULL-Werte zulässt, wurde ein null-Wert zugewiesen.</exception>
    </member>
    <member name="M:System.Data.DataRowExtensions.Field``1(System.Data.DataRow,System.String,System.Data.DataRowVersion)">
      <summary>Stellt stark typisierten Zugriff auf die einzelnen Spaltenwerte in der angegebenen Zeile bereit. Die <see cref="M:System.Data.DataRowExtensions.Field``1(System.Data.DataRow,System.String,System.Data.DataRowVersion)" />-Methode unterstützt auch Typen, die NULL-Werte zulassen.</summary>
      <returns>Der Wert (vom Typ <paramref name="T" />) der von <paramref name="columnName" /> und <paramref name="version" /> angegebenen <see cref="T:System.Data.DataColumn" />.</returns>
      <param name="row">Die <see cref="T:System.Data.DataRow" /> für die Eingabe, die als this-Instanz für die Erweiterungsmethode fungiert.</param>
      <param name="columnName">Der Name der Spalte, deren Wert zurückgegeben werden soll.</param>
      <param name="version">Eine <see cref="T:System.Data.DataRowVersion" />-Enumeration, die die Version des zurückzugebenden Spaltenwerts angibt, z. B. die Version Current oder Original.</param>
      <typeparam name="T">Ein generischer Parameter, der den Rückgabetyp der Spalte angibt.</typeparam>
      <exception cref="T:System.InvalidCastException">Der Werttyp der zugrunde liegenden Spalte konnte nicht in den vom generischen Parameter (<paramref name="T" />) angegebenen Typ umgewandelt werden.</exception>
      <exception cref="T:System.IndexOutOfRangeException">Die von <paramref name="columnName" /> angegebene Spalte ist nicht in der <see cref="T:System.Data.DataTable" /> enthalten, zu der die <see cref="T:System.Data.DataRow" /> gehört.</exception>
      <exception cref="T:System.NullReferenceException">Einem Typ, der keine NULL-Werte zulässt, wurde ein null-Wert zugewiesen.</exception>
    </member>
    <member name="M:System.Data.DataRowExtensions.SetField``1(System.Data.DataRow,System.Data.DataColumn,``0)">
      <summary>Legt einen neuen Wert für die angegebene Spalte in der <see cref="T:System.Data.DataRow" /> fest. Die <see cref="M:System.Data.DataRowExtensions.SetField``1(System.Data.DataRow,System.Data.DataColumn,``0)" />-Methode unterstützt auch Typen, die NULL-Werte zulassen.</summary>
      <param name="row">Die <see cref="T:System.Data.DataRow" /> für die Eingabe, die als this-Instanz für die Erweiterungsmethode fungiert.</param>
      <param name="column">Die <see cref="T:System.Data.DataColumn" /> für die Eingabe gibt an, welcher Zeilenwert abgerufen werden soll.</param>
      <param name="value">Der neue Zeilenwert für die angegebene Spalte vom Typ <paramref name="T" />.</param>
      <typeparam name="T">Ein generischer Parameter, der den Werttyp der Spalte angibt.</typeparam>
      <exception cref="T:System.ArgumentException">Die durch <paramref name="column" /> angegebene Spalte kann nicht gefunden werden.</exception>
      <exception cref="T:System.ArgumentNullException">
        <paramref name="column" /> ist null.</exception>
      <exception cref="T:System.Data.DeletedRowInaccessibleException">Wird ausgelöst, wenn versucht wird, einen Wert in einer gelöschten Zeile festzulegen.</exception>
      <exception cref="T:System.InvalidCastException">Der Werttyp der zugrunde liegenden Spalte konnte nicht in den vom generischen Parameter (<paramref name="T" />) angegebenen Typ umgewandelt werden.</exception>
    </member>
    <member name="M:System.Data.DataRowExtensions.SetField``1(System.Data.DataRow,System.Int32,``0)">
      <summary>Legt einen neuen Wert für die angegebene Spalte in der <see cref="T:System.Data.DataRow" /> fest, für die die Methode aufgerufen wird. Die <see cref="M:System.Data.DataRowExtensions.SetField``1(System.Data.DataRow,System.Int32,``0)" />-Methode unterstützt auch Typen, die NULL-Werte zulassen.</summary>
      <param name="row">Die <see cref="T:System.Data.DataRow" /> für die Eingabe, die als this-Instanz für die Erweiterungsmethode fungiert.</param>
      <param name="columnIndex">Die nullbasierte Ordnungszahl der Spalte, deren Wert festgelegt werden soll.</param>
      <param name="value">Der neue Zeilenwert für die angegebene Spalte vom Typ <paramref name="T" />.</param>
      <typeparam name="T">Ein generischer Parameter, der den Werttyp der Spalte angibt.</typeparam>
      <exception cref="T:System.Data.DeletedRowInaccessibleException">Wird ausgelöst, wenn versucht wird, einen Wert in einer gelöschten Zeile festzulegen.</exception>
      <exception cref="T:System.IndexOutOfRangeException">Das <paramref name="ordinal" />-Argument liegt außerhalb des gültigen Bereichs.</exception>
      <exception cref="T:System.InvalidCastException">Der Werttyp der zugrunde liegenden Spalte konnte nicht in den vom generischen Parameter (<paramref name="T" />) angegebenen Typ umgewandelt werden.</exception>
    </member>
    <member name="M:System.Data.DataRowExtensions.SetField``1(System.Data.DataRow,System.String,``0)">
      <summary>Legt einen neuen Wert für die angegebene Spalte in der <see cref="T:System.Data.DataRow" /> fest. Die <see cref="M:System.Data.DataRowExtensions.SetField``1(System.Data.DataRow,System.String,``0)" />-Methode unterstützt auch Typen, die NULL-Werte zulassen.</summary>
      <param name="row">Die <see cref="T:System.Data.DataRow" /> für die Eingabe, die als this-Instanz für die Erweiterungsmethode fungiert.</param>
      <param name="columnName">Der Name der Spalte, deren Wert festgelegt werden soll.</param>
      <param name="value">Der neue Zeilenwert für die angegebene Spalte vom Typ <paramref name="T" />.</param>
      <typeparam name="T">Ein generischer Parameter, der den Werttyp der Spalte angibt.</typeparam>
      <exception cref="T:System.ArgumentException">Die durch <paramref name="columnName" /> angegebene Spalte kann nicht gefunden werden.</exception>
      <exception cref="T:System.Data.DeletedRowInaccessibleException">Wird ausgelöst, wenn versucht wird, einen Wert in einer gelöschten Zeile festzulegen.</exception>
      <exception cref="T:System.InvalidCastException">Der Werttyp der zugrunde liegenden Spalte konnte nicht in den vom generischen Parameter (<paramref name="T" />) angegebenen Typ umgewandelt werden.</exception>
    </member>
    <member name="T:System.Data.DataTableExtensions">
      <summary>Definiert die Erweiterungsmethoden der <see cref="T:System.Data.DataTable" />-Klasse. <see cref="T:System.Data.DataTableExtensions" /> ist eine statische Klasse.</summary>
    </member>
    <member name="M:System.Data.DataTableExtensions.AsDataView(System.Data.DataTable)">
      <summary>Erstellt ein LINQ-aktiviertes <see cref="T:System.Data.DataView" />-Objekt und gibt es zurück.</summary>
      <returns>Ein LINQ-aktiviertes <see cref="T:System.Data.DataView" />-Objekt.</returns>
      <param name="table">Die Quell-<see cref="T:System.Data.DataTable" />, aus der der LINQ-aktivierte <see cref="T:System.Data.DataView" /> erstellt wird.</param>
    </member>
    <member name="M:System.Data.DataTableExtensions.AsDataView``1(System.Data.EnumerableRowCollection{``0})">
      <summary>Erstellt ein LINQ-aktiviertes <see cref="T:System.Data.DataView" />-Objekt, das die LINQ to DataSet-Abfrage darstellt, und gibt es zurück.</summary>
      <returns>Ein LINQ-aktiviertes <see cref="T:System.Data.DataView" />-Objekt.</returns>
      <param name="source">Die LINQ to DataSet-Quellabfrage, aus der der LINQ-aktivierte <see cref="T:System.Data.DataView" /> erstellt wird.</param>
      <typeparam name="T">Der Typ von Objekten in der Quellsequenz, i. d. R. <see cref="T:System.Data.DataRow" />.</typeparam>
    </member>
    <member name="M:System.Data.DataTableExtensions.AsEnumerable(System.Data.DataTable)">
      <summary>Gibt ein <see cref="T:System.Collections.Generic.IEnumerable`1" />-Objekt zurück, bei dem der generische Parameter <paramref name="T" /> gleich <see cref="T:System.Data.DataRow" /> ist. Dieses Objekt kann in einem LINQ-Ausdruck oder einer Methodenabfrage verwendet werden.</summary>
      <returns>Ein <see cref="T:System.Collections.Generic.IEnumerable`1" />-Objekt bei dem der generische Parameter <paramref name="T" /> den Wert <see cref="T:System.Data.DataRow" /> hat.</returns>
      <param name="source">Die Quell-<see cref="T:System.Data.DataTable" />, die als aufzählbar festgelegt werden soll.</param>
      <exception cref="T:System.ArgumentNullException">Die Quell <see cref="T:System.Data.DataTable" /> ist null.</exception>
    </member>
    <member name="M:System.Data.DataTableExtensions.CopyToDataTable``1(System.Collections.Generic.IEnumerable{``0})">
      <summary>Gibt eine <see cref="T:System.Data.DataTable" /> zurück, die Kopien der <see cref="T:System.Data.DataRow" />-Objekte enthält, wenn ein <see cref="T:System.Collections.Generic.IEnumerable`1" />-Eingabeobjekt vorhanden ist, bei dem der generische Parameter <paramref name="T" /> den Wert <see cref="T:System.Data.DataRow" /> hat.</summary>
      <returns>Eine <see cref="T:System.Data.DataTable" />, die die Eingabesequenz als den Typ von <see cref="T:System.Data.DataRow" />-Objekten enthält.</returns>
      <param name="source">Die <see cref="T:System.Collections.Generic.IEnumerable`1" />-Quellsequenz.</param>
      <typeparam name="T">Der Typ von Objekten in der Quellsequenz, i. d. R. <see cref="T:System.Data.DataRow" />.</typeparam>
      <exception cref="T:System.ArgumentNullException">Die <see cref="T:System.Collections.Generic.IEnumerable`1" />-Quellsequenz ist null, und es kann keine neue Tabelle erstellt werden.</exception>
      <exception cref="T:System.InvalidOperationException">Eine <see cref="T:System.Data.DataRow" /> in der Quellsequenz hat einen Zustand von <see cref="F:System.Data.DataRowState.Deleted" />. Die Quellsequenz enthält keine <see cref="T:System.Data.DataRow" />-Objekte. Eine <see cref="T:System.Data.DataRow" /> in der Quellsequenz ist null.</exception>
    </member>
    <member name="M:System.Data.DataTableExtensions.CopyToDataTable``1(System.Collections.Generic.IEnumerable{``0},System.Data.DataTable,System.Data.LoadOption)">
      <summary>Kopiert <see cref="T:System.Data.DataRow" />-Objekte in die angegebene <see cref="T:System.Data.DataTable" />, bei einem <see cref="T:System.Collections.Generic.IEnumerable`1" />-Eingabeobjekt, bei dem der generische Parameter <paramref name="T" /> den Wert <see cref="T:System.Data.DataRow" /> aufweist.</summary>
      <param name="source">Die <see cref="T:System.Collections.Generic.IEnumerable`1" />-Quellsequenz.</param>
      <param name="table">Die Ziel-<see cref="T:System.Data.DataTable" />.</param>
      <param name="options">Eine <see cref="T:System.Data.LoadOption" />-Enumeration, die die <see cref="T:System.Data.DataTable" />-Ladeoptionen angibt.</param>
      <typeparam name="T">Der Typ von Objekten in der Quellsequenz, i. d. R. <see cref="T:System.Data.DataRow" />.</typeparam>
      <exception cref="T:System.ArgumentException">Die kopierten <see cref="T:System.Data.DataRow" />-Objekte stimmen nicht mit dem Schema der Ziel-<see cref="T:System.Data.DataTable" /> überein.</exception>
      <exception cref="T:System.ArgumentNullException">Die <see cref="T:System.Collections.Generic.IEnumerable`1" />-Quellsequenz ist null, oder die Ziel-<see cref="T:System.Data.DataTable" /> ist null.</exception>
      <exception cref="T:System.InvalidOperationException">Eine <see cref="T:System.Data.DataRow" /> in der Quellsequenz hat einen Zustand von <see cref="F:System.Data.DataRowState.Deleted" />. Die Quellsequenz enthält keine <see cref="T:System.Data.DataRow" />-Objekte. Eine <see cref="T:System.Data.DataRow" /> in der Quellsequenz ist null.</exception>
    </member>
    <member name="M:System.Data.DataTableExtensions.CopyToDataTable``1(System.Collections.Generic.IEnumerable{``0},System.Data.DataTable,System.Data.LoadOption,System.Data.FillErrorEventHandler)">
      <summary>Kopiert <see cref="T:System.Data.DataRow" />-Objekte in die angegebene <see cref="T:System.Data.DataTable" />, bei einem <see cref="T:System.Collections.Generic.IEnumerable`1" />-Eingabeobjekt, bei dem der generische Parameter <paramref name="T" /> den Wert <see cref="T:System.Data.DataRow" /> aufweist.</summary>
      <param name="source">Die <see cref="T:System.Collections.Generic.IEnumerable`1" />-Quellsequenz.</param>
      <param name="table">Die Ziel-<see cref="T:System.Data.DataTable" />.</param>
      <param name="options">Eine <see cref="T:System.Data.LoadOption" />-Enumeration, die die <see cref="T:System.Data.DataTable" />-Ladeoptionen angibt.</param>
      <param name="errorHandler">Ein <see cref="T:System.Data.FillErrorEventHandler" />-Delegat, der die Methode darstellt, die einen Fehler behandelt.</param>
      <typeparam name="T">Der Typ von Objekten in der Quellsequenz, i. d. R. <see cref="T:System.Data.DataRow" />.</typeparam>
      <exception cref="T:System.ArgumentException">Die kopierten <see cref="T:System.Data.DataRow" />-Objekte stimmen nicht mit dem Schema der Ziel-<see cref="T:System.Data.DataTable" /> überein.</exception>
      <exception cref="T:System.ArgumentNullException">Die <see cref="T:System.Collections.Generic.IEnumerable`1" />-Quellsequenz ist null, oder die Ziel-<see cref="T:System.Data.DataTable" /> ist null.</exception>
      <exception cref="T:System.InvalidOperationException">Eine <see cref="T:System.Data.DataRow" /> in der Quellsequenz hat einen Zustand von <see cref="F:System.Data.DataRowState.Deleted" />. -oder- Die Quellsequenz enthält keine <see cref="T:System.Data.DataRow" />-Objekte. -oder- Eine <see cref="T:System.Data.DataRow" /> in der Quellsequenz ist null.</exception>
    </member>
    <member name="T:System.Data.EnumerableRowCollection">
      <summary>Stellt eine Auflistung von <see cref="T:System.Data.DataRow" />-Objekten dar, die von einer LINQ to DataSet Abfrage zurückgegeben werden. Diese API unterstützt die .NET Framework-Infrastruktur und ist nicht für eine direkte Verwendung vom Code aus vorgesehen.</summary>
    </member>
    <member name="M:System.Data.EnumerableRowCollection.System#Collections#IEnumerable#GetEnumerator">
      <summary>Gibt einen Enumerator für die Auflistung von <see cref="T:System.Data.DataRow" />-Objekten zurück. Diese API unterstützt die .NET Framework-Infrastruktur und ist nicht für eine direkte Verwendung vom Code aus vorgesehen.</summary>
      <returns>Ein <see cref="T:System.Collections.IEnumerator" />, mit dem die Auflistung der <see cref="T:System.Data.DataRow" />-Objekte durchlaufen werden kann.</returns>
    </member>
    <member name="T:System.Data.EnumerableRowCollection`1">
      <summary>Stellt eine Auflistung von <see cref="T:System.Data.DataRow" />-Objekten dar, die von einer Abfrage zurückgegeben werden. Diese API unterstützt die .NET Framework-Infrastruktur und ist nicht für eine direkte Verwendung vom Code aus vorgesehen.</summary>
      <typeparam name="TRow">Der Typ von Objekten in der Quellsequenz, i. d. R. <see cref="T:System.Data.DataRow" />.</typeparam>
    </member>
    <member name="M:System.Data.EnumerableRowCollection`1.GetEnumerator">
      <summary>Gibt einen Enumerator für die Auflistung der enthaltenen Zeilenobjekte zurück. Diese API unterstützt die .NET Framework-Infrastruktur und ist nicht für eine direkte Verwendung vom Code aus vorgesehen.</summary>
      <returns>Ein stark typisierter <see cref="T:System.Collections.Generic.IEnumerator`1" />, mit dem die Auflistung von <paramref name="TRow" />-Objekten durchlaufen werden kann.</returns>
      <filterpriority>2</filterpriority>
    </member>
    <member name="M:System.Data.EnumerableRowCollection`1.System#Collections#IEnumerable#GetEnumerator">
      <summary>Gibt einen Enumerator für die Auflistung von <see cref="T:System.Data.DataRow" />-Objekten zurück. Diese API unterstützt die .NET Framework-Infrastruktur und ist nicht für eine direkte Verwendung vom Code aus vorgesehen.</summary>
      <returns>Ein <see cref="T:System.Collections.IEnumerator" />, mit dem die Auflistung der <see cref="T:System.Data.DataRow" />-Objekte durchlaufen werden kann.</returns>
    </member>
    <member name="T:System.Data.EnumerableRowCollectionExtensions">
      <summary>Enthält die Erweiterungsmethoden für die Datenzeilenauflistungsklassen. Diese API unterstützt die .NET Framework-Infrastruktur und ist nicht für eine direkte Verwendung vom Code aus vorgesehen.</summary>
    </member>
    <member name="M:System.Data.EnumerableRowCollectionExtensions.Cast``1(System.Data.EnumerableRowCollection)">
      <summary>Konvertiert die Elemente eines <see cref="T:System.Data.EnumerableRowCollection" /> in den angegebenen Typ. Diese API unterstützt die .NET Framework-Infrastruktur und ist nicht für eine direkte Verwendung vom Code aus vorgesehen.</summary>
      <returns>Ein <see cref="T:System.Data.EnumerableRowCollection" />, das jedes Element der Quellsequenz enthält, das in den angegebenen Typ konvertiert wird.</returns>
      <param name="source">Das <see cref="T:System.Data.EnumerableRowCollection" />, das die zu konvertierenden Elemente enthält.</param>
      <typeparam name="TResult">Der Typ, in den die Elemente der Quelle konvertiert werden sollen.</typeparam>
      <exception cref="T:System.ArgumentNullException">
        <paramref name="source" /> ist null.</exception>
      <exception cref="T:System.InvalidCastException">Ein Element in der Sequenz kann nicht in den Typ <paramref name="TResult" /> umgewandelt werden.</exception>
    </member>
    <member name="M:System.Data.EnumerableRowCollectionExtensions.OrderBy``2(System.Data.EnumerableRowCollection{``0},System.Func{``0,``1})">
      <summary>Sortiert die Zeilen einer <see cref="T:System.Data.EnumerableRowCollection" /> in aufsteigender Reihenfolge nach dem angegebenen Schlüssel. Diese API unterstützt die .NET Framework-Infrastruktur und ist nicht für eine direkte Verwendung vom Code aus vorgesehen.</summary>
      <returns>Eine <see cref="T:System.Data.OrderedEnumerableRowCollection`1" />, deren Elemente nach dem angegebenen Schlüssel sortiert werden.</returns>
      <param name="source">Eine <see cref="T:System.Data.EnumerableRowCollection" /> mit den <see cref="T:System.Data.DataRow" />-Elementen, die sortiert werden sollen.</param>
      <param name="keySelector">Eine Funktion zum Extrahieren eines Schlüssels aus einem Element.</param>
      <typeparam name="TRow">Der Typ der Zeilenelemente in <paramref name="source" />, normalerweise <see cref="T:System.Data.DataRow" />.</typeparam>
      <typeparam name="TKey">Der Typ des von <paramref name="keySelector" /> zurückgegebenen Schlüssels.</typeparam>
    </member>
    <member name="M:System.Data.EnumerableRowCollectionExtensions.OrderBy``2(System.Data.EnumerableRowCollection{``0},System.Func{``0,``1},System.Collections.Generic.IComparer{``1})">
      <summary>Sortiert die Zeilen einer <see cref="T:System.Data.EnumerableRowCollection" /> in aufsteigender Reihenfolge nach dem angegebenen Schlüssel und Vergleich. Diese API unterstützt die .NET Framework-Infrastruktur und ist nicht für eine direkte Verwendung vom Code aus vorgesehen.</summary>
      <returns>Eine <see cref="T:System.Data.OrderedEnumerableRowCollection`1" />, deren Elemente nach dem angegebenen Schlüssel und Vergleich sortiert werden.</returns>
      <param name="source">Eine <see cref="T:System.Data.EnumerableRowCollection" /> mit den <see cref="T:System.Data.DataRow" />-Elementen, die sortiert werden sollen.</param>
      <param name="keySelector">Eine Funktion zum Extrahieren eines Schlüssels aus einem Element.</param>
      <param name="comparer">Ein <see cref="T:System.Collections.Generic.IComparer`1" /> zum Vergleichen von Schlüsseln.</param>
      <typeparam name="TRow">Der Typ der Zeilenelemente in <paramref name="source" />, normalerweise <see cref="T:System.Data.DataRow" />.</typeparam>
      <typeparam name="TKey">Der Typ des von <paramref name="keySelector" /> zurückgegebenen Schlüssels.</typeparam>
    </member>
    <member name="M:System.Data.EnumerableRowCollectionExtensions.OrderByDescending``2(System.Data.EnumerableRowCollection{``0},System.Func{``0,``1})">
      <summary>Sortiert die Zeilen einer <see cref="T:System.Data.EnumerableRowCollection" /> in absteigender Reihenfolge nach dem angegebenen Schlüssel. Diese API unterstützt die .NET Framework-Infrastruktur und ist nicht für eine direkte Verwendung vom Code aus vorgesehen.</summary>
      <returns>Eine <see cref="T:System.Data.OrderedEnumerableRowCollection`1" />, deren Elemente nach dem angegebenen Schlüssel sortiert werden.</returns>
      <param name="source">Eine <see cref="T:System.Data.EnumerableRowCollection" /> mit den <see cref="T:System.Data.DataRow" />-Elementen, die sortiert werden sollen.</param>
      <param name="keySelector">Eine Funktion zum Extrahieren eines Schlüssels aus einem Element.</param>
      <typeparam name="TRow">Der Typ der Zeilenelemente in <paramref name="source" />, normalerweise <see cref="T:System.Data.DataRow" />.</typeparam>
      <typeparam name="TKey">Der Typ des von <paramref name="keySelector" /> zurückgegebenen Schlüssels.</typeparam>
    </member>
    <member name="M:System.Data.EnumerableRowCollectionExtensions.OrderByDescending``2(System.Data.EnumerableRowCollection{``0},System.Func{``0,``1},System.Collections.Generic.IComparer{``1})">
      <summary>Sortiert die Zeilen einer <see cref="T:System.Data.EnumerableRowCollection" /> in absteigender Reihenfolge nach dem angegebenen Schlüssel und Vergleich. Diese API unterstützt die .NET Framework-Infrastruktur und ist nicht für eine direkte Verwendung vom Code aus vorgesehen.</summary>
      <returns>Eine <see cref="T:System.Data.OrderedEnumerableRowCollection`1" />, deren Elemente nach dem angegebenen Schlüssel und Vergleich sortiert werden.</returns>
      <param name="source">Eine <see cref="T:System.Data.EnumerableRowCollection" /> mit den <see cref="T:System.Data.DataRow" />-Elementen, die sortiert werden sollen.</param>
      <param name="keySelector">Eine Funktion zum Extrahieren eines Schlüssels aus einem Element.</param>
      <param name="comparer">Ein <see cref="T:System.Collections.Generic.IComparer`1" /> zum Vergleichen von Schlüsseln.</param>
      <typeparam name="TRow">Der Typ der Zeilenelemente in <paramref name="source" />, normalerweise <see cref="T:System.Data.DataRow" />.</typeparam>
      <typeparam name="TKey">Der Typ des von <paramref name="keySelector" /> zurückgegebenen Schlüssels.</typeparam>
    </member>
    <member name="M:System.Data.EnumerableRowCollectionExtensions.Select``2(System.Data.EnumerableRowCollection{``0},System.Func{``0,``1})">
      <summary>Projiziert jedes Element einer <see cref="T:System.Data.EnumerableRowCollection`1" /> in ein neues Format. Diese API unterstützt die .NET Framework-Infrastruktur und ist nicht für eine direkte Verwendung vom Code aus vorgesehen.</summary>
      <returns>Ein <see cref="T:System.Data.EnumerableRowCollection`1" />, dessen Elemente das Ergebnis des Aufrufs einer Transformationsfunktion für jedes Element von <paramref name="source" /> sind.</returns>
      <param name="source">Eine <see cref="T:System.Data.EnumerableRowCollection`1" /> mit den <see cref="T:System.Data.DataRow" />-Elementen, für die eine Transformationsfunktion aufgerufen werden soll.</param>
      <param name="selector">Eine Transformationsfunktion, die auf jedes Element angewendet werden soll.</param>
      <typeparam name="TRow">Der Typ der Zeilenelemente in <paramref name="source" />, normalerweise <see cref="T:System.Data.DataRow" />.</typeparam>
      <typeparam name="S">Der Typ, in den <paramref name="TRow" /> transformiert wird.</typeparam>
    </member>
    <member name="M:System.Data.EnumerableRowCollectionExtensions.ThenBy``2(System.Data.OrderedEnumerableRowCollection{``0},System.Func{``0,``1})">
      <summary>Führt eine sekundäre Sortierung der Zeilen in einer <see cref="T:System.Data.EnumerableRowCollection" /> in aufsteigender Reihenfolge nach dem angegebenen Schlüssel durch. Diese API unterstützt die .NET Framework-Infrastruktur und ist nicht für eine direkte Verwendung vom Code aus vorgesehen.</summary>
      <returns>Eine <see cref="T:System.Data.OrderedEnumerableRowCollection`1" />, deren Elemente nach dem angegebenen Schlüssel sortiert werden.</returns>
      <param name="source">Eine <see cref="T:System.Data.EnumerableRowCollection" /> mit den <see cref="T:System.Data.DataRow" />-Elementen, die sortiert werden sollen.</param>
      <param name="keySelector">Eine Funktion zum Extrahieren eines Schlüssels aus einem Element.</param>
      <typeparam name="TRow">Der Typ der Zeilenelemente in <paramref name="source" />, normalerweise <see cref="T:System.Data.DataRow" />.</typeparam>
      <typeparam name="TKey">Der Typ des von <paramref name="keySelector" /> zurückgegebenen Schlüssels.</typeparam>
    </member>
    <member name="M:System.Data.EnumerableRowCollectionExtensions.ThenBy``2(System.Data.OrderedEnumerableRowCollection{``0},System.Func{``0,``1},System.Collections.Generic.IComparer{``1})">
      <summary>Führt eine sekundäre Sortierung der Zeilen in einer <see cref="T:System.Data.EnumerableRowCollection" /> in aufsteigender Reihenfolge nach dem angegebenen Schlüssel und Vergleich durch. Diese API unterstützt die .NET Framework-Infrastruktur und ist nicht für eine direkte Verwendung vom Code aus vorgesehen.</summary>
      <returns>Eine <see cref="T:System.Data.OrderedEnumerableRowCollection`1" />, deren Elemente nach dem angegebenen Schlüssel und Vergleich sortiert werden.</returns>
      <param name="source">Eine <see cref="T:System.Data.EnumerableRowCollection" /> mit den <see cref="T:System.Data.DataRow" />-Elementen, die sortiert werden sollen.</param>
      <param name="keySelector">Eine Funktion zum Extrahieren eines Schlüssels aus einem Element.</param>
      <param name="comparer">Ein <see cref="T:System.Collections.Generic.IComparer`1" /> zum Vergleichen von Schlüsseln.</param>
      <typeparam name="TRow">Der Typ der Zeilenelemente in <paramref name="source" />, normalerweise <see cref="T:System.Data.DataRow" />.</typeparam>
      <typeparam name="TKey">Der Typ des von <paramref name="keySelector" /> zurückgegebenen Schlüssels.</typeparam>
    </member>
    <member name="M:System.Data.EnumerableRowCollectionExtensions.ThenByDescending``2(System.Data.OrderedEnumerableRowCollection{``0},System.Func{``0,``1})">
      <summary>Führt eine sekundäre Sortierung der Zeilen in einer <see cref="T:System.Data.EnumerableRowCollection" /> in absteigender Reihenfolge nach dem angegebenen Schlüssel durch. Diese API unterstützt die .NET Framework-Infrastruktur und ist nicht für eine direkte Verwendung vom Code aus vorgesehen.</summary>
      <returns>Eine <see cref="T:System.Data.OrderedEnumerableRowCollection`1" />, deren Elemente nach dem angegebenen Schlüssel sortiert werden.</returns>
      <param name="source">Eine <see cref="T:System.Data.EnumerableRowCollection" /> mit den <see cref="T:System.Data.DataRow" />-Elementen, die sortiert werden sollen.</param>
      <param name="keySelector">Eine Funktion zum Extrahieren eines Schlüssels aus einem Element.</param>
      <typeparam name="TRow">Der Typ der Zeilenelemente in <paramref name="source" />, normalerweise <see cref="T:System.Data.DataRow" />.</typeparam>
      <typeparam name="TKey">Der Typ des von <paramref name="keySelector" /> zurückgegebenen Schlüssels.</typeparam>
    </member>
    <member name="M:System.Data.EnumerableRowCollectionExtensions.ThenByDescending``2(System.Data.OrderedEnumerableRowCollection{``0},System.Func{``0,``1},System.Collections.Generic.IComparer{``1})">
      <summary>Führt eine sekundäre Sortierung der Zeilen in einer <see cref="T:System.Data.EnumerableRowCollection" /> in absteigender Reihenfolge nach dem angegebenen Schlüssel und Vergleich durch. Diese API unterstützt die .NET Framework-Infrastruktur und ist nicht für eine direkte Verwendung vom Code aus vorgesehen.</summary>
      <returns>Eine <see cref="T:System.Data.OrderedEnumerableRowCollection`1" />, deren Elemente nach dem angegebenen Schlüssel und Vergleich sortiert werden.</returns>
      <param name="source">Eine <see cref="T:System.Data.EnumerableRowCollection" /> mit den <see cref="T:System.Data.DataRow" />-Elementen, die sortiert werden sollen.</param>
      <param name="keySelector">Eine Funktion zum Extrahieren eines Schlüssels aus einem Element.</param>
      <param name="comparer">Ein <see cref="T:System.Collections.Generic.IComparer`1" /> zum Vergleichen von Schlüsseln.</param>
      <typeparam name="TRow">Der Typ der Zeilenelemente in <paramref name="source" />, normalerweise <see cref="T:System.Data.DataRow" />.</typeparam>
      <typeparam name="TKey">Der Typ des von <paramref name="keySelector" /> zurückgegebenen Schlüssels.</typeparam>
    </member>
    <member name="M:System.Data.EnumerableRowCollectionExtensions.Where``1(System.Data.EnumerableRowCollection{``0},System.Func{``0,System.Boolean})">
      <summary>Filtert eine Sequenz von Zeilen auf Grundlage des angegebenen Prädikats. Diese API unterstützt die .NET Framework-Infrastruktur und ist nicht für eine direkte Verwendung vom Code aus vorgesehen.</summary>
      <returns>Eine <see cref="T:System.Data.OrderedEnumerableRowCollection`1" />, die Zeilen aus der Eingabesequenz enthält, die die Bedingung erfüllen.</returns>
      <param name="source">Eine <see cref="T:System.Data.EnumerableRowCollection" /> mit den zu filternden <see cref="T:System.Data.DataRow" />-Elementen.</param>
      <param name="predicate">Eine Funktion, mit der jedes Element auf eine Bedingung überprüft wird.</param>
      <typeparam name="TRow">Der Typ der Zeilenelemente in <paramref name="source" />, normalerweise <see cref="T:System.Data.DataRow" />.</typeparam>
    </member>
    <member name="T:System.Data.OrderedEnumerableRowCollection`1">
      <summary>Diese API unterstützt die .NET Framework-Infrastruktur und ist nicht für eine direkte Verwendung vom Code aus vorgesehen. Stellt eine Auflistung geordneter <see cref="T:System.Data.DataRow" />-Objekte dar, die von einer Abfrage zurückgegeben werden.</summary>
      <typeparam name="TRow">Der Typ von Objekten in der Quellsequenz, i. d. R. <see cref="T:System.Data.DataRow" />.</typeparam>
    </member>
    <member name="T:System.Data.TypedTableBase`1">
      <summary>Dieser Typ wird als Basisklasse für die typisierte <see cref="T:System.Data.DataTable" />-Objektgenerierung durch Visual Studio und das .NET Framework-Tool XSD.exe verwendet, und er ist nicht für die direkte Verwendung im Code vorgesehen.</summary>
      <typeparam name="T">Der Typ der Objekte in der von der Tabelle dargestellten Quellsequenz, meist <see cref="T:System.Data.DataRow" />.</typeparam>
    </member>
    <member name="M:System.Data.TypedTableBase`1.#ctor">
      <summary>Initialisiert eine neue <see cref="T:System.Data.TypedTableBase'1" />. Diese Methode unterstützt die typisierte <see cref="T:System.Data.DataTable" />-Objektgenerierung durch Visual Studio und das .NET Framework-Tool XSD.exe. Dieser Typ ist nicht für die direkte Verwendung im Code vorgesehen.</summary>
    </member>
    <member name="M:System.Data.TypedTableBase`1.#ctor(System.Runtime.Serialization.SerializationInfo,System.Runtime.Serialization.StreamingContext)">
      <summary>Initialisiert eine neue <see cref="T:System.Data.TypedTableBase'1" />. Diese Methode unterstützt die typisierte <see cref="T:System.Data.DataTable" />-Objektgenerierung durch Visual Studio und das .NET Framework-Tool XSD.exe. Diese Methode ist nicht für die direkte Verwendung im Code vorgesehen.</summary>
      <param name="info">Eine <see cref="T:System.Runtime.Serialization.SerializationInfo" />, die Daten zum Erstellen des Objekts enthält.</param>
      <param name="context">Der Streamingkontext für das deserialisierte Objekt.</param>
    </member>
    <member name="M:System.Data.TypedTableBase`1.Cast``1">
      <summary>Konvertiert die Elemente eines <see cref="T:System.Data.TypedTableBase'1" /> in den angegebenen Typ. Diese Methode unterstützt die typisierte <see cref="T:System.Data.DataTable" />-Objektgenerierung durch Visual Studio und das .NET Framework-Tool XSD.exe. Diese Methode ist nicht für die direkte Verwendung im Code vorgesehen.</summary>
      <returns>Ein <see cref="T:System.Data.EnumerableRowCollection" />, das jedes Element der Quellsequenz enthält, das in den angegebenen Typ konvertiert wird.</returns>
      <typeparam name="TResult">
      </typeparam>
    </member>
    <member name="M:System.Data.TypedTableBase`1.GetEnumerator">
      <summary>Gibt einen Enumerator für die typisierte <see cref="T:System.Data.DataRow" /> zurück. Diese Methode unterstützt die typisierte <see cref="T:System.Data.DataTable" />-Objektgenerierung durch Visual Studio und das .NET Framework-Tool XSD.exe. Diese Methode ist nicht für die direkte Verwendung im Code vorgesehen.</summary>
      <returns>Ein Objekt, das die <see cref="T:System.Collections.Generic.IEnumerator`1" />-Schnittstelle implementiert.</returns>
    </member>
    <member name="M:System.Data.TypedTableBase`1.System#Collections#IEnumerable#GetEnumerator">
      <summary>Gibt einen Enumerator für die typisierte <see cref="T:System.Data.DataRow" /> zurück. Diese Methode unterstützt die typisierte <see cref="T:System.Data.DataTable" />-Objektgenerierung durch Visual Studio und das .NET Framework-Tool XSD.exe. Diese Methode ist nicht für die direkte Verwendung im Code vorgesehen.</summary>
      <returns>Ein Objekt, das die <see cref="T:System.Collections.Generic.IEnumerator`1" />-Schnittstelle implementiert.</returns>
    </member>
    <member name="T:System.Data.TypedTableBaseExtensions">
      <summary>Enthält die Erweiterungsmethoden für die <see cref="T:System.Data.TypedTableBase`1" />-Klasse.</summary>
    </member>
    <member name="M:System.Data.TypedTableBaseExtensions.AsEnumerable``1(System.Data.TypedTableBase{``0})">
      <summary>Listet die Elemente der Datenzeile von <see cref="T:System.Data.TypedTableBase`1" /> auf und gibt ein <see cref="T:System.Data.EnumerableRowCollection`1" />-Objekt zurück, wobei der generische Parameter <paramref name="T" /> gleich <see cref="T:System.Data.DataRow" /> ist. Dieses Objekt kann in einem LINQ-Ausdruck oder einer Methodenabfrage verwendet werden.</summary>
      <returns>Ein <see cref="T:System.Data.EnumerableRowCollection`1" />-Objekt bei dem der generische Parameter <paramref name="T" /> den Wert <see cref="T:System.Data.DataRow" /> hat.</returns>
      <param name="source">Die Quell-<see cref="T:System.Data.TypedTableBase`1" />, die als aufzählbar festgelegt werden soll.</param>
      <typeparam name="TRow">Der Typ, in den die Elemente der Quelle konvertiert werden sollen.</typeparam>
    </member>
    <member name="M:System.Data.TypedTableBaseExtensions.ElementAtOrDefault``1(System.Data.TypedTableBase{``0},System.Int32)">
      <summary>Gibt das Element an einer angegebenen Zeile in einer Sequenz oder einen Standardwert zurück, wenn die Zeile außerhalb des gültigen Bereichs liegt.</summary>
      <returns>Das Element an einer angegebenen Zeile in einer Sequenz.</returns>
      <param name="source">Ein aufzählbares Objekt, aus dem ein Element zurückgegeben werden soll.</param>
      <param name="index">Der auf 0 (null) basierende Index des abzurufenden Elements.</param>
      <typeparam name="TRow">Der Typ des Elements der Reihe.</typeparam>
    </member>
    <member name="M:System.Data.TypedTableBaseExtensions.OrderBy``2(System.Data.TypedTableBase{``0},System.Func{``0,``1})">
      <summary>Sortiert die Zeilen einer <see cref="T:System.Data.TypedTableBase`1" /> in aufsteigender Reihenfolge nach dem angegebenen Schlüssel.</summary>
      <returns>Eine <see cref="T:System.Data.OrderedEnumerableRowCollection`1" />, deren Elemente nach dem angegebenen Schlüssel sortiert werden.</returns>
      <param name="source">Eine <see cref="T:System.Data.TypedTableBase`1" /> mit den <see cref="T:System.Data.DataRow" />-Elementen, die sortiert werden sollen.</param>
      <param name="keySelector">Eine Funktion zum Extrahieren eines Schlüssels aus einem Element.</param>
      <typeparam name="TRow">Der Typ der Zeilenelemente in <paramref name="source" />, normalerweise <see cref="T:System.Data.DataRow" />.</typeparam>
      <typeparam name="TKey">Der Typ des von <paramref name="keySelector" /> zurückgegebenen Schlüssels.</typeparam>
    </member>
    <member name="M:System.Data.TypedTableBaseExtensions.OrderBy``2(System.Data.TypedTableBase{``0},System.Func{``0,``1},System.Collections.Generic.IComparer{``1})">
      <summary>Sortiert die Zeilen einer <see cref="T:System.Data.TypedTableBase`1" /> in aufsteigender Reihenfolge nach dem angegebenen Schlüssel und Vergleich.</summary>
      <returns>Eine <see cref="T:System.Data.OrderedEnumerableRowCollection`1" />, deren Elemente nach dem angegebenen Schlüssel und Vergleich sortiert werden.</returns>
      <param name="source">Eine <see cref="T:System.Data.TypedTableBase`1" /> mit den <see cref="T:System.Data.DataRow" />-Elementen, die sortiert werden sollen.</param>
      <param name="keySelector">Eine Funktion zum Extrahieren eines Schlüssels aus einem Element.</param>
      <param name="comparer">Ein <see cref="T:System.Collections.Generic.IComparer`1" /> zum Vergleichen von Schlüsseln.</param>
      <typeparam name="TRow">Der Typ der Zeilenelemente in <paramref name="source" />, normalerweise <see cref="T:System.Data.DataRow" />.</typeparam>
      <typeparam name="TKey">Der Typ des von <paramref name="keySelector" /> zurückgegebenen Schlüssels.</typeparam>
    </member>
    <member name="M:System.Data.TypedTableBaseExtensions.OrderByDescending``2(System.Data.TypedTableBase{``0},System.Func{``0,``1})">
      <summary>Sortiert die Zeilen einer <see cref="T:System.Data.TypedTableBase`1" /> in absteigender Reihenfolge nach dem angegebenen Schlüssel.</summary>
      <returns>Eine <see cref="T:System.Data.OrderedEnumerableRowCollection`1" />, deren Elemente nach dem angegebenen Schlüssel sortiert werden.</returns>
      <param name="source">Eine <see cref="T:System.Data.TypedTableBase`1" /> mit den <see cref="T:System.Data.DataRow" />-Elementen, die sortiert werden sollen.</param>
      <param name="keySelector">Eine Funktion zum Extrahieren eines Schlüssels aus einem Element.</param>
      <typeparam name="TRow">Der Typ der Zeilenelemente in <paramref name="source" />, normalerweise <see cref="T:System.Data.DataRow" />.</typeparam>
      <typeparam name="TKey">Der Typ des von <paramref name="keySelector" /> zurückgegebenen Schlüssels.</typeparam>
    </member>
    <member name="M:System.Data.TypedTableBaseExtensions.OrderByDescending``2(System.Data.TypedTableBase{``0},System.Func{``0,``1},System.Collections.Generic.IComparer{``1})">
      <summary>Sortiert die Zeilen einer <see cref="T:System.Data.TypedTableBase`1" /> in absteigender Reihenfolge nach dem angegebenen Schlüssel und Vergleich.</summary>
      <returns>Eine <see cref="T:System.Data.OrderedEnumerableRowCollection`1" />, deren Elemente nach dem angegebenen Schlüssel und Vergleich sortiert werden.</returns>
      <param name="source">Eine <see cref="T:System.Data.TypedTableBase`1" /> mit den <see cref="T:System.Data.DataRow" />-Elementen, die sortiert werden sollen.</param>
      <param name="keySelector">Eine Funktion zum Extrahieren eines Schlüssels aus einem Element.</param>
      <param name="comparer">Ein <see cref="T:System.Collections.Generic.IComparer`1" /> zum Vergleichen von Schlüsseln.</param>
      <typeparam name="TRow">Der Typ der Zeilenelemente in <paramref name="source" />, normalerweise <see cref="T:System.Data.DataRow" />.</typeparam>
      <typeparam name="TKey">Der Typ des von <paramref name="keySelector" /> zurückgegebenen Schlüssels.</typeparam>
    </member>
    <member name="M:System.Data.TypedTableBaseExtensions.Select``2(System.Data.TypedTableBase{``0},System.Func{``0,``1})">
      <summary>Projiziert jedes Element von <see cref="T:System.Data.TypedTableBase`1" /> in ein neues Format.</summary>
      <returns>Eine <see cref="T:System.Data.EnumerableRowCollection`1" />, deren Elemente das Ergebnis des Aufrufs einer Transformationsfunktion für jedes Element von <paramref name="source" /> sind.</returns>
      <param name="source">Eine <see cref="T:System.Data.TypedTableBase`1" /> mit den <see cref="T:System.Data.DataRow" />-Elementen, für die eine Transformationsfunktion aufgerufen werden soll.</param>
      <param name="selector">Eine Transformationsfunktion, die auf jedes Element angewendet werden soll.</param>
      <typeparam name="TRow">Der Typ der Zeilenelemente in <paramref name="source" />: <see cref="T:System.Data.DataRow" />.</typeparam>
      <typeparam name="S">
      </typeparam>
    </member>
    <member name="M:System.Data.TypedTableBaseExtensions.Where``1(System.Data.TypedTableBase{``0},System.Func{``0,System.Boolean})">
      <summary>Filtert eine Sequenz von Zeilen auf Grundlage des angegebenen Prädikats.</summary>
      <returns>Eine <see cref="T:System.Data.OrderedEnumerableRowCollection`1" />, die Zeilen aus der Eingabesequenz enthält, die die Bedingung erfüllen.</returns>
      <param name="source">Eine <see cref="T:System.Data.TypedTableBase`1" /> mit den <see cref="T:System.Data.DataRow" />-Elementen, die gefiltert werden sollen.</param>
      <param name="predicate">Eine Funktion, mit der jedes Element auf eine Bedingung überprüft wird.</param>
      <typeparam name="TRow">Der Typ der Zeilenelemente in <paramref name="source" />: <see cref="T:System.Data.DataRow" />.</typeparam>
    </member>
  </members>
</doc>