﻿<?xml version="1.0" encoding="utf-8"?>
<doc>
  <assembly>
    <name>System.ServiceProcess</name>
  </assembly>
  <members>
    <member name="T:System.ServiceProcess.PowerBroadcastStatus">
      <summary>Zeigt den Energiestatus des Systems an.</summary>
    </member>
    <member name="F:System.ServiceProcess.PowerBroadcastStatus.BatteryLow">
      <summary>Niedriger Ladezustand des Akkus.</summary>
    </member>
    <member name="F:System.ServiceProcess.PowerBroadcastStatus.OemEvent">
      <summary>Ein Advanced Power Management-BIOS (APM-BIOS) hat ein APM-OEM-Ereignis signalisiert.</summary>
    </member>
    <member name="F:System.ServiceProcess.PowerBroadcastStatus.PowerStatusChange">
      <summary>Eine Änderung im Energiestatus des Computers wurde festgestellt (z. B. der Wechsel von Akku- zu Netzstrombetrieb). Das System leitet dieses Ereignis auch dann weiter, wenn die verbleibende Akkuleistung unter einen vom Benutzer festgelegten Wert sinkt oder sich um einen angegebenen Prozentsatz ändert.</summary>
    </member>
    <member name="F:System.ServiceProcess.PowerBroadcastStatus.QuerySuspend">
      <summary>Das System hat um die Erlaubnis gebeten, den Computer in den Standbymodus zu versetzen. Eine Anwendung, die die Erlaubnis erteilt, muss vor dem Beenden Vorbereitungen für den Standbymodus treffen.</summary>
    </member>
    <member name="F:System.ServiceProcess.PowerBroadcastStatus.QuerySuspendFailed">
      <summary>Dem System wurde nicht gestattet, den Computer in den Standbymodus zu versetzen. Dieser Status wird gesendet, wenn eine der Anwendungen oder ein Treiber einen vorangegangenen QuerySuspend-Status verweigert hat.</summary>
    </member>
    <member name="F:System.ServiceProcess.PowerBroadcastStatus.ResumeAutomatic">
      <summary>Der Computer wurde für die Behandlung eines Ereignisses automatisch reaktiviert.</summary>
    </member>
    <member name="F:System.ServiceProcess.PowerBroadcastStatus.ResumeCritical">
      <summary>Das System hat den Betrieb nach einer Notabschaltung aufgrund eines Akkuausfalls wieder aufgenommen.</summary>
    </member>
    <member name="F:System.ServiceProcess.PowerBroadcastStatus.ResumeSuspend">
      <summary>Das System hat nach dem Beenden des Standbymodus den Betrieb wieder aufgenommen.</summary>
    </member>
    <member name="F:System.ServiceProcess.PowerBroadcastStatus.Suspend">
      <summary>Der Computer steht unmittelbar davor, in den Standbymodus zu wechseln. Dieses Ereignis wird normalerweise dann übermittelt, wenn alle Anwendungen und installierbaren Treiber für einen vorangegangenen QuerySuspend-Zustand den Wert true zurückgegeben haben.</summary>
    </member>
    <member name="T:System.ServiceProcess.ServiceAccount">
      <summary>Legt den Sicherheitskontext eines Dienstes fest, der seinen Anmeldetyp definiert.</summary>
    </member>
    <member name="F:System.ServiceProcess.ServiceAccount.LocalService">
      <summary>Ein Konto, das sich wie ein Benutzer ohne besondere Berechtigungen auf dem lokalen Computer verhält und für Remoteserver anonyme Anmeldeinformationen verwendet.</summary>
    </member>
    <member name="F:System.ServiceProcess.ServiceAccount.LocalSystem">
      <summary>Ein vom Dienststeuerungs-Manager verwendetes Konto, das umfangreiche Berechtigungen auf dem lokalen Computer besitzt und als der Computer im Netzwerk agiert.</summary>
    </member>
    <member name="F:System.ServiceProcess.ServiceAccount.NetworkService">
      <summary>Ein Konto, das umfangreiche lokale Berechtigungen bereitstellt und für jeden Remoteserver die Anmeldeinformationen des Computers verwendet.</summary>
    </member>
    <member name="F:System.ServiceProcess.ServiceAccount.User">
      <summary>Ein Konto, das von einem bestimmten Benutzer im Netzwerk definiert wird. Das Angeben von User für das <see cref="P:System.ServiceProcess.ServiceProcessInstaller.Account" />-Member führt dazu, dass das System zur Eingabe eines gültigen Benutzernamens und Kennworts auffordert, wenn der Dienst installiert wird, sofern Sie nicht für die <see cref="P:System.ServiceProcess.ServiceProcessInstaller.Username" />-Eigenschaft und die <see cref="P:System.ServiceProcess.ServiceProcessInstaller.Password" />-Eigenschaft der <see cref="T:System.ServiceProcess.ServiceProcessInstaller" />-Instanz einen Wert festlegen.</summary>
    </member>
    <member name="T:System.ServiceProcess.ServiceBase">
      <summary>Stellt eine Basisklasse für einen Dienst als Teil einer Dienstanwendung bereit. <see cref="T:System.ServiceProcess.ServiceBase" /> muss abgeleitet werden, wenn eine neue Dienstklasse erstellt wird.</summary>
    </member>
    <member name="M:System.ServiceProcess.ServiceBase.#ctor">
      <summary>Erstellt eine neue Instanz der <see cref="T:System.ServiceProcess.ServiceBase" />-Klasse.</summary>
    </member>
    <member name="P:System.ServiceProcess.ServiceBase.AutoLog">
      <summary>Gibt an, ob die Befehle Starten, Beenden, Anhalten und Fortsetzen im Ereignisprotokoll aufgezeichnet werden sollen.</summary>
      <returns>true, wenn Informationen im Ereignisprotokoll aufgezeichnet werden sollen, andernfalls false.</returns>
    </member>
    <member name="P:System.ServiceProcess.ServiceBase.CanHandlePowerEvent">
      <summary>Ruft einen Wert ab, der angibt, ob der Dienst Benachrichtigungen über Änderungen im Energiestatus des Computers verarbeiten kann, oder legt diesen fest.</summary>
      <returns>true, wenn der Dienst die in der <see cref="T:System.ServiceProcess.PowerBroadcastStatus" />-Klasse angegebenen Änderungen im Energiestatus des Computers verarbeitet, andernfalls false.</returns>
      <exception cref="T:System.InvalidOperationException">Diese Eigenschaft wird geändert, nachdem der Dienst gestartet wurde.</exception>
    </member>
    <member name="P:System.ServiceProcess.ServiceBase.CanHandleSessionChangeEvent">
      <summary>Ruft einen Wert ab, der angibt, ob der Dienst Sitzungsänderungsereignisse aus einer Terminal Server-Sitzung behandeln kann, oder legt diesen fest.</summary>
      <returns>true, wenn der Dienst Terminal Server-Sitzungsänderungsereignisse behandeln kann; andernfalls false.</returns>
      <exception cref="T:System.InvalidOperationException">Diese Eigenschaft wird geändert, nachdem der Dienst gestartet wurde.</exception>
    </member>
    <member name="P:System.ServiceProcess.ServiceBase.CanPauseAndContinue">
      <summary>Ruft einen Wert ab, der angibt, ob der Dienst angehalten und wieder aufgenommen werden kann, oder legt diesen fest.</summary>
      <returns>true, wenn der Dienst angehalten werden kann, andernfalls false.</returns>
      <exception cref="T:System.InvalidOperationException">Der Dienst wurde bereits gestartet. Die <see cref="P:System.ServiceProcess.ServiceBase.CanPauseAndContinue" />-Eigenschaft kann nach dem Start des Diensts nicht mehr geändert werden.</exception>
    </member>
    <member name="P:System.ServiceProcess.ServiceBase.CanShutdown">
      <summary>Ruft einen Wert ab, der angibt, ob der Dienst beim Herunterfahren des Systems benachrichtigt werden soll, oder legt diesen fest.</summary>
      <returns>true, wenn der Dienst beim Herunterfahren des Systems benachrichtigt werden soll, andernfalls false.  Die Standardeinstellung ist false.</returns>
      <exception cref="T:System.InvalidOperationException">Der Dienst wurde bereits gestartet. Die <see cref="P:System.ServiceProcess.ServiceBase.CanShutdown" />-Eigenschaft kann nach dem Start des Diensts nicht mehr geändert werden.</exception>
    </member>
    <member name="P:System.ServiceProcess.ServiceBase.CanStop">
      <summary>Ruft einen Wert ab, der angibt, ob der Dienst nach dem Starten beendet werden kann, oder legt diesen fest.</summary>
      <returns>true, wenn der Dienst angehalten und die <see cref="M:System.ServiceProcess.ServiceBase.OnStop" />-Methode aufgerufen werden kann, andernfalls false.</returns>
      <exception cref="T:System.InvalidOperationException">Der Dienst wurde bereits gestartet. Die <see cref="P:System.ServiceProcess.ServiceBase.CanStop" />-Eigenschaft kann nach dem Start des Diensts nicht mehr geändert werden.</exception>
    </member>
    <member name="M:System.ServiceProcess.ServiceBase.Dispose(System.Boolean)">
      <summary>Gibt die von der <see cref="T:System.ServiceProcess.ServiceBase" />-Klasse verwendeten Ressourcen (mit Ausnahme des Speichers) frei.</summary>
      <param name="disposing">true, um sowohl verwaltete als auch nicht verwaltete Ressourcen freizugeben, false, um ausschließlich nicht verwaltete Ressourcen freizugeben.</param>
    </member>
    <member name="P:System.ServiceProcess.ServiceBase.EventLog">
      <summary>Ruft ein Ereignisprotokoll ab, mit dem Sie Benachrichtigungen über Aufrufe von Dienstbefehlen wie Starten und Beenden in das Anwendungsereignisprotokoll schreiben können.</summary>
      <returns>Eine <see cref="T:System.Diagnostics.EventLog" />-Instanz, deren Quelle im Anwendungsprotokoll registriert ist.</returns>
      <PermissionSet>
        <IPermission class="System.Security.Permissions.SecurityPermission, mscorlib, Version=2.0.3600.0, Culture=neutral, PublicKeyToken=b77a5c561934e089" version="1" Flags="UnmanagedCode" />
        <IPermission class="System.Diagnostics.EventLogPermission, System, Version=2.0.3600.0, Culture=neutral, PublicKeyToken=b77a5c561934e089" version="1" Unrestricted="true" />
      </PermissionSet>
    </member>
    <member name="P:System.ServiceProcess.ServiceBase.ExitCode">
      <summary>Ruft den Exitcode für den Dienst ab oder legt diesen fest.</summary>
      <returns>Der Exitcode für den Dienst.</returns>
    </member>
    <member name="F:System.ServiceProcess.ServiceBase.MaxNameLength">
      <summary>Gibt die maximale Größe für einen Dienstnamen an.</summary>
    </member>
    <member name="M:System.ServiceProcess.ServiceBase.OnContinue">
      <summary>Bei der Implementierung in einer abgeleiteten Klasse wird <see cref="M:System.ServiceProcess.ServiceBase.OnContinue" /> ausgeführt, wenn der Dienststeuerungs-Manager einen Befehl zum Fortsetzen an den Dienst sendet. Gibt Aktionen an, die durchgeführt werden müssen, wenn der normale Betrieb eines Diensts nach dem Anhalten wieder aufgenommen wird.</summary>
    </member>
    <member name="M:System.ServiceProcess.ServiceBase.OnCustomCommand(System.Int32)">
      <summary>Bei der Implementierung in einer abgeleiteten Klasse wird <see cref="M:System.ServiceProcess.ServiceBase.OnCustomCommand(System.Int32)" /> ausgeführt, wenn der Dienststeuerungs-Manager einen benutzerdefinierten Befehl an den Dienst übergibt. Gibt an, welche Aktionen auszuführen sind, wenn ein Befehl mit dem angegebenen Parameter auftritt.</summary>
      <param name="command">Die an den Dienst gesendete Befehlsnachricht.</param>
    </member>
    <member name="M:System.ServiceProcess.ServiceBase.OnPause">
      <summary>Wird bei der Implementierung in einer abgeleiteten Klasse ausgeführt, wenn der Dienststeuerungs-Manager einen Befehl zum Anhalten an den Dienst sendet. Gibt Aktionen an, die beim Anhalten eines Diensts durchgeführt werden müssen.</summary>
    </member>
    <member name="M:System.ServiceProcess.ServiceBase.OnPowerEvent(System.ServiceProcess.PowerBroadcastStatus)">
      <summary>Wird bei der Implementierung in einer abgeleiteten Klasse ausgeführt, wenn sich der Energiestatus des Computers geändert hat. Dies gilt für Laptops, wenn diese in den Standbymodus wechseln. Dieser entspricht nicht dem Herunterfahren des Systems.</summary>
      <returns>Bei Implementierung in einer abgeleiteten Klasse bestimmen die Anforderungen der Anwendung, welcher Wert zurückzugeben ist. Wenn beispielsweise ein QuerySuspend-Broadcaststatus übergeben wird, können Sie die Anwendung veranlassen, die Abfrage durch Rückgabe false abzulehnen.</returns>
      <param name="powerStatus">Ein <see cref="T:System.ServiceProcess.PowerBroadcastStatus" />, der eine Benachrichtigung des Systems über dessen Energiestatus angibt.</param>
    </member>
    <member name="M:System.ServiceProcess.ServiceBase.OnSessionChange(System.ServiceProcess.SessionChangeDescription)">
      <summary>Wird ausgeführt, wenn ein Änderungsereignis von einer Terminal Server-Sitzung empfangen wird.</summary>
      <param name="changeDescription">Eine -Struktur, die den Änderungstyp angibt.</param>
    </member>
    <member name="M:System.ServiceProcess.ServiceBase.OnShutdown">
      <summary>Wird bei der Implementierung in einer abgeleiteten Klasse beim Herunterfahren des Systems ausgeführt. Gibt an, welche Vorgänge unmittelbar vor dem Herunterfahren des Systems ausgeführt werden sollen.</summary>
    </member>
    <member name="M:System.ServiceProcess.ServiceBase.OnStart(System.String[])">
      <summary>Wird bei der Implementierung in einer abgeleiteten Klasse ausgeführt, wenn der Dienststeuerungs-Manager einen Befehl zum Starten an den Dienst sendet oder wenn das Betriebssystem gestartet wird (diese gilt für Dienste, die automatisch gestartet werden). Gibt Aktionen an, die beim Starten des Diensts ausgeführt werden müssen.</summary>
      <param name="args">Vom Befehl zum Starten übergebene Daten.</param>
    </member>
    <member name="M:System.ServiceProcess.ServiceBase.OnStop">
      <summary>Wird bei der Implementierung in einer abgeleiteten Klasse ausgeführt, wenn der Dienststeuerungs-Manager einen Befehl zum Beenden an den Dienst sendet. Gibt Aktionen an, die beim Beenden eines Diensts auszuführen sind.</summary>
    </member>
    <member name="M:System.ServiceProcess.ServiceBase.RequestAdditionalTime(System.Int32)">
      <summary>Fordert zusätzliche Zeit für eine ausstehende Operation an.</summary>
      <param name="milliseconds">Die angeforderte Zeit in Millisekunden.</param>
      <exception cref="T:System.InvalidOperationException">Der Dienst steht nicht aus.</exception>
    </member>
    <member name="M:System.ServiceProcess.ServiceBase.Run(System.ServiceProcess.ServiceBase)">
      <summary>Registriert die ausführbare Datei für einen Dienst im Dienststeuerungs-Manager.</summary>
      <param name="service">Eine <see cref="T:System.ServiceProcess.ServiceBase" />, die einen zu startenden Dienst angibt.</param>
      <exception cref="T:System.ArgumentException">
        <paramref name="service" /> ist null.</exception>
      <PermissionSet>
        <IPermission class="System.Security.Permissions.FileIOPermission, mscorlib, Version=2.0.3600.0, Culture=neutral, PublicKeyToken=b77a5c561934e089" version="1" PathDiscovery="*AllFiles*" />
        <IPermission class="System.Security.Permissions.SecurityPermission, mscorlib, Version=2.0.3600.0, Culture=neutral, PublicKeyToken=b77a5c561934e089" version="1" Flags="UnmanagedCode, ControlAppDomain" />
        <IPermission class="System.Diagnostics.EventLogPermission, System, Version=2.0.3600.0, Culture=neutral, PublicKeyToken=b77a5c561934e089" version="1" Unrestricted="true" />
      </PermissionSet>
    </member>
    <member name="M:System.ServiceProcess.ServiceBase.Run(System.ServiceProcess.ServiceBase[])">
      <summary>Registriert die ausführbare Datei für mehrere Dienste im Dienststeuerungs-Manager.</summary>
      <param name="services">Ein Array von ServiceBase-Instanzen, die zu startende Dienste angeben.</param>
      <exception cref="T:System.ArgumentException">Sie haben keinen zu startenden Dienst angegeben. Das Array ist u. U. null oder leer.</exception>
      <PermissionSet>
        <IPermission class="System.Security.Permissions.FileIOPermission, mscorlib, Version=2.0.3600.0, Culture=neutral, PublicKeyToken=b77a5c561934e089" version="1" PathDiscovery="*AllFiles*" />
        <IPermission class="System.Security.Permissions.SecurityPermission, mscorlib, Version=2.0.3600.0, Culture=neutral, PublicKeyToken=b77a5c561934e089" version="1" Flags="UnmanagedCode, ControlAppDomain" />
        <IPermission class="System.Diagnostics.EventLogPermission, System, Version=2.0.3600.0, Culture=neutral, PublicKeyToken=b77a5c561934e089" version="1" Unrestricted="true" />
      </PermissionSet>
    </member>
    <member name="P:System.ServiceProcess.ServiceBase.ServiceHandle">
      <summary>Ruft das Dienststeuerungshandle für den Dienst ab.</summary>
      <returns>Eine <see cref="T:System.IntPtr" />-Struktur, die das Dienststeuerungshandle für den Dienst enthält.</returns>
    </member>
    <member name="M:System.ServiceProcess.ServiceBase.ServiceMainCallback(System.Int32,System.IntPtr)">
      <summary>Registriert den Befehlshandler und startet den Dienst.</summary>
      <param name="argCount">Die Anzahl der Argumente im Argumentarray.</param>
      <param name="argPointer">Eine <see cref="T:System.IntPtr" />-Struktur, die auf ein Array von Argumenten zeigt.</param>
      <PermissionSet>
        <IPermission class="System.Security.Permissions.FileIOPermission, mscorlib, Version=2.0.3600.0, Culture=neutral, PublicKeyToken=b77a5c561934e089" version="1" PathDiscovery="*AllFiles*" />
        <IPermission class="System.Security.Permissions.SecurityPermission, mscorlib, Version=2.0.3600.0, Culture=neutral, PublicKeyToken=b77a5c561934e089" version="1" Flags="UnmanagedCode" />
        <IPermission class="System.Diagnostics.EventLogPermission, System, Version=2.0.3600.0, Culture=neutral, PublicKeyToken=b77a5c561934e089" version="1" Unrestricted="true" />
      </PermissionSet>
    </member>
    <member name="P:System.ServiceProcess.ServiceBase.ServiceName">
      <summary>Ruft den zur Bezeichnung des Diensts beim System verwendeten kurzen Namen ab oder legt diesen fest.</summary>
      <returns>Der Name des Dienstes.</returns>
      <exception cref="T:System.InvalidOperationException">Der Dienst wurde bereits gestartet. Die <see cref="P:System.ServiceProcess.ServiceBase.ServiceName" />-Eigenschaft kann nach dem Start des Diensts nicht mehr geändert werden.</exception>
      <exception cref="T:System.ArgumentException">Der angegebene Name ist eine Zeichenfolge der Länge 0 (null) oder ist länger als <see cref="F:System.ServiceProcess.ServiceBase.MaxNameLength" />, oder der angegebene Name enthält Schrägstriche oder umgekehrte Schrägstriche.</exception>
    </member>
    <member name="M:System.ServiceProcess.ServiceBase.Stop">
      <summary>Beendet den ausgeführten Dienst.</summary>
    </member>
    <member name="T:System.ServiceProcess.ServiceController">
      <summary>Stellt einen Windows-Dienst dar und ermöglicht es, eine Verbindung mit einem ausgeführten oder beendeten Dienst herzustellen, ihn zu verändern oder Informationen über ihn abzurufen.</summary>
    </member>
    <member name="M:System.ServiceProcess.ServiceController.#ctor">
      <summary>Initialisiert eine neue Instanz der <see cref="T:System.ServiceProcess.ServiceController" />-Klasse, die keinem bestimmten Dienst zugeordnet ist.</summary>
    </member>
    <member name="M:System.ServiceProcess.ServiceController.#ctor(System.String)">
      <summary>Initialisiert eine neue Instanz der <see cref="T:System.ServiceProcess.ServiceController" />-Klasse, die einem vorhandenen Dienst auf dem lokalen Computer zugeordnet ist.</summary>
      <param name="name">Der Name, der den Dienst für das System identifiziert. Dies kann auch der Anzeigename für den Dienst sein.</param>
      <exception cref="T:System.ArgumentException">"<paramref name="name" />" ist ungültig.</exception>
    </member>
    <member name="M:System.ServiceProcess.ServiceController.#ctor(System.String,System.String)">
      <summary>Initialisiert eine neue Instanz der <see cref="T:System.ServiceProcess.ServiceController" />-Klasse, die einem vorhandenen Dienst auf dem angegebenen Computer zugeordnet ist.</summary>
      <param name="name">Der Name, der den Dienst für das System identifiziert. Dies kann auch der Anzeigename für den Dienst sein.</param>
      <param name="machineName">Der Computer, auf dem sich der Dienst befindet.</param>
      <exception cref="T:System.ArgumentException">"<paramref name="name" />" ist ungültig. -oder-  "<paramref name="machineName" />" ist ungültig.</exception>
    </member>
    <member name="P:System.ServiceProcess.ServiceController.CanPauseAndContinue">
      <summary>Ruft einen Wert ab, der angibt, ob der Dienst angehalten und fortgesetzt werden kann.</summary>
      <returns>true, wenn der Dienst angehalten werden kann, andernfalls false.</returns>
      <exception cref="T:System.ComponentModel.Win32Exception">Fehler beim Zugriff auf eine System-API.</exception>
      <exception cref="T:System.InvalidOperationException">Der Dienst wurde nicht gefunden.</exception>
      <PermissionSet>
        <IPermission class="System.ServiceProcess.ServiceControllerPermission, System.ServiceProcess, Version=2.0.3600.0, Culture=neutral, PublicKeyToken=b03f5f7f11d50a3a" version="1" Unrestricted="true" />
      </PermissionSet>
    </member>
    <member name="P:System.ServiceProcess.ServiceController.CanShutdown">
      <summary>Ruft einen Wert ab, der angibt, ob der Dienst beim Herunterfahren des Systems benachrichtigt werden soll.</summary>
      <returns>true, wenn der Dienst beim Herunterfahren des Systems benachrichtigt werden soll, andernfalls false.</returns>
      <exception cref="T:System.ComponentModel.Win32Exception">Fehler beim Zugriff auf eine System-API.</exception>
      <exception cref="T:System.InvalidOperationException">Der Dienst wurde nicht gefunden.</exception>
      <PermissionSet>
        <IPermission class="System.ServiceProcess.ServiceControllerPermission, System.ServiceProcess, Version=2.0.3600.0, Culture=neutral, PublicKeyToken=b03f5f7f11d50a3a" version="1" Unrestricted="true" />
      </PermissionSet>
    </member>
    <member name="P:System.ServiceProcess.ServiceController.CanStop">
      <summary>Ruft einen Wert ab, der angibt, ob der Dienst nach dem Starten angehalten werden kann.</summary>
      <returns>true, wenn der Dienst angehalten und die <see cref="M:System.ServiceProcess.ServiceBase.OnStop" />-Methode aufgerufen werden kann, andernfalls false.</returns>
      <exception cref="T:System.ComponentModel.Win32Exception">Fehler beim Zugriff auf eine System-API.</exception>
      <exception cref="T:System.InvalidOperationException">Der Dienst wurde nicht gefunden.</exception>
      <PermissionSet>
        <IPermission class="System.ServiceProcess.ServiceControllerPermission, System.ServiceProcess, Version=2.0.3600.0, Culture=neutral, PublicKeyToken=b03f5f7f11d50a3a" version="1" Unrestricted="true" />
      </PermissionSet>
    </member>
    <member name="M:System.ServiceProcess.ServiceController.Close">
      <summary>Trennt diese <see cref="T:System.ServiceProcess.ServiceController" />-Instanz vom Dienst und gibt alle Ressourcen frei, die durch die Instanz reserviert wurden.</summary>
    </member>
    <member name="M:System.ServiceProcess.ServiceController.Continue">
      <summary>Setzt einen Dienst fort, nachdem dieser angehalten wurde.</summary>
      <exception cref="T:System.ComponentModel.Win32Exception">Fehler beim Zugriff auf eine System-API.</exception>
      <exception cref="T:System.InvalidOperationException">Der Dienst wurde nicht gefunden.</exception>
      <PermissionSet>
        <IPermission class="System.ServiceProcess.ServiceControllerPermission, System.ServiceProcess, Version=2.0.3600.0, Culture=neutral, PublicKeyToken=b03f5f7f11d50a3a" version="1" Unrestricted="true" />
      </PermissionSet>
    </member>
    <member name="P:System.ServiceProcess.ServiceController.DependentServices">
      <summary>Ruft die Gruppe von Diensten ab, die von dem Dienst abhängen, der dieser <see cref="T:System.ServiceProcess.ServiceController" />-Instanz zugeordnet ist.</summary>
      <returns>Ein Array von <see cref="T:System.ServiceProcess.ServiceController" />-Instanzen, die jeweils einem Dienst zugeordnet sind, der von diesem Dienst abhängt.</returns>
      <exception cref="T:System.ComponentModel.Win32Exception">Fehler beim Zugriff auf eine System-API.</exception>
      <exception cref="T:System.InvalidOperationException">Der Dienst wurde nicht gefunden.</exception>
      <PermissionSet>
        <IPermission class="System.ServiceProcess.ServiceControllerPermission, System.ServiceProcess, Version=2.0.3600.0, Culture=neutral, PublicKeyToken=b03f5f7f11d50a3a" version="1" Unrestricted="true" />
      </PermissionSet>
    </member>
    <member name="P:System.ServiceProcess.ServiceController.DisplayName">
      <summary>Ruft einen angezeigten Namen für den Dienst ab oder richtet ihn ein.</summary>
      <returns>Der angezeigte Name des Dienstes, der zu dessen Identifizierung verwendet werden kann.</returns>
      <exception cref="T:System.ArgumentNullException">Die <see cref="P:System.ServiceProcess.ServiceController.DisplayName" /> ist null.</exception>
      <exception cref="T:System.ComponentModel.Win32Exception">Fehler beim Zugriff auf eine System-API.</exception>
      <exception cref="T:System.InvalidOperationException">Der Dienst wurde nicht gefunden.</exception>
      <PermissionSet>
        <IPermission class="System.Security.Permissions.SecurityPermission, mscorlib, Version=2.0.3600.0, Culture=neutral, PublicKeyToken=b77a5c561934e089" version="1" Flags="UnmanagedCode, ControlEvidence" />
      </PermissionSet>
    </member>
    <member name="M:System.ServiceProcess.ServiceController.Dispose(System.Boolean)">
      <summary>Gibt die von <see cref="T:System.ServiceProcess.ServiceController" /> verwendeten nicht verwalteten Ressourcen und optional die verwalteten Ressourcen frei.</summary>
      <param name="disposing">true, um sowohl verwaltete als auch nicht verwaltete Ressourcen freizugeben, false, um ausschließlich nicht verwaltete Ressourcen freizugeben.</param>
    </member>
    <member name="M:System.ServiceProcess.ServiceController.ExecuteCommand(System.Int32)">
      <summary>Führt einen benutzerdefinierten Befehl für den Dienst aus.</summary>
      <param name="command">Ein von der Anwendung definiertes Befehlsflag, das angibt, welcher benutzerdefinierte Befehl ausgeführt werden soll. Der Wert muss zwischen 128 und 256 inklusive liegen.</param>
      <exception cref="T:System.ComponentModel.Win32Exception">Fehler beim Zugriff auf eine System-API.</exception>
      <exception cref="T:System.InvalidOperationException">Der Dienst wurde nicht gefunden.</exception>
      <PermissionSet>
        <IPermission class="System.ServiceProcess.ServiceControllerPermission, System.ServiceProcess, Version=2.0.3600.0, Culture=neutral, PublicKeyToken=b03f5f7f11d50a3a" version="1" Unrestricted="true" />
      </PermissionSet>
    </member>
    <member name="M:System.ServiceProcess.ServiceController.GetDevices">
      <summary>Ruft die Gerätetreiberdienste auf dem lokalen Computer ab.</summary>
      <returns>Ein Array vom Typ <see cref="T:System.ServiceProcess.ServiceController" />, in dem jedes Element einem Gerätetreiberdienst auf dem lokalen Computer zugeordnet ist.</returns>
      <exception cref="T:System.ComponentModel.Win32Exception">Fehler beim Zugriff auf eine System-API.</exception>
      <PermissionSet>
        <IPermission class="System.ServiceProcess.ServiceControllerPermission, System.ServiceProcess, Version=2.0.3600.0, Culture=neutral, PublicKeyToken=b03f5f7f11d50a3a" version="1" Unrestricted="true" />
      </PermissionSet>
    </member>
    <member name="M:System.ServiceProcess.ServiceController.GetDevices(System.String)">
      <summary>Ruft die Gerätetreiberdienste auf dem angegebenen Computer ab.</summary>
      <returns>Ein Array vom Typ <see cref="T:System.ServiceProcess.ServiceController" />, in dem jedes Element einem Gerätetreiberdienst auf dem angegebenen Computer zugeordnet ist.</returns>
      <param name="machineName">Der Computer, dessen Gerätetreiberdienste abgerufen werden sollen.</param>
      <exception cref="T:System.ComponentModel.Win32Exception">Fehler beim Zugriff auf eine System-API.</exception>
      <exception cref="T:System.ArgumentException">Die Syntax des <paramref name="machineName" />-Parameters ist ungültig.</exception>
      <PermissionSet>
        <IPermission class="System.ServiceProcess.ServiceControllerPermission, System.ServiceProcess, Version=2.0.3600.0, Culture=neutral, PublicKeyToken=b03f5f7f11d50a3a" version="1" Unrestricted="true" />
      </PermissionSet>
    </member>
    <member name="M:System.ServiceProcess.ServiceController.GetServices">
      <summary>Ruft alle Dienste auf dem lokalen Computer mit Ausnahme der Gerätetreiberdienste ab.</summary>
      <returns>Ein Array vom Typ <see cref="T:System.ServiceProcess.ServiceController" />, in dem jedes Element einem Dienst auf dem lokalen Computer zugeordnet ist.</returns>
      <exception cref="T:System.ComponentModel.Win32Exception">Fehler beim Zugriff auf eine System-API.</exception>
      <PermissionSet>
        <IPermission class="System.ServiceProcess.ServiceControllerPermission, System.ServiceProcess, Version=2.0.3600.0, Culture=neutral, PublicKeyToken=b03f5f7f11d50a3a" version="1" Unrestricted="true" />
      </PermissionSet>
    </member>
    <member name="M:System.ServiceProcess.ServiceController.GetServices(System.String)">
      <summary>Ruft alle Dienste auf dem angegebenen Computer mit Ausnahme der Gerätetreiberdienste ab.</summary>
      <returns>Ein Array vom Typ <see cref="T:System.ServiceProcess.ServiceController" />, in dem jedes Element einem Dienst auf dem angegebenen Computer zugeordnet ist.</returns>
      <param name="machineName">Der Computer, dessen Dienste abgerufen werden sollen.</param>
      <exception cref="T:System.ComponentModel.Win32Exception">Fehler beim Zugriff auf eine System-API.</exception>
      <exception cref="T:System.ArgumentException">Die Syntax des <paramref name="machineName" />-Parameters ist ungültig.</exception>
      <PermissionSet>
        <IPermission class="System.ServiceProcess.ServiceControllerPermission, System.ServiceProcess, Version=2.0.3600.0, Culture=neutral, PublicKeyToken=b03f5f7f11d50a3a" version="1" Unrestricted="true" />
      </PermissionSet>
    </member>
    <member name="P:System.ServiceProcess.ServiceController.MachineName">
      <summary>Ruft den Namen des Computers ab, auf dem sich dieser Dienst befindet ist, oder legt diesen fest.</summary>
      <returns>Der Name des Computers, auf dem der Dienst ausgeführt wird, der dieser <see cref="T:System.ServiceProcess.ServiceController" />-Instanz zugeordnet ist. Der Standardwert ist der lokale Computer (".").</returns>
      <exception cref="T:System.ArgumentException">Die Syntax für <see cref="P:System.ServiceProcess.ServiceController.MachineName" /> ist ungültig.</exception>
    </member>
    <member name="M:System.ServiceProcess.ServiceController.Pause">
      <summary>Unterbricht die Ausführung eines Dienstes.</summary>
      <exception cref="T:System.ComponentModel.Win32Exception">Fehler beim Zugriff auf eine System-API.</exception>
      <exception cref="T:System.InvalidOperationException">Der Dienst wurde nicht gefunden.</exception>
      <PermissionSet>
        <IPermission class="System.ServiceProcess.ServiceControllerPermission, System.ServiceProcess, Version=2.0.3600.0, Culture=neutral, PublicKeyToken=b03f5f7f11d50a3a" version="1" Unrestricted="true" />
      </PermissionSet>
    </member>
    <member name="M:System.ServiceProcess.ServiceController.Refresh">
      <summary>Aktualisiert Eigenschaftswerte durch Zurücksetzen der Eigenschaften auf ihre aktuellen Werte.</summary>
    </member>
    <member name="P:System.ServiceProcess.ServiceController.ServiceHandle">
      <summary>Ruft das Handle für den Dienst ab.</summary>
      <returns>Ein <see cref="T:System.Runtime.InteropServices.SafeHandle" />, das das Handle für den Dienst enthält.</returns>
      <exception cref="T:System.InvalidOperationException">Der Dienst wurde nicht gefunden.</exception>
    </member>
    <member name="P:System.ServiceProcess.ServiceController.ServiceName">
      <summary>Ruft den Namen ab, der den Dienst identifiziert, auf den diese Instanz verweist, oder richtet diesen Namen ein.</summary>
      <returns>Der Name, der den Dienst identifiziert, auf den diese <see cref="T:System.ServiceProcess.ServiceController" />-Instanz verweist. Der Standardwert ist eine leere Zeichenfolge ("").</returns>
      <exception cref="T:System.ArgumentNullException">Die <see cref="P:System.ServiceProcess.ServiceController.ServiceName" /> ist null.</exception>
      <exception cref="T:System.ArgumentException">Die Syntax für die <see cref="P:System.ServiceProcess.ServiceController.ServiceName" />-Eigenschaft ist ungültig.</exception>
      <exception cref="T:System.InvalidOperationException">Der Dienst wurde nicht gefunden.</exception>
      <PermissionSet>
        <IPermission class="System.Security.Permissions.SecurityPermission, mscorlib, Version=2.0.3600.0, Culture=neutral, PublicKeyToken=b77a5c561934e089" version="1" Flags="UnmanagedCode, ControlEvidence" />
      </PermissionSet>
    </member>
    <member name="P:System.ServiceProcess.ServiceController.ServicesDependedOn">
      <summary>Die Gruppe von Diensten, von denen dieser Dienst abhängig ist.</summary>
      <returns>Ein Array von <see cref="T:System.ServiceProcess.ServiceController" />-Instanzen, die jeweils einem Dienst zugeordnet sind, der ausgeführt werden muss, damit dieser Dienst ausgeführt werden kann.</returns>
      <exception cref="T:System.ComponentModel.Win32Exception">Fehler beim Zugriff auf eine System-API.</exception>
      <exception cref="T:System.InvalidOperationException">Der Dienst wurde nicht gefunden.</exception>
      <PermissionSet>
        <IPermission class="System.ServiceProcess.ServiceControllerPermission, System.ServiceProcess, Version=2.0.3600.0, Culture=neutral, PublicKeyToken=b03f5f7f11d50a3a" version="1" Unrestricted="true" />
      </PermissionSet>
    </member>
    <member name="P:System.ServiceProcess.ServiceController.ServiceType">
      <summary>Ruft den Typ des Dienstes ab, auf den dieses Objekt verweist.</summary>
      <returns>Einer der <see cref="T:System.ServiceProcess.ServiceType" />-Werte, mit dem der Netzwerkdiensttyp angegeben wird.</returns>
      <exception cref="T:System.ComponentModel.Win32Exception">Fehler beim Zugriff auf eine System-API.</exception>
      <exception cref="T:System.InvalidOperationException">Der Dienst wurde nicht gefunden.</exception>
      <PermissionSet>
        <IPermission class="System.ServiceProcess.ServiceControllerPermission, System.ServiceProcess, Version=2.0.3600.0, Culture=neutral, PublicKeyToken=b03f5f7f11d50a3a" version="1" Unrestricted="true" />
      </PermissionSet>
    </member>
    <member name="M:System.ServiceProcess.ServiceController.Start">
      <summary>Startet den Dienst und übergibt dabei keine Argumente.</summary>
      <exception cref="T:System.ComponentModel.Win32Exception">Fehler beim Zugriff auf eine System-API.</exception>
      <exception cref="T:System.InvalidOperationException">Der Dienst wurde nicht gefunden.</exception>
      <PermissionSet>
        <IPermission class="System.ServiceProcess.ServiceControllerPermission, System.ServiceProcess, Version=2.0.3600.0, Culture=neutral, PublicKeyToken=b03f5f7f11d50a3a" version="1" Unrestricted="true" />
      </PermissionSet>
    </member>
    <member name="M:System.ServiceProcess.ServiceController.Start(System.String[])">
      <summary>Startet einen Dienst und übergibt dabei die angegebenen Argumente.</summary>
      <param name="args">Ein Array von Argumenten, die beim Start des Dienstes übergeben werden.</param>
      <exception cref="T:System.ComponentModel.Win32Exception">Fehler beim Zugriff auf eine System-API.</exception>
      <exception cref="T:System.InvalidOperationException">Der Dienst kann nicht gestartet werden.</exception>
      <exception cref="T:System.ArgumentNullException">
        <paramref name="args" /> ist null. -oder- Ein Member des Arrays ist null.</exception>
      <PermissionSet>
        <IPermission class="System.ServiceProcess.ServiceControllerPermission, System.ServiceProcess, Version=2.0.3600.0, Culture=neutral, PublicKeyToken=b03f5f7f11d50a3a" version="1" Unrestricted="true" />
      </PermissionSet>
    </member>
    <member name="P:System.ServiceProcess.ServiceController.Status">
      <summary>Ruft den Zustand des Dienstes ab, auf den diese Instanz verweist.</summary>
      <returns>Einer der <see cref="T:System.ServiceProcess.ServiceControllerStatus" />-Werte, mit dem angegeben wird, ob der Dienst ausgeführt wird, beendet wurde oder angehalten ist oder ob ein Befehl zum Starten, Beenden, Anhalten oder Fortsetzen aussteht.</returns>
      <exception cref="T:System.ComponentModel.Win32Exception">Fehler beim Zugriff auf eine System-API.</exception>
      <exception cref="T:System.InvalidOperationException">Der Dienst wurde nicht gefunden.</exception>
      <PermissionSet>
        <IPermission class="System.ServiceProcess.ServiceControllerPermission, System.ServiceProcess, Version=2.0.3600.0, Culture=neutral, PublicKeyToken=b03f5f7f11d50a3a" version="1" Unrestricted="true" />
      </PermissionSet>
    </member>
    <member name="M:System.ServiceProcess.ServiceController.Stop">
      <summary>Beendet diesen Dienst sowie alle Dienste, die von diesem Dienst abhängig sind.</summary>
      <exception cref="T:System.ComponentModel.Win32Exception">Fehler beim Zugriff auf eine System-API.</exception>
      <exception cref="T:System.InvalidOperationException">Der Dienst wurde nicht gefunden.</exception>
      <PermissionSet>
        <IPermission class="System.ServiceProcess.ServiceControllerPermission, System.ServiceProcess, Version=2.0.3600.0, Culture=neutral, PublicKeyToken=b03f5f7f11d50a3a" version="1" Unrestricted="true" />
      </PermissionSet>
    </member>
    <member name="M:System.ServiceProcess.ServiceController.WaitForStatus(System.ServiceProcess.ServiceControllerStatus)">
      <summary>Wartet unbegrenzt, bis der Dienst den angegebenen Zustand annimmt.</summary>
      <param name="desiredStatus">Der Status, auf den gewartet werden soll.</param>
      <exception cref="T:System.ComponentModel.InvalidEnumArgumentException">Der <paramref name="desiredStatus" />-Parameter stimmt mit keinem der in der <see cref="T:System.ServiceProcess.ServiceControllerStatus" />-Enumeration definierten Werte überein.</exception>
      <PermissionSet>
        <IPermission class="System.ServiceProcess.ServiceControllerPermission, System.ServiceProcess, Version=2.0.3600.0, Culture=neutral, PublicKeyToken=b03f5f7f11d50a3a" version="1" Unrestricted="true" />
      </PermissionSet>
    </member>
    <member name="M:System.ServiceProcess.ServiceController.WaitForStatus(System.ServiceProcess.ServiceControllerStatus,System.TimeSpan)">
      <summary>Wartet, bis der Dienst den angegebenen Zustand annimmt oder bis das angegebene Timeout abläuft.</summary>
      <param name="desiredStatus">Der Status, auf den gewartet werden soll.</param>
      <param name="timeout">Ein <see cref="T:System.TimeSpan" />-Objekt, das die Zeitspanne angibt, die gewartet werden soll, bis der Dienst den angegebenen Zustand annimmt.</param>
      <exception cref="T:System.ComponentModel.InvalidEnumArgumentException">Der <paramref name="desiredStatus" />-Parameter stimmt mit keinem der in der <see cref="T:System.ServiceProcess.ServiceControllerStatus" />-Enumeration definierten Werte überein.</exception>
      <exception cref="T:System.ServiceProcess.TimeoutException">Der für den <paramref name="timeout" />-Parameter angegebene Wert wird ungültig.</exception>
      <PermissionSet>
        <IPermission class="System.ServiceProcess.ServiceControllerPermission, System.ServiceProcess, Version=2.0.3600.0, Culture=neutral, PublicKeyToken=b03f5f7f11d50a3a" version="1" Unrestricted="true" />
      </PermissionSet>
    </member>
    <member name="T:System.ServiceProcess.ServiceControllerPermission">
      <summary>Ermöglicht das Steuern von Codezugriffssicherheits-Berechtigungen für Dienststeuerungen.</summary>
    </member>
    <member name="M:System.ServiceProcess.ServiceControllerPermission.#ctor">
      <summary>Initialisiert eine neue Instanz der <see cref="T:System.ServiceProcess.ServiceControllerPermission" />-Klasse.</summary>
    </member>
    <member name="M:System.ServiceProcess.ServiceControllerPermission.#ctor(System.Security.Permissions.PermissionState)">
      <summary>Initialisiert eine neue Instanz der <see cref="T:System.ServiceProcess.ServiceControllerPermission" />-Klasse mit dem angegebenen Zugriff auf Ressourcen.</summary>
      <param name="state">Einer der <see cref="T:System.Security.Permissions.PermissionState" />-Werte.</param>
      <exception cref="T:System.ArgumentException">Der <paramref name="state" />-Parameter ist kein gültiger Wert von <see cref="T:System.Security.Permissions.PermissionState" />.</exception>
    </member>
    <member name="M:System.ServiceProcess.ServiceControllerPermission.#ctor(System.ServiceProcess.ServiceControllerPermissionAccess,System.String,System.String)">
      <summary>Initialisiert eine neue Instanz der <see cref="T:System.ServiceProcess.ServiceControllerPermission" />-Klasse mit den angegebenen Zugriffsebenen für Berechtigungen, dem Namen des Computers, auf dem sich der Dienst befindet sowie dem Kurznamen, der den Dienst für das System bezeichnet.</summary>
      <param name="permissionAccess">Einer der <see cref="T:System.ServiceProcess.ServiceControllerPermissionAccess" />-Werte.</param>
      <param name="machineName">Der Name des Computers, auf dem sich der Dienst befindet.</param>
      <param name="serviceName">Die Kurzbezeichnung, die den Dienst für das System identifiziert.</param>
    </member>
    <member name="M:System.ServiceProcess.ServiceControllerPermission.#ctor(System.ServiceProcess.ServiceControllerPermissionEntry[])">
      <summary>Initialisiert eine neue Instanz der <see cref="T:System.ServiceProcess.ServiceControllerPermission" />-Klasse mit den angegebenen Berechtigungseinträgen.</summary>
      <param name="permissionAccessEntries">Ein Array von <see cref="T:System.ServiceProcess.ServiceControllerPermissionEntry" />-Objekten. Die <see cref="P:System.ServiceProcess.ServiceControllerPermission.PermissionEntries" />-Eigenschaft wird auf diesen Wert festgelegt.</param>
      <exception cref="T:System.ArgumentNullException">
        <paramref name="permissionAccessEntries " />ist null.</exception>
    </member>
    <member name="P:System.ServiceProcess.ServiceControllerPermission.PermissionEntries">
      <summary>Ruft die Auflistung von Berechtigungseinträgen für diese Berechtigungsanforderung ab.</summary>
      <returns>Eine <see cref="T:System.ServiceProcess.ServiceControllerPermissionEntryCollection" />, die die Berechtigungseinträge für diese Berechtigungsanforderung enthält.</returns>
    </member>
    <member name="T:System.ServiceProcess.ServiceControllerPermissionAccess">
      <summary>Definiert Zugriffsebenen, die von <see cref="T:System.ServiceProcess.ServiceController" />-Berechtigungsklassen verwendet werden.</summary>
    </member>
    <member name="F:System.ServiceProcess.ServiceControllerPermissionAccess.Browse">
      <summary>Der <see cref="T:System.ServiceProcess.ServiceController" /> kann Verbindungen mit vorhandenen Diensten herstellen, diese jedoch nicht steuern.</summary>
    </member>
    <member name="F:System.ServiceProcess.ServiceControllerPermissionAccess.Control">
      <summary>Der <see cref="T:System.ServiceProcess.ServiceController" /> kann Verbindungen mit vorhandenen Diensten herstellen und diese steuern.</summary>
    </member>
    <member name="F:System.ServiceProcess.ServiceControllerPermissionAccess.None">
      <summary>Der <see cref="T:System.ServiceProcess.ServiceController" /> verfügt über keine Berechtigungen.</summary>
    </member>
    <member name="T:System.ServiceProcess.ServiceControllerPermissionAttribute">
      <summary>Lässt deklarative Berechtigungsüberprüfungen für Dienststeuerungen zu.</summary>
    </member>
    <member name="M:System.ServiceProcess.ServiceControllerPermissionAttribute.#ctor(System.Security.Permissions.SecurityAction)">
      <summary>Initialisiert eine neue Instanz der <see cref="T:System.ServiceProcess.ServiceControllerPermissionAttribute" />-Klasse.</summary>
      <param name="action">Einer der <see cref="T:System.Security.Permissions.SecurityAction" />-Werte.</param>
    </member>
    <member name="M:System.ServiceProcess.ServiceControllerPermissionAttribute.CreatePermission">
      <summary>Erstellt die Berechtigung auf der Grundlage der angeforderten Zugriffsebenen, die über die <see cref="P:System.ServiceProcess.ServiceControllerPermissionAttribute.PermissionAccess" />-Eigenschaft für das Attribut festgelegt werden.</summary>
      <returns>Eine <see cref="T:System.Security.IPermission" />, die die erstellte Berechtigung darstellt.</returns>
      <PermissionSet>
        <IPermission class="System.Security.Permissions.SecurityPermission, mscorlib, Version=2.0.3600.0, Culture=neutral, PublicKeyToken=b77a5c561934e089" version="1" Flags="UnmanagedCode, ControlEvidence" />
      </PermissionSet>
    </member>
    <member name="P:System.ServiceProcess.ServiceControllerPermissionAttribute.MachineName">
      <summary>Ruft den Namen des Computers ab, auf dem sich der Dienst befindet, oder legt diesen fest.</summary>
      <returns>Der Name des Computers, auf dem der Dienst ausgeführt wird, der dem <see cref="T:System.ServiceProcess.ServiceController" /> zugeordnet ist.</returns>
      <exception cref="T:System.ArgumentException">Die Syntax für <see cref="P:System.ServiceProcess.ServiceControllerPermissionAttribute.MachineName" /> ist ungültig.</exception>
    </member>
    <member name="P:System.ServiceProcess.ServiceControllerPermissionAttribute.PermissionAccess">
      <summary>Ruft die Zugriffsebenen ab, die in der Berechtigungsanforderung verwendet werden, oder legt diese fest.</summary>
      <returns>Eine bitweise Kombination der <see cref="T:System.ServiceProcess.ServiceControllerPermissionAccess" />-Werte.</returns>
    </member>
    <member name="P:System.ServiceProcess.ServiceControllerPermissionAttribute.ServiceName">
      <summary>Ruft den Kurznamen ab, der den Dienst für das System bezeichnet, oder legt diesen fest.</summary>
      <returns>Der Name des Dienstes.</returns>
      <exception cref="T:System.ArgumentNullException">Die <see cref="P:System.ServiceProcess.ServiceControllerPermissionAttribute.ServiceName" /> ist null.</exception>
      <exception cref="T:System.ArgumentException">Die Syntax für die <see cref="P:System.ServiceProcess.ServiceControllerPermissionAttribute.ServiceName" />-Eigenschaft ist ungültig.</exception>
    </member>
    <member name="T:System.ServiceProcess.ServiceControllerPermissionEntry">
      <summary>Definiert die kleinste Einheit einer Berechtigung für die Codezugriffssicherheit, die für einen <see cref="T:System.ServiceProcess.ServiceController" /> festgelegt ist.</summary>
    </member>
    <member name="M:System.ServiceProcess.ServiceControllerPermissionEntry.#ctor">
      <summary>Initialisiert eine neue Instanz der <see cref="T:System.ServiceProcess.ServiceControllerPermissionEntry" />-Klasse.</summary>
    </member>
    <member name="M:System.ServiceProcess.ServiceControllerPermissionEntry.#ctor(System.ServiceProcess.ServiceControllerPermissionAccess,System.String,System.String)">
      <summary>Initialisiert eine neue Instanz der <see cref="T:System.ServiceProcess.ServiceControllerPermissionEntry" />-Klasse mit den angegebenen Zugriffsebenen für Berechtigungen, dem Namen des Computers sowie einem Kurznamen, der den Dienst bezeichnet.</summary>
      <param name="permissionAccess">Einer der <see cref="T:System.ServiceProcess.ServiceControllerPermissionAccess" />-Werte.</param>
      <param name="machineName">Der Name des Computers, auf dem sich der Dienst befindet.</param>
      <param name="serviceName">Die Kurzbezeichnung, die den Dienst für das System identifiziert.</param>
      <exception cref="T:System.ArgumentNullException">
        <paramref name="serviceName" /> ist null.</exception>
      <exception cref="T:System.ArgumentException">
        <paramref name="machineName " /> ist ungültig. -oder- <paramref name="serviceName " /> ist ungültig.</exception>
    </member>
    <member name="P:System.ServiceProcess.ServiceControllerPermissionEntry.MachineName">
      <summary>Ruft den Namen des Computers ab, auf dem sich der Dienst befindet.</summary>
      <returns>Der Name des Computers, auf dem der Dienst ausgeführt wird, der dem <see cref="T:System.ServiceProcess.ServiceController" /> zugeordnet ist.</returns>
    </member>
    <member name="P:System.ServiceProcess.ServiceControllerPermissionEntry.PermissionAccess">
      <summary>Ruft die Zugriffsebenen ab, die in der Berechtigungsanforderung verwendet werden.</summary>
      <returns>Eine bitweise Kombination der <see cref="T:System.ServiceProcess.ServiceControllerPermissionAccess" />-Werte.</returns>
    </member>
    <member name="P:System.ServiceProcess.ServiceControllerPermissionEntry.ServiceName">
      <summary>Ruft den Kurznamen ab, der den Dienst für das System bezeichnet.</summary>
      <returns>Der Name des Dienstes.</returns>
    </member>
    <member name="T:System.ServiceProcess.ServiceControllerPermissionEntryCollection">
      <summary>Enthält eine Auflistung von <see cref="T:System.ServiceProcess.ServiceControllerPermissionEntry" />-Objekten mit strikter Typbindung.</summary>
    </member>
    <member name="M:System.ServiceProcess.ServiceControllerPermissionEntryCollection.Add(System.ServiceProcess.ServiceControllerPermissionEntry)">
      <summary>Fügt dieser Auflistung einen angegebenen <see cref="T:System.ServiceProcess.ServiceControllerPermissionEntry" /> hinzu.</summary>
      <returns>Der nullbasierte Index des hinzugefügten <see cref="T:System.ServiceProcess.ServiceControllerPermissionEntry" />-Objekts.</returns>
      <param name="value">Das hinzuzufügende <see cref="T:System.ServiceProcess.ServiceControllerPermissionEntry" />-Objekt.</param>
    </member>
    <member name="M:System.ServiceProcess.ServiceControllerPermissionEntryCollection.AddRange(System.ServiceProcess.ServiceControllerPermissionEntry[])">
      <summary>Fügt dieser Auflistung eine Gruppe von angegebenen Berechtigungseinträgen an.</summary>
      <param name="value">Ein Array vom Typ <see cref="T:System.ServiceProcess.ServiceControllerPermissionEntry" />-Objekte, das die hinzuzufügenden Berechtigungseinträge enthält.</param>
      <exception cref="T:System.ArgumentNullException">
        <paramref name="value" /> ist null.</exception>
    </member>
    <member name="M:System.ServiceProcess.ServiceControllerPermissionEntryCollection.AddRange(System.ServiceProcess.ServiceControllerPermissionEntryCollection)">
      <summary>Fügt dieser Auflistung eine Gruppe von angegebenen Berechtigungseinträgen an.</summary>
      <param name="value">Eine <see cref="T:System.ServiceProcess.ServiceControllerPermissionEntryCollection" /> mit den hinzuzufügenden Berechtigungseinträgen.</param>
      <exception cref="T:System.ArgumentNullException">
        <paramref name="value" /> ist null.</exception>
    </member>
    <member name="M:System.ServiceProcess.ServiceControllerPermissionEntryCollection.Contains(System.ServiceProcess.ServiceControllerPermissionEntry)">
      <summary>Bestimmt, ob diese Auflistung ein angegebenes <see cref="T:System.ServiceProcess.ServiceControllerPermissionEntry" />-Objekt enthält.</summary>
      <returns>true, wenn das angegebene <see cref="T:System.ServiceProcess.ServiceControllerPermissionEntry" />-Objekt zu dieser Auflistung gehört, andernfalls false.</returns>
      <param name="value">Das zu suchende <see cref="T:System.ServiceProcess.ServiceControllerPermissionEntry" />-Objekt.</param>
    </member>
    <member name="M:System.ServiceProcess.ServiceControllerPermissionEntryCollection.CopyTo(System.ServiceProcess.ServiceControllerPermissionEntry[],System.Int32)">
      <summary>Kopiert die Berechtigungseinträge aus dieser Auflistung in ein Array, beginnend an einem bestimmten Index im Array.</summary>
      <param name="array">Ein Array vom Typ <see cref="T:System.ServiceProcess.ServiceControllerPermissionEntry" />, das die kopierten Berechtigungseinträge empfängt.</param>
      <param name="index">Der nullbasierte Index, an dem mit dem Kopieren der Berechtigungseinträge begonnen werden soll.</param>
    </member>
    <member name="M:System.ServiceProcess.ServiceControllerPermissionEntryCollection.IndexOf(System.ServiceProcess.ServiceControllerPermissionEntry)">
      <summary>Bestimmt den Index eines angegebenen Berechtigungseintrags in dieser Auflistung.</summary>
      <returns>Der nullbasierte Index des angegebenen Berechtigungseintrags oder -1, wenn der Berechtigungseintrag in der Auflistung nicht gefunden wurde.</returns>
      <param name="value">Der zu suchende Berechtigungseintrag.</param>
    </member>
    <member name="M:System.ServiceProcess.ServiceControllerPermissionEntryCollection.Insert(System.Int32,System.ServiceProcess.ServiceControllerPermissionEntry)">
      <summary>Fügt einen Berechtigungseintrag an einem angegebenen Index in diese Auflistung ein.</summary>
      <param name="index">Der nullbasierte Index der Auflistung, an dem der Berechtigungseintrag eingefügt werden soll.</param>
      <param name="value">Der in diese Auflistung einzufügende Berechtigungseintrag.</param>
    </member>
    <member name="P:System.ServiceProcess.ServiceControllerPermissionEntryCollection.Item(System.Int32)">
      <summary>Ruft das Objekt an einem angegebenen Index ab oder legt dieses fest.</summary>
      <returns>Das am angegebenen Index vorhandene <see cref="T:System.ServiceProcess.ServiceControllerPermissionEntry" />-Objekt.</returns>
      <param name="index">Der nullbasierte Index der Auflistung.</param>
    </member>
    <member name="M:System.ServiceProcess.ServiceControllerPermissionEntryCollection.OnClear">
      <summary>Führt nach dem Löschen des Inhalts der Auflistung zusätzliche benutzerdefinierte Prozesse aus.</summary>
    </member>
    <member name="M:System.ServiceProcess.ServiceControllerPermissionEntryCollection.OnInsert(System.Int32,System.Object)">
      <summary>Führt vor dem Einfügen eines neuen Berechtigungseintrags in die Auflistung zusätzliche benutzerdefinierte Prozesse aus.</summary>
      <param name="index">Der nullbasierte Index, an dem der <paramref name="value" /> eingefügt werden soll.</param>
      <param name="value">Der neue Wert des Berechtigungseintrags am <paramref name="index" />.</param>
    </member>
    <member name="M:System.ServiceProcess.ServiceControllerPermissionEntryCollection.OnRemove(System.Int32,System.Object)">
      <summary>Führt beim Entfernen eines neuen Berechtigungseintrags aus der Auflistung zusätzliche benutzerdefinierte Prozesse aus.</summary>
      <param name="index">Der nullbasierte Index, an dem sich <paramref name="value" /> befindet.</param>
      <param name="value">Der an <paramref name="index" /> zu entfernende Berechtigungseintrag.</param>
    </member>
    <member name="M:System.ServiceProcess.ServiceControllerPermissionEntryCollection.OnSet(System.Int32,System.Object,System.Object)">
      <summary>Führt zusätzliche benutzerdefinierte Prozesse vor dem Festlegen eines Werts in der Auflistung aus.</summary>
      <param name="index">Der nullbasierte Index, an dem sich <paramref name="oldValue" /> befindet.</param>
      <param name="oldValue">Der Wert, der durch <paramref name="newValue" /> ersetzt werden soll.</param>
      <param name="newValue">Der neue Wert des Berechtigungseintrags am <paramref name="index" />.</param>
    </member>
    <member name="M:System.ServiceProcess.ServiceControllerPermissionEntryCollection.Remove(System.ServiceProcess.ServiceControllerPermissionEntry)">
      <summary>Entfernt einen angegebenen Berechtigungseintrag aus dieser Auflistung.</summary>
      <param name="value">Der zu entfernende Berechtigungseintrag.</param>
    </member>
    <member name="T:System.ServiceProcess.ServiceControllerStatus">
      <summary>Zeigt den aktuellen Zustand des Dienstes an.</summary>
    </member>
    <member name="F:System.ServiceProcess.ServiceControllerStatus.ContinuePending">
      <summary>Die Fortsetzung des Dienstes steht aus. Dies entspricht der Win32-SERVICE_CONTINUE_PENDING-Konstante, die als 0x00000005 definiert ist.</summary>
    </member>
    <member name="F:System.ServiceProcess.ServiceControllerStatus.Paused">
      <summary>Der Dienst wurde angehalten. Dies entspricht der Win32-SERVICE_PAUSED-Konstante, die als 0x00000007 definiert ist.</summary>
    </member>
    <member name="F:System.ServiceProcess.ServiceControllerStatus.PausePending">
      <summary>Das Anhalten des Dienstes steht aus. Dies entspricht der Win32-SERVICE_PAUSE_PENDING-Konstante, die als 0x00000006 definiert ist.</summary>
    </member>
    <member name="F:System.ServiceProcess.ServiceControllerStatus.Running">
      <summary>Der Dienst wird ausgeführt. Dies entspricht der Win32-SERVICE_RUNNING-Konstante, die als 0x00000004 definiert ist.</summary>
    </member>
    <member name="F:System.ServiceProcess.ServiceControllerStatus.StartPending">
      <summary>Der Dienst wird gestartet. Dies entspricht der Win32-SERVICE_START_PENDING-Konstante, die als 0x00000002 definiert ist.</summary>
    </member>
    <member name="F:System.ServiceProcess.ServiceControllerStatus.Stopped">
      <summary>Der Dienst wird nicht ausgeführt. Dies entspricht der Win32-SERVICE_STOPPED-Konstante, die als 0x00000001 definiert ist.</summary>
    </member>
    <member name="F:System.ServiceProcess.ServiceControllerStatus.StopPending">
      <summary>Der Dienst wird beendet. Dies entspricht der Win32-SERVICE_STOP_PENDING-Konstante, die als 0x00000003 definiert ist.</summary>
    </member>
    <member name="T:System.ServiceProcess.ServiceInstaller">
      <summary>Installiert eine Klasse, die <see cref="T:System.ServiceProcess.ServiceBase" /> für die Implementierung eines Dienstes erweitert. Diese Klasse wird vom Installationsdienstprogramm beim Installieren einer Dienstanwendung aufgerufen.</summary>
    </member>
    <member name="M:System.ServiceProcess.ServiceInstaller.#ctor">
      <summary>Initialisiert eine neue Instanz der <see cref="T:System.ServiceProcess.ServiceInstaller" />-Klasse.</summary>
    </member>
    <member name="M:System.ServiceProcess.ServiceInstaller.CopyFromComponent(System.ComponentModel.IComponent)">
      <summary>Kopiert Eigenschaften aus einer Instanz von <see cref="T:System.ServiceProcess.ServiceBase" /> in dieses Installationsprogramm.</summary>
      <param name="component">Die <see cref="T:System.ComponentModel.IComponent" />, aus der kopiert werden soll.</param>
      <exception cref="T:System.ArgumentException">Die Komponente, die Sie mit diesem Installationsprogramm verknüpft haben, erbt nicht von <see cref="T:System.ServiceProcess.ServiceBase" />.</exception>
    </member>
    <member name="P:System.ServiceProcess.ServiceInstaller.DelayedAutoStart">
      <summary>Ruft einen Wert ab, der angibt, ob der Start des Diensts verzögert werden soll, bis andere automatisch gestartete Dienste ausgeführt werden, oder legt ihn fest.</summary>
      <returns>true, um den automatischen Start des Diensts zu verzögern, andernfalls false. Die Standardeinstellung ist false.</returns>
    </member>
    <member name="P:System.ServiceProcess.ServiceInstaller.Description">
      <summary>Ruft die Beschreibung des Dienstes ab oder legt diese fest.</summary>
      <returns>Die Beschreibung des Dienstes. Der Standardwert ist eine leere Zeichenfolge ("").</returns>
    </member>
    <member name="P:System.ServiceProcess.ServiceInstaller.DisplayName">
      <summary>Gibt den angezeigten Namen an, der den Dienst für den Benutzer identifiziert.</summary>
      <returns>Der dem Dienst zugeordnete Name, der häufig für interaktive Tools verwendet wird.</returns>
    </member>
    <member name="M:System.ServiceProcess.ServiceInstaller.Install(System.Collections.IDictionary)">
      <summary>Installiert den Dienst, indem Dienstanwendungsdaten in die Registrierung geschrieben werden. Diese Methode ist nur für die Verwendung durch Installationstools vorgesehen, die die entsprechenden Methoden automatisch verarbeiten.</summary>
      <param name="stateSaver">Ein <see cref="T:System.Collections.IDictionary" /> mit Kontextinformationen für die Installation.</param>
      <exception cref="T:System.InvalidOperationException">Die Installation enthält keinen <see cref="T:System.ServiceProcess.ServiceProcessInstaller" /> für die ausführbare Datei. -oder-  Der Dateiname für die Assembly ist null oder eine leere Zeichenfolge. -oder-  Der Dienstname ist ungültig. -oder-  Der Dienststeuerungs-Manager konnte nicht geöffnet werden.</exception>
      <exception cref="T:System.ArgumentException">Der Anzeigename für den Dienst ist über 255 Zeichen lang.</exception>
      <exception cref="T:System.ComponentModel.Win32Exception">Das System konnte kein Handle für den Dienst generieren.  -oder- Ein Dienst mit diesem Namen ist bereits installiert.</exception>
      <PermissionSet>
        <IPermission class="System.Security.Permissions.FileIOPermission, mscorlib, Version=2.0.3600.0, Culture=neutral, PublicKeyToken=b77a5c561934e089" version="1" Unrestricted="true" />
        <IPermission class="System.Security.Permissions.SecurityPermission, mscorlib, Version=2.0.3600.0, Culture=neutral, PublicKeyToken=b77a5c561934e089" version="1" Flags="UnmanagedCode" />
        <IPermission class="System.Security.Permissions.UIPermission, mscorlib, Version=2.0.3600.0, Culture=neutral, PublicKeyToken=b77a5c561934e089" version="1" Unrestricted="true" />
      </PermissionSet>
    </member>
    <member name="M:System.ServiceProcess.ServiceInstaller.IsEquivalentInstaller(System.Configuration.Install.ComponentInstaller)">
      <summary>Gibt an, ob zwei Installationsprogramme den gleichen Dienst installieren.</summary>
      <returns>true, wenn der Aufruf von <see cref="M:System.ServiceProcess.ServiceInstaller.Install(System.Collections.IDictionary)" /> für beide Installationsprogramme zur Installation desselben Dienstes führen würden, andernfalls false.</returns>
      <param name="otherInstaller">Ein <see cref="T:System.Configuration.Install.ComponentInstaller" />, mit dem das aktuelle Installationsprogramm verglichen wird.</param>
    </member>
    <member name="M:System.ServiceProcess.ServiceInstaller.Rollback(System.Collections.IDictionary)">
      <summary>Führt ein Rollback der Informationen über Dienstanwendungen durch, die bei der Installation in die Registrierung geschrieben wurden. Diese Methode ist nur für die Verwendung durch Installationstools vorgesehen, die die entsprechenden Methoden automatisch verarbeiten.</summary>
      <param name="savedState">Ein <see cref="T:System.Collections.IDictionary" /> mit Kontextinformationen für die Installation.</param>
      <PermissionSet>
        <IPermission class="System.Security.Permissions.FileIOPermission, mscorlib, Version=2.0.3600.0, Culture=neutral, PublicKeyToken=b77a5c561934e089" version="1" Unrestricted="true" />
        <IPermission class="System.Security.Permissions.SecurityPermission, mscorlib, Version=2.0.3600.0, Culture=neutral, PublicKeyToken=b77a5c561934e089" version="1" Flags="UnmanagedCode" />
        <IPermission class="System.ServiceProcess.ServiceControllerPermission, System.ServiceProcess, Version=2.0.3600.0, Culture=neutral, PublicKeyToken=b03f5f7f11d50a3a" version="1" Unrestricted="true" />
      </PermissionSet>
    </member>
    <member name="P:System.ServiceProcess.ServiceInstaller.ServiceName">
      <summary>Gibt den Namen an, mit dem das System diesen Dienst identifiziert. Diese Eigenschaft muss mit dem <see cref="P:System.ServiceProcess.ServiceBase.ServiceName" /> des zu installierenden Dienstes übereinstimmen.</summary>
      <returns>Der Name des zu installierenden Dienstes. Dieser Wert muss festgelegt werden, bevor das Installationsprogramm den Dienst installiert.</returns>
      <exception cref="T:System.ArgumentException">Der Wert der <see cref="P:System.ServiceProcess.ServiceInstaller.ServiceName" />-Eigenschaft ist ungültig.</exception>
    </member>
    <member name="P:System.ServiceProcess.ServiceInstaller.ServicesDependedOn">
      <summary>Gibt an, welche Dienste ausgeführt werden müssen, damit dieser Dienst ausgeführt werden kann.</summary>
      <returns>Ein Array von Diensten, die ausgeführt werden müssen, bevor der diesem Installationsprogramm zugeordnete Dienst ausgeführt werden kann.</returns>
    </member>
    <member name="P:System.ServiceProcess.ServiceInstaller.StartType">
      <summary>Gibt an, wie und wann dieser Dienst gestartet wird.</summary>
      <returns>Ein <see cref="T:System.ServiceProcess.ServiceStartMode" />, der die Art und Weise des Dienststarts darstellt. Die Standardeinstellung Manual gibt an, dass der Dienst nach einem Neustart des Computers nicht automatisch gestartet wird.</returns>
      <exception cref="T:System.ComponentModel.InvalidEnumArgumentException">Der Startmodus ist kein Wert der <see cref="T:System.ServiceProcess.ServiceStartMode" />-Enumeration.</exception>
      <PermissionSet>
        <IPermission class="System.Security.Permissions.SecurityPermission, mscorlib, Version=2.0.3600.0, Culture=neutral, PublicKeyToken=b77a5c561934e089" version="1" Flags="UnmanagedCode, ControlEvidence" />
      </PermissionSet>
    </member>
    <member name="M:System.ServiceProcess.ServiceInstaller.Uninstall(System.Collections.IDictionary)">
      <summary>Deinstalliert den Dienst, indem die entsprechenden Daten aus der Registrierung entfernt werden.</summary>
      <param name="savedState">Ein <see cref="T:System.Collections.IDictionary" /> mit Kontextinformationen für die Installation.</param>
      <exception cref="T:System.ComponentModel.Win32Exception">Der Dienststeuerungs-Manager konnte nicht geöffnet werden. -oder-  Das System konnte kein Handle für den Dienst abrufen.</exception>
      <PermissionSet>
        <IPermission class="System.Security.Permissions.FileIOPermission, mscorlib, Version=2.0.3600.0, Culture=neutral, PublicKeyToken=b77a5c561934e089" version="1" Unrestricted="true" />
        <IPermission class="System.Security.Permissions.SecurityPermission, mscorlib, Version=2.0.3600.0, Culture=neutral, PublicKeyToken=b77a5c561934e089" version="1" Flags="UnmanagedCode" />
        <IPermission class="System.ServiceProcess.ServiceControllerPermission, System.ServiceProcess, Version=2.0.3600.0, Culture=neutral, PublicKeyToken=b03f5f7f11d50a3a" version="1" Unrestricted="true" />
      </PermissionSet>
    </member>
    <member name="T:System.ServiceProcess.ServiceProcessDescriptionAttribute">
      <summary>Gibt eine Beschreibung für eine Eigenschaft oder ein Ereignis an.</summary>
    </member>
    <member name="M:System.ServiceProcess.ServiceProcessDescriptionAttribute.#ctor(System.String)">
      <summary>Initialisiert eine neue Instanz der <see cref="T:System.ServiceProcess.ServiceProcessDescriptionAttribute" />-Klasse unter Verwendung der angegebenen Beschreibung.</summary>
      <param name="description">Der anwendungsdefinierte Beschreibungstext.</param>
    </member>
    <member name="P:System.ServiceProcess.ServiceProcessDescriptionAttribute.Description">
      <summary>Ruft den Beschreibungstext ab, der dem Dienstprozess zugeordnet ist.</summary>
      <returns>Ein anwendungsdefinierter Beschreibungstext.</returns>
    </member>
    <member name="T:System.ServiceProcess.ServiceProcessInstaller">
      <summary>Installiert eine ausführbare Datei, die Klassen enthält, die <see cref="T:System.ServiceProcess.ServiceBase" /> erweitern. Diese Klasse wird von Installationsprogrammen, z. B. von InstallUtil.exe, beim Installieren einer Dienstanwendung aufgerufen.</summary>
    </member>
    <member name="M:System.ServiceProcess.ServiceProcessInstaller.#ctor">
      <summary>Erstellt eine neue Instanz der <see cref="T:System.ServiceProcess.ServiceProcessInstaller" />-Klasse.</summary>
    </member>
    <member name="P:System.ServiceProcess.ServiceProcessInstaller.Account">
      <summary>Ruft den Typ des Kontos ab, unter dem die Dienstanwendung ausgeführt wird, oder legt diesen fest.</summary>
      <returns>Ein <see cref="T:System.ServiceProcess.ServiceAccount" />, der den Typ des Kontos definiert, unter dem das System diesen Dienst ausführt. Der Standardwert ist User.</returns>
      <PermissionSet>
        <IPermission class="System.Security.Permissions.EnvironmentPermission, mscorlib, Version=2.0.3600.0, Culture=neutral, PublicKeyToken=b77a5c561934e089" version="1" Unrestricted="true" />
        <IPermission class="System.Security.Permissions.FileIOPermission, mscorlib, Version=2.0.3600.0, Culture=neutral, PublicKeyToken=b77a5c561934e089" version="1" Unrestricted="true" />
        <IPermission class="System.Security.Permissions.SecurityPermission, mscorlib, Version=2.0.3600.0, Culture=neutral, PublicKeyToken=b77a5c561934e089" version="1" Flags="UnmanagedCode, ControlEvidence" />
        <IPermission class="System.Security.Permissions.UIPermission, mscorlib, Version=2.0.3600.0, Culture=neutral, PublicKeyToken=b77a5c561934e089" version="1" Unrestricted="true" />
        <IPermission class="System.Diagnostics.PerformanceCounterPermission, System, Version=2.0.3600.0, Culture=neutral, PublicKeyToken=b77a5c561934e089" version="1" Unrestricted="true" />
      </PermissionSet>
    </member>
    <member name="M:System.ServiceProcess.ServiceProcessInstaller.CopyFromComponent(System.ComponentModel.IComponent)">
      <summary>Implementiert die <see cref="M:System.Configuration.Install.ComponentInstaller.CopyFromComponent(System.ComponentModel.IComponent)" />-Methode der Basisklasse ohne das für die <see cref="T:System.ServiceProcess.ServiceProcessInstaller" />-Klasse spezifische Verhalten.</summary>
      <param name="comp">Die <see cref="T:System.ComponentModel.IComponent" />, die den Dienstprozess darstellt.</param>
    </member>
    <member name="P:System.ServiceProcess.ServiceProcessInstaller.HelpText">
      <summary>Ruft den Hilfetext ab, der zu den Installationsoptionen für Dienste angezeigt wird.</summary>
      <returns>Hilfetext, der die Schritte zum Festlegen des Benutzernamens und Kennwortes beschreibt, wenn der Dienst unter einem bestimmten Konto ausgeführt werden soll.</returns>
      <PermissionSet>
        <IPermission class="System.Security.Permissions.SecurityPermission, mscorlib, Version=2.0.3600.0, Culture=neutral, PublicKeyToken=b77a5c561934e089" version="1" Flags="UnmanagedCode, ControlEvidence" />
      </PermissionSet>
    </member>
    <member name="M:System.ServiceProcess.ServiceProcessInstaller.Install(System.Collections.IDictionary)">
      <summary>Schreibt Dienstanwendungsinformationen in die Registrierung. Diese Methode ist für die Verwendung durch Installationstools bestimmt, die die entsprechenden Methoden automatisch aufrufen.</summary>
      <param name="stateSaver">Ein <see cref="T:System.Collections.IDictionary" /> mit Kontextinformationen für die Installation.</param>
      <exception cref="T:System.ArgumentException">Die <paramref name="stateSaver" /> ist null.</exception>
      <PermissionSet>
        <IPermission class="System.Security.Permissions.SecurityPermission, mscorlib, Version=2.0.3600.0, Culture=neutral, PublicKeyToken=b77a5c561934e089" version="1" Flags="UnmanagedCode" />
        <IPermission class="System.Security.Permissions.UIPermission, mscorlib, Version=2.0.3600.0, Culture=neutral, PublicKeyToken=b77a5c561934e089" version="1" Unrestricted="true" />
      </PermissionSet>
    </member>
    <member name="P:System.ServiceProcess.ServiceProcessInstaller.Password">
      <summary>Ruft das zugeordnete Kennwort des Benutzerkontos ab, unter dem die Dienstanwendung ausgeführt wird, oder legt dieses fest.</summary>
      <returns>Das zugeordnete Kennwort des Benutzerkontos, unter dem die Dienstanwendung ausgeführt wird. Der Standardwert ist eine leere Zeichenfolge (""). Die Eigenschaft ist nicht öffentlich und wird nicht serialisiert.</returns>
      <PermissionSet>
        <IPermission class="System.Security.Permissions.EnvironmentPermission, mscorlib, Version=2.0.3600.0, Culture=neutral, PublicKeyToken=b77a5c561934e089" version="1" Unrestricted="true" />
        <IPermission class="System.Security.Permissions.FileIOPermission, mscorlib, Version=2.0.3600.0, Culture=neutral, PublicKeyToken=b77a5c561934e089" version="1" Unrestricted="true" />
        <IPermission class="System.Security.Permissions.SecurityPermission, mscorlib, Version=2.0.3600.0, Culture=neutral, PublicKeyToken=b77a5c561934e089" version="1" Flags="UnmanagedCode, ControlEvidence" />
        <IPermission class="System.Security.Permissions.UIPermission, mscorlib, Version=2.0.3600.0, Culture=neutral, PublicKeyToken=b77a5c561934e089" version="1" Unrestricted="true" />
        <IPermission class="System.Diagnostics.PerformanceCounterPermission, System, Version=2.0.3600.0, Culture=neutral, PublicKeyToken=b77a5c561934e089" version="1" Unrestricted="true" />
      </PermissionSet>
    </member>
    <member name="M:System.ServiceProcess.ServiceProcessInstaller.Rollback(System.Collections.IDictionary)">
      <summary>Führt ein Rollback der Informationen über Dienstanwendungen durch, die bei der Installation in die Registrierung geschrieben wurden. Diese Methode ist nur für die Verwendung durch Installationstools vorgesehen, die die entsprechenden Methoden automatisch verarbeiten.</summary>
      <param name="savedState">Ein <see cref="T:System.Collections.IDictionary" /> mit Kontextinformationen für die Installation.</param>
      <exception cref="T:System.ArgumentException">Die <paramref name="savedState" /> ist null. -oder-  <paramref name="savedState" /> ist beschädigt oder nicht vorhanden.</exception>
      <PermissionSet>
        <IPermission class="System.Security.Permissions.SecurityPermission, mscorlib, Version=2.0.3600.0, Culture=neutral, PublicKeyToken=b77a5c561934e089" version="1" Flags="UnmanagedCode" />
      </PermissionSet>
    </member>
    <member name="P:System.ServiceProcess.ServiceProcessInstaller.Username">
      <summary>Ruft das Benutzerkonto ab, unter dem die Dienstanwendung ausgeführt wird, oder legt dieses fest.</summary>
      <returns>Das Konto, unter dem der Dienst ausgeführt werden soll. Der Standardwert ist eine leere Zeichenfolge ("").</returns>
      <PermissionSet>
        <IPermission class="System.Security.Permissions.EnvironmentPermission, mscorlib, Version=2.0.3600.0, Culture=neutral, PublicKeyToken=b77a5c561934e089" version="1" Unrestricted="true" />
        <IPermission class="System.Security.Permissions.FileIOPermission, mscorlib, Version=2.0.3600.0, Culture=neutral, PublicKeyToken=b77a5c561934e089" version="1" Unrestricted="true" />
        <IPermission class="System.Security.Permissions.SecurityPermission, mscorlib, Version=2.0.3600.0, Culture=neutral, PublicKeyToken=b77a5c561934e089" version="1" Flags="UnmanagedCode, ControlEvidence" />
        <IPermission class="System.Security.Permissions.UIPermission, mscorlib, Version=2.0.3600.0, Culture=neutral, PublicKeyToken=b77a5c561934e089" version="1" Unrestricted="true" />
        <IPermission class="System.Diagnostics.PerformanceCounterPermission, System, Version=2.0.3600.0, Culture=neutral, PublicKeyToken=b77a5c561934e089" version="1" Unrestricted="true" />
      </PermissionSet>
    </member>
    <member name="T:System.ServiceProcess.ServiceStartMode">
      <summary>Gibt den Startmodus des Dienstes an.</summary>
    </member>
    <member name="F:System.ServiceProcess.ServiceStartMode.Automatic">
      <summary>Gibt an, dass der Dienst beim Systemstart vom Betriebssystem gestartet werden soll bzw. gestartet wurde. Wenn ein automatisch gestarteter Dienst von einem manuell zu startenden abhängt, wird der manuell zu startende Dienst ebenfalls beim Systemstart gestartet.</summary>
    </member>
    <member name="F:System.ServiceProcess.ServiceStartMode.Disabled">
      <summary>Gibt an, dass der Dienst deaktiviert ist und nicht durch Benutzer oder eine Anwendung gestartet werden kann.</summary>
    </member>
    <member name="F:System.ServiceProcess.ServiceStartMode.Manual">
      <summary>Gibt an, dass der Dienst nur manuell von Benutzern (über den Dienststeuerungs-Manager) oder von einer Anwendung gestartet wird.</summary>
    </member>
    <member name="T:System.ServiceProcess.ServiceType">
      <summary>Stellt den Typ des Dienstes dar.</summary>
    </member>
    <member name="F:System.ServiceProcess.ServiceType.Adapter">
      <summary>Der Dienst für ein Hardwaregerät, das einen eigenen Treiber benötigt.</summary>
    </member>
    <member name="F:System.ServiceProcess.ServiceType.FileSystemDriver">
      <summary>Ein Dateisystemtreiber, der außerdem ein Gerätetreiber des Kernels ist.</summary>
    </member>
    <member name="F:System.ServiceProcess.ServiceType.InteractiveProcess">
      <summary>Ein Dienst, der mit dem Desktop kommunizieren kann.</summary>
    </member>
    <member name="F:System.ServiceProcess.ServiceType.KernelDriver">
      <summary>Ein Gerätetreiber im Kernel, z. B. ein Festplattentreiber oder ein Treiber für andere Low-Level-Hardwaregeräte.</summary>
    </member>
    <member name="F:System.ServiceProcess.ServiceType.RecognizerDriver">
      <summary>Ein Dateisystemtreiber, der während des Systemstarts den Typ des vom System verwendeten Dateisystems ermittelt.</summary>
    </member>
    <member name="F:System.ServiceProcess.ServiceType.Win32OwnProcess">
      <summary>Ein Win32-Programm, das von der Dienststeuerung gestartet werden kann und das Dienststeuerungsprotokoll verwendet. Ein derartiger Win32-Dienst wird in einem eigenen Prozess ausgeführt.</summary>
    </member>
    <member name="F:System.ServiceProcess.ServiceType.Win32ShareProcess">
      <summary>Ein Win32-Dienst, der sich einen Prozess mit anderen Win32-Diensten teilen kann.</summary>
    </member>
    <member name="T:System.ServiceProcess.SessionChangeDescription">
      <summary>Identifiziert den Grund für eine Sitzungsänderung bei den Terminaldiensten.</summary>
    </member>
    <member name="M:System.ServiceProcess.SessionChangeDescription.Equals(System.Object)">
      <summary>Bestimmt, ob das angegebene Objekt gleich der aktuellen Sitzungsänderungsbeschreibung ist.</summary>
      <returns>true, wenn <paramref name="obj" /> gleich der aktuellen <see cref="T:System.ServiceProcess.SessionChangeDescription" />-Struktur ist, andernfalls false.</returns>
      <param name="obj">Das Objekt, das mit der aktuellen <see cref="T:System.ServiceProcess.SessionChangeDescription" />-Struktur verglichen werden soll.</param>
    </member>
    <member name="M:System.ServiceProcess.SessionChangeDescription.Equals(System.ServiceProcess.SessionChangeDescription)">
      <summary>Bestimmt, ob die angegebene Sitzungsänderungsbeschreibung gleich der aktuellen Sitzungsänderungsbeschreibung ist.</summary>
      <returns>true, wenn <paramref name="changeDescription" /> gleich der aktuellen <see cref="T:System.ServiceProcess.SessionChangeDescription" />-Struktur ist, andernfalls false.</returns>
      <param name="changeDescription">Die <see cref="T:System.ServiceProcess.SessionChangeDescription" />-Struktur, die mit der aktuellen <see cref="T:System.ServiceProcess.SessionChangeDescription" />-Struktur verglichen werden soll.</param>
    </member>
    <member name="M:System.ServiceProcess.SessionChangeDescription.GetHashCode">
      <summary>Ruft einen Hashcode für die aktuelle Sitzungsänderungsbeschreibung ab.</summary>
      <returns>Ein Hashcode für die aktuelle Sitzungsänderungsbeschreibung.</returns>
    </member>
    <member name="M:System.ServiceProcess.SessionChangeDescription.op_Equality(System.ServiceProcess.SessionChangeDescription,System.ServiceProcess.SessionChangeDescription)">
      <summary>Gibt einen Wert zurück, der angibt, ob zwei <see cref="T:System.ServiceProcess.SessionChangeDescription" />-Strukturen gleich sind.</summary>
      <returns>true, wenn <paramref name="a" /> und <paramref name="b" /> gleich sind, andernfalls false.</returns>
      <param name="a">Eine <see cref="T:System.ServiceProcess.SessionChangeDescription" />-Struktur.</param>
      <param name="b">Eine <see cref="T:System.ServiceProcess.SessionChangeDescription" />-Struktur.</param>
    </member>
    <member name="M:System.ServiceProcess.SessionChangeDescription.op_Inequality(System.ServiceProcess.SessionChangeDescription,System.ServiceProcess.SessionChangeDescription)">
      <summary>Gibt einen Wert zurück, der angibt, ob zwei <see cref="T:System.ServiceProcess.SessionChangeDescription" />-Strukturen ungleich sind.</summary>
      <returns>true, wenn <paramref name="a" /> und <paramref name="b" /> ungleich sind, andernfalls false.</returns>
      <param name="a">Eine <see cref="T:System.ServiceProcess.SessionChangeDescription" />-Struktur.</param>
      <param name="b">Eine <see cref="T:System.ServiceProcess.SessionChangeDescription" />-Struktur.</param>
    </member>
    <member name="P:System.ServiceProcess.SessionChangeDescription.Reason">
      <summary>Ruft den Grund für die Sitzungsänderung ab.</summary>
      <returns>Einer der <see cref="T:System.ServiceProcess.SessionChangeReason" />-Werte.</returns>
    </member>
    <member name="P:System.ServiceProcess.SessionChangeDescription.SessionId">
      <summary>Ruft die Sitzungs-ID für die zugeordnete Sitzung ab.</summary>
      <returns>Die Sitzungs-ID für die zugeordnete Sitzung.</returns>
    </member>
    <member name="T:System.ServiceProcess.SessionChangeReason">
      <summary>Gibt den Grund einer Änderungsnotiz für eine Terminaldienste-Sitzung an.</summary>
    </member>
    <member name="F:System.ServiceProcess.SessionChangeReason.ConsoleConnect">
      <summary>Es wurde eine Verbindung mit einer Konsolensitzung hergestellt.</summary>
    </member>
    <member name="F:System.ServiceProcess.SessionChangeReason.ConsoleDisconnect">
      <summary>Eine Verbindung mit einer Konsolensitzung wurde getrennt.</summary>
    </member>
    <member name="F:System.ServiceProcess.SessionChangeReason.RemoteConnect">
      <summary>Es wurde eine Verbindung mit einer Remotesitzung hergestellt.</summary>
    </member>
    <member name="F:System.ServiceProcess.SessionChangeReason.RemoteDisconnect">
      <summary>Eine Verbindung mit einer Remotesitzung wurde getrennt.</summary>
    </member>
    <member name="F:System.ServiceProcess.SessionChangeReason.SessionLock">
      <summary>Eine Sitzung wurde gesperrt.</summary>
    </member>
    <member name="F:System.ServiceProcess.SessionChangeReason.SessionLogoff">
      <summary>Ein Benutzer hat sich von einer Sitzung abgemeldet.</summary>
    </member>
    <member name="F:System.ServiceProcess.SessionChangeReason.SessionLogon">
      <summary>Ein Benutzer hat sich an einer Sitzung angemeldet.</summary>
    </member>
    <member name="F:System.ServiceProcess.SessionChangeReason.SessionRemoteControl">
      <summary>Der Remotesteuerungsstatus einer Sitzung wurde geändert.</summary>
    </member>
    <member name="F:System.ServiceProcess.SessionChangeReason.SessionUnlock">
      <summary>Eine Sitzung wurde entsperrt.</summary>
    </member>
    <member name="T:System.ServiceProcess.TimeoutException">
      <summary>Die Ausnahme, die ausgelöst wird, wenn ein angegebenes Timeout abgelaufen ist.</summary>
    </member>
    <member name="M:System.ServiceProcess.TimeoutException.#ctor">
      <summary>Initialisiert eine neue Instanz der <see cref="T:System.ServiceProcess.TimeoutException" />-Klasse ohne Meldungstext.</summary>
    </member>
    <member name="M:System.ServiceProcess.TimeoutException.#ctor(System.Runtime.Serialization.SerializationInfo,System.Runtime.Serialization.StreamingContext)">
      <summary>Initialisiert eine neue Instanz der <see cref="T:System.ServiceProcess.TimeoutException" />-Klasse mit den angegebenen Serialisierungsinformationen und dem angegebenen Kontext.</summary>
      <param name="info">Die <see cref="T:System.Runtime.Serialization.SerializationInfo" />, die die serialisierten Objektdaten für die ausgelöste Ausnahme enthält.</param>
      <param name="context">Der <see cref="T:System.Runtime.Serialization.StreamingContext" />, der die Kontextinformationen über die Quelle oder das Ziel enthält.</param>
      <exception cref="T:System.ArgumentNullException">Der <paramref name="info" />-Parameter ist null.</exception>
      <exception cref="T:System.Runtime.Serialization.SerializationException">Der Klassenname ist null, oder <see cref="P:System.Exception.HResult" /> ist 0.</exception>
    </member>
    <member name="M:System.ServiceProcess.TimeoutException.#ctor(System.String)">
      <summary>Initialisiert eine neue Instanz der <see cref="T:System.ServiceProcess.TimeoutException" />-Klasse mit dem angegebenen Meldungstext.</summary>
      <param name="message">Text, der den Typ oder die Quelle der Ausnahme beschreibt.</param>
    </member>
    <member name="M:System.ServiceProcess.TimeoutException.#ctor(System.String,System.Exception)">
      <summary>Initialisiert eine neue Instanz der <see cref="T:System.ServiceProcess.TimeoutException" />-Klasse mit dem angegebenen Meldungstext und der angegebenen inneren Ausnahme.</summary>
      <param name="message">Text, der den Typ oder die Quelle der Ausnahme beschreibt.</param>
      <param name="innerException">Die Ausnahme, die die aktuelle Ausnahme verursacht hat.</param>
    </member>
    <member name="T:System.ServiceProcess.Design.ServiceInstallerDialog">
      <summary>Stellt ein Dialogfeld bereit, das eine Aufforderung für die Bereitstellung der Kontoinformationen einer Windows-Dienstanwendung enthält.</summary>
    </member>
    <member name="M:System.ServiceProcess.Design.ServiceInstallerDialog.#ctor">
      <summary>Initialisiert eine neue Instanz des Dienstkontoformulars.</summary>
    </member>
    <member name="M:System.ServiceProcess.Design.ServiceInstallerDialog.Main">
      <summary>Startet das Ausführen einer Standardmeldungsschleife für eine Anwendung und zeigt das Dienstkontoformular an.</summary>
      <PermissionSet>
        <IPermission class="System.Security.Permissions.UIPermission, mscorlib, Version=2.0.3600.0, Culture=neutral, PublicKeyToken=b77a5c561934e089" version="1" Unrestricted="true" />
      </PermissionSet>
    </member>
    <member name="P:System.ServiceProcess.Design.ServiceInstallerDialog.Password">
      <summary>Ruft das Kennwort für das Dienstkontoformular ab oder legt es fest.</summary>
      <returns>Eine Zeichenfolge, die das Kennwort im Dienstkontoformular darstellt. Der Standardwert ist eine leere Zeichenfolge ("").</returns>
      <PermissionSet>
        <IPermission class="System.Security.Permissions.EnvironmentPermission, mscorlib, Version=2.0.3600.0, Culture=neutral, PublicKeyToken=b77a5c561934e089" version="1" Unrestricted="true" />
        <IPermission class="System.Security.Permissions.FileIOPermission, mscorlib, Version=2.0.3600.0, Culture=neutral, PublicKeyToken=b77a5c561934e089" version="1" Unrestricted="true" />
        <IPermission class="System.Security.Permissions.SecurityPermission, mscorlib, Version=2.0.3600.0, Culture=neutral, PublicKeyToken=b77a5c561934e089" version="1" Flags="UnmanagedCode, ControlEvidence" />
        <IPermission class="System.Diagnostics.PerformanceCounterPermission, System, Version=2.0.3600.0, Culture=neutral, PublicKeyToken=b77a5c561934e089" version="1" Unrestricted="true" />
      </PermissionSet>
    </member>
    <member name="P:System.ServiceProcess.Design.ServiceInstallerDialog.Result">
      <summary>Ruft das Dialogfeldergebnis für das Dienstkontoformular ab.</summary>
      <returns>Eine <see cref="T:System.ServiceProcess.Design.ServiceInstallerDialogResult" />-Enumeration, die dem Dialogfeld die Benutzerantwort angibt. Der Standardwert ist OK.</returns>
    </member>
    <member name="P:System.ServiceProcess.Design.ServiceInstallerDialog.Username">
      <summary>Ruft den Benutzernamen für das Dienstkontoformular ab oder legt diesen fest.</summary>
      <returns>Eine Zeichenfolge, die den Benutzernamen im Dienstkontoformular darstellt. Der Standardwert ist eine leere Zeichenfolge ("").</returns>
      <PermissionSet>
        <IPermission class="System.Security.Permissions.EnvironmentPermission, mscorlib, Version=2.0.3600.0, Culture=neutral, PublicKeyToken=b77a5c561934e089" version="1" Unrestricted="true" />
        <IPermission class="System.Security.Permissions.FileIOPermission, mscorlib, Version=2.0.3600.0, Culture=neutral, PublicKeyToken=b77a5c561934e089" version="1" Unrestricted="true" />
        <IPermission class="System.Security.Permissions.SecurityPermission, mscorlib, Version=2.0.3600.0, Culture=neutral, PublicKeyToken=b77a5c561934e089" version="1" Flags="UnmanagedCode, ControlEvidence" />
        <IPermission class="System.Diagnostics.PerformanceCounterPermission, System, Version=2.0.3600.0, Culture=neutral, PublicKeyToken=b77a5c561934e089" version="1" Unrestricted="true" />
      </PermissionSet>
    </member>
    <member name="T:System.ServiceProcess.Design.ServiceInstallerDialogResult">
      <summary>Gibt den Rückgabewert eines <see cref="T:System.ServiceProcess.Design.ServiceInstallerDialog" />-Formulars an.</summary>
    </member>
    <member name="F:System.ServiceProcess.Design.ServiceInstallerDialogResult.Canceled">
      <summary>Der Rückgabewert des Dialogfelds ist Canceled. Dieser Wert gibt i. d. R. an, dass der Benutzer das Dialogfeld abgebrochen hat, ohne die Kontofelder festzulegen.</summary>
    </member>
    <member name="F:System.ServiceProcess.Design.ServiceInstallerDialogResult.OK">
      <summary>Der Rückgabewert des Dialogfelds ist OK. Dieser Wert gibt i. d. R. an, dass der Benutzer die Kontoeigenschaften bestätigt und zum Schließen des Dialogfelds auf die Schaltfläche OK geklickt hat.</summary>
    </member>
    <member name="F:System.ServiceProcess.Design.ServiceInstallerDialogResult.UseSystem">
      <summary>Der Dienst wird unter einem Systemkonto anstelle eines Benutzerkontos installiert. Dieser Wert gibt i. d. R. an, dass das Dialogfeld dem Benutzer nicht angezeigt wurde. Beispielsweise ist die <see cref="P:System.ServiceProcess.ServiceProcessInstaller.Account" />-Eigenschaft auf einen anderen Wert als User festgelegt.</summary>
    </member>
  </members>
</doc>