﻿<?xml version="1.0" encoding="utf-8"?>
<doc>
  <assembly>
    <name>System.Web.DynamicData.Design</name>
  </assembly>
  <members>
    <member name="T:System.Web.DynamicData.Design.DataControlReferenceCollectionEditor">
      <summary>Stellt einen Komponenten-Editor für die Auflistung der Datensteuerelemente des zugeordneten <see cref="T:System.Web.DynamicData.DynamicDataManager" />-Steuerelements bereit.</summary>
    </member>
    <member name="M:System.Web.DynamicData.Design.DataControlReferenceCollectionEditor.#ctor(System.Type)">
      <summary>Initialisiert eine neue Instanz der <see cref="T:System.Web.DynamicData.Design.DataControlReferenceCollectionEditor" />-Klasse unter Verwendung des angegebenen Auflistungstyps.</summary>
      <param name="type">Der Typ der Auflistung, die bearbeitet werden soll.</param>
    </member>
    <member name="M:System.Web.DynamicData.Design.DataControlReferenceCollectionEditor.CreateCollectionItemType">
      <summary>Ruft den Typ der Auflistung ab, die bearbeitet werden soll.</summary>
      <returns>Der Typ der Auflistung, die bearbeitet werden soll.</returns>
    </member>
    <member name="T:System.Web.DynamicData.Design.DataControlReferenceIDConverter">
      <summary>Erstellt eine Auflistung von Datensteuerelementen, die vom Benutzer ausgewählt werden können.</summary>
    </member>
    <member name="M:System.Web.DynamicData.Design.DataControlReferenceIDConverter.#ctor">
      <summary>Initialisiert eine neue Instanz der <see cref="T:System.Web.DynamicData.Design.DataControlReferenceIDConverter" />-Klasse.</summary>
    </member>
    <member name="M:System.Web.DynamicData.Design.DataControlReferenceIDConverter.GetStandardValues(System.ComponentModel.ITypeDescriptorContext)">
      <summary>Gibt eine Auflistung der verfügbaren Steuerelementwerte zurück.</summary>
      <returns>Eine Auflistung, die die Namen der verfügbaren Steuerelemente enthält.</returns>
      <param name="context">Ein Objekt, das Kontextinformationen für diesen Typkonverter bereitstellt.</param>
    </member>
    <member name="M:System.Web.DynamicData.Design.DataControlReferenceIDConverter.GetStandardValuesExclusive(System.ComponentModel.ITypeDescriptorContext)">
      <summary>Gibt einen Wert zurück, der angibt, ob die zurückgegebenen Steuerelementnamen eine exklusive Liste aller möglichen Werte darstellen.</summary>
      <returns>Immer false.</returns>
      <param name="context">Ein Objekt, das Kontextinformationen für diesen Typkonverter bereitstellt.</param>
    </member>
    <member name="M:System.Web.DynamicData.Design.DataControlReferenceIDConverter.GetStandardValuesSupported(System.ComponentModel.ITypeDescriptorContext)">
      <summary>Gibt einen Wert zurück, der angibt, ob dieser Konverter eine Standardmenge von Steuerelementnamen unterstützt, die in der Auflistung ausgewählt werden können.</summary>
      <returns>Immer true.</returns>
      <param name="context">Ein Objekt, das Kontextinformationen für diesen Typkonverter bereitstellt.</param>
    </member>
    <member name="T:System.Web.DynamicData.Design.DynamicDataManagerDesigner">
      <summary>Stellt Entwurfszeitunterstützung in einem visuellen Designer für das <see cref="T:System.Web.DynamicData.DynamicDataManager" />-Steuerelement bereit.</summary>
    </member>
    <member name="M:System.Web.DynamicData.Design.DynamicDataManagerDesigner.#ctor">
      <summary>Initialisiert eine neue Instanz der <see cref="T:System.Web.DynamicData.Design.DynamicDataManagerDesigner" />-Klasse.</summary>
    </member>
    <member name="P:System.Web.DynamicData.Design.DynamicDataManagerDesigner.ActionLists">
      <summary>Ruft eine Auflistung von <see cref="T:System.ComponentModel.Design.DesignerActionList" />-Objekten ab.</summary>
      <returns>Eine Auflistung von <see cref="T:System.ComponentModel.Design.DesignerActionList" />-Objekten.</returns>
    </member>
    <member name="M:System.Web.DynamicData.Design.DynamicDataManagerDesigner.GetDesignTimeHtml">
      <summary>Generiert das HTML-Markup, das zur Entwurfszeit zum Rendern des zugeordneten <see cref="T:System.Web.DynamicData.DynamicDataManager" />-Steuerelements verwendet wird.</summary>
      <returns>Das HTML-Markup, das für das Rendering des zugeordneten <see cref="T:System.Web.DynamicData.DynamicDataManager" />-Steuerelements zur Entwurfszeit verwendet wird.</returns>
    </member>
    <member name="T:System.Web.DynamicData.Design.DynamicFieldDesigner">
      <summary>Stellt Entwurfszeitunterstützung in einem visuellen Designer für das <see cref="T:System.Web.DynamicData.DynamicField" />-Objekt bereit.</summary>
    </member>
    <member name="M:System.Web.DynamicData.Design.DynamicFieldDesigner.#ctor">
      <summary>Initialisiert eine neue Instanz der <see cref="T:System.Web.DynamicData.Design.DynamicFieldDesigner" />-Klasse.</summary>
    </member>
    <member name="M:System.Web.DynamicData.Design.DynamicFieldDesigner.CreateField">
      <summary>Erstellt ein leeres <see cref="T:System.Web.DynamicData.DynamicField" />-Objekt.</summary>
      <returns>Ein leeres Feldobjekt.</returns>
    </member>
    <member name="M:System.Web.DynamicData.Design.DynamicFieldDesigner.CreateField(System.Web.UI.Design.IDataSourceFieldSchema)">
      <summary>Erstellt ein neues <see cref="T:System.Web.DynamicData.DynamicField" />-Objekt anhand der angegebenen Datenfeldinformationen.</summary>
      <returns>Ein neues Feldobjekt.</returns>
      <param name="fieldSchema">Schemainformationen, die die Struktur des Datenfelds enthalten.</param>
    </member>
    <member name="M:System.Web.DynamicData.Design.DynamicFieldDesigner.CreateTemplateField(System.Web.UI.WebControls.DataControlField,System.Web.UI.WebControls.DataBoundControl)">
      <summary>Erstellt ein <see cref="T:System.Web.UI.WebControls.TemplateField" />-Feld für das angegebene Datenfeld.</summary>
      <returns>Das neue Vorlagenfeld.</returns>
      <param name="dataControlField">Das Datenfeldobjekt.</param>
      <param name="dataBoundControl">Das datengebundene Steuerelement, das das Datenfeldobjekt enthält.</param>
    </member>
    <member name="P:System.Web.DynamicData.Design.DynamicFieldDesigner.DefaultNodeText">
      <summary>Ruft den Standardtext ab, der im Feld-Editor für das Datenfeld angezeigt wird.</summary>
      <returns>Der Standardtext, der im Feld-Editor für das Datenfeld angezeigt wird.</returns>
    </member>
    <member name="M:System.Web.DynamicData.Design.DynamicFieldDesigner.GetNodeText(System.Web.UI.WebControls.DataControlField)">
      <summary>Ruft den Namen ab, der im Feld-Editor für das Datenfeld angezeigt wird.</summary>
      <returns>Der Name, der im Feld-Editor für das Datenfeld angezeigt wird.</returns>
      <param name="dataControlField">Das Datenfeldobjekt.</param>
    </member>
    <member name="M:System.Web.DynamicData.Design.DynamicFieldDesigner.GetTemplateContent(System.Web.UI.WebControls.DataControlField,System.Web.UI.WebControls.DataBoundControlMode)">
      <summary>Ruft den Inhalt des Vorlagenfelds ab.</summary>
      <returns>Der Inhalt des Vorlagenfelds.</returns>
      <param name="dataControlField">Das Datenfeldobjekt.</param>
      <param name="mode">Der Anzeigemodus für das angegebene Datenfeld.</param>
    </member>
    <member name="M:System.Web.DynamicData.Design.DynamicFieldDesigner.IsEnabled(System.Web.UI.WebControls.DataBoundControl)">
      <summary>Ruft einen Wert ab, der angibt, ob das Datenfeld im Feld-Editor aktiviert ist.</summary>
      <returns>true, wenn das Datenfeld im Feld-Editor aktiviert ist, false, wenn das Datenfeld im Feld-Editor nicht angezeigt wird.</returns>
      <param name="parent">Das datengebundene Steuerelement, dessen Datensteuerelement-Felder bearbeitet werden.</param>
    </member>
    <member name="P:System.Web.DynamicData.Design.DynamicFieldDesigner.UsesSchema">
      <summary>Ruft einen Wert ab, der angibt, ob die Datenfelder unter Verwendung von Schemainformationen geladen werden.</summary>
      <returns>true in allen Fällen.</returns>
    </member>
  </members>
</doc>