﻿<?xml version="1.0" encoding="utf-8"?>
<doc>
  <assembly>
    <name>System.Management.Instrumentation</name>
  </assembly>
  <members>
    <member name="T:System.Management.Instrumentation.DefaultManagementInstaller">
      <summary>Installiert eine instrumentierte Assembly. Wenn dieses standardmäßige Projektinstallationsprogramm verwendet werden soll, leiten Sie einfach eine Klasse von <see cref="T:System.Management.Instrumentation.DefaultManagementInstaller" /> in der Assembly ab. Es müssen keine Methoden überschrieben werden.</summary>
    </member>
    <member name="M:System.Management.Instrumentation.DefaultManagementInstaller.#ctor">
      <summary>Initialisiert eine neue Instanz der <see cref="T:System.Management.Instrumentation.DefaultManagementInstaller" />-Klasse. Dies ist der Standardkonstruktor.</summary>
    </member>
    <member name="T:System.Management.Instrumentation.InstrumentationManager">
      <summary>Stellt Methoden bereit, die die Lebensdauer das Modell für entkoppelte Anbieter verwalten.</summary>
    </member>
    <member name="M:System.Management.Instrumentation.InstrumentationManager.Publish(System.Object)">
      <summary>Macht eine Instanz eines Anbieters innerhalb der WMI-Infrastruktur verfügbar.</summary>
    </member>
    <member name="M:System.Management.Instrumentation.InstrumentationManager.RegisterAssembly(System.Reflection.Assembly)">
      <summary>Registriert eine Assembly bei der WMI-Infrastruktur.</summary>
      <param name="managementAssembly">Die zu registrierende Assembly.</param>
    </member>
    <member name="M:System.Management.Instrumentation.InstrumentationManager.RegisterType(System.Type)">
      <summary>Registriert eine Klasse bei der WMI-Infrastruktur.</summary>
      <param name="managementType">Der Typ der Klasse.</param>
    </member>
    <member name="M:System.Management.Instrumentation.InstrumentationManager.Revoke(System.Object)">
      <summary>Erfasst eine Instanz eines derzeit verfügbaren Anbieters und legt diese in der WMI-Infrastruktur als nicht verfügbar fest.</summary>
    </member>
    <member name="M:System.Management.Instrumentation.InstrumentationManager.UnregisterAssembly(System.Reflection.Assembly)">
      <summary>Hebt die Registrierung einer derzeit bei der WMI-Infrastruktur registrierten Assembly auf.</summary>
      <param name="managementAssembly">Die registrierte Assembly, deren Registrierung aufgehoben werden soll.</param>
    </member>
    <member name="M:System.Management.Instrumentation.InstrumentationManager.UnregisterType(System.Type)">
      <summary>Hebt die Registrierung einer bei der WMI-Infrastruktur registrierten Klasse auf.</summary>
      <param name="managementType">Der registrierte Typ, dessen Registrierung aufgehoben werden soll.</param>
    </member>
    <member name="T:System.Management.Instrumentation.ManagedCommonProvider">
      <summary>Die Klasse wird intern von der Infrastruktur der WMI.NET-Anbietererweiterungen verwendet.</summary>
    </member>
    <member name="M:System.Management.Instrumentation.ManagedCommonProvider.#ctor">
      <summary>Dies ist der Standardkonstruktor für <see cref="T:System.Management.Instrumentation.ManagedCommonProvider" />, der intern von der Infrastruktur der WMI.NET-Anbietererweiterungen intern verwendet wird.</summary>
    </member>
    <member name="T:System.Management.Instrumentation.ManagementQualifierAttribute">
      <summary>Das ManagementQualifier-Attribut enthält zusätzliche, auf den WMI-Anbieter bezogene Informationen über eine zugeordnete WMI-Klasse, -Instanz, -Eigenschaft bzw. -Methode oder über ein zugeordnetes WMI-Feld.</summary>
    </member>
    <member name="M:System.Management.Instrumentation.ManagementQualifierAttribute.#ctor(System.String)">
      <summary>Erstellt eine Instanz des ManagementQualifierAttribute.</summary>
      <param name="name">Der Name des Qualifizierers.</param>
    </member>
    <member name="P:System.Management.Instrumentation.ManagementQualifierAttribute.Flavor">
      <summary>Die Art des Attributs.</summary>
      <returns>Gibt ein ManagementQualifierFlavor zurück, das den Typ des Qualifizierers angibt.</returns>
    </member>
    <member name="P:System.Management.Instrumentation.ManagementQualifierAttribute.Name">
      <summary>Der Name des Qualifizierers.</summary>
      <returns>Gibt eine Zeichenfolge zurück, die den Namen des Qualifizierers enthält.</returns>
    </member>
    <member name="P:System.Management.Instrumentation.ManagementQualifierAttribute.Value">
      <summary>Der dem Qualifizierer zugeordnete Wert.</summary>
      <returns>Gibt ein Objekt zurück, das den Wert des Qualifizierers darstellt.</returns>
    </member>
    <member name="T:System.Management.Instrumentation.ManagementQualifierFlavors">
      <summary>Typen von Qualifizierern, die mit WMI-Anbietererweiterungen verwendet werden können.</summary>
    </member>
    <member name="F:System.Management.Instrumentation.ManagementQualifierFlavors.Amended">
      <summary>Der Qualifizierer ist in der Basisklassendefinition nicht erforderlich und kann in den zu lokalisierenden Zusatz verschoben werden.</summary>
    </member>
    <member name="F:System.Management.Instrumentation.ManagementQualifierFlavors.ClassOnly">
      <summary>Der Qualifizierer wird an Instanzen weitergegeben.</summary>
    </member>
    <member name="F:System.Management.Instrumentation.ManagementQualifierFlavors.DisableOverride">
      <summary>Der Qualifizierer kann in abgeleiteten Klassen oder Instanzen nicht überschrieben werden. Beachten Sie, dass das Überschreiben eines weitergegebenen Qualifizierers die Standardeinstellung ist.</summary>
    </member>
    <member name="F:System.Management.Instrumentation.ManagementQualifierFlavors.ThisClassOnly">
      <summary>Der Qualifizierer wird nicht an abgeleitete Klassen weitergegeben.</summary>
    </member>
    <member name="T:System.Management.Instrumentation.WmiProviderInstallationException">
      <summary>Stellt eine Ausnahme dar, die bei einem Fehler beim Installieren des WMI-Anbieters ausgelöst werden soll.</summary>
      <filterpriority>2</filterpriority>
    </member>
    <member name="M:System.Management.Instrumentation.WmiProviderInstallationException.#ctor">
      <summary>Initialisiert eine neue Instanz der Klasse. Dies ist der Standardkonstruktor.</summary>
      <filterpriority>2</filterpriority>
    </member>
    <member name="M:System.Management.Instrumentation.WmiProviderInstallationException.#ctor(System.Runtime.Serialization.SerializationInfo,System.Runtime.Serialization.StreamingContext)">
      <summary>Initialisiert eine neue Instanz der Klasse mit Serialisierungsinformationen.</summary>
      <param name="info">Die zum Serialisieren bzw. Deserialisieren eines Objekts benötigten Daten.</param>
      <param name="context">Beschreibung der Quelle und des Ziels des angegebenen serialisierten Streams.</param>
    </member>
    <member name="M:System.Management.Instrumentation.WmiProviderInstallationException.#ctor(System.String)">
      <summary>Initialisiert eine neue Instanz der Klasse mit einer Meldung, die die Ausnahme beschreibt.</summary>
      <param name="message">Die Meldung, in der die Ausnahme beschrieben wird.</param>
      <filterpriority>2</filterpriority>
    </member>
    <member name="M:System.Management.Instrumentation.WmiProviderInstallationException.#ctor(System.String,System.Exception)">
      <summary>Initialisiert eine neue Klasse mit der angegebenen Zeichenfolge und der angegebenen Ausnahme.</summary>
      <param name="message">Die Meldung, in der die Ausnahme beschrieben wird.</param>
      <param name="innerException">Die Ausnahmeinstanz, die die aktuelle Ausnahme verursacht hat.</param>
      <filterpriority>2</filterpriority>
    </member>
  </members>
</doc>