﻿<?xml version="1.0" encoding="utf-8"?>
<doc>
  <assembly>
    <name>System.Data.Entity.Design</name>
  </assembly>
  <members>
    <member name="T:System.Data.Entity.Design.EdmToObjectNamespaceMap">
      <summary>Stellt eine Liste von Namespacezuordnungen vom konzeptionellen Modell zu Code dar.</summary>
    </member>
    <member name="M:System.Data.Entity.Design.EdmToObjectNamespaceMap.Add(System.String,System.String)">
      <summary>Fügt der <see cref="T:System.Data.Entity.Design.EdmToObjectNamespaceMap" /> eine Namespacezuordnung hinzu.</summary>
      <param name="edmNamespace">Der Modellnamespacename.</param>
      <param name="objectNamespace">Der Codenamespacename.</param>
    </member>
    <member name="M:System.Data.Entity.Design.EdmToObjectNamespaceMap.Clear">
      <summary>Entfernt alle Namespacezuordnungen aus der <see cref="T:System.Data.Entity.Design.EdmToObjectNamespaceMap" />.</summary>
    </member>
    <member name="M:System.Data.Entity.Design.EdmToObjectNamespaceMap.Contains(System.String)">
      <summary>Ruft einen Wert ab, der angibt, ob die <see cref="T:System.Data.Entity.Design.EdmToObjectNamespaceMap" /> den angegebenen Modellnamespacenamen enthält.</summary>
      <returns>true, wenn der Modellnamespacename gefunden wird, andernfalls false.</returns>
      <param name="edmNamespace">Der Modellnamespacename.</param>
    </member>
    <member name="P:System.Data.Entity.Design.EdmToObjectNamespaceMap.Count">
      <summary>Ruft die Anzahl der Zuordnungen in der <see cref="T:System.Data.Entity.Design.EdmToObjectNamespaceMap" /> ab.</summary>
      <returns>Die Anzahl der Zuordnungen.</returns>
    </member>
    <member name="P:System.Data.Entity.Design.EdmToObjectNamespaceMap.EdmNamespaces">
      <summary>Ruft die Liste der Modellnamespacenamen in der <see cref="T:System.Data.Entity.Design.EdmToObjectNamespaceMap" /> ab.</summary>
      <returns>Die Liste der Modellnamespacenamen.</returns>
    </member>
    <member name="P:System.Data.Entity.Design.EdmToObjectNamespaceMap.Item(System.String)">
      <summary>Ruft den Codenamespacenamen des angegebenen Modellnamespacenamens ab oder legt diesen fest.</summary>
      <returns>Der Codenamespacename, der dem angegebenen Modellnamespacenamen zugeordnet wird.</returns>
      <param name="edmNamespace">Der Modellnamespacename.</param>
    </member>
    <member name="M:System.Data.Entity.Design.EdmToObjectNamespaceMap.Remove(System.String)">
      <summary>Entfernt die angegebene Namespacezuordnung.</summary>
      <returns>true, wenn die Namespacezuordnung erfolgreich entfernt wurde, andernfalls false.</returns>
      <param name="edmNamespace">Die zu entfernende Modellnamespacezuordnung.</param>
    </member>
    <member name="M:System.Data.Entity.Design.EdmToObjectNamespaceMap.TryGetObjectNamespace(System.String,System.String@)">
      <summary>Ruft einen Wert ab, der angibt, ob der Objektnamespace abgerufen wurde.</summary>
      <returns>true, wenn der Objektnamespace abgerufen wurde, andernfalls false.</returns>
      <param name="edmNamespace">Der Modellnamespacename.</param>
      <param name="objectNamespace">Der Codenamespacename.</param>
    </member>
    <member name="T:System.Data.Entity.Design.EntityClassGenerator">
      <summary>Generiert Objektkontext- und Entitätsklassen (Objektebenencode) aus CSDL (Conceptual Schema Definition Language)-Dateien.</summary>
    </member>
    <member name="M:System.Data.Entity.Design.EntityClassGenerator.#ctor">
      <summary>Initialisiert eine neue Instanz der <see cref="T:System.Data.Entity.Design.EntityClassGenerator" />-Klasse mit einer <see cref="F:System.Data.Entity.Design.LanguageOption.GenerateCSharpCode" />-Sprachoption.</summary>
    </member>
    <member name="M:System.Data.Entity.Design.EntityClassGenerator.#ctor(System.Data.Entity.Design.LanguageOption)">
      <summary>Initialisiert eine neue Instanz der <see cref="T:System.Data.Entity.Design.EntityClassGenerator" />-Klasse mit der angegebenen <see cref="T:System.Data.Entity.Design.LanguageOption" />.</summary>
      <param name="languageOption">Ein <see cref="T:System.Data.Entity.Design.LanguageOption" />-Wert, der die Sprache des generierten Codes angibt. Die Standardsprache ist C#.</param>
    </member>
    <member name="P:System.Data.Entity.Design.EntityClassGenerator.EdmToObjectNamespaceMap">
      <summary>Ruft eine <see cref="T:System.Data.Entity.Design.EdmToObjectNamespaceMap" /> ab, die die konzeptionelle Schemadefinitionssprache (Conceptual Schema Definition Language, CSDL) zum Codieren von Namespacezuordnungen enthält.</summary>
      <returns>Die CSDL zum Codieren von Namespacezuordnungen.</returns>
    </member>
    <member name="M:System.Data.Entity.Design.EntityClassGenerator.GenerateCode(System.String,System.String)">
      <summary>Generiert eine Quellcodedatei, die die aus der angegebenen CSDL (Conceptual Schema Definition Language)-Datei generierten Objekte enthält.</summary>
      <returns>Eine <see cref="T:System.Collections.IList" /> von <see cref="T:System.Data.Metadata.Edm.EdmSchemaError" />-Objekten, die sämtliche generierten Fehler enthält.</returns>
      <param name="sourceEdmSchemaFilePath">Der Pfad der CSDL-Datei.</param>
      <param name="targetFilePath">Der Pfad der generierten Quellcodedatei.</param>
    </member>
    <member name="M:System.Data.Entity.Design.EntityClassGenerator.GenerateCode(System.String,System.String,System.Collections.Generic.IEnumerable{System.String})">
      <summary>Generiert Quellcode mithilfe der angegebenen CSDL (Conceptual Schema Definition Language)-Datei. Die Liste von Schemadateipfaden wird verwendet, um in der CSDL-Datei enthaltene Verweise aufzulösen.</summary>
      <returns>Eine <see cref="T:System.Collections.IList" /> von <see cref="T:System.Data.Metadata.Edm.EdmSchemaError" />-Objekten, die sämtliche generierten Fehler enthält.</returns>
      <param name="sourceEdmSchemaFilePath">Der Pfad der CSDL-Datei.</param>
      <param name="targetPath">Der Pfad der generierten Quellcodedatei.</param>
      <param name="additionalEdmSchemaFilePaths">Eine Liste von Schemadateipfaden, die zum Auflösen von Verweisen im Quellschema (der CSDL-Datei) verwendet werden können. Wenn das Quellschema keine Abhängigkeiten enthält, übergeben Sie eine leere Liste.</param>
    </member>
    <member name="M:System.Data.Entity.Design.EntityClassGenerator.GenerateCode(System.Xml.XmlReader,System.IO.TextWriter)">
      <summary>Generiert mit der CSDL (Conceptual Schema Definition Language)-Datei im <see cref="T:System.Xml.XmlReader" />-Objekt Quellcode und gibt diesen an einen <see cref="T:System.IO.TextWriter" /> aus.</summary>
      <returns>Eine <see cref="T:System.Collections.IList" /> von <see cref="T:System.Data.Metadata.Edm.EdmSchemaError" />-Objekten, die sämtliche generierten Fehler enthält.</returns>
      <param name="sourceEdmSchema">Ein <see cref="T:System.Xml.XmlReader" />, der die CSDL-Datei enthält.</param>
      <param name="target">Der <see cref="T:System.IO.TextWriter" />, in den der Quellcode geschrieben wird.</param>
    </member>
    <member name="M:System.Data.Entity.Design.EntityClassGenerator.GenerateCode(System.Xml.XmlReader,System.IO.TextWriter,System.Collections.Generic.IEnumerable{System.Xml.XmlReader})">
      <summary>Generiert anhand der CSDL (Conceptual Schema Definition Language)-Datei im <see cref="T:System.Xml.XmlReader" />-Objekt Quellcode und gibt diesen dann an einen <see cref="T:System.IO.TextWriter" /> aus. Zum Auflösen von Verweisen in der CSDL-Datei wird eine <see cref="T:System.Collections.IList" /> von <see cref="T:System.Xml.XmlReader" />-Objekten verwendet.</summary>
      <returns>Eine Liste von <see cref="T:System.Data.Metadata.Edm.EdmSchemaError" />-Objekten, die sämtliche generierten Fehler enthält.</returns>
      <param name="sourceEdmSchema">Ein <see cref="T:System.Xml.XmlReader" />, der die CSDL-Datei enthält.</param>
      <param name="target">Der <see cref="T:System.IO.TextWriter" />, an den der generierte Quellcode ausgegeben werden soll.</param>
      <param name="additionalEdmSchemas">Die Liste von <see cref="T:System.Xml.XmlReader" />-Objekten, die Schemas enthalten, auf die vom Quellschema (der CSDL-Datei) verwiesen wird. Wenn das Quellschema keine Abhängigkeiten enthält, übergeben Sie ein leeres <see cref="T:System.Collections.IList" />-Objekt.</param>
    </member>
    <member name="P:System.Data.Entity.Design.EntityClassGenerator.LanguageOption">
      <summary>Ruft einen <see cref="T:System.Data.Entity.Design.LanguageOption" />-Wert ab, der die Sprache des generierten Codes angibt, oder legt diesen fest.</summary>
      <returns>Einer der <see cref="T:System.Data.Entity.Design.LanguageOption" />-Werte. Der Standardwert ist <see cref="F:System.Data.Entity.Design.LanguageOption.GenerateCSharpCode" />.</returns>
    </member>
    <member name="E:System.Data.Entity.Design.EntityClassGenerator.OnPropertyGenerated">
      <summary>Tritt ein, wenn eine Eigenschaft geändert wurde.</summary>
    </member>
    <member name="E:System.Data.Entity.Design.EntityClassGenerator.OnTypeGenerated">
      <summary>Tritt ein, wenn Typinformationen geändert wurden.</summary>
    </member>
    <member name="T:System.Data.Entity.Design.EntityCodeGenerator">
      <summary>Generiert Objektkontext- und Entitätsklassen (Objektebenencode) aus CSDL (Conceptual Schema Definition Language)-Dateien. Ab Entity Framework 4, enthält eine ObjectContext-Klasse für ein bestimmtes Modell Eigenschaften des Typs ObjectSet, die Entitätssätze des Modells darstellen.</summary>
    </member>
    <member name="M:System.Data.Entity.Design.EntityCodeGenerator.#ctor(System.Data.Entity.Design.LanguageOption)">
      <summary>Initialisiert eine neue Instanz der <see cref="T:System.Data.Entity.Design.EntityCodeGenerator" />-Klasse mit der angegebenen Sprachoption.</summary>
      <param name="languageOption">Die Sprache des generierten Codes.</param>
    </member>
    <member name="P:System.Data.Entity.Design.EntityCodeGenerator.EdmToObjectNamespaceMap">
      <summary>Ruft eine <see cref="T:System.Data.Entity.Design.EdmToObjectNamespaceMap" /> ab, die die konzeptionelle Schemadefinitionssprache (Conceptual Schema Definition Language, CSDL) zum Codieren von Namespacezuordnungen enthält.</summary>
      <returns>Die CSDL zum Codieren von Namespacezuordnungen.</returns>
    </member>
    <member name="M:System.Data.Entity.Design.EntityCodeGenerator.GenerateCode(System.String,System.String)">
      <summary>Erstellt eine Quellcodedatei, die den aus der angegebenen CSDL (Conceptual Schema Definition Language)-Datei generierten Objektebenencode enthält.</summary>
      <returns>Eine Liste von <see cref="T:System.Data.Metadata.Edm.EdmSchemaError" />-Objekten, die sämtliche generierten Fehler enthält.</returns>
      <param name="sourceEdmSchemaFilePath">Der Pfad der CSDL-Datei.</param>
      <param name="targetPath">Der Pfad der Datei, die den generierten Objektebenencode enthält.</param>
    </member>
    <member name="M:System.Data.Entity.Design.EntityCodeGenerator.GenerateCode(System.String,System.String,System.Collections.Generic.IEnumerable{System.String})">
      <summary>Erstellt eine Quellcodedatei, die aus der angegebenen CSDL (Conceptual Schema Definition Language)-Datei generierten Objektebenencode enthält. Die Liste von Schemadateipfaden wird verwendet, um in der CSDL-Datei enthaltene Verweise aufzulösen.</summary>
      <returns>Eine Liste von <see cref="T:System.Data.Metadata.Edm.EdmSchemaError" />-Objekten, die sämtliche generierten Fehler enthält.</returns>
      <param name="sourceEdmSchemaFilePath">Der Pfad der CSDL-Datei.</param>
      <param name="targetPath">Der Pfad der Datei, die den generierten Objektebenencode enthält.</param>
      <param name="additionalEdmSchemaFilePaths">Eine Liste von Schemadateipfaden, die zum Auflösen von Verweisen im Quellschema (der CSDL-Datei) verwendet werden können. Wenn das Quellschema keine Abhängigkeiten enthält, übergeben Sie eine leere Liste.</param>
    </member>
    <member name="M:System.Data.Entity.Design.EntityCodeGenerator.GenerateCode(System.String,System.String,System.Collections.Generic.IEnumerable{System.String},System.Version)">
      <summary>Erstellt eine Quellcodedatei, die aus der angegebenen CSDL (Conceptual Schema Definition Language)-Datei generierten Objektebenencode enthält. Die Liste von Schemadateipfaden wird verwendet, um in der CSDL-Datei enthaltene Verweise aufzulösen. Beachten Sie, dass der Parameter targetEntityFrameworkVersion interne EntityFramework-Versionsnummern verwendet, wie in der <see cref="T:System.Data.Entity.Design.EntityFrameworkVersions" />-Klasse beschrieben.</summary>
      <returns>Eine Liste von <see cref="T:System.Data.Metadata.Edm.EdmSchemaError" />-Objekten, die sämtliche generierten Fehler enthält.</returns>
      <param name="sourceEdmSchemaFilePath">Der Pfad der CSDL-Datei.</param>
      <param name="targetPath">Der Pfad der Datei, die den generierten Objektebenencode enthält.</param>
      <param name="additionalEdmSchemaFilePaths">Eine Liste von Schemadateipfaden, die zum Auflösen von Verweisen im Quellschema (der CSDL-Datei) verwendet werden können. Wenn das Quellschema keine Abhängigkeiten enthält, übergeben Sie eine leere Liste.</param>
      <param name="targetEntityFrameworkVersion">Die interne Entity Framework-Version, die als Ziel festgelegt ist.</param>
    </member>
    <member name="M:System.Data.Entity.Design.EntityCodeGenerator.GenerateCode(System.String,System.String,System.Version)">
      <summary>Erstellt eine Quellcodedatei, die den aus der angegebenen CSDL (Conceptual Schema Definition Language)-Datei generierten Objektebenencode enthält. Beachten Sie, dass der Parameter targetEntityFrameworkVersion interne Entity Framework-Versionsnummern verwendet, wie in der <see cref="T:System.Data.Entity.Design.EntityFrameworkVersions" />-Klasse beschrieben.</summary>
      <returns>Eine Liste von <see cref="T:System.Data.Metadata.Edm.EdmSchemaError" />-Objekten, die sämtliche generierten Fehler enthält.</returns>
      <param name="sourceEdmSchemaFilePath">Der Pfad der CSDL-Datei.</param>
      <param name="targetPath">Der Pfad der Datei, die den generierten Objektebenencode enthält.</param>
      <param name="targetEntityFrameworkVersion">Die interne Entity Framework-Version, die als Ziel festgelegt ist.</param>
    </member>
    <member name="M:System.Data.Entity.Design.EntityCodeGenerator.GenerateCode(System.Xml.XmlReader,System.IO.TextWriter)">
      <summary>Generiert mit der im <see cref="T:System.Xml.XmlReader" />-Objekt angegebenen konzeptionellen Schemadefinitionssprache (Conceptual Schema Definition Language, CSDL) Objektebenencode und gibt den generierten Code an einen <see cref="T:System.IO.TextWriter" /> aus.</summary>
      <returns>Eine Liste von <see cref="T:System.Data.Metadata.Edm.EdmSchemaError" />-Objekten, die sämtliche generierten Fehler enthält.</returns>
      <param name="sourceEdmSchema">Ein <see cref="T:System.Xml.XmlReader" />, der die CSDL-Daten enthält.</param>
      <param name="target">Der <see cref="T:System.IO.TextWriter" />, in den der Objektebenencode geschrieben wird.</param>
    </member>
    <member name="M:System.Data.Entity.Design.EntityCodeGenerator.GenerateCode(System.Xml.XmlReader,System.IO.TextWriter,System.Collections.Generic.IEnumerable{System.Xml.XmlReader})">
      <summary>Generiert anhand der im <see cref="T:System.Xml.XmlReader" />-Objekt angegebenen konzeptionellen Schemadefinitionssprache (Conceptual Schema Definition Language, CSDL) Objektebenencode und gibt dann den generierten Code an einen <see cref="T:System.IO.TextWriter" /> aus. Eine Liste von <see cref="T:System.Xml.XmlReader" />-Objekten, mit der Verweisen in den CSDL-Daten aufgelöst werden.</summary>
      <returns>Eine Liste von <see cref="T:System.Data.Metadata.Edm.EdmSchemaError" />-Objekten, die sämtliche generierten Fehler enthält.</returns>
      <param name="sourceEdmSchema">Ein <see cref="T:System.Xml.XmlReader" />, der die CSDL-Daten enthält.</param>
      <param name="target">Der <see cref="T:System.IO.TextWriter" /> zur Ausgabe des generierten Objektebenencodes.</param>
      <param name="additionalEdmSchemas">Eine Liste von <see cref="T:System.Xml.XmlReader" />-Objekten, die Schemas enthalten, auf die vom Quellschema (den CSDL-Daten) verwiesen wird. Wenn das Quellschema keine Abhängigkeiten enthält, übergeben Sie eine leere Liste.</param>
    </member>
    <member name="M:System.Data.Entity.Design.EntityCodeGenerator.GenerateCode(System.Xml.XmlReader,System.IO.TextWriter,System.Collections.Generic.IEnumerable{System.Xml.XmlReader},System.Version)">
      <summary>Erstellt eine Quellcodedatei, die den aus der angegebenen CSDL (Conceptual Schema Definition Language)-Datei generierten Objektebenencode enthält. Beachten Sie, dass der Parameter targetEntityFrameworkVersion interne Entity Framework-Versionsnummern verwendet, wie in der <see cref="T:System.Data.Entity.Design.EntityFrameworkVersions" />-Klasse beschrieben.</summary>
      <returns>Eine Liste von <see cref="T:System.Data.Metadata.Edm.EdmSchemaError" />-Objekten, die sämtliche generierten Fehler enthält.</returns>
      <param name="sourceEdmSchema">Ein XmlReader, der die CSDL-Daten enthält.</param>
      <param name="target">Der TextWriter, in den der Objektebenencode geschrieben wird.</param>
      <param name="additionalEdmSchemas">Eine Liste von XmlReader-Objekten, die Schemas enthalten, auf die vom Quellschema (den CSDL-Daten) verwiesen wird. Wenn das Quellschema keine Abhängigkeiten enthält, übergeben Sie ein leeres IList-Objekt.</param>
      <param name="targetEntityFrameworkVersion">Die interne Entity Framework-Version, die als Ziel festgelegt ist.</param>
    </member>
    <member name="M:System.Data.Entity.Design.EntityCodeGenerator.GenerateCode(System.Xml.XmlReader,System.IO.TextWriter,System.Version)">
      <summary>Generiert mit der im XmlReader-Objekt angegebenen CSDL (Conceptual Schema Definition Language) Objektebenencode und gibt den generierten Code an einen TextWriter aus. Beachten Sie, dass der Parameter targetEntityFrameworkVersion interne EntityFramework-Versionsnummern verwendet, wie in der <see cref="T:System.Data.Entity.Design.EntityFrameworkVersions" />-Klasse beschrieben.</summary>
      <returns>Eine Liste von <see cref="T:System.Data.Metadata.Edm.EdmSchemaError" />-Objekten, die sämtliche generierten Fehler enthält.</returns>
      <param name="sourceEdmSchema">Ein XmlReader, der die CSDL-Daten enthält.</param>
      <param name="target">Der TextWriter, in den der Objektebenencode geschrieben wird.</param>
      <param name="targetEntityFrameworkVersion">Die interne Entity Framework-Version, die als Ziel festgelegt ist.</param>
    </member>
    <member name="P:System.Data.Entity.Design.EntityCodeGenerator.LanguageOption">
      <summary>Ruft einen <see cref="T:System.Data.Entity.Design.LanguageOption" />-Wert ab, der die Sprache des generierten Codes angibt, oder legt diesen fest.</summary>
      <returns>Einer der <see cref="T:System.Data.Entity.Design.LanguageOption" />-Werte.</returns>
    </member>
    <member name="T:System.Data.Entity.Design.EntityFrameworkVersions">
      <summary>Stellt Informationen über verschiedene Versionen des Entity Framework bereit.</summary>
    </member>
    <member name="M:System.Data.Entity.Design.EntityFrameworkVersions.GetSchemaXsd(System.Version,System.Data.Metadata.Edm.DataSpace)">
      <summary>Gibt einen Stream der XSD zurück, die der angegebenen Entity Framework-Version entspricht, wobei die Standardmodellnamen den Angaben im <paramref name="dataSpace" />-Parameter entsprechen.</summary>
      <returns>Ein <see cref="T:System.IO.Stream" /> der XSD, die der angegebenen Entity Framework-Version und dem angegebenen <see cref="T:System.Data.Metadata.Edm.DataSpace" /> entspricht.</returns>
      <param name="entityFrameworkVersion">Die Eigenschaft von <see cref="T:System.Data.Entity.Design.EntityFrameworkVersions" />, die der Zielversion des Entity Framework entspricht.</param>
      <param name="dataSpace">Der gewünschte <see cref="T:System.Data.Metadata.Edm.DataSpace" /> der XSD.</param>
    </member>
    <member name="F:System.Data.Entity.Design.EntityFrameworkVersions.Version1">
      <summary>Eine schreibgeschützte Eigenschaft, die Version 1 des Entity Framework darstellt.</summary>
    </member>
    <member name="F:System.Data.Entity.Design.EntityFrameworkVersions.Version2">
      <summary>Eine schreibgeschützte Eigenschaft, die Version 2 des Entity Framework darstellt.</summary>
    </member>
    <member name="F:System.Data.Entity.Design.EntityFrameworkVersions.Version3">
      <summary>Eine schreibgeschützte Eigenschaft, die Version 3 des Entity Framework darstellt.</summary>
    </member>
    <member name="T:System.Data.Entity.Design.EntityModelSchemaGenerator">
      <summary>Die Klasse erstellt ein Standard-CCMapping zwischen einem EntityContainer im S-Space und EntityContainer im C-Space. Die Zuordnung wird auf Grundlage der deklarierten Erweiterungstypen erstellt. Daher funktioniert Inheritance nicht.</summary>
    </member>
    <member name="M:System.Data.Entity.Design.EntityModelSchemaGenerator.#ctor(System.Data.Metadata.Edm.EntityContainer)">
      <summary>Initialisiert eine neue Instanz der <see cref="T:System.Data.Entity.Design.EntityModelSchemaGenerator" />-Klasse.</summary>
      <param name="storeEntityContainer">Der EntityContainer des Speichermodells, aus dem die Konzept- und Zuordnungsmetadaten erstellt werden.</param>
    </member>
    <member name="M:System.Data.Entity.Design.EntityModelSchemaGenerator.#ctor(System.Data.Metadata.Edm.EntityContainer,System.String,System.String)">
      <summary>Initialisiert eine neue Instanz der <see cref="T:System.Data.Entity.Design.EntityModelSchemaGenerator" />-Klasse.</summary>
      <param name="storeEntityContainer">Der EntityContainer des Speichermodells, aus dem die Konzept- und Zuordnungsmetadaten erstellt werden.</param>
      <param name="namespaceName">Der Name für den Namespace des konzeptionellen Modells. Wenn dieser Wert NULL ist, wird der Name des storeEntityContainer als Namespacename verwendet.</param>
      <param name="modelEntityContainerName">Der im konzeptionellen Modell deklarierte EntityContainer-Name.</param>
    </member>
    <member name="M:System.Data.Entity.Design.EntityModelSchemaGenerator.#ctor(System.Data.Metadata.Edm.StoreItemCollection,System.String,System.String)">
      <summary>Erstellt ein EntityModelGenerator</summary>
      <param name="storeItemCollection">Die StoreItemCollection, die einen EntityContainer und andere Elemente erhält, aus denen die Modellmetadaten erstellt werden.</param>
      <param name="namespaceName">Der Name, den die erstellte Namespace erhalten soll. Wenn NULL, wird der Name des storeEntityContainer verwendet.</param>
      <param name="modelEntityContainerName">Der Name für den Modell-EntityContainer. Wenn der Wert NULL ist, wird eine geänderte Version des Namespaces eines Typs verwendet, auf den in storeEntityContainer verwiesen wird.</param>
    </member>
    <member name="P:System.Data.Entity.Design.EntityModelSchemaGenerator.EdmItemCollection">
      <summary>Ruft die EdmItemCollection ab, die von der GenerateMetadata-Methode erstellt wurde.</summary>
      <returns>Ein <see cref="T:System.Data.Metadata.Edm.EdmItemCollection" />-Objekt, das die CSDL (Conceptual Schema Definition Language)-Daten enthält.</returns>
    </member>
    <member name="P:System.Data.Entity.Design.EntityModelSchemaGenerator.EntityContainer">
      <summary>Ruft den EntityContainer des konzeptionellen Modells ab, das von der GenerateMetadata-Methode erstellt wurde.</summary>
      <returns>Ein <see cref="T:System.Data.Metadata.Edm.EntityContainer" />-Objekt, das den EntityContainer des konzeptionellen Modells enthält.</returns>
    </member>
    <member name="P:System.Data.Entity.Design.EntityModelSchemaGenerator.GenerateForeignKeyProperties">
      <summary>Ruft das Flag zum Generieren von Fremdschlüsseleigenschaften in einem Konzeptmodell ab oder legt es fest.</summary>
      <returns>Wenn der Wert dieser Eigenschaft auf true festgelegt ist, werden Fremdschlüsseleigenschaften im Konzeptmodell generiert, andernfalls werden Fremdschlüsseleigenschaften nicht im Konzeptmodell generiert.</returns>
    </member>
    <member name="M:System.Data.Entity.Design.EntityModelSchemaGenerator.GenerateMetadata">
      <summary>Generiert die Metadateninformationen des konzeptionellen Modells und gibt sämtliche Schemafehler zurück.</summary>
      <returns>Eine Sammlung der Schemafehler-Objekte.</returns>
    </member>
    <member name="M:System.Data.Entity.Design.EntityModelSchemaGenerator.GenerateMetadata(System.Version)">
      <summary>Generiert die Metadateninformationen des konzeptionellen Modells und gibt sämtliche Schemafehler zurück.</summary>
      <returns>Eine Sammlung der Schemafehler-Objekte.</returns>
      <param name="targetEntityFrameworkVersion">Die Eigenschaft von EntityFrameworkVersions, die der Zielversion des Entity Framework entspricht.</param>
    </member>
    <member name="P:System.Data.Entity.Design.EntityModelSchemaGenerator.PluralizationService">
      <summary>Übernimmt oder bestimmt den PluralizationService-Wert, der den beim Generieren eines Modells verwendeten Dienst angibt.</summary>
      <returns>Der <see cref="T:System.Data.Entity.Design.PluralizationServices.PluralizationService" />-Wert, der den beim Generieren eines Modells verwendeten Dienst angibt.</returns>
    </member>
    <member name="M:System.Data.Entity.Design.EntityModelSchemaGenerator.WriteModelSchema(System.String)">
      <summary>Schreibt die generierten CSDL (Conceptual Schema Definition Language)-Daten in die angegebene Datei.</summary>
      <param name="outputFileName">Der Name der Ausgabedatei.</param>
    </member>
    <member name="M:System.Data.Entity.Design.EntityModelSchemaGenerator.WriteModelSchema(System.Xml.XmlWriter)">
      <summary>Schreibt die generierten CSDL (Conceptual Schema Definition Language)-Daten in ein XmlWriter-Objekt.</summary>
      <param name="writer">Der XmlWriter, in den die CSDL-Datei geschrieben wird.</param>
    </member>
    <member name="M:System.Data.Entity.Design.EntityModelSchemaGenerator.WriteStorageMapping(System.String)">
      <summary>Schreibt die generierten MSL (Mapping Specification Language)-Daten in die angegebene Datei.</summary>
      <param name="outputFileName">Der Name der Ausgabedatei.</param>
    </member>
    <member name="M:System.Data.Entity.Design.EntityModelSchemaGenerator.WriteStorageMapping(System.Xml.XmlWriter)">
      <summary>Schreibt die generierten MSL (Mapping Specification Language)-Daten in ein XmlWriter-Objekt.</summary>
      <param name="writer">Der XmlWriter, in den die MSL-Datei geschrieben wird.</param>
    </member>
    <member name="T:System.Data.Entity.Design.EntityStoreSchemaFilterEffect">
      <summary>Gibt an, ob Datenbankobjekte, die mit dem im <see cref="T:System.Data.Entity.Design.EntityStoreSchemaFilterEntry" /> angegebenen Muster übereinstimmen, zugelassen oder ausgeschlossen werden sollen.</summary>
    </member>
    <member name="F:System.Data.Entity.Design.EntityStoreSchemaFilterEffect.Allow">
      <summary>Zulassen der Einträge, die zum angegebenen Muster passen.</summary>
    </member>
    <member name="F:System.Data.Entity.Design.EntityStoreSchemaFilterEffect.Exclude">
      <summary>Ausschließen der Einträge, die zum angegebenen Muster passen.</summary>
    </member>
    <member name="T:System.Data.Entity.Design.EntityStoreSchemaFilterEntry">
      <summary>Stellt einen einzelnen Filtereintrag dar. Mit dem Filter werden bestimmte Datenbankobjekte während der Generierung zugelassen oder ausgeschlossen.</summary>
    </member>
    <member name="M:System.Data.Entity.Design.EntityStoreSchemaFilterEntry.#ctor(System.String,System.String,System.String)">
      <summary>Initialisiert eine neue Instanz der <see cref="T:System.Data.Entity.Design.EntityStoreSchemaFilterEntry" />-Klasse mit den angegebenen Filtern für Katalog, Schema und Name.</summary>
      <param name="catalog">Das Muster zum Auswählen des entsprechenden Katalogs.</param>
      <param name="schema">Das Muster zum Auswählen des entsprechenden Schemas bzw. NULL, um die Auswahl nicht nach Schema einzuschränken.</param>
      <param name="name">Das Muster zum Auswählen des entsprechenden Namens bzw. NULL, um die Auswahl nicht nach Name einzuschränken.</param>
    </member>
    <member name="M:System.Data.Entity.Design.EntityStoreSchemaFilterEntry.#ctor(System.String,System.String,System.String,System.Data.Entity.Design.EntityStoreSchemaFilterObjectTypes,System.Data.Entity.Design.EntityStoreSchemaFilterEffect)">
      <summary>Initialisiert eine neue Instanz der <see cref="T:System.Data.Entity.Design.EntityStoreSchemaFilterEntry" />-Klasse mit den angegebenen Filtern für Katalog, Schema, Name und Typ sowie der angegebenen Einstellung für die Auswirkung der Filter.</summary>
      <param name="catalog">Das Muster zum Auswählen des entsprechenden Katalogs bzw. NULL, um die Auswahl nicht nach Katalog einzuschränken.</param>
      <param name="schema">Das Muster zum Auswählen des entsprechenden Schemas bzw. NULL, um die Auswahl nicht nach Schema einzuschränken.</param>
      <param name="name">Das Muster zum Auswählen des entsprechenden Namens bzw. NULL, um die Auswahl nicht nach Name einzuschränken.</param>
      <param name="types">Der Typ von Objekten, auf die dieser Filter angewendet werden soll.</param>
      <param name="effect">Ein <see cref="T:System.Data.Entity.Design.EntityStoreSchemaFilterEffect" />-Wert, der angibt, ob Einträge, die mit den angegebenen Filtern übereinstimmen, zugelassen oder ausgeschlossen werden.</param>
    </member>
    <member name="P:System.Data.Entity.Design.EntityStoreSchemaFilterEntry.Catalog">
      <summary>Ruft das Muster zum Auswählen des entsprechenden Katalogs ab.</summary>
      <returns>Der Katalogteil des Datenbanknamens, der das Format Catalog.Schema.Name aufweist.</returns>
    </member>
    <member name="P:System.Data.Entity.Design.EntityStoreSchemaFilterEntry.Effect">
      <summary>Ruft die Auswirkung ab, die dieser Filter auf die Ergebnisse hat.</summary>
      <returns>Ein <see cref="T:System.Data.Entity.Design.EntityStoreSchemaFilterEffect" />-Wert, der angibt, ob Einträge, die mit den angegebenen Filtern übereinstimmen, zugelassen oder ausgeschlossen werden.</returns>
    </member>
    <member name="P:System.Data.Entity.Design.EntityStoreSchemaFilterEntry.Name">
      <summary>Ruft das Muster zum Auswählen des entsprechenden Namens ab.</summary>
      <returns>Der Namensteil des Datenbanknamens, der das Format Catalog.Schema.Name aufweist.</returns>
    </member>
    <member name="P:System.Data.Entity.Design.EntityStoreSchemaFilterEntry.Schema">
      <summary>Ruft das Muster zum Auswählen des entsprechenden Schemas ab.</summary>
      <returns>Der Schemateil des Datenbanknamens, der das Format Catalog.Schema.Name aufweist.</returns>
    </member>
    <member name="P:System.Data.Entity.Design.EntityStoreSchemaFilterEntry.Types">
      <summary>Ruft die Typen von Objekten ab, auf die dieser Filter angewendet wird.</summary>
      <returns>Ein <see cref="T:System.Data.Entity.Design.EntityStoreSchemaFilterObjectTypes" />-Wert, der die Typen von Objekten angibt, auf die der Filter angewendet werden soll.</returns>
    </member>
    <member name="T:System.Data.Entity.Design.EntityStoreSchemaFilterObjectTypes">
      <summary>Gibt den Speicherobjekttyp an, auf den der Schemafilter angewendet werden soll.</summary>
    </member>
    <member name="F:System.Data.Entity.Design.EntityStoreSchemaFilterObjectTypes.All">
      <summary>Filter auf alle Objekttypen anwenden.</summary>
    </member>
    <member name="F:System.Data.Entity.Design.EntityStoreSchemaFilterObjectTypes.Function">
      <summary>Diesen Filter auf Funktionsobjekttypen anwenden.</summary>
    </member>
    <member name="F:System.Data.Entity.Design.EntityStoreSchemaFilterObjectTypes.None">
      <summary>Ausgangswert. Dies ist kein gültiger anwendbarer Wert.</summary>
    </member>
    <member name="F:System.Data.Entity.Design.EntityStoreSchemaFilterObjectTypes.Table">
      <summary>Filter auf Tabellenobjekttypen anwenden.</summary>
    </member>
    <member name="F:System.Data.Entity.Design.EntityStoreSchemaFilterObjectTypes.View">
      <summary>Filter auf Sichtobjekttypen anwenden.</summary>
    </member>
    <member name="T:System.Data.Entity.Design.EntityStoreSchemaGenerator">
      <summary>Zuständig für das Laden von Datenbankschema-Informationen.</summary>
    </member>
    <member name="M:System.Data.Entity.Design.EntityStoreSchemaGenerator.#ctor(System.String,System.String,System.String)">
      <summary>Initialisiert eine neue Instanz der <see cref="T:System.Data.Entity.Design.EntityStoreSchemaGenerator" />-Klasse.</summary>
      <param name="providerInvariantName">Der invariante Name eines Anbieters.</param>
      <param name="connectionString">Die Verbindung, mit der die Datenbank geöffnet wird.</param>
      <param name="namespaceName">Der Namespacename für die Datenspeicherschema-Definitionssprache (Store Schema Definition Language, SSDL).</param>
    </member>
    <member name="M:System.Data.Entity.Design.EntityStoreSchemaGenerator.CreateStoreSchemaConnection(System.String,System.String)">
      <summary>Erstellt einen EntityConnection, die mit den Anbieter-Metadaten für das Speicherschema geladen ist.</summary>
      <returns>Eine EntityConnection, mit der die konzeptionelle Schemadefinition des Anbieters abgefragt werden kann.</returns>
      <param name="providerInvariantName">Der invariante Name eines Anbieters.</param>
      <param name="connectionString">Die Verbindung für die Anbieterverbindung.</param>
    </member>
    <member name="M:System.Data.Entity.Design.EntityStoreSchemaGenerator.CreateStoreSchemaConnection(System.String,System.String,System.Version)">
      <summary>Erstellt einen EntityConnection, die mit den Anbieter-Metadaten für das Speicherschema geladen ist. Beachten Sie, dass der Parameter targetEntityFrameworkVersion interne EntityFramework-Versionsnummern verwendet, wie in der <see cref="T:System.Data.Entity.Design.EntityFrameworkVersions" />-Klasse beschrieben.</summary>
      <returns>Eine EntityConnection, mit der die konzeptionelle Schemadefinition des Anbieters abgefragt werden kann.</returns>
      <param name="providerInvariantName">Der invariante Anbietername.</param>
      <param name="connectionString">Die Verbindung für die Anbieterverbindung.</param>
      <param name="targetEntityFrameworkVersion">Die interne Entity Framework-Version, die als Ziel festgelegt ist.</param>
    </member>
    <member name="P:System.Data.Entity.Design.EntityStoreSchemaGenerator.EntityContainer">
      <summary>Ruft den EntityContainer des Speichermodells, der erstellt wurde ab.</summary>
      <returns>Das EntityContainer des Speichermodells, der erstellt wurde.</returns>
    </member>
    <member name="P:System.Data.Entity.Design.EntityStoreSchemaGenerator.GenerateForeignKeyProperties">
      <summary>Ruft das Flag zum Generieren von Fremdschlüsseleigenschaften in einem Speichermodell ab oder legt es fest.</summary>
      <returns>True, wenn Fremdschlüsseleigenschaften im Speichermodell generiert werden; andernfalls false.</returns>
    </member>
    <member name="M:System.Data.Entity.Design.EntityStoreSchemaGenerator.GenerateStoreMetadata">
      <summary>Generiert Speichermetadaten und gibt sämtliche Schemafehler zurück.</summary>
      <returns>Die Sammlung der Schemafehlerobjekte.</returns>
    </member>
    <member name="M:System.Data.Entity.Design.EntityStoreSchemaGenerator.GenerateStoreMetadata(System.Collections.Generic.IEnumerable{System.Data.Entity.Design.EntityStoreSchemaFilterEntry})">
      <summary>Generiert Speichermetadaten und gibt sämtliche Schemafehler zurück.</summary>
      <returns>Die Sammlung der Schemafehlerobjekte.</returns>
      <param name="filters">Ein EntityStoreSchemaFilterEntry, der angibt, welche Datenbankobjekte während der Erstellung zugelassen oder ausgeschlossen werden.</param>
    </member>
    <member name="M:System.Data.Entity.Design.EntityStoreSchemaGenerator.GenerateStoreMetadata(System.Collections.Generic.IEnumerable{System.Data.Entity.Design.EntityStoreSchemaFilterEntry},System.Version)">
      <summary>Generiert SSDL (Store Schema Definition Language)-Daten und gibt sämtliche Schemafehler zurück.</summary>
      <returns>Die Sammlung der Schemafehlerobjekte.</returns>
      <param name="filters">Ein EntityStoreSchemaFilterEntry, der angibt, welche Datenbankobjekte während der Erstellung zugelassen oder ausgeschlossen werden.</param>
      <param name="targetEntityFrameworkVersion">Die Eigenschaft von EntityFrameworkVersions, die der Zielversion des Entity Framework entspricht.</param>
    </member>
    <member name="P:System.Data.Entity.Design.EntityStoreSchemaGenerator.StoreItemCollection">
      <summary>Ruft das StoreItemCollection ab, das erstellt oder freigegeben wurde.</summary>
      <returns>Das erstellte <see cref="T:System.Data.Metadata.Edm.StoreItemCollection" />-Objekt.</returns>
    </member>
    <member name="M:System.Data.Entity.Design.EntityStoreSchemaGenerator.WriteStoreSchema(System.String)">
      <summary>Schreibt die generierten SSDL (Store Schema Definition Language)-Daten in eine Datei.</summary>
      <param name="outputFileName">Der Name der Ausgabedatei.</param>
    </member>
    <member name="M:System.Data.Entity.Design.EntityStoreSchemaGenerator.WriteStoreSchema(System.Xml.XmlWriter)">
      <summary>Schreibt die generierten SSDL (Store Schema Definition Language)-Daten in ein XmlWriter-Objekt.</summary>
      <param name="writer">Der XmlWriter, in den die SSDL-Datei geschrieben wird.</param>
    </member>
    <member name="T:System.Data.Entity.Design.EntityViewGenerator">
      <summary>Generiert Ansichten für die Extents in der <see cref="T:System.Data.Mapping.StorageMappingItemCollection" /> und erstellt eine Quellcodedatei für einen Typ, in dem die Ansichten zwischengespeichert werden.</summary>
    </member>
    <member name="M:System.Data.Entity.Design.EntityViewGenerator.#ctor">
      <summary>Initialisiert eine neue Instanz der <see cref="T:System.Data.Entity.Design.EntityViewGenerator" />-Klasse mit einer <see cref="F:System.Data.Entity.Design.LanguageOption.GenerateCSharpCode" />-Sprachoption.</summary>
    </member>
    <member name="M:System.Data.Entity.Design.EntityViewGenerator.#ctor(System.Data.Entity.Design.LanguageOption)">
      <summary>Initialisiert eine neue Instanz der <see cref="T:System.Data.Entity.Design.EntityViewGenerator" />-Klasse mit der angegebenen <see cref="T:System.Data.Entity.Design.LanguageOption" />.</summary>
      <param name="languageOption">Einer der <see cref="T:System.Data.Entity.Design.LanguageOption" />-Werte, der die Sprache des generierten Codes angibt. Die Standardsprache ist C#.</param>
    </member>
    <member name="M:System.Data.Entity.Design.EntityViewGenerator.GenerateViews(System.Data.Mapping.StorageMappingItemCollection,System.IO.TextWriter)">
      <summary>Generiert zur Kompilierungszeit Ansichten für die Extents in einer <see cref="T:System.Data.Mapping.StorageMappingItemCollection" />. Sendet eine Quellcodedatei an einen <see cref="T:System.IO.TextWriter" />, um die Ansichten zur Laufzeit verfügbar zu machen.</summary>
      <returns>Eine Liste, die sämtliche generierten Fehler enthält.</returns>
      <param name="mappingCollection">Die <see cref="T:System.Data.Mapping.StorageMappingItemCollection" />, aus der Ansichten generiert werden.</param>
      <param name="outputWriter">Der <see cref="T:System.IO.TextWriter" />, an den der generierte Code gesendet wird.</param>
    </member>
    <member name="M:System.Data.Entity.Design.EntityViewGenerator.GenerateViews(System.Data.Mapping.StorageMappingItemCollection,System.IO.TextWriter,System.Version)">
      <summary>Generiert zur Kompilierungszeit Ansichten für die Extents in einer <see cref="T:System.Data.Mapping.StorageMappingItemCollection" />. Sendet eine Quellcodedatei an einen <see cref="T:System.IO.TextWriter" />, um die Ansichten zur Laufzeit verfügbar zu machen.</summary>
      <returns>Eine Liste, die sämtliche generierten Fehler enthält.</returns>
      <param name="mappingCollection">Die zu überprüfende <see cref="T:System.Data.Mapping.StorageMappingItemCollection" />.</param>
      <param name="outputWriter">Der <see cref="T:System.IO.TextWriter" />, in den die Ausgabe geschrieben wird.</param>
      <param name="targetEntityFrameworkVersion">Die Eigenschaft von <see cref="T:System.Data.Entity.Design.EntityFrameworkVersions" />, die der Zielversion des Entity Framework entspricht.</param>
    </member>
    <member name="M:System.Data.Entity.Design.EntityViewGenerator.GenerateViews(System.Data.Mapping.StorageMappingItemCollection,System.String)">
      <summary>Generiert zur Kompilierungszeit Ansichten für die Extents in einer <see cref="T:System.Data.Mapping.StorageMappingItemCollection" />. Schreibt eine Quellcodedatei an einen angegebenen Speicherort, an dem die Ansichten zur Laufzeit verfügbar gemacht werden.</summary>
      <returns>Eine Liste, die sämtliche generierten Fehler enthält.</returns>
      <param name="mappingCollection">Die <see cref="T:System.Data.Mapping.StorageMappingItemCollection" />, aus der Ansichten generiert werden.</param>
      <param name="outputPath">Der <see cref="T:System.String" />, der den Speicherort angibt, an den die Quellcodedatei geschrieben wird.</param>
    </member>
    <member name="P:System.Data.Entity.Design.EntityViewGenerator.LanguageOption">
      <summary>Ruft einen <see cref="T:System.Data.Entity.Design.LanguageOption" />-Wert ab, der die Sprache des generierten Codes angibt, oder legt diesen fest.</summary>
      <returns>Einer der <see cref="T:System.Data.Entity.Design.LanguageOption" />-Werte. Der Standardwert ist <see cref="F:System.Data.Entity.Design.LanguageOption.GenerateCSharpCode" />.</returns>
    </member>
    <member name="M:System.Data.Entity.Design.EntityViewGenerator.Validate(System.Data.Mapping.StorageMappingItemCollection)">
      <summary>Überprüft eine <see cref="T:System.Data.Mapping.StorageMappingItemCollection" />.</summary>
      <returns>Eine Liste, die sämtliche generierten Fehler enthält.</returns>
      <param name="mappingCollection">Die zu überprüfende <see cref="T:System.Data.Mapping.StorageMappingItemCollection" />.</param>
    </member>
    <member name="M:System.Data.Entity.Design.EntityViewGenerator.Validate(System.Data.Mapping.StorageMappingItemCollection,System.Version)">
      <summary>Überprüft eine <see cref="T:System.Data.Mapping.StorageMappingItemCollection" />.</summary>
      <returns>Eine Liste, die sämtliche Validierungsfehler enthält.</returns>
      <param name="mappingCollection">Die zu überprüfende <see cref="T:System.Data.Mapping.StorageMappingItemCollection" />.</param>
      <param name="targetEntityFrameworkVersion">Die Eigenschaft von <see cref="T:System.Data.Entity.Design.EntityFrameworkVersions" />, die der Zielversion des Entity Framework entspricht.</param>
    </member>
    <member name="T:System.Data.Entity.Design.LanguageOption">
      <summary>Gibt die Sprache für den erstellten Code an.</summary>
    </member>
    <member name="F:System.Data.Entity.Design.LanguageOption.GenerateCSharpCode">
      <summary>C#-Code. Dies ist die Standardeinstellung.</summary>
    </member>
    <member name="F:System.Data.Entity.Design.LanguageOption.GenerateVBCode">
      <summary>Visual Basic-Code.</summary>
    </member>
    <member name="T:System.Data.Entity.Design.MetadataExtensionMethods">
      <summary>Stellt die Methoden für die Metadaten bereit, die Protokolle veröffentlichen.</summary>
    </member>
    <member name="M:System.Data.Entity.Design.MetadataExtensionMethods.GetPrimitiveTypes(System.Data.Metadata.Edm.EdmItemCollection,System.Version)">
      <summary>Ruft die Liste von primitiven Typen für die angegebene Version von EDM ab.</summary>
      <param name="itemCollection">Die Elementauflistung, aus der die Liste primitiver Typen abzurufen ist.</param>
      <param name="edmVersion">Die zu verwendende EDM-Version.</param>
    </member>
    <member name="T:System.Data.Entity.Design.MetadataItemCollectionFactory">
      <summary>Stellt einen Satz von Methoden zum Erstellen von Metadaten-<see cref="T:System.Data.Metadata.Edm.ItemCollection" />-Instanzen dar.</summary>
    </member>
    <member name="M:System.Data.Entity.Design.MetadataItemCollectionFactory.CreateEdmItemCollection(System.Collections.Generic.IEnumerable{System.Xml.XmlReader},System.Collections.Generic.IList{System.Data.Metadata.Edm.EdmSchemaError}@)">
      <summary>Erstellt eine <see cref="T:System.Data.Metadata.Edm.EdmItemCollection" /> und lädt die Metadaten, die im <see cref="T:System.Collections.IEnumerable" /> von <see cref="T:System.Xml.XmlReader" /> enthalten sind.</summary>
      <returns>Eine <see cref="T:System.Data.Metadata.Edm.EdmItemCollection" />, die die angegebenen Metadaten enthält.</returns>
      <param name="readers">Ein <see cref="T:System.Collections.IEnumerable" /> von <see cref="T:System.Xml.XmlReader" />, das die Metadatendateien enthält.</param>
      <param name="errors">Eine <see cref="T:System.Collections.IList" /> von <see cref="T:System.Data.Metadata.Edm.EdmSchemaError" />. Sämtliche während der <see cref="T:System.Data.Metadata.Edm.EdmItemCollection" />-Erstellung generierten Fehler werden der Liste hinzugefügt.</param>
    </member>
    <member name="M:System.Data.Entity.Design.MetadataItemCollectionFactory.CreateEdmItemCollection(System.Collections.Generic.IEnumerable{System.Xml.XmlReader},System.Version,System.Collections.Generic.IList{System.Data.Metadata.Edm.EdmSchemaError}@)">
      <summary>Erstellt eine <see cref="T:System.Data.Metadata.Edm.EdmItemCollection" /> und lädt die Metadaten, die im <see cref="T:System.Collections.IEnumerable" /> von <see cref="T:System.Xml.XmlReader" /> enthalten sind.</summary>
      <returns>Eine <see cref="T:System.Data.Metadata.Edm.EdmItemCollection" />, die die angegebenen Metadaten enthält.</returns>
      <param name="readers">Ein <see cref="T:System.Collections.IEnumerable" /> von <see cref="T:System.Xml.XmlReader" />, das die Metadatendateien enthält.</param>
      <param name="targetEntityFrameworkVersion">Die Eigenschaft von <see cref="T:System.Data.Entity.Design.EntityFrameworkVersions" />, die der Zielversion des Entity Framework entspricht.</param>
      <param name="errors">Eine <see cref="T:System.Collections.IList" /> von <see cref="T:System.Data.Metadata.Edm.EdmSchemaError" />. Sämtliche während der <see cref="T:System.Data.Metadata.Edm.EdmItemCollection" />-Erstellung generierten Fehler werden der Liste hinzugefügt.</param>
    </member>
    <member name="M:System.Data.Entity.Design.MetadataItemCollectionFactory.CreateStorageMappingItemCollection(System.Data.Metadata.Edm.EdmItemCollection,System.Data.Metadata.Edm.StoreItemCollection,System.Collections.Generic.IEnumerable{System.Xml.XmlReader},System.Collections.Generic.IList{System.Data.Metadata.Edm.EdmSchemaError}@)">
      <summary>Erstellt eine <see cref="T:System.Data.Mapping.StorageMappingItemCollection" /> und lädt die Metadaten in der angegebenen <see cref="T:System.Data.Metadata.Edm.EdmItemCollection" />, der angegebenen <see cref="T:System.Data.Metadata.Edm.StoreItemCollection" /> und der angegebenen Auflistung von <see cref="T:System.Xml.XmlReader" />-Objekten.</summary>
      <returns>Eine <see cref="T:System.Data.Mapping.StorageMappingItemCollection" />, die die angegebenen Metadaten enthält.</returns>
      <param name="edmCollection">Ein <see cref="T:System.Data.Metadata.Edm.EdmItemCollection" />-Objekt.</param>
      <param name="storeCollection">Ein <see cref="T:System.Data.Metadata.Edm.StoreItemCollection" />-Objekt.</param>
      <param name="readers">Ein <see cref="T:System.Collections.IEnumerable" /> von <see cref="T:System.Xml.XmlReader" />, das die Metadatendateien enthält.</param>
      <param name="errors">Eine <see cref="T:System.Collections.IList" /> von <see cref="T:System.Data.Metadata.Edm.EdmSchemaError" />. Sämtliche während der <see cref="T:System.Data.Mapping.StorageMappingItemCollection" />-Erstellung generierten Fehler werden der Liste hinzugefügt.</param>
    </member>
    <member name="M:System.Data.Entity.Design.MetadataItemCollectionFactory.CreateStorageMappingItemCollection(System.Data.Metadata.Edm.EdmItemCollection,System.Data.Metadata.Edm.StoreItemCollection,System.Collections.Generic.IEnumerable{System.Xml.XmlReader},System.Version,System.Collections.Generic.IList{System.Data.Metadata.Edm.EdmSchemaError}@)">
      <summary>Erstellt eine <see cref="T:System.Data.Mapping.StorageMappingItemCollection" /> aus den Zuordnungsinformationen in den <see cref="T:System.Xml.XmlReader" />-Objekten und den Metadaten in den angegebenen <see cref="T:System.Data.Metadata.Edm.EdmItemCollection" />-Objekten und <see cref="T:System.Data.Metadata.Edm.StoreItemCollection" />-Objekten.</summary>
      <returns>Eine <see cref="T:System.Data.Mapping.StorageMappingItemCollection" />, die die angegebenen Metadaten enthält.</returns>
      <param name="edmCollection">Ein <see cref="T:System.Data.Metadata.Edm.EdmItemCollection" />-Objekt.</param>
      <param name="storeCollection">Ein <see cref="T:System.Data.Metadata.Edm.StoreItemCollection" />-Objekt.</param>
      <param name="readers">Ein <see cref="T:System.Collections.IEnumerable" /> von <see cref="T:System.Xml.XmlReader" />, das die Metadatendateien enthält.</param>
      <param name="targetEntityFrameworkVersion">Die Eigenschaft von <see cref="T:System.Data.Entity.Design.EntityFrameworkVersions" />, die der Zielversion des Entity Framework entspricht.</param>
      <param name="errors">Eine <see cref="T:System.Collections.IList" /> von <see cref="T:System.Data.Metadata.Edm.EdmSchemaError" />. Sämtliche während der <see cref="T:System.Data.Mapping.StorageMappingItemCollection" />-Erstellung generierten Fehler werden der Liste hinzugefügt.</param>
    </member>
    <member name="M:System.Data.Entity.Design.MetadataItemCollectionFactory.CreateStoreItemCollection(System.Collections.Generic.IEnumerable{System.Xml.XmlReader},System.Collections.Generic.IList{System.Data.Metadata.Edm.EdmSchemaError}@)">
      <summary>Erstellt eine <see cref="T:System.Data.Metadata.Edm.StoreItemCollection" /> und stellt eine Liste von Fehlern und Warnungen bereit.</summary>
      <returns>Eine <see cref="T:System.Data.Metadata.Edm.StoreItemCollection" />, die eine Liste von Fehlern und Warnungen enthält.</returns>
      <param name="readers">Eine Auflistung von <see cref="T:System.Xml.XmlReader" />-Objekten, die jeweils aus einer Speichermodelldatei lesen. Die Speichermodelldatei wird in der Datenspeicherschema-Definitionssprache (Store Schema Definition Language, SSDL) geschrieben.</param>
      <param name="errors">Eine Liste mit den beim Laden der SSDL-Metadaten aufgetretenen Fehlern.</param>
    </member>
    <member name="M:System.Data.Entity.Design.MetadataItemCollectionFactory.CreateStoreItemCollection(System.Collections.Generic.IEnumerable{System.Xml.XmlReader},System.Version,System.Collections.Generic.IList{System.Data.Metadata.Edm.EdmSchemaError}@)">
      <summary>Erstellt eine <see cref="T:System.Data.Metadata.Edm.StoreItemCollection" /> und stellt eine Liste von Fehlern und Warnungen bereit.</summary>
      <returns>Eine <see cref="T:System.Data.Metadata.Edm.StoreItemCollection" />, die eine Liste von Fehlern und Warnungen enthält.</returns>
      <param name="readers">Eine Auflistung von <see cref="T:System.Xml.XmlReader" />-Objekten, die jeweils aus einer Speichermodelldatei lesen. Die Speichermodelldatei wird in der Datenspeicherschema-Definitionssprache (Store Schema Definition Language, SSDL) geschrieben.</param>
      <param name="targetEntityFrameworkVersion">Die Eigenschaft von <see cref="T:System.Data.Entity.Design.EntityFrameworkVersions" />, die der Zielversion des Entity Framework entspricht.</param>
      <param name="errors">Eine Liste mit den beim Laden der SSDL-Metadaten aufgetretenen Fehlern.</param>
    </member>
    <member name="T:System.Data.Entity.Design.PropertyGeneratedEventArgs">
      <summary>Stellt Daten für das <see cref="E:System.Data.Entity.Design.EntityClassGenerator.OnPropertyGenerated" />-Ereignis bereit.</summary>
    </member>
    <member name="M:System.Data.Entity.Design.PropertyGeneratedEventArgs.#ctor">
      <summary>Initialisiert eine neue Instanz der <see cref="T:System.Data.Entity.Design.PropertyGeneratedEventArgs" />-Klasse.</summary>
    </member>
    <member name="M:System.Data.Entity.Design.PropertyGeneratedEventArgs.#ctor(System.Data.Metadata.Edm.MetadataItem,System.String,System.CodeDom.CodeTypeReference)">
      <summary>Initialisiert eine neue Instanz der <see cref="T:System.Data.Entity.Design.PropertyGeneratedEventArgs" />-Klasse mit den angegebenen Werten für die Eigenschaftenquelle, den Namen des dahinter liegenden Felds und den Rückgabetyp.</summary>
      <param name="propertySource">Das <see cref="T:System.Data.Metadata.Edm.MetadataItem" />-Objekt, das die Quelle der Eigenschaft ist.</param>
      <param name="backingFieldName">Der Name des hinter der Eigenschaft liegenden Felds.</param>
      <param name="returnType">Der Basistyp der Eigenschaft.</param>
    </member>
    <member name="P:System.Data.Entity.Design.PropertyGeneratedEventArgs.AdditionalAttributes">
      <summary>Ruft eine List(CodeAttributeDeclaration) von Attributen ab, die der Eigenschaft hinzugefügt werden.</summary>
      <returns>Eine Auflistung, die die Attribute enthält, die der Eigenschaft hinzugefügt werden. Die Auflistung ist leer, wenn keine Attribute hinzugefügt werden.</returns>
    </member>
    <member name="P:System.Data.Entity.Design.PropertyGeneratedEventArgs.AdditionalGetStatements">
      <summary>Ruft eine List(CodeStatement) ab, die die Get-Anweisungen enthält, die der Eigenschaft hinzugefügt werden sollen.</summary>
      <returns>Eine Auflistung, die die Get-Anweisungen enthält, die der Eigenschaft hinzugefügt werden sollen.</returns>
    </member>
    <member name="P:System.Data.Entity.Design.PropertyGeneratedEventArgs.AdditionalSetStatements">
      <summary>Ruft eine List(CodeStatement) ab, die die Set-Anweisungen enthält, die der Eigenschaft hinzugefügt werden sollen.</summary>
      <returns>Eine Auflistung, die die Set-Anweisungen enthält, die der Eigenschaft hinzugefügt werden sollen.</returns>
    </member>
    <member name="P:System.Data.Entity.Design.PropertyGeneratedEventArgs.BackingFieldName">
      <summary>Ruft den Namen des hinter der Eigenschaft liegenden Felds ab.</summary>
      <returns>Der Name des hinter der Eigenschaft liegenden Felds. Dieser kann für Navigationseigenschaften null sein.</returns>
    </member>
    <member name="P:System.Data.Entity.Design.PropertyGeneratedEventArgs.PropertySource">
      <summary>Ruft das <see cref="T:System.Data.Metadata.Edm.MetadataItem" />-Objekt ab, das die Quelle der Eigenschaft ist.</summary>
      <returns>Das <see cref="T:System.Data.Metadata.Edm.MetadataItem" />-Objekt, das die Quelle der Eigenschaft ist.</returns>
    </member>
    <member name="P:System.Data.Entity.Design.PropertyGeneratedEventArgs.ReturnType">
      <summary>Ruft den Typ der Eigenschaft ab oder legt diesen fest.</summary>
      <returns>Der Typ der Eigenschaft.</returns>
    </member>
    <member name="T:System.Data.Entity.Design.PropertyGeneratedEventHandler">
      <summary>Stellt die Methode für die Behandlung des <see cref="E:System.Data.Entity.Design.EntityClassGenerator.OnPropertyGenerated" />-Ereignisses dar.</summary>
      <param name="sender">Die Quelle des Ereignisses.</param>
      <param name="e">Die Daten für das Ereignis.</param>
    </member>
    <member name="T:System.Data.Entity.Design.TypeGeneratedEventArgs">
      <summary>Stellt Daten für das <see cref="E:System.Data.Entity.Design.EntityClassGenerator.OnTypeGenerated" />-Ereignis bereit.</summary>
    </member>
    <member name="M:System.Data.Entity.Design.TypeGeneratedEventArgs.#ctor">
      <summary>Initialisiert eine neue Instanz der <see cref="T:System.Data.Entity.Design.TypeGeneratedEventArgs" />-Klasse.</summary>
    </member>
    <member name="M:System.Data.Entity.Design.TypeGeneratedEventArgs.#ctor(System.Data.Metadata.Edm.GlobalItem,System.CodeDom.CodeTypeReference)">
      <summary>Initialisiert eine neue Instanz der <see cref="T:System.Data.Entity.Design.TypeGeneratedEventArgs" />-Klasse mit dem angegebenen Quell- und Basistyp.</summary>
      <param name="typeSource">Die Quelle des Typs.</param>
      <param name="baseType">Der Basistyp.</param>
    </member>
    <member name="P:System.Data.Entity.Design.TypeGeneratedEventArgs.AdditionalAttributes">
      <summary>Ruft eine List(CodeAttributeDeclaration) mit den Attributen ab, die dem Typ hinzugefügt werden.</summary>
      <returns>Eine Auflistung, die die Attribute enthält, die dem Typ hinzugefügt werden. Die Auflistung ist leer, wenn dem Typ keine Attribute hinzugefügt werden.</returns>
    </member>
    <member name="P:System.Data.Entity.Design.TypeGeneratedEventArgs.AdditionalInterfaces">
      <summary>Ruft eine List(Type) mit den Schnittstellen ab, die dem Typ hinzugefügt werden.</summary>
      <returns>Eine Auflistung, die die Schnittstellen enthält, die dem Typ hinzugefügt werden. Die Auflistung ist leer, wenn keine Schnittstellen hinzugefügt werden.</returns>
    </member>
    <member name="P:System.Data.Entity.Design.TypeGeneratedEventArgs.AdditionalMembers">
      <summary>Ruft eine List(CodeTypeMember) mit den Membern ab, die dem Typ hinzugefügt werden.</summary>
      <returns>Eine Auflistung, die die Member enthält, die dem Typ hinzugefügt werden. Die Auflistung ist leer, wenn keine Member hinzugefügt werden.</returns>
    </member>
    <member name="P:System.Data.Entity.Design.TypeGeneratedEventArgs.BaseType">
      <summary>Ruft den Basistyp ab oder legt diesen fest.</summary>
      <returns>Der Basistyp. Je nach <see cref="P:System.Data.Entity.Design.TypeGeneratedEventArgs.TypeSource" />-Eigenschaftswert ist der Standardwert <see cref="T:System.Data.Objects.DataClasses.EntityObject" />, <see cref="T:System.Data.Objects.DataClasses.ComplexObject" /> oder <see cref="T:System.Data.Objects.ObjectContext" />.</returns>
    </member>
    <member name="P:System.Data.Entity.Design.TypeGeneratedEventArgs.TypeSource">
      <summary>Ruft das <see cref="T:System.Data.Metadata.Edm.GlobalItem" />-Objekt ab, das die Quelle des Typs ist.</summary>
      <returns>Das <see cref="T:System.Data.Metadata.Edm.GlobalItem" />-Objekt, das die Quelle des Typs ist.</returns>
    </member>
    <member name="T:System.Data.Entity.Design.TypeGeneratedEventHandler">
      <summary>Stellt die Methode für die Behandlung des <see cref="E:System.Data.Entity.Design.EntityClassGenerator.OnTypeGenerated" />-Ereignisses dar.</summary>
      <param name="sender">Die Quelle des Ereignisses.</param>
      <param name="e">Die Daten für das Ereignis.</param>
    </member>
    <member name="T:System.Data.Entity.Design.AspNet.EntityDesignerBuildProvider">
      <summary>Extrahiert die Modell- und Zuordnungsabschnitte von EDMX-Dateien im Verzeichnis App_Code einer ASP.NET-Website und bettet diese als Ressourcen in der von der ASP.NET-Laufzeit dynamisch kompilierten Assembly ein.</summary>
    </member>
    <member name="M:System.Data.Entity.Design.AspNet.EntityDesignerBuildProvider.#ctor">
      <summary>Initialisiert eine neue Instanz der <see cref="T:System.Data.Entity.Design.AspNet.EntityDesignerBuildProvider" />-Klasse.</summary>
    </member>
    <member name="M:System.Data.Entity.Design.AspNet.EntityDesignerBuildProvider.GenerateCode(System.Web.Compilation.AssemblyBuilder)">
      <summary>Generiert C#- oder Visual Basic-Code anhand der Modell- und Zuordnungsabschnitte einer EDMX-Datei.</summary>
      <param name="assemblyBuilder">Ein Container zum Erstellen einer Assembly.</param>
    </member>
    <member name="M:System.Data.Entity.Design.AspNet.EntityDesignerBuildProvider.GetResultFlags(System.CodeDom.Compiler.CompilerResults)">
      <summary>Stellt für den ASP.NET-Compiler Anweisungen zum Erstellen eines Projekts bereit.</summary>
      <returns>Das erforderliche Verhalten beim Erstellen eines virtuellen Pfads.</returns>
      <param name="results">Die vom ASP.NET-Compiler zurückgegebenen Kompilierungsergebnisse.</param>
    </member>
    <member name="T:System.Data.Entity.Design.AspNet.EntityModelBuildProvider">
      <summary>Stellt den CSDL-Buildanbieter für die ASP.NET-Buildumgebung dar.</summary>
    </member>
    <member name="M:System.Data.Entity.Design.AspNet.EntityModelBuildProvider.#ctor">
      <summary>Initialisiert eine neue Instanz der <see cref="T:System.Data.Entity.Design.AspNet.EntityModelBuildProvider" />-Klasse.</summary>
    </member>
    <member name="M:System.Data.Entity.Design.AspNet.EntityModelBuildProvider.GenerateCode(System.Web.Compilation.AssemblyBuilder)">
      <summary>Generiert Quellcode für den Buildanbieter des Entitätsmodells und fügt den Quellcode einem angegebenen Assembly-Generator hinzu.</summary>
      <param name="assemblyBuilder">Der Assembly-Generator, der auf den vom Buildanbieter generierten Quellcode verweist.</param>
    </member>
    <member name="M:System.Data.Entity.Design.AspNet.EntityModelBuildProvider.GetResultFlags(System.CodeDom.Compiler.CompilerResults)">
      <summary>Gibt einen Wert zurück, der beim Erstellen eines Buildanbieters für ein Entitätsmodell erforderliche Aktionen angibt.</summary>
      <returns>Der <see cref="F:System.Web.Compilation.BuildProviderResultFlags.ShutdownAppDomainOnChange" />-Wert, der angibt, dass die enthaltende <see cref="T:System.AppDomain" /> entladen und neu gestartet wird.</returns>
      <param name="results">Die Kompilierungsergebnisse für den Buildanbieter.</param>
    </member>
    <member name="T:System.Data.Entity.Design.AspNet.MappingModelBuildProvider">
      <summary>Stellt den MSL-Buildanbieter für die ASP.NET-Buildumgebung dar.</summary>
    </member>
    <member name="M:System.Data.Entity.Design.AspNet.MappingModelBuildProvider.#ctor">
      <summary>Initialisiert eine neue Instanz der <see cref="T:System.Data.Entity.Design.AspNet.MappingModelBuildProvider" />-Klasse.</summary>
    </member>
    <member name="M:System.Data.Entity.Design.AspNet.MappingModelBuildProvider.GenerateCode(System.Web.Compilation.AssemblyBuilder)">
      <summary>Bettet die MSL-Datei als Ressource des angegebenen Assembly-Generators ein.</summary>
      <param name="assemblyBuilder">Der Assembly-Generator, der auf den vom Buildanbieter generierten Quellcode verweist.</param>
    </member>
    <member name="M:System.Data.Entity.Design.AspNet.MappingModelBuildProvider.GetResultFlags(System.CodeDom.Compiler.CompilerResults)">
      <summary>Gibt einen Wert zurück, der beim Erstellen eines Buildanbieters für ein Speichermodell erforderliche Aktionen angibt.</summary>
      <returns>Der <see cref="F:System.Web.Compilation.BuildProviderResultFlags.ShutdownAppDomainOnChange" />-Wert, der angibt, dass die enthaltende <see cref="T:System.AppDomain" /> entladen und neu gestartet wird.</returns>
      <param name="results">Die Kompilierungsergebnisse für den Buildanbieter.</param>
    </member>
    <member name="T:System.Data.Entity.Design.AspNet.StorageModelBuildProvider">
      <summary>Stellt den SSDL-Buildanbieter für die ASP.NET-Buildumgebung dar.</summary>
    </member>
    <member name="M:System.Data.Entity.Design.AspNet.StorageModelBuildProvider.#ctor">
      <summary>Initialisiert eine neue Instanz der <see cref="T:System.Data.Entity.Design.AspNet.StorageModelBuildProvider" />-Klasse.</summary>
    </member>
    <member name="M:System.Data.Entity.Design.AspNet.StorageModelBuildProvider.GenerateCode(System.Web.Compilation.AssemblyBuilder)">
      <summary>Bettet die SSDL-Datei als Ressource des angegebenen Assembly-Generators ein.</summary>
      <param name="assemblyBuilder">Der Assembly-Generator, der auf den vom Buildanbieter generierten Quellcode verweist.</param>
    </member>
    <member name="M:System.Data.Entity.Design.AspNet.StorageModelBuildProvider.GetResultFlags(System.CodeDom.Compiler.CompilerResults)">
      <summary>Gibt einen Wert zurück, der beim Erstellen eines Buildanbieters für ein Speichermodell erforderliche Aktionen angibt.</summary>
      <returns>Der <see cref="F:System.Web.Compilation.BuildProviderResultFlags.ShutdownAppDomainOnChange" />-Wert, der angibt, dass die enthaltende <see cref="T:System.AppDomain" /> entladen und neu gestartet wird.</returns>
      <param name="results">Die Kompilierungsergebnisse für den Buildanbieter.</param>
    </member>
    <member name="T:System.Data.Entity.Design.PluralizationServices.ICustomPluralizationMapping">
      <summary>Stellt eine Auflistung der Singular- und Pluralformen von Wörtern dar.</summary>
    </member>
    <member name="M:System.Data.Entity.Design.PluralizationServices.ICustomPluralizationMapping.AddWord(System.String,System.String)">
      <summary>Fügt dem <see cref="T:System.Data.Entity.Design.PluralizationServices.ICustomPluralizationMapping" />-Objekt Singular- und Pluralformen eines Worts hinzu.</summary>
      <param name="singular">Die Singularversion des dem <see cref="T:System.Data.Entity.Design.PluralizationService" /> hinzugefügten Worts.</param>
      <param name="plural">Die Pluralversion des dem <see cref="T:System.Data.Entity.Design.PluralizationService" /> hinzugefügten Worts.</param>
    </member>
    <member name="T:System.Data.Entity.Design.PluralizationServices.PluralizationService">
      <summary>Stellt Methoden zum Erstellen der Plural- und Singularform von Wörtern bereit.</summary>
    </member>
    <member name="M:System.Data.Entity.Design.PluralizationServices.PluralizationService.#ctor">
      <summary>Initialisiert eine neue Instanz der <see cref="T:System.Data.Entity.Design.PluralizationServices.PluralizationService" />-Klasse.</summary>
    </member>
    <member name="M:System.Data.Entity.Design.PluralizationServices.PluralizationService.CreateService(System.Globalization.CultureInfo)">
      <summary>Erstellt einen <see cref="T:System.Data.Entity.Design.PluralizationServices.PluralizationService" />, der Sprachregeln anwendet, die der angegebenen <see cref="T:System.Globalization.CultureInfo" /> entsprechen.</summary>
      <returns>Das neu erstellte <see cref="T:System.Data.Entity.Design.PluralizationServices.PluralizationService" />-Objekt.</returns>
      <param name="culture">Die <see cref="T:System.Globalization.CultureInfo" />, die den für die Singular- und Pluralform von Wörtern angewendeten Sprachregeln entspricht.</param>
    </member>
    <member name="P:System.Data.Entity.Design.PluralizationServices.PluralizationService.Culture">
      <summary>Ruft die <see cref="T:System.Data.Entity.Design.PluralizationServices.PluralizationService" />-Kultur ab oder legt diese fest.</summary>
      <returns>Ein Objekt, das angibt, welche Sprachregeln für Singular und Plural angewendet werden sollen.</returns>
    </member>
    <member name="M:System.Data.Entity.Design.PluralizationServices.PluralizationService.IsPlural(System.String)">
      <summary>Bestimmt, ob das angegebene Wort die Pluralform aufweist.</summary>
      <returns>true, wenn das Wort die Pluralform aufweist, andernfalls false.</returns>
      <param name="word">Der zu analysierende Wert.</param>
    </member>
    <member name="M:System.Data.Entity.Design.PluralizationServices.PluralizationService.IsSingular(System.String)">
      <summary>Bestimmt, ob das angegebene Wort die Singularform aufweist.</summary>
      <returns>true, wenn das Wort die Singularform aufweist, andernfalls false.</returns>
      <param name="word">Der zu analysierende Wert.</param>
    </member>
    <member name="M:System.Data.Entity.Design.PluralizationServices.PluralizationService.Pluralize(System.String)">
      <summary>Gibt die Pluralform des angegebenen Worts zurück.</summary>
      <returns>Die Pluralform des Eingabeparameters.</returns>
      <param name="word">Das Wort, dessen Pluralform gebildet werden soll.</param>
    </member>
    <member name="M:System.Data.Entity.Design.PluralizationServices.PluralizationService.Singularize(System.String)">
      <summary>Gibt die Singularform des angegebenen Worts zurück.</summary>
      <returns>Die Singularform des Eingabeparameters.</returns>
      <param name="word">Das Wort, dessen Singularform gebildet werden soll.</param>
    </member>
  </members>
</doc>