﻿<?xml version="1.0" encoding="utf-8"?>
<doc>
  <assembly>
    <name>System.Drawing.Design</name>
  </assembly>
  <members>
    <member name="T:System.Drawing.Design.BitmapEditor">
      <summary>Stellt eine Benutzeroberfläche für die Auswahl von Bitmapdateien in einem Eigenschaftenbrowser bereit.</summary>
    </member>
    <member name="M:System.Drawing.Design.BitmapEditor.#ctor">
      <summary>Initialisiert eine neue Instanz der <see cref="T:System.Drawing.Design.BitmapEditor" />-Klasse.</summary>
    </member>
    <member name="M:System.Drawing.Design.BitmapEditor.GetExtensions">
      <summary>Ruft die Erweiterungen für den Dateilistenfilter ab, die der Bitmap-Editor zum anfänglichen Filtern der Dateiliste verwendet.</summary>
      <returns>Der Standardsatz der Dateierweiterungen, die zum Filtern der Dateiliste verwendet werden.</returns>
    </member>
    <member name="M:System.Drawing.Design.BitmapEditor.GetFileDialogDescription">
      <summary>Ruft die Beschreibung des Standarddateilistenfilters dieses Editors ab.</summary>
      <returns>Die Beschreibung des Standarddateityps, nach dem die Dateiliste gefiltert wird.</returns>
    </member>
    <member name="M:System.Drawing.Design.BitmapEditor.LoadFromStream(System.IO.Stream)">
      <summary>Lädt ein Bild aus dem angegebenen Stream.</summary>
      <returns>Die aus dem Stream geladene <see cref="T:System.Drawing.Image" />-Klasse.</returns>
      <param name="stream">Der Stream, aus dem das Bild geladen wird.</param>
    </member>
    <member name="T:System.Drawing.Design.ColorEditor">
      <summary>Stellt eine <see cref="T:System.Drawing.Design.UITypeEditor" />-Klasse zum visuellen Auswählen einer Farbe bereit.</summary>
    </member>
    <member name="M:System.Drawing.Design.ColorEditor.#ctor">
      <summary>Initialisiert eine neue Instanz der <see cref="T:System.Drawing.Design.ColorEditor" />-Klasse.</summary>
    </member>
    <member name="M:System.Drawing.Design.ColorEditor.EditValue(System.ComponentModel.ITypeDescriptorContext,System.IServiceProvider,System.Object)">
      <summary>Bearbeitet den angegebenen Objektwert, wobei der von der <see cref="M:System.Drawing.Design.ColorEditor.GetEditStyle(System.ComponentModel.ITypeDescriptorContext)" />-Methode angegebene Editor-Stil verwendet wird.</summary>
      <returns>Der neue Wert des Objekts. Wenn sich der Wert des Objekts nicht geändert hat, wird hierbei dasselbe Objekt zurückgegeben, das zuvor übergeben wurde.</returns>
      <param name="context">Eine <see cref="T:System.ComponentModel.ITypeDescriptorContext" />-Schnittstelle, über die zusätzliche Kontextinformationen abgerufen werden können.</param>
      <param name="provider">Ein <see cref="T:System.IServiceProvider" />, über den Bearbeitungsdienste abgerufen werden können.</param>
      <param name="value">Eine Instanz des Werts, der bearbeitet wird.</param>
    </member>
    <member name="M:System.Drawing.Design.ColorEditor.GetEditStyle(System.ComponentModel.ITypeDescriptorContext)">
      <summary>Ruft den Bearbeitungsstil der Edit-Methode ab. Wenn die Methode nicht unterstützt wird, wird <see cref="F:System.Drawing.Design.UITypeEditorEditStyle.None" /> zurückgegeben.</summary>
      <returns>Ein Enumerationswert, der den angegebenen Bearbeitungsstil angibt.</returns>
      <param name="context">Eine <see cref="T:System.ComponentModel.ITypeDescriptorContext" />-Schnittstelle, über die zusätzliche Kontextinformationen abgerufen werden können.</param>
    </member>
    <member name="M:System.Drawing.Design.ColorEditor.GetPaintValueSupported(System.ComponentModel.ITypeDescriptorContext)">
      <summary>Ruft einen Wert ab, der angibt, ob dieser Editor das Zeichnen einer Objektwertdarstellung unterstützt.</summary>
      <returns>true, wenn die <see cref="Overload:System.Drawing.Design.ColorEditor.PaintValue" />-Methode implementiert ist, andernfalls false.</returns>
      <param name="context">Eine <see cref="T:System.ComponentModel.ITypeDescriptorContext" />-Schnittstelle, über die zusätzliche Kontextinformationen abgerufen werden können.</param>
    </member>
    <member name="M:System.Drawing.Design.ColorEditor.PaintValue(System.Drawing.Design.PaintValueEventArgs)">
      <summary>Zeichnet eine Wertdarstellung des angegebenen Objekts in den bereitgestellten Bereich.</summary>
      <param name="e">Zu zeichnende Werte und Zeichenbereich.</param>
    </member>
    <member name="T:System.Drawing.Design.ContentAlignmentEditor">
      <summary>Stellt eine <see cref="T:System.Drawing.Design.UITypeEditor" />-Klasse zum visuellen Bearbeiten der Inhaltsausrichtung bereit.</summary>
    </member>
    <member name="M:System.Drawing.Design.ContentAlignmentEditor.#ctor">
      <summary>Initialisiert eine neue Instanz der <see cref="T:System.Drawing.Design.ContentAlignmentEditor" />-Klasse.</summary>
    </member>
    <member name="M:System.Drawing.Design.ContentAlignmentEditor.EditValue(System.ComponentModel.ITypeDescriptorContext,System.IServiceProvider,System.Object)">
      <summary>Bearbeitet den angegebenen Objektwert, wobei der von der <see cref="Overload:System.Drawing.Design.ContentAlignmentEditor.GetEditStyle" />-Methode angegebene Editor-Stil verwendet wird.</summary>
      <returns>Der neue Wert des Objekts. Wenn sich der Wert des Objekts nicht geändert hat, wird hierbei dasselbe Objekt zurückgegeben, das zuvor übergeben wurde.</returns>
      <param name="context">Eine <see cref="T:System.ComponentModel.ITypeDescriptorContext" />-Schnittstelle, über die zusätzliche Kontextinformationen abgerufen werden können.</param>
      <param name="provider">Ein <see cref="T:System.IServiceProvider" />, über den Bearbeitungsdienste abgerufen werden können.</param>
      <param name="value">Eine Instanz des Werts, der bearbeitet wird.</param>
    </member>
    <member name="M:System.Drawing.Design.ContentAlignmentEditor.GetEditStyle(System.ComponentModel.ITypeDescriptorContext)">
      <summary>Ruft den Bearbeitungsstil der <see cref="Overload:System.Drawing.Design.ContentAlignmentEditor.EditValue" />-Methode ab.</summary>
      <returns>Ein <see cref="T:System.Drawing.Design.UITypeEditorEditStyle" />-Wert, der den bereitgestellten Bearbeitungsstil angibt. Wenn die Methode zum Abrufen des Bearbeitungsstils nicht unterstützt wird, wird die <see cref="F:System.Drawing.Design.UITypeEditorEditStyle.None" />-Eigenschaft zurückgegeben.</returns>
      <param name="context">Eine <see cref="T:System.ComponentModel.ITypeDescriptorContext" />-Schnittstelle, über die zusätzliche Kontextinformationen abgerufen werden können.</param>
    </member>
    <member name="T:System.Drawing.Design.CursorEditor">
      <summary>Stellt eine <see cref="T:System.Drawing.Design.UITypeEditor" />-Klasse bereit, die eine Standarddateisuche nach Cursordateien (CUR) ausführen kann.</summary>
    </member>
    <member name="M:System.Drawing.Design.CursorEditor.#ctor">
      <summary>Initialisiert eine neue Instanz der <see cref="T:System.Drawing.Design.CursorEditor" />-Klasse.</summary>
    </member>
    <member name="M:System.Drawing.Design.CursorEditor.EditValue(System.ComponentModel.ITypeDescriptorContext,System.IServiceProvider,System.Object)">
      <summary>Bearbeitet den angegebenen Objektwert, wobei der von der <see cref="Overload:System.Drawing.Design.CursorEditor.GetEditStyle" />-Methode angegebene Editor-Stil verwendet wird.</summary>
      <returns>Der neue Wert des Objekts. Wenn sich der Wert des Objekts nicht geändert hat, wird hierbei dasselbe Objekt zurückgegeben, das zuvor übergeben wurde.</returns>
      <param name="context">Ein Typbeschreibungskontext, über den zusätzliche Kontextinformationen bereitgestellt werden können.</param>
      <param name="provider">Ein Dienstanbieterobjekt, durch das Bearbeitungsdienste angefordert werden können.</param>
      <param name="value">Eine Instanz des Werts, der bearbeitet wird.</param>
    </member>
    <member name="M:System.Drawing.Design.CursorEditor.GetEditStyle(System.ComponentModel.ITypeDescriptorContext)">
      <summary>Ruft den Bearbeitungsstil der <see cref="Overload:System.Drawing.Design.CursorEditor.EditValue" />-Methode ab.</summary>
      <returns>Ein Enumerationswert, der den angegebenen Bearbeitungsstil angibt. Wenn die Methode nicht unterstützt wird, wird <see cref="F:System.Drawing.Design.UITypeEditorEditStyle.None" /> zurückgegeben.</returns>
      <param name="context">Ein Typbeschreibungskontext, über den zusätzliche Kontextinformationen bereitgestellt werden können.</param>
    </member>
    <member name="P:System.Drawing.Design.CursorEditor.IsDropDownResizable">
    </member>
    <member name="T:System.Drawing.Design.FontEditor">
      <summary>Stellt eine Benutzeroberfläche zum Auswählen und Konfigurieren eines <see cref="T:System.Drawing.Font" />-Objekts bereit.</summary>
    </member>
    <member name="M:System.Drawing.Design.FontEditor.#ctor">
      <summary>Initialisiert eine neue Instanz der <see cref="T:System.Drawing.Design.FontEditor" />-Klasse.</summary>
    </member>
    <member name="M:System.Drawing.Design.FontEditor.EditValue(System.ComponentModel.ITypeDescriptorContext,System.IServiceProvider,System.Object)">
      <summary>Bearbeitet den Wert des angegebenen Objekts, wobei der von <see cref="M:System.Drawing.Design.FontEditor.GetEditStyle(System.ComponentModel.ITypeDescriptorContext)" /> angegebene Editor-Stil verwendet wird.</summary>
      <returns>Der neue Wert des Objekts. Wenn sich der Wert des Objekts nicht geändert hat, wird dasselbe Objekt zurückgegeben, das zuvor übergeben wurde.</returns>
      <param name="context">Eine <see cref="T:System.ComponentModel.ITypeDescriptorContext" />-Schnittstelle, über die zusätzliche Kontextinformationen abgerufen werden können.</param>
      <param name="provider">Ein <see cref="T:System.IServiceProvider" />, über den dieser Editor Dienste anfordern kann.</param>
      <param name="value">Das zu bearbeitende Objekt.</param>
    </member>
    <member name="M:System.Drawing.Design.FontEditor.GetEditStyle(System.ComponentModel.ITypeDescriptorContext)">
      <summary>Ruft den Editor-Stil ab, der von der <see cref="M:System.Drawing.Design.FontEditor.EditValue(System.ComponentModel.ITypeDescriptorContext,System.IServiceProvider,System.Object)" />-Methode verwendet wird.</summary>
      <returns>Ein <see cref="T:System.Drawing.Design.UITypeEditorEditStyle" />-Wert, der den von <see cref="M:System.Drawing.Design.FontEditor.EditValue(System.ComponentModel.ITypeDescriptorContext,System.IServiceProvider,System.Object)" /> verwendeten Editor-Stil angibt.</returns>
      <param name="context">Eine <see cref="T:System.ComponentModel.ITypeDescriptorContext" />-Schnittstelle, über die zusätzliche Kontextinformationen abgerufen werden können.</param>
    </member>
    <member name="T:System.Drawing.Design.FontNameEditor">
      <summary>Stellt eine <see cref="T:System.Drawing.Design.UITypeEditor" />-Klasse bereit, die ein Symbol für den Schriftartnamen zeichnet.</summary>
    </member>
    <member name="M:System.Drawing.Design.FontNameEditor.#ctor">
      <summary>Initialisiert eine neue Instanz der <see cref="T:System.Drawing.Design.FontNameEditor" />-Klasse.</summary>
    </member>
    <member name="M:System.Drawing.Design.FontNameEditor.GetPaintValueSupported(System.ComponentModel.ITypeDescriptorContext)">
      <summary>Bestimmt, ob dieser Editor das Zeichnen einer Objektwertdarstellung unterstützt.</summary>
      <returns>true, wenn die <see cref="Overload:System.Drawing.Design.FontNameEditor.PaintValue" />-Methode implementiert ist, andernfalls false.</returns>
      <param name="context">Ein Typbeschreibungskontext, über den zusätzliche Kontextinformationen bereitgestellt werden können.</param>
    </member>
    <member name="M:System.Drawing.Design.FontNameEditor.PaintValue(System.Drawing.Design.PaintValueEventArgs)">
      <summary>Zeichnet eine Wertdarstellung des angegebenen Objekts in den bereitgestellten Bereich. Das Zeichnen sollte innerhalb der Begrenzungen des bereitgestellten Rechtecks erfolgen.</summary>
      <param name="e">Zu zeichnende Werte und Zeichenbereich.</param>
    </member>
    <member name="T:System.Drawing.Design.IconEditor">
      <summary>Stellt eine <see cref="T:System.Drawing.Design.UITypeEditor" />-Klasse zum visuellen Auswählen eines Symbols bereit.</summary>
    </member>
    <member name="M:System.Drawing.Design.IconEditor.#ctor">
      <summary>Initialisiert eine neue Instanz der <see cref="T:System.Drawing.Design.IconEditor" />-Klasse.</summary>
    </member>
    <member name="M:System.Drawing.Design.IconEditor.CreateExtensionsString(System.String[],System.String)">
      <summary>Erstellt eine Zeichenfolge, die die gültigen Dateierweiterungen für Symbole darstellt.</summary>
      <returns>Eine Zeichenfolge, die die Symboldateierweiterungen enthält, oder null, wenn <paramref name="extensions" />null oder leer ist.</returns>
      <param name="extensions">Ein Zeichenfolgenarray, das gültige Dateierweiterungen enthält.</param>
      <param name="sep">Eine Zeichenfolge, die das Trennzeichen angibt.</param>
    </member>
    <member name="M:System.Drawing.Design.IconEditor.CreateFilterEntry(System.Drawing.Design.IconEditor)">
      <summary>Erstellt eine Filterzeichenfolge für das Dialogfeld "Datei".</summary>
      <returns>Die Filterzeichenfolge, die aus der Zeichenfolge erstellt wurde, die von der <see cref="M:System.Drawing.Design.IconEditor.CreateExtensionsString(System.String[],System.String)" />-Methode zurückgegeben wurde.</returns>
      <param name="e">Die <see cref="T:System.Drawing.Design.IconEditor" />-Klasse, für die die Filterzeichenfolge erstellt wird.</param>
    </member>
    <member name="M:System.Drawing.Design.IconEditor.EditValue(System.ComponentModel.ITypeDescriptorContext,System.IServiceProvider,System.Object)">
      <summary>Bearbeitet den angegebenen Objektwert, wobei der von der <see cref="M:System.Drawing.Design.IconEditor.GetEditStyle(System.ComponentModel.ITypeDescriptorContext)" />-Methode angegebene Editor-Stil verwendet wird.</summary>
      <returns>Der neue Wert des Objekts. Wenn sich der Wert des Objekts nicht geändert hat, wird hierbei dasselbe Objekt zurückgegeben, das zuvor übergeben wurde.</returns>
      <param name="context">Ein Typbeschreibungskontext, über den zusätzliche Kontextinformationen bereitgestellt werden können.</param>
      <param name="provider">Ein Dienstanbieterobjekt, durch das Bearbeitungsdienste angefordert werden können.</param>
      <param name="value">Eine Instanz des Werts, der bearbeitet wird.</param>
    </member>
    <member name="M:System.Drawing.Design.IconEditor.GetEditStyle(System.ComponentModel.ITypeDescriptorContext)">
      <summary>Ruft den Bearbeitungsstil der <see cref="Overload:System.Drawing.Design.IconEditor.EditValue" />-Methode ab.</summary>
      <returns>Einer der <see cref="T:System.Drawing.Design.UITypeEditorEditStyle" />-Werte, der den bereitgestellten Bearbeitungsstil angibt.</returns>
      <param name="context">Ein Typbeschreibungskontext, über den zusätzliche Kontextinformationen bereitgestellt werden können.</param>
    </member>
    <member name="M:System.Drawing.Design.IconEditor.GetExtensions">
      <summary>Ruft ein Array gültiger Dateierweiterungen für Symbole ab.</summary>
      <returns>Ein Array mit gültigen Dateierweiterungen für Symbole.</returns>
    </member>
    <member name="M:System.Drawing.Design.IconEditor.GetFileDialogDescription">
      <summary>Ruft die Beschreibung des Standarddateilistenfilters dieses Editors ab.</summary>
      <returns>Die Beschreibung des Standarddateityps, nach dem die Dateiliste gefiltert wird.</returns>
    </member>
    <member name="M:System.Drawing.Design.IconEditor.GetPaintValueSupported(System.ComponentModel.ITypeDescriptorContext)">
      <summary>Bestimmt, ob dieser Editor das Zeichnen einer Objektwertdarstellung unterstützt.</summary>
      <returns>true, wenn <see cref="Overload:System.Drawing.Design.UITypeEditor.PaintValue" /> implementiert ist, andernfalls false.</returns>
      <param name="context">Ein Typbeschreibungskontext, über den zusätzliche Kontextinformationen bereitgestellt werden können.</param>
    </member>
    <member name="M:System.Drawing.Design.IconEditor.LoadFromStream(System.IO.Stream)">
      <summary>Erstellt eine neue <see cref="T:System.Drawing.Icon" />-Klasse aus dem angegebenen Stream.</summary>
      <returns>Der neu erstellte <see cref="T:System.Drawing.Icon" />.</returns>
      <param name="stream">Der Quellstream, aus dem das Symbol erstellt wird.</param>
    </member>
    <member name="M:System.Drawing.Design.IconEditor.PaintValue(System.Drawing.Design.PaintValueEventArgs)">
      <summary>Zeichnet eine Wertdarstellung des angegebenen Objekts in den bereitgestellten Bereich.</summary>
      <param name="e">Zu zeichnende Werte und Zeichenbereich.</param>
    </member>
    <member name="T:System.Drawing.Design.ImageEditor">
      <summary>Stellt eine Benutzeroberfläche zum Auswählen eines Bildes für eine Eigenschaft in einem Eigenschaftenraster bereit.</summary>
    </member>
    <member name="M:System.Drawing.Design.ImageEditor.#ctor">
      <summary>Initialisiert eine neue Instanz der <see cref="T:System.Drawing.Design.ImageEditor" />-Klasse.</summary>
    </member>
    <member name="M:System.Drawing.Design.ImageEditor.CreateExtensionsString(System.String[],System.String)">
      <summary>Erstellt eine Zeichenfolge mit Dateinamenerweiterungen unter Verwendung des angegebenen Arrays von Dateierweiterungen sowie des angegebenen Trennzeichens.</summary>
      <returns>Eine Zeichenfolge mit den angegebenen Dateinamenerweiterungen, die jeweils durch das angegebene Trennzeichen getrennt werden.</returns>
      <param name="extensions">Die Erweiterungen, nach denen gefiltert wird.</param>
      <param name="sep">Das zu verwendende Trennzeichen.</param>
    </member>
    <member name="M:System.Drawing.Design.ImageEditor.CreateFilterEntry(System.Drawing.Design.ImageEditor)">
      <summary>Erstellt einen Filtereintrag für die Dateiliste eines Dateidialogfelds.</summary>
      <returns>Die Zeichenfolge für den neuen Filtereintrag.</returns>
      <param name="e">Eine <see cref="T:System.Drawing.Design.ImageEditor" />-Klasse, von der der Filtereintrag abgerufen werden kann.</param>
    </member>
    <member name="M:System.Drawing.Design.ImageEditor.EditValue(System.ComponentModel.ITypeDescriptorContext,System.IServiceProvider,System.Object)">
      <summary>Bearbeitet den angegebenen Objektwert, wobei der von der <see cref="M:System.Drawing.Design.ImageEditor.GetEditStyle(System.ComponentModel.ITypeDescriptorContext)" />-Methode angegebene Bearbeitungsstil verwendet wird.</summary>
      <returns>Eine <see cref="T:System.Object" />-Klasse, die den neuen Wert darstellt. Wenn sich der Wert des Objekts nicht geändert hat, gibt die <see cref="M:System.Drawing.Design.ImageEditor.EditValue(System.ComponentModel.ITypeDescriptorContext,System.IServiceProvider,System.Object)" />-Methode dasselbe Objekt zurück, das zuvor übergeben wurde.</returns>
      <param name="context">Eine <see cref="T:System.ComponentModel.ITypeDescriptorContext" />-Schnittstelle, über die zusätzliche Kontextinformationen abgerufen werden können.</param>
      <param name="provider">Eine <see cref="T:System.IServiceProvider" />-Schnittstelle, über die Bearbeitungsdienste abgerufen werden können.</param>
      <param name="value">Eine <see cref="T:System.Object" />-Klasse, die bearbeitet wird.</param>
    </member>
    <member name="M:System.Drawing.Design.ImageEditor.GetEditStyle(System.ComponentModel.ITypeDescriptorContext)">
      <summary>Ruft den Bearbeitungsstil der <see cref="M:System.Drawing.Design.ImageEditor.EditValue(System.ComponentModel.ITypeDescriptorContext,System.IServiceProvider,System.Object)" />-Methode ab.</summary>
      <returns>Einer der <see cref="T:System.Drawing.Design.UITypeEditorEditStyle" />-Werte, der den unterstützten Bearbeitungsstil angibt.</returns>
      <param name="context">Eine <see cref="T:System.ComponentModel.ITypeDescriptorContext" />-Schnittstelle, über die zusätzliche Kontextinformationen abgerufen werden können.</param>
    </member>
    <member name="M:System.Drawing.Design.ImageEditor.GetExtensions">
      <summary>Ruft die Erweiterungen für den Dateilistenfilter ab, die dieser Editor anfänglich zum Filtern der Dateiliste verwendet.</summary>
      <returns>Ein Satz von Dateierweiterungen, die zum Filtern der Dateiliste verwendet werden.</returns>
    </member>
    <member name="M:System.Drawing.Design.ImageEditor.GetFileDialogDescription">
      <summary>Ruft die Beschreibung des Standarddateilistenfilters dieses Editors ab.</summary>
      <returns>Die Beschreibung für den Standarddateilistenfilter.</returns>
    </member>
    <member name="M:System.Drawing.Design.ImageEditor.GetImageExtenders">
      <summary>Ruft ein Array der unterstützten Bildtypen ab.</summary>
      <returns>Ein Array der <see cref="T:System.Type" />-Klasse, das unterstützte Bildtypen darstellt.</returns>
    </member>
    <member name="M:System.Drawing.Design.ImageEditor.GetPaintValueSupported(System.ComponentModel.ITypeDescriptorContext)">
      <summary>Ruft einen Wert ab, der angibt, ob dieser Editor das Zeichnen einer Objektwertdarstellung unterstützt.</summary>
      <returns>true, wenn <see cref="M:System.Drawing.Design.ImageEditor.PaintValue(System.Drawing.Design.PaintValueEventArgs)" /> implementiert ist, andernfalls false.</returns>
      <param name="context">Eine <see cref="T:System.ComponentModel.ITypeDescriptorContext" />-Schnittstelle, über die zusätzliche Kontextinformationen abgerufen werden können.</param>
    </member>
    <member name="M:System.Drawing.Design.ImageEditor.LoadFromStream(System.IO.Stream)">
      <summary>Lädt ein Bild aus dem angegebenen Stream.</summary>
      <returns>Die <see cref="T:System.Drawing.Image" />-Klasse, die geladen wurde.</returns>
      <param name="stream">Eine <see cref="T:System.IO.Stream" />-Klasse, die das zu ladende Bild enthält.</param>
    </member>
    <member name="M:System.Drawing.Design.ImageEditor.PaintValue(System.Drawing.Design.PaintValueEventArgs)">
      <summary>Zeichnet einen durch das angegebene <see cref="T:System.Drawing.Design.PaintValueEventArgs" /> angegebenen Wert.</summary>
      <param name="e">Ein <see cref="T:System.Drawing.Design.PaintValueEventArgs" />, das die zu zeichnenden Werte und den Zeichenbereich angibt.</param>
    </member>
    <member name="T:System.Drawing.Design.MetafileEditor">
      <summary>Stellt einen <see cref="T:System.Drawing.Design.UITypeEditor" /> bereit, der eine Standarddateisuche nach Metadateien (.emf) durchführen kann.</summary>
    </member>
    <member name="M:System.Drawing.Design.MetafileEditor.#ctor">
      <summary>Initialisiert eine neue Instanz der <see cref="T:System.Drawing.Design.MetafileEditor" />-Klasse.</summary>
    </member>
    <member name="M:System.Drawing.Design.MetafileEditor.GetExtensions">
      <returns>Ein Satz von Dateierweiterungen, die zum Filtern der Dateiliste verwendet werden.</returns>
    </member>
    <member name="M:System.Drawing.Design.MetafileEditor.GetFileDialogDescription">
      <returns>Die Beschreibung für den Standarddateilistenfilter.</returns>
    </member>
    <member name="M:System.Drawing.Design.MetafileEditor.LoadFromStream(System.IO.Stream)">
      <returns>Die <see cref="T:System.Drawing.Image" />-Klasse, die geladen wurde.</returns>
      <param name="stream">Eine <see cref="T:System.IO.Stream" />-Klasse, die das zu ladende Bild enthält.</param>
    </member>
    <member name="T:System.Drawing.Design.ToolboxItemContainer">
      <summary>Kapselt ein <see cref="T:System.Drawing.Design.ToolboxItem" />.</summary>
    </member>
    <member name="M:System.Drawing.Design.ToolboxItemContainer.#ctor(System.Drawing.Design.ToolboxItem)">
      <summary>Initialisiert eine neue Instanz der <see cref="T:System.Drawing.Design.ToolboxItemContainer" />-Klasse mit einer <see cref="T:System.Drawing.Design.ToolboxItem" />.</summary>
      <param name="item">Das <see cref="T:System.Drawing.Design.ToolboxItem" />, für das ein <see cref="T:System.Drawing.Design.ToolboxItemContainer" /> erstellt werden soll.</param>
    </member>
    <member name="M:System.Drawing.Design.ToolboxItemContainer.#ctor(System.Runtime.Serialization.SerializationInfo,System.Runtime.Serialization.StreamingContext)">
      <summary>Initialisiert eine neue Instanz der <see cref="T:System.Drawing.Design.ToolboxItemContainer" />-Klasse aus einem Serialisierungsstream.</summary>
      <param name="info">Die bei der Deserialisierung von <see cref="T:System.Drawing.Design.ToolboxItemContainer" /> vom Serialisierungsprogramm übergebenen Serialisierungsinformationen.</param>
      <param name="context">Der bei der Deserialisierung von <see cref="T:System.Drawing.Design.ToolboxItemContainer" /> vom Serialisierungsprogramm übergebene Streamingkontext.</param>
    </member>
    <member name="M:System.Drawing.Design.ToolboxItemContainer.#ctor(System.Windows.Forms.IDataObject)">
      <summary>Initialisiert eine neue Instanz der <see cref="T:System.Drawing.Design.ToolboxItemContainer" />-Klasse mit einer <see cref="T:System.Windows.Forms.IDataObject" />.</summary>
      <param name="data">Ein Datenobjekt, das einen <see cref="T:System.Drawing.Design.ToolboxItemContainer" /> darstellt.</param>
    </member>
    <member name="M:System.Drawing.Design.ToolboxItemContainer.Equals(System.Object)">
      <summary>Stellt fest, ob zwei <see cref="T:System.Drawing.Design.ToolboxItemContainer" />-Instanzen gleich sind.</summary>
      <returns>true, wenn die angegebene <see cref="T:System.Drawing.Design.ToolboxItemContainer" /> gleich der aktuellen <see cref="T:System.Drawing.Design.ToolboxItemContainer" /> ist, andernfalls false.</returns>
      <param name="obj">Der <see cref="T:System.Drawing.Design.ToolboxItemContainer" />, der mit dem aktuellen <see cref="T:System.Drawing.Design.ToolboxItemContainer" /> verglichen werden soll.</param>
    </member>
    <member name="M:System.Drawing.Design.ToolboxItemContainer.GetFilter(System.Collections.ICollection)">
      <summary>Gibt eine Auflistung von <see cref="T:System.ComponentModel.ToolboxItemFilterAttribute" />-Objekten zurück, die den aktuellen Filter für das <see cref="T:System.Drawing.Design.ToolboxItem" /> darstellen.</summary>
      <returns>Eine Auflistung von <see cref="T:System.ComponentModel.ToolboxItemFilterAttribute" />-Objekten. Diese gibt niemals null zurück.</returns>
      <param name="creators">Eine Auflistung von <see cref="T:System.Drawing.Design.ToolboxItemCreator" />-Objekten.</param>
    </member>
    <member name="M:System.Drawing.Design.ToolboxItemContainer.GetHashCode">
      <summary>Gibt den Hashcode für diese Instanz zurück.</summary>
      <returns>Ein Hashcode für das aktuelle <see cref="T:System.Drawing.Design.ToolboxItemContainer" />.</returns>
    </member>
    <member name="M:System.Drawing.Design.ToolboxItemContainer.GetObjectData(System.Runtime.Serialization.SerializationInfo,System.Runtime.Serialization.StreamingContext)">
      <summary>Speichert den Serialisierungszustand für das Objekt.</summary>
      <param name="info">Die beim Serialisieren dieses Objekts vom Serialisierungsprogramm übergebenen Serialisierungsinformationen.</param>
      <param name="context">Der beim Serialisieren dieses Objekts vom Serialisierungsprogramm übergebene Streamingkontext.</param>
    </member>
    <member name="M:System.Drawing.Design.ToolboxItemContainer.GetToolboxItem(System.Collections.ICollection)">
      <summary>Gibt das <see cref="T:System.Drawing.Design.ToolboxItem" /> zurück, das im <see cref="T:System.Drawing.Design.ToolboxItemContainer" /> enthalten ist.</summary>
      <returns>Das im <see cref="T:System.Drawing.Design.ToolboxItemContainer" /> enthaltene <see cref="T:System.Drawing.Design.ToolboxItem" />.</returns>
      <param name="creators">Eine Auflistung von <see cref="T:System.Drawing.Design.ToolboxItemCreator" />-Objekten.</param>
    </member>
    <member name="P:System.Drawing.Design.ToolboxItemContainer.IsCreated">
      <summary>Ruft einen Wert ab, der angibt, ob das zugrunde liegende Toolboxelement deserialisiert wurde.</summary>
      <returns>true, wenn das zugrunde liegende Toolboxelement deserialisiert wurde, andernfalls false.</returns>
    </member>
    <member name="P:System.Drawing.Design.ToolboxItemContainer.IsTransient">
      <summary>Ruft einen Wert ab, der angibt, ob das <see cref="T:System.Drawing.Design.ToolboxItem" /> im <see cref="T:System.Drawing.Design.ToolboxItemContainer" /> ein flüchtiges Element ist.</summary>
      <returns>true, wenn das <see cref="T:System.Drawing.Design.ToolboxItem" /> im <see cref="T:System.Drawing.Design.ToolboxItemContainer" /> als flüchtig gekennzeichnet ist, andernfalls false.</returns>
    </member>
    <member name="M:System.Drawing.Design.ToolboxItemContainer.System#Runtime#Serialization#ISerializable#GetObjectData(System.Runtime.Serialization.SerializationInfo,System.Runtime.Serialization.StreamingContext)">
      <summary>Eine Beschreibung dieses Members finden Sie unter der <see cref="M:System.Drawing.Design.ToolboxItemContainer.GetObjectData(System.Runtime.Serialization.SerializationInfo,System.Runtime.Serialization.StreamingContext)" />-Methode.</summary>
      <param name="info">Die beim Serialisieren dieses Objekts vom Serialisierungsprogramm übergebenen Serialisierungsinformationen.</param>
      <param name="context">Der beim Serialisieren dieses Objekts vom Serialisierungsprogramm übergebene Streamingkontext.</param>
    </member>
    <member name="P:System.Drawing.Design.ToolboxItemContainer.ToolboxData">
      <summary>Ruft ein <see cref="T:System.Windows.Forms.IDataObject" /> ab, das diesen <see cref="T:System.Drawing.Design.ToolboxItemContainer" /> beschreibt.</summary>
      <returns>Ein <see cref="T:System.Windows.Forms.IDataObject" />, das diesen <see cref="T:System.Drawing.Design.ToolboxItemContainer" /> beschreibt.</returns>
    </member>
    <member name="M:System.Drawing.Design.ToolboxItemContainer.UpdateFilter(System.Drawing.Design.ToolboxItem)">
      <summary>Führt den Filter des Containers mit dem Filter des angegebenen Elements zusammen.</summary>
      <param name="item">Die Quelle des Filters, der mit dem Filter des Containers zusammengeführt werden soll.</param>
    </member>
    <member name="T:System.Drawing.Design.ToolboxItemCreator">
      <summary>Kapselt einen <see cref="T:System.Drawing.Design.ToolboxItemCreatorCallback" />. Diese Klasse kann nicht vererbt werden.</summary>
    </member>
    <member name="M:System.Drawing.Design.ToolboxItemCreator.Create(System.Windows.Forms.IDataObject)">
      <summary>Erstellt ein neues <see cref="T:System.Drawing.Design.ToolboxItem" /> aus einem <see cref="T:System.Windows.Forms.IDataObject" />.</summary>
      <returns>Eine neue Instanz der <see cref="T:System.Drawing.Design.ToolboxItem" />-Klasse.</returns>
      <param name="data">Ein Datenobjekt, das ein <see cref="T:System.Drawing.Design.ToolboxItem" /> darstellt.</param>
    </member>
    <member name="P:System.Drawing.Design.ToolboxItemCreator.Format">
      <summary>Ruft das Zwischenablageformat ab, das die zum Deserialisieren eines <see cref="T:System.Drawing.Design.ToolboxItem" /> erforderlichen Daten darstellt.</summary>
      <returns>Eine Zeichenfolge, die das Zwischenablageformat darstellt.</returns>
    </member>
    <member name="T:System.Drawing.Design.ToolboxService">
      <summary>Stellt eine Standardimplementierung der <see cref="T:System.Drawing.Design.IToolboxService" />-Schnittstelle bereit.</summary>
    </member>
    <member name="M:System.Drawing.Design.ToolboxService.#ctor">
      <summary>Initialisiert eine neue Instanz der <see cref="T:System.Drawing.Design.ToolboxService" />-Klasse.</summary>
    </member>
    <member name="P:System.Drawing.Design.ToolboxService.CategoryNames">
      <summary>Ruft eine Auflistung der Zeichenfolgen ab, die verfügbare Kategorien der Toolbox darstellen.</summary>
      <returns>Eine Auflistung der Kategorienamen.</returns>
    </member>
    <member name="M:System.Drawing.Design.ToolboxService.CreateItemContainer(System.Drawing.Design.ToolboxItem,System.ComponentModel.Design.IDesignerHost)">
      <summary>Erstellt einen neuen Toolboxelementcontainer aus einem Toolboxelement.</summary>
      <returns>Ein neuer Toolboxelementcontainer.</returns>
      <param name="item">Das Toolboxelement, für das ein Elementcontainer erstellt werden soll.</param>
      <param name="link">Ein optionaler Designerhost, der mit diesem Toolboxelement verknüpft werden soll. Dieser Parameter kann null sein.</param>
      <exception cref="T:System.ArgumentNullException">
        <paramref name="item" /> ist null.</exception>
    </member>
    <member name="M:System.Drawing.Design.ToolboxService.CreateItemContainer(System.Windows.Forms.IDataObject)">
      <summary>Erstellt einen neuen Toolboxelementcontainer aus einem gespeicherten Datenobjekt.</summary>
      <returns>Ein neuer Toolboxelementcontainer.</returns>
      <param name="dataObject">Ein Datenobjekt, das gespeicherte Toolboxdaten enthält.</param>
      <exception cref="T:System.ArgumentNullException">
        <paramref name="dataObject" /> ist null.</exception>
    </member>
    <member name="M:System.Drawing.Design.ToolboxService.FilterChanged">
      <summary>Tritt ein, wenn der Toolboxdienst erkennt, dass sich der Toolboxelementfilter des aktiven Designers geändert hat.</summary>
    </member>
    <member name="M:System.Drawing.Design.ToolboxService.GetItemContainers">
      <summary>Gibt eine <see cref="T:System.Collections.IList" /> zurück, die alle Elemente in der Toolbox enthält.</summary>
      <returns>Eine <see cref="T:System.Collections.IList" />, die alle Elemente in der Toolbox enthält.</returns>
    </member>
    <member name="M:System.Drawing.Design.ToolboxService.GetItemContainers(System.String)">
      <summary>Gibt eine <see cref="T:System.Collections.IList" /> zurück, die alle Elemente in einer angegebenen Kategorie enthält.</summary>
      <returns>Eine <see cref="T:System.Collections.IList" />, die alle Elemente in der durch <paramref name="categoryName" /> angegebenen Kategorie enthält.</returns>
      <param name="categoryName">Die Kategorie, für die die Elementcontainerliste abgerufen werden soll.</param>
    </member>
    <member name="M:System.Drawing.Design.ToolboxService.GetToolboxItem(System.Type)">
      <summary>Gibt ein Toolboxelement für einen angegebenen Typ zurück.</summary>
      <returns>Ein dem angegebenen Typ zugeordnetes Toolboxelement oder null, wenn der Typ kein entsprechendes Toolboxelement besitzt.</returns>
      <param name="toolType">Der Typ der Komponente, für die das Toolboxelement abgerufen werden soll.</param>
      <exception cref="T:System.ArgumentNullException">
        <paramref name="toolType" /> ist null.</exception>
    </member>
    <member name="M:System.Drawing.Design.ToolboxService.GetToolboxItem(System.Type,System.Boolean)">
      <summary>Gibt ein Toolboxelement für einen angegebenen Typ zurück.</summary>
      <returns>Ein dem angegebenen Typ zugeordnetes Toolboxelement oder null, wenn der Typ kein entsprechendes Toolboxelement besitzt.</returns>
      <param name="toolType">Der Typ der Komponente, für die das Toolboxelement abgerufen werden soll.</param>
      <param name="nonPublic">true, um nach nicht öffentlichen Konstruktoren für den Typ zu suchen. false, um nach öffentlichen Konstruktoren zu suchen.</param>
      <exception cref="T:System.ArgumentNullException">
        <paramref name="toolType" /> ist null.</exception>
    </member>
    <member name="M:System.Drawing.Design.ToolboxService.GetToolboxItems(System.Reflection.Assembly,System.String)">
      <summary>Gibt eine <see cref="T:System.Collections.ICollection" /> zurück, die alle Toolboxelemente in der angegebenen Assembly enthält.</summary>
      <returns>Eine Auflistung, die alle Toolboxelemente in der angegebenen Assembly enthält.</returns>
      <param name="a">Die aufzulistende Assembly.</param>
      <param name="newCodeBase">Eine Zeichenfolge, die den Speicherort der Assembly als URL darstellt.</param>
      <exception cref="T:System.ArgumentNullException">
        <paramref name="a" /> ist null.</exception>
    </member>
    <member name="M:System.Drawing.Design.ToolboxService.GetToolboxItems(System.Reflection.Assembly,System.String,System.Boolean)">
      <summary>Gibt eine <see cref="T:System.Collections.ICollection" /> von <see cref="T:System.Drawing.Design.ToolboxItem" />-Objekten für die angegebene Assembly zurück.</summary>
      <returns>Eine Auflistung, die alle Toolboxelemente in der durch den angegebenen Assemblynamen dargestellten Assembly enthält.</returns>
      <param name="a">Die aufzulistende Assembly.</param>
      <param name="newCodeBase">Eine Zeichenfolge, die den Speicherort der Assembly als URL darstellt.</param>
      <param name="throwOnError">true, um bei einem Fehler eine Ausnahme auszulösen, andernfalls false.</param>
      <exception cref="T:System.ArgumentNullException">
        <paramref name="a" /> ist null.</exception>
    </member>
    <member name="M:System.Drawing.Design.ToolboxService.GetToolboxItems(System.Reflection.AssemblyName)">
      <summary>Gibt eine <see cref="T:System.Collections.ICollection" /> von <see cref="T:System.Drawing.Design.ToolboxItem" />-Objekten für die angegebene Assembly zurück.</summary>
      <returns>Eine Auflistung, die alle Toolboxelemente in der durch den angegebenen Assemblynamen dargestellten Assembly enthält.</returns>
      <param name="an">Ein Assemblyname, über den eine Assembly geladen werden soll.</param>
      <exception cref="T:System.ArgumentNullException">
        <paramref name="an" /> ist null.</exception>
    </member>
    <member name="M:System.Drawing.Design.ToolboxService.GetToolboxItems(System.Reflection.AssemblyName,System.Boolean)">
      <summary>Gibt eine <see cref="T:System.Collections.ICollection" /> von <see cref="T:System.Drawing.Design.ToolboxItem" />-Objekten für die angegebene Assembly zurück.</summary>
      <returns>Eine Auflistung, die alle Toolboxelemente in der durch den angegebenen Assemblynamen dargestellten Assembly enthält.</returns>
      <param name="an">Ein Assemblyname, über den eine Assembly geladen werden soll.</param>
      <param name="throwOnError">true, um bei einem Fehler eine Ausnahme auszulösen, andernfalls false.</param>
      <exception cref="T:System.ArgumentNullException">
        <paramref name="an" /> ist null.</exception>
    </member>
    <member name="M:System.Drawing.Design.ToolboxService.IsItemContainer(System.Windows.Forms.IDataObject,System.ComponentModel.Design.IDesignerHost)">
      <summary>Gibt einen Wert zurück, der angibt, ob das angegebene Datenobjekt einen Elementcontainer darstellt.</summary>
      <returns>true, wenn das angegebene Datenobjekt einen Elementcontainer darstellt, andernfalls false.</returns>
      <param name="dataObject">Das Datenobjekt, das auf das Vorhandensein eines Toolboxelementcontainers untersucht werden soll.</param>
      <param name="host">Ein optionaler Designerhost. Dieser Parameter kann null sein.</param>
      <exception cref="T:System.ArgumentNullException">
        <paramref name="dataObject" /> ist null.</exception>
    </member>
    <member name="M:System.Drawing.Design.ToolboxService.IsItemContainerSupported(System.Drawing.Design.ToolboxItemContainer,System.ComponentModel.Design.IDesignerHost)">
      <summary>Bestimmt, ob der Toolboxelementcontainer vom angegebenen Designerhost unterstützt wird.</summary>
      <returns>true, wenn der Toolboxelementcontainer vom angegebenen Designerhost unterstützt wird, andernfalls false.</returns>
      <param name="container">Der Toolboxelementcontainer.</param>
      <param name="host">Der angegebene Designerhost.</param>
      <exception cref="T:System.ArgumentNullException">
        <paramref name="container" /> oder <paramref name="host" /> ist null.</exception>
    </member>
    <member name="M:System.Drawing.Design.ToolboxService.Refresh">
      <summary>Aktualisiert den Zustand der Toolboxelemente.</summary>
    </member>
    <member name="P:System.Drawing.Design.ToolboxService.SelectedCategory">
      <summary>Ruft den Namen der derzeit ausgewählten Kategorie ab oder legt diesen fest.</summary>
      <returns>Eine Zeichenfolge, die den Namen der derzeit ausgewählten Kategorie enthält.</returns>
    </member>
    <member name="P:System.Drawing.Design.ToolboxService.SelectedItemContainer">
      <summary>Ruft den derzeit ausgewählten Elementcontainer ab oder legt diesen fest.</summary>
      <returns>Der Elementcontainer für das derzeit ausgewählte Toolboxelement oder null, wenn kein Element ausgewählt ist.</returns>
    </member>
    <member name="M:System.Drawing.Design.ToolboxService.SelectedItemContainerUsed">
      <summary>Empfängt einen Aufruf vom Toolboxdienst, wenn ein Benutzer meldet, dass ein ausgewähltes Toolboxelement verwendet wurde.</summary>
    </member>
    <member name="M:System.Drawing.Design.ToolboxService.SetCursor">
      <summary>Ändert den Cursor der aktuellen Anwendung in einen Cursor, der das momentan ausgewählte Tool darstellt.</summary>
      <returns>true, wenn ein Element ausgewählt ist, andernfalls false.</returns>
    </member>
    <member name="M:System.Drawing.Design.ToolboxService.System#ComponentModel#Design#IComponentDiscoveryService#GetComponentTypes(System.ComponentModel.Design.IDesignerHost,System.Type)">
      <summary>Ruft die Liste der verfügbaren Komponententypen ab.</summary>
      <returns>Die Liste der verfügbaren Komponententypen.</returns>
      <param name="designerHost">Der Designerhost, der Entwurfszeitdienste bereitstellt.</param>
      <param name="baseType">Der Basistyp, der die abzurufenden Komponenten angibt. Kann null sein.</param>
    </member>
    <member name="M:System.Drawing.Design.ToolboxService.System#Drawing#Design#IToolboxService#AddCreator(System.Drawing.Design.ToolboxItemCreatorCallback,System.String)">
      <summary>Eine Beschreibung dieses Members finden Sie unter der <see cref="M:System.Drawing.Design.IToolboxService.AddCreator(System.Drawing.Design.ToolboxItemCreatorCallback,System.String)" />-Methode.</summary>
      <param name="creator">Ein <see cref="T:System.Drawing.Design.ToolboxItemCreatorCallback" />, der beim Aufrufen des Toolboxelements eine Komponente erstellen kann.</param>
      <param name="format">Das Datenformat, das die Erstellung behandelt.</param>
    </member>
    <member name="M:System.Drawing.Design.ToolboxService.System#Drawing#Design#IToolboxService#AddCreator(System.Drawing.Design.ToolboxItemCreatorCallback,System.String,System.ComponentModel.Design.IDesignerHost)">
      <summary>Eine Beschreibung dieses Members finden Sie unter der <see cref="M:System.Drawing.Design.IToolboxService.AddCreator(System.Drawing.Design.ToolboxItemCreatorCallback,System.String,System.ComponentModel.Design.IDesignerHost)" />-Methode.</summary>
      <param name="creator">Ein <see cref="T:System.Drawing.Design.ToolboxItemCreatorCallback" />, der beim Aufrufen des Toolboxelements eine Komponente erstellen kann.</param>
      <param name="format">Das Datenformat, das die Erstellung behandelt.</param>
      <param name="host">Der <see cref="T:System.ComponentModel.Design.IDesignerHost" />, der den der Erstellung zuzuordnenden Designerhost darstellt.</param>
    </member>
    <member name="M:System.Drawing.Design.ToolboxService.System#Drawing#Design#IToolboxService#AddLinkedToolboxItem(System.Drawing.Design.ToolboxItem,System.ComponentModel.Design.IDesignerHost)">
      <summary>Eine Beschreibung dieses Members finden Sie unter der <see cref="M:System.Drawing.Design.IToolboxService.AddLinkedToolboxItem(System.Drawing.Design.ToolboxItem,System.ComponentModel.Design.IDesignerHost)" />-Methode.</summary>
      <param name="toolboxItem">Das der Toolbox hinzuzufügende verknüpfte <see cref="T:System.Drawing.Design.ToolboxItem" />.</param>
      <param name="host">Der <see cref="T:System.ComponentModel.Design.IDesignerHost" /> für das aktuelle Entwurfsdokument.</param>
    </member>
    <member name="M:System.Drawing.Design.ToolboxService.System#Drawing#Design#IToolboxService#AddLinkedToolboxItem(System.Drawing.Design.ToolboxItem,System.String,System.ComponentModel.Design.IDesignerHost)">
      <summary>Eine Beschreibung dieses Members finden Sie unter der <see cref="M:System.Drawing.Design.IToolboxService.AddLinkedToolboxItem(System.Drawing.Design.ToolboxItem,System.String,System.ComponentModel.Design.IDesignerHost)" />-Methode.</summary>
      <param name="toolboxItem">Das der Toolbox hinzuzufügende verknüpfte <see cref="T:System.Drawing.Design.ToolboxItem" />.</param>
      <param name="category">Die Toolboxelementkategorie, der das Toolboxelement hinzugefügt werden soll.</param>
      <param name="host">Der <see cref="T:System.ComponentModel.Design.IDesignerHost" /> für das aktuelle Entwurfsdokument.</param>
    </member>
    <member name="M:System.Drawing.Design.ToolboxService.System#Drawing#Design#IToolboxService#AddToolboxItem(System.Drawing.Design.ToolboxItem)">
      <summary>Eine Beschreibung dieses Members finden Sie unter der <see cref="M:System.Drawing.Design.IToolboxService.AddToolboxItem(System.Drawing.Design.ToolboxItem)" />-Methode.</summary>
      <param name="toolboxItem">Das der Toolbox hinzuzufügende <see cref="T:System.Drawing.Design.ToolboxItem" />.</param>
    </member>
    <member name="M:System.Drawing.Design.ToolboxService.System#Drawing#Design#IToolboxService#AddToolboxItem(System.Drawing.Design.ToolboxItem,System.String)">
      <summary>Eine Beschreibung dieses Members finden Sie unter der <see cref="M:System.Drawing.Design.IToolboxService.AddToolboxItem(System.Drawing.Design.ToolboxItem,System.String)" />-Methode.</summary>
      <param name="toolboxItem">Das der Toolbox hinzuzufügende <see cref="T:System.Drawing.Design.ToolboxItem" />.</param>
      <param name="category">Die Toolboxelementkategorie, der das <see cref="T:System.Drawing.Design.ToolboxItem" /> hinzugefügt werden soll.</param>
    </member>
    <member name="P:System.Drawing.Design.ToolboxService.System#Drawing#Design#IToolboxService#CategoryNames">
      <summary>Eine Beschreibung dieses Members finden Sie unter der <see cref="P:System.Drawing.Design.IToolboxService.CategoryNames" />-Eigenschaft.</summary>
      <returns>Eine <see cref="T:System.Drawing.Design.CategoryNameCollection" /> mit den Toolkategorien.</returns>
    </member>
    <member name="M:System.Drawing.Design.ToolboxService.System#Drawing#Design#IToolboxService#DeserializeToolboxItem(System.Object)">
      <summary>Eine Beschreibung dieses Members finden Sie unter der <see cref="M:System.Drawing.Design.IToolboxService.DeserializeToolboxItem(System.Object)" />-Methode.</summary>
      <returns>Das durch Deserialisierung erstellte <see cref="T:System.Drawing.Design.ToolboxItem" />.</returns>
      <param name="serializedObject">Das Objekt mit dem abzurufenden <see cref="T:System.Drawing.Design.ToolboxItem" />.</param>
    </member>
    <member name="M:System.Drawing.Design.ToolboxService.System#Drawing#Design#IToolboxService#DeserializeToolboxItem(System.Object,System.ComponentModel.Design.IDesignerHost)">
      <summary>Eine Beschreibung dieses Members finden Sie unter der <see cref="M:System.Drawing.Design.IToolboxService.DeserializeToolboxItem(System.Object,System.ComponentModel.Design.IDesignerHost)" />-Methode.</summary>
      <returns>Das durch Deserialisierung erstellte <see cref="T:System.Drawing.Design.ToolboxItem" />.</returns>
      <param name="serializedObject">Das Objekt mit dem abzurufenden <see cref="T:System.Drawing.Design.ToolboxItem" />.</param>
      <param name="host">Der diesem <see cref="T:System.Drawing.Design.ToolboxItem" /> zuzuordnende <see cref="T:System.ComponentModel.Design.IDesignerHost" />.</param>
    </member>
    <member name="M:System.Drawing.Design.ToolboxService.System#Drawing#Design#IToolboxService#GetSelectedToolboxItem">
      <summary>Eine Beschreibung dieses Members finden Sie unter der <see cref="Overload:System.Drawing.Design.IToolboxService.GetSelectedToolboxItem" />-Methode.</summary>
      <returns>Das derzeit ausgewählte <see cref="T:System.Drawing.Design.ToolboxItem" /> oder null, wenn momentan kein Toolboxelement ausgewählt ist.</returns>
    </member>
    <member name="M:System.Drawing.Design.ToolboxService.System#Drawing#Design#IToolboxService#GetSelectedToolboxItem(System.ComponentModel.Design.IDesignerHost)">
      <summary>Eine Beschreibung dieses Members finden Sie unter der <see cref="M:System.Drawing.Design.IToolboxService.GetSelectedToolboxItem(System.ComponentModel.Design.IDesignerHost)" />-Methode.</summary>
      <returns>Das derzeit ausgewählte <see cref="T:System.Drawing.Design.ToolboxItem" /> oder null, wenn momentan kein Toolboxelement ausgewählt ist.</returns>
      <param name="host">Der <see cref="T:System.ComponentModel.Design.IDesignerHost" />, dem das ausgewählte Tool zugeordnet werden muss, damit es zurückgegeben werden kann.</param>
    </member>
    <member name="M:System.Drawing.Design.ToolboxService.System#Drawing#Design#IToolboxService#GetToolboxItems">
      <summary>Ruft die gesamte Auflistung von Toolboxelementen aus der Toolbox ab.</summary>
      <returns>Eine <see cref="T:System.Drawing.Design.ToolboxItemCollection" />, die die aktuellen Toolboxelemente enthält.</returns>
    </member>
    <member name="M:System.Drawing.Design.ToolboxService.System#Drawing#Design#IToolboxService#GetToolboxItems(System.ComponentModel.Design.IDesignerHost)">
      <summary>Ruft die Auflistung von Toolboxelementen ab, die dem angegebenen Designerhost der Toolbox zugeordnet sind.</summary>
      <returns>Eine <see cref="T:System.Drawing.Design.ToolboxItemCollection" />, die die aktuellen Toolboxelemente enthält, die dem angegebenen Designerhost zugeordnet sind.</returns>
      <param name="host">Der <see cref="T:System.ComponentModel.Design.IDesignerHost" />, der den abzurufenden Toolboxelementen zugeordnet ist.</param>
      <exception cref="T:System.ArgumentNullException">
        <paramref name="host" /> ist null.</exception>
    </member>
    <member name="M:System.Drawing.Design.ToolboxService.System#Drawing#Design#IToolboxService#GetToolboxItems(System.String)">
      <summary>Ruft eine Auflistung von Toolboxelementen aus der Toolbox ab, die der angegebenen Kategorie entsprechen.</summary>
      <returns>Eine <see cref="T:System.Drawing.Design.ToolboxItemCollection" />, die die aktuellen Toolboxelemente enthält, die der angegebenen Kategorie zugeordnet sind.</returns>
      <param name="category">Die Toolboxelementkategorie, aus der alle Toolboxelemente abgerufen werden sollen.</param>
      <exception cref="T:System.ArgumentNullException">
        <paramref name="host" /> ist null.</exception>
    </member>
    <member name="M:System.Drawing.Design.ToolboxService.System#Drawing#Design#IToolboxService#GetToolboxItems(System.String,System.ComponentModel.Design.IDesignerHost)">
      <summary>Ruft die Auflistung von Toolboxelementen, die dem angegebenen Designerhost und der angegebenen Kategorie zugeordnet sind, aus der Toolbox ab.</summary>
      <returns>Eine <see cref="T:System.Drawing.Design.ToolboxItemCollection" />, die die aktuellen Toolboxelemente enthält, die der angegebenen Kategorie und dem Designerhost zugeordnet sind.</returns>
      <param name="category">Die Toolboxelementkategorie, aus der die Toolboxelemente abgerufen werden sollen.</param>
      <param name="host">Der <see cref="T:System.ComponentModel.Design.IDesignerHost" />, der den abzurufenden Toolboxelementen zugeordnet ist.</param>
      <exception cref="T:System.ArgumentNullException">
        <paramref name="category " /> oder <paramref name="host" /> ist null.</exception>
    </member>
    <member name="M:System.Drawing.Design.ToolboxService.System#Drawing#Design#IToolboxService#IsSupported(System.Object,System.Collections.ICollection)">
      <summary>Ruft einen Wert ab, der angibt, ob das angegebene Objekt, das ein serialisiertes Toolboxelement darstellt, den angegebenen Attributen entspricht.</summary>
      <returns>true, wenn das Objekt den angegebenen Attributen entspricht, andernfalls false.</returns>
      <param name="serializedObject">Das Objekt mit dem abzurufenden <see cref="T:System.Drawing.Design.ToolboxItem" />.</param>
      <param name="filterAttributes">Eine <see cref="T:System.Collections.ICollection" />, die die Attribute enthält, auf die das serialisierte Objekt überprüft werden soll.</param>
      <exception cref="T:System.ArgumentNullException">
        <paramref name="serializedObject" /> oder <paramref name="filterAttributes" /> ist null.</exception>
    </member>
    <member name="M:System.Drawing.Design.ToolboxService.System#Drawing#Design#IToolboxService#IsSupported(System.Object,System.ComponentModel.Design.IDesignerHost)">
      <summary>Ruft einen Wert ab, der angibt, ob das angegebene Objekt, das ein serialisiertes Toolboxelement darstellt, vom angegebenen Designerhost verwendet werden kann.</summary>
      <returns>true, wenn das angegebene Objekt mit dem angegebenen Designerhost kompatibel ist, andernfalls false.</returns>
      <param name="serializedObject">Das Objekt mit dem abzurufenden <see cref="T:System.Drawing.Design.ToolboxItem" />.</param>
      <param name="host">Der <see cref="T:System.ComponentModel.Design.IDesignerHost" />, der daraufhin überprüft werden soll, ob er das <see cref="T:System.Drawing.Design.ToolboxItem" /> unterstützt.</param>
      <exception cref="T:System.ArgumentNullException">
        <paramref name="serializedObject" /> oder <paramref name="host" /> ist null.</exception>
    </member>
    <member name="M:System.Drawing.Design.ToolboxService.System#Drawing#Design#IToolboxService#IsToolboxItem(System.Object)">
      <summary>Ruft einen Wert ab, der angibt, ob das angegebene Objekt ein serialisiertes Toolboxelement ist.</summary>
      <returns>true, wenn das Objekt ein Toolboxelementobjekt enthält, andernfalls false.</returns>
      <param name="serializedObject">Das zu untersuchende Objekt.</param>
    </member>
    <member name="M:System.Drawing.Design.ToolboxService.System#Drawing#Design#IToolboxService#IsToolboxItem(System.Object,System.ComponentModel.Design.IDesignerHost)">
      <summary>Ruft mithilfe des angegebenen Designerhosts einen Wert ab, der angibt, ob das angegebene Objekt ein serialisiertes Toolboxelement ist.</summary>
      <returns>true, wenn das Objekt ein Toolboxelementobjekt enthält, andernfalls false.</returns>
      <param name="serializedObject">Das zu untersuchende Objekt.</param>
      <param name="host">Der <see cref="T:System.ComponentModel.Design.IDesignerHost" />, der die Anforderung gesendet hat.</param>
    </member>
    <member name="M:System.Drawing.Design.ToolboxService.System#Drawing#Design#IToolboxService#Refresh">
      <summary>Aktualisiert den Zustand der Toolboxelemente.</summary>
    </member>
    <member name="M:System.Drawing.Design.ToolboxService.System#Drawing#Design#IToolboxService#RemoveCreator(System.String)">
      <summary>Entfernt eine zuvor hinzugefügte Toolbox-Elementerstellung des angegebenen Datenformats.</summary>
      <param name="format">Das Datenformat der zu entfernenden Erstellung.</param>
      <exception cref="T:System.ArgumentNullException">
        <paramref name="format" /> ist null.</exception>
    </member>
    <member name="M:System.Drawing.Design.ToolboxService.System#Drawing#Design#IToolboxService#RemoveCreator(System.String,System.ComponentModel.Design.IDesignerHost)">
      <summary>Entfernt eine zuvor hinzugefügte Toolboxerstellung, die dem angegebenen Datenformat und dem angegebenen Designerhost zugeordnet ist.</summary>
      <param name="format">Das Datenformat der zu entfernenden Erstellung.</param>
      <param name="host">Der <see cref="T:System.ComponentModel.Design.IDesignerHost" />, der der zu entfernenden Erstellung zugeordnet ist.</param>
      <exception cref="T:System.ArgumentNullException">
        <paramref name="format" /> oder <paramref name="host" /> ist null.</exception>
    </member>
    <member name="M:System.Drawing.Design.ToolboxService.System#Drawing#Design#IToolboxService#RemoveToolboxItem(System.Drawing.Design.ToolboxItem)">
      <summary>Entfernt das angegebene Toolboxelement aus der Toolbox.</summary>
      <param name="toolboxItem">Das <see cref="T:System.Drawing.Design.ToolboxItem" />, das aus der Toolbox entfernt werden soll.</param>
      <exception cref="T:System.ArgumentNullException">
        <paramref name="toolboxItem" /> ist null.</exception>
    </member>
    <member name="M:System.Drawing.Design.ToolboxService.System#Drawing#Design#IToolboxService#RemoveToolboxItem(System.Drawing.Design.ToolboxItem,System.String)">
      <summary>Entfernt das angegebene Toolboxelement aus der Toolbox.</summary>
      <param name="toolboxItem">Das <see cref="T:System.Drawing.Design.ToolboxItem" />, das aus der Toolbox entfernt werden soll.</param>
      <param name="category">Die Toolboxelementkategorie, aus der das <see cref="T:System.Drawing.Design.ToolboxItem" /> entfernt werden soll.</param>
      <exception cref="T:System.ArgumentNullException">
        <paramref name="toolboxItem" /> oder <paramref name="category" /> ist null.</exception>
    </member>
    <member name="P:System.Drawing.Design.ToolboxService.System#Drawing#Design#IToolboxService#SelectedCategory">
      <summary>Eine Beschreibung dieses Members finden Sie unter der <see cref="P:System.Drawing.Design.IToolboxService.SelectedCategory" />-Eigenschaft.</summary>
      <returns>Der Name der derzeit ausgewählten Kategorie.</returns>
    </member>
    <member name="M:System.Drawing.Design.ToolboxService.System#Drawing#Design#IToolboxService#SelectedToolboxItemUsed">
      <summary>Benachrichtigt den Toolboxdienst davon, dass das ausgewählte Tool verwendet wurde.</summary>
    </member>
    <member name="M:System.Drawing.Design.ToolboxService.System#Drawing#Design#IToolboxService#SerializeToolboxItem(System.Drawing.Design.ToolboxItem)">
      <summary>Ruft ein serialisierbares Objekt ab, das das angegebene Toolboxelement darstellt.</summary>
      <returns>Ein Objekt, das das angegebene <see cref="T:System.Drawing.Design.ToolboxItem" /> darstellt.</returns>
      <param name="toolboxItem">Das zu serialisierende <see cref="T:System.Drawing.Design.ToolboxItem" />.</param>
      <exception cref="T:System.ArgumentNullException">
        <paramref name="toolboxItem" /> ist null.</exception>
    </member>
    <member name="M:System.Drawing.Design.ToolboxService.System#Drawing#Design#IToolboxService#SetCursor">
      <summary>Ändert den Cursor der aktuellen Anwendung in einen Cursor, der das momentan ausgewählte Tool darstellt.</summary>
      <returns>true, wenn der Cursor vom derzeit ausgewählten Tool festgelegt wird, false, wenn kein Tool ausgewählt wurde und der Cursor auf einen Windows-Standardcursor festgelegt ist.</returns>
    </member>
    <member name="M:System.Drawing.Design.ToolboxService.System#Drawing#Design#IToolboxService#SetSelectedToolboxItem(System.Drawing.Design.ToolboxItem)">
      <summary>Wählt das angegebene Toolboxelement aus.</summary>
      <param name="toolboxItem">Das auszuwählende <see cref="T:System.Drawing.Design.ToolboxItem" />.</param>
    </member>
    <member name="M:System.Drawing.Design.ToolboxService.UnloadToolboxItems">
      <summary>Entlädt alle Assemblys, die als Folge des Aufrufs der <see cref="Overload:System.Drawing.Design.ToolboxService.GetToolboxItems" />-Methode gesperrt wurden.</summary>
    </member>
  </members>
</doc>