﻿<?xml version="1.0" encoding="utf-8"?>
<doc>
  <assembly>
    <name>System.Data.Services.Design</name>
  </assembly>
  <members>
    <member name="T:System.Data.Services.BuildProvider.DataServiceBuildProvider">
      <summary>Generiert auf der Grundlage der vom Datendienst zurückgegebenen Metadaten C#-Code oder Visual Basic-Code für eine WCF Data Services-Clientanwendung.</summary>
    </member>
    <member name="M:System.Data.Services.BuildProvider.DataServiceBuildProvider.#ctor">
      <summary>Erstellt eine neue Instanz der <see cref="T:System.Data.Services.BuildProvider.DataServiceBuildProvider" />-Klasse.</summary>
    </member>
    <member name="M:System.Data.Services.BuildProvider.DataServiceBuildProvider.GenerateCode(System.Web.Compilation.AssemblyBuilder)">
      <summary>Generiert auf der Grundlage der vom Datendienst zurückgegebenen Metadaten C#-Code oder Visual Basic-Code für eine WCF Data Services-Clientanwendung.</summary>
      <param name="assemblyBuilder">Ein Container zum Erstellen einer Assembly.</param>
    </member>
    <member name="T:System.Data.Services.Design.DataServiceCodeVersion">
      <summary>Gibt die Version vom Open Data Protocol (OData)-Element an, das Ziel des generierten Codes ist.</summary>
    </member>
    <member name="F:System.Data.Services.Design.DataServiceCodeVersion.V1">
      <summary>Generierter Code, der auf Version 1.0 abzielt.</summary>
    </member>
    <member name="F:System.Data.Services.Design.DataServiceCodeVersion.V2">
      <summary>Generierter Code, der auf Version 2.0 abzielt.</summary>
    </member>
    <member name="T:System.Data.Services.Design.EdmToObjectNamespaceMap">
      <summary>Wird von den Befehlszeilentools für die Codegenerierung und Tools in Visual Studio verwendet, um stark typisierte clientseitige Objekte für die Kommunikation mit Datendiensten zu generieren.</summary>
    </member>
    <member name="M:System.Data.Services.Design.EdmToObjectNamespaceMap.Add(System.String,System.String)">
      <summary>Fügt eine Zuordnung zwischen dem Entity Data Model-Namespace und dem Objekt hinzu.</summary>
      <param name="edmNamespace">Eine Zeichenfolge, die den Namespacenamen enthält.</param>
      <param name="objectNamespace">Eine Zeichenfolge, die den Objektnamespace enthält.</param>
    </member>
    <member name="M:System.Data.Services.Design.EdmToObjectNamespaceMap.Clear">
      <summary>Löscht <see cref="T:System.Data.Services.Design.EdmToObjectNamespaceMap" />.</summary>
    </member>
    <member name="M:System.Data.Services.Design.EdmToObjectNamespaceMap.Contains(System.String)">
      <summary>Fragt ab, ob die Zuordnung das Objekt im <paramref name="edmNamespace" />-Parameter enthält.</summary>
      <returns>true, wenn das Objekt gefunden wird, andernfalls false.</returns>
      <param name="edmNamespace">Ein Zeichenfolgenwert, der das abzufragende Zuordnungsobjekt enthält.</param>
    </member>
    <member name="P:System.Data.Services.Design.EdmToObjectNamespaceMap.Count">
      <summary>Ruft eine Anzahl von Zuordnungen ab, die in <see cref="T:System.Data.Services.Design.EdmToObjectNamespaceMap" /> enthalten ist.</summary>
      <returns>Ein Ganzzahlwert, der die Anzahl von Zuordnungen enthält.</returns>
    </member>
    <member name="P:System.Data.Services.Design.EdmToObjectNamespaceMap.EdmNamespaces">
      <summary>Ruft edmNamespace-Elemente in einem <see cref="T:System.Data.Services.Design.EdmToObjectNamespaceMap" />-Objekt ab.</summary>
      <returns>Ein Zeichenfolgenwert, der EdmNamespace-Elemente enthält.</returns>
    </member>
    <member name="P:System.Data.Services.Design.EdmToObjectNamespaceMap.Item(System.String)">
      <summary>Ruft den Namespace ab, der vom <paramref name="edmNamespace" />-Parameter angegeben wird.</summary>
      <returns>EdmNamespace-Objekt</returns>
      <param name="edmNamespace">Ein Zeichenfolgenwert, der den edmNamespace-Namen enthält.</param>
    </member>
    <member name="M:System.Data.Services.Design.EdmToObjectNamespaceMap.Remove(System.String)">
      <summary>Entfernt das vom <paramref name="edmNamespace" />-Parameter angegebene Objekt.</summary>
      <returns>true, wenn der Vorgang erfolgreich ausgeführt wird, andernfalls false.</returns>
      <param name="edmNamespace">Ein Zeichenfolgenwert, der das Zuordnungsobjekt enthält.</param>
    </member>
    <member name="M:System.Data.Services.Design.EdmToObjectNamespaceMap.TryGetObjectNamespace(System.String,System.String@)">
      <summary>Testet, ob ein von <paramref name="objectNamespace" /> und <paramref name="edmNamespace" /> angegebenes Objekt von <see cref="T:System.Data.Services.Design.EdmToObjectNamespaceMap" /> zugeordnet wird.</summary>
      <returns>true, wenn die Zuordnung zurückgegeben wird, andernfalls false.</returns>
      <param name="edmNamespace">Ein Zeichenfolgenwert, der den Namespacenamen enthält.</param>
      <param name="objectNamespace">Ein Zeichenfolgenwert, der den Objektnamespace identifiziert.</param>
    </member>
    <member name="T:System.Data.Services.Design.EntityClassGenerator">
      <summary>Wird von den Befehlszeilentools für die Codegenerierung und Tools in Visual Studio verwendet, um stark typisierte clientseitige Objekte für die Kommunikation mit Datendiensten zu generieren.</summary>
    </member>
    <member name="M:System.Data.Services.Design.EntityClassGenerator.#ctor">
      <summary>Initialisiert eine neue Instanz der <see cref="T:System.Data.Services.Design.EntityClassGenerator" />-Klasse.</summary>
    </member>
    <member name="M:System.Data.Services.Design.EntityClassGenerator.#ctor(System.Data.Services.Design.LanguageOption)">
      <summary>Initialisiert eine neue Instanz der <see cref="T:System.Data.Services.Design.EntityClassGenerator" />-Klasse.</summary>
      <param name="languageOption">Wählt die Programmiersprache aus.</param>
    </member>
    <member name="P:System.Data.Services.Design.EntityClassGenerator.EdmToObjectNamespaceMap">
      <summary>Ruft das EdmToObjectNamespaceMap-Objekt ab, das beim Generieren von Entitätsklassen verwendet wird.</summary>
      <returns>EdmToObjectNamespaceMap-Objekt</returns>
    </member>
    <member name="M:System.Data.Services.Design.EntityClassGenerator.GenerateCode(System.Xml.XmlReader,System.IO.TextWriter,System.String)">
      <summary>Generiert Code für das Datenmodell aus Schaltern, die durch Parameter identifiziert werden.</summary>
      <returns>Die Liste der Schemafehler, die während der Erstellung aufgetreten sind.</returns>
      <param name="sourceReader">Das XML-Reader-Objekt.</param>
      <param name="targetWriter">Das Textwriterobjekt.</param>
      <param name="namespacePrefix">Eine Zeichenfolge, die das Namespacepräfix enthält.</param>
    </member>
    <member name="M:System.Data.Services.Design.EntityClassGenerator.GenerateCode(System.Xml.XmlReader,System.String)">
      <summary>Generiert Code für das Objektmodell.</summary>
      <returns>Die Liste der Schemafehler, die während der Erstellung aufgetreten sind.</returns>
      <param name="sourceReader">Das XML-Reader-Objekt.</param>
      <param name="targetFilePath">Die Zeichenfolge, die den Pfad zur Zieldatei enthält.</param>
    </member>
    <member name="P:System.Data.Services.Design.EntityClassGenerator.LanguageOption">
      <summary>Ruft die beim Generieren des Datenmodells verwendete Sprachoption ab.</summary>
      <returns>Sprachoption.</returns>
    </member>
    <member name="E:System.Data.Services.Design.EntityClassGenerator.OnPropertyGenerated">
      <summary>Tritt ein, wenn eine Eigenschaft generiert wird.</summary>
    </member>
    <member name="E:System.Data.Services.Design.EntityClassGenerator.OnTypeGenerated">
      <summary>Tritt ein, wenn ein Typ generiert wird.</summary>
    </member>
    <member name="P:System.Data.Services.Design.EntityClassGenerator.UseDataServiceCollection">
      <summary>Ruft ab oder legt fest, ob bei der Codegenerierung der Code eingeschlossen werden soll, der für die Unterstützung der Datenbindung erforderlich ist.</summary>
      <returns>Ein <see cref="T:System.Boolean" />-Wert, der true ist, wenn Datenbindungscode erforderlich ist, andernfalls false.</returns>
    </member>
    <member name="P:System.Data.Services.Design.EntityClassGenerator.Version">
      <summary>Ruft die Version von WCF Data Services ab, auf die der generierte Code abzielt, und legt diese fest.</summary>
      <returns>Ein <see cref="T:System.Data.Services.Design.DataServiceCodeVersion" />-Wert, der die Version des generierten Codes angibt.</returns>
    </member>
    <member name="T:System.Data.Services.Design.LanguageOption">
      <summary>Wird von den Befehlszeilentools für die Codegenerierung und Tools in Visual Studio verwendet, um stark typisierte clientseitige Objekte für die Kommunikation mit Datendiensten zu generieren.</summary>
    </member>
    <member name="F:System.Data.Services.Design.LanguageOption.GenerateCSharpCode">
      <summary>Generiert C#-Code.</summary>
    </member>
    <member name="F:System.Data.Services.Design.LanguageOption.GenerateVBCode">
      <summary>Generiert Visual Basic-Code.</summary>
    </member>
    <member name="T:System.Data.Services.Design.PropertyGeneratedEventArgs">
      <summary>Wird von den Befehlszeilentools für die Codegenerierung und Tools in Visual Studio verwendet, um stark typisierte clientseitige Objekte für die Kommunikation mit Datendiensten zu generieren.</summary>
    </member>
    <member name="M:System.Data.Services.Design.PropertyGeneratedEventArgs.#ctor">
      <summary>Initialisiert eine neue Instanz der <see cref="T:System.Data.Services.Design.PropertyGeneratedEventArgs" />-Klasse.</summary>
    </member>
    <member name="M:System.Data.Services.Design.PropertyGeneratedEventArgs.#ctor(System.Data.Metadata.Edm.MetadataItem,System.String,System.CodeDom.CodeTypeReference)">
      <summary>Initialisiert eine neue Instanz der <see cref="T:System.Data.Services.Design.PropertyGeneratedEventArgs" />-Klasse.</summary>
      <param name="propertySource">Eigenschaftenquelle.</param>
      <param name="backingFieldName">Name des dahinter liegenden Felds.</param>
      <param name="returnType">Rückgabetyp.</param>
    </member>
    <member name="P:System.Data.Services.Design.PropertyGeneratedEventArgs.AdditionalAttributes">
      <summary>Diese Klasse ist nicht für die öffentliche Verwendung bestimmt und wird verwendet, um stark typisierte clientseitige Objekte für die Kommunikation mit Datendiensten zu generieren.</summary>
      <returns>Zusätzliche Attribute.</returns>
    </member>
    <member name="P:System.Data.Services.Design.PropertyGeneratedEventArgs.AdditionalGetStatements">
      <summary>Diese Klasse ist nicht für die öffentliche Verwendung bestimmt und wird verwendet, um stark typisierte clientseitige Objekte für die Kommunikation mit Datendiensten zu generieren.</summary>
      <returns>Zusätzliche Get-Anweisungen.</returns>
    </member>
    <member name="P:System.Data.Services.Design.PropertyGeneratedEventArgs.AdditionalSetStatements">
      <summary>Diese Klasse ist nicht für die öffentliche Verwendung bestimmt und wird verwendet, um stark typisierte clientseitige Objekte für die Kommunikation mit Datendiensten zu generieren.</summary>
      <returns>Zusätzliche Set-Anweisungen.</returns>
    </member>
    <member name="P:System.Data.Services.Design.PropertyGeneratedEventArgs.BackingFieldName">
      <summary>Diese Klasse ist nicht für die öffentliche Verwendung bestimmt und wird verwendet, um stark typisierte clientseitige Objekte für die Kommunikation mit Datendiensten zu generieren.</summary>
      <returns>Name des dahinter liegenden Felds.</returns>
    </member>
    <member name="P:System.Data.Services.Design.PropertyGeneratedEventArgs.PropertySource">
      <summary>Diese Klasse ist nicht für die öffentliche Verwendung bestimmt und wird verwendet, um stark typisierte clientseitige Objekte für die Kommunikation mit Datendiensten zu generieren.</summary>
      <returns>Eigenschaftenquelle.</returns>
    </member>
    <member name="P:System.Data.Services.Design.PropertyGeneratedEventArgs.ReturnType">
      <summary>Diese Klasse ist nicht für die öffentliche Verwendung bestimmt und wird verwendet, um stark typisierte clientseitige Objekte für die Kommunikation mit Datendiensten zu generieren.</summary>
      <returns>Rückgabetyp.</returns>
    </member>
    <member name="T:System.Data.Services.Design.TypeGeneratedEventArgs">
      <summary>Wird von den Befehlszeilentools für die Codegenerierung und Tools in Visual Studio verwendet, um stark typisierte clientseitige Objekte für die Kommunikation mit Datendiensten zu generieren.</summary>
    </member>
    <member name="M:System.Data.Services.Design.TypeGeneratedEventArgs.#ctor">
      <summary>Initialisiert eine neue Instanz der <see cref="T:System.Data.Services.Design.TypeGeneratedEventArgs" />-Klasse.</summary>
    </member>
    <member name="M:System.Data.Services.Design.TypeGeneratedEventArgs.#ctor(System.Data.Metadata.Edm.GlobalItem,System.CodeDom.CodeTypeReference)">
      <summary>Initialisiert eine neue Instanz der <see cref="T:System.Data.Services.Design.TypeGeneratedEventArgs" />-Klasse.</summary>
      <param name="typeSource">Die Typenquelle.</param>
      <param name="baseType">Der Basistyp.</param>
    </member>
    <member name="P:System.Data.Services.Design.TypeGeneratedEventArgs.AdditionalAttributes">
      <summary>Diese Klasse ist nicht für die öffentliche Verwendung bestimmt und wird verwendet, um stark typisierte clientseitige Objekte für die Kommunikation mit Datendiensten zu generieren.</summary>
      <returns>Zusätzliche Attribute.</returns>
    </member>
    <member name="P:System.Data.Services.Design.TypeGeneratedEventArgs.AdditionalInterfaces">
      <summary>Diese Klasse ist nicht für die öffentliche Verwendung bestimmt und wird verwendet, um stark typisierte clientseitige Objekte für die Kommunikation mit Datendiensten zu generieren.</summary>
      <returns>Zusätzliche Schnittstellen.</returns>
    </member>
    <member name="P:System.Data.Services.Design.TypeGeneratedEventArgs.AdditionalMembers">
      <summary>Diese Klasse ist nicht für die öffentliche Verwendung bestimmt und wird verwendet, um stark typisierte clientseitige Objekte für die Kommunikation mit Datendiensten zu generieren.</summary>
      <returns>Zusätzliche Member.</returns>
    </member>
    <member name="P:System.Data.Services.Design.TypeGeneratedEventArgs.BaseType">
      <summary>Diese Klasse ist nicht für die öffentliche Verwendung bestimmt und wird verwendet, um stark typisierte clientseitige Objekte für die Kommunikation mit Datendiensten zu generieren.</summary>
      <returns>Basistyp.</returns>
    </member>
    <member name="P:System.Data.Services.Design.TypeGeneratedEventArgs.TypeSource">
      <summary>Diese Klasse ist nicht für die öffentliche Verwendung bestimmt und wird verwendet, um stark typisierte clientseitige Objekte für die Kommunikation mit Datendiensten zu generieren.</summary>
      <returns>Typenquelle.</returns>
    </member>
  </members>
</doc>