﻿<?xml version="1.0" encoding="utf-8"?>
<doc>
  <assembly>
    <name>System.IdentityModel.Selectors</name>
  </assembly>
  <members>
    <member name="T:System.IdentityModel.Selectors.CardSpaceException">
      <summary>Die Ausnahme, die ausgelöst wird, wenn eine oder mehrere Ausnahmen auf der CardSpace-Dienstebene aufgetreten sind. Die Ursache des Fehlers wird im Ereignisprotokoll protokolliert.</summary>
      <filterpriority>2</filterpriority>
    </member>
    <member name="M:System.IdentityModel.Selectors.CardSpaceException.#ctor">
      <summary>Initialisiert eine neue Instanz der <see cref="T:System.IdentityModel.Selectors.CardSpaceException" />-Klasse.</summary>
      <filterpriority>2</filterpriority>
    </member>
    <member name="M:System.IdentityModel.Selectors.CardSpaceException.#ctor(System.Runtime.Serialization.SerializationInfo,System.Runtime.Serialization.StreamingContext)">
      <summary>Initialisiert eine Instanz der <see cref="T:System.IdentityModel.Selectors.CardSpaceException" />-Klasse mit serialisierten Daten.</summary>
      <param name="info">Die <see cref="T:System.Runtime.Serialization.SerializationInfo" />, die die serialisierten Objektdaten für die ausgelöste Ausnahme enthält.</param>
      <param name="context">Der <see cref="T:System.Runtime.Serialization.StreamingContext" />, der die Kontextinformationen über die Quelle oder das Ziel enthält.</param>
    </member>
    <member name="M:System.IdentityModel.Selectors.CardSpaceException.#ctor(System.String)">
      <summary>Initialisiert eine Instanz der <see cref="T:System.IdentityModel.Selectors.CardSpaceException" />-Klasse mit der angegebenen Fehlermeldung.</summary>
      <param name="message">Die Meldung, in der der Fehler beschrieben wird.</param>
      <filterpriority>2</filterpriority>
    </member>
    <member name="M:System.IdentityModel.Selectors.CardSpaceException.#ctor(System.String,System.Exception)">
      <summary>Initialisiert eine Instanz der <see cref="T:System.IdentityModel.Selectors.CardSpaceException" />-Klasse mit der angegebenen Fehlermeldung und einem Verweis auf die innere Ausnahme, die diese Ausnahme ausgelöst hat.</summary>
      <param name="message">Die Meldung, in der der Fehler beschrieben wird.</param>
      <param name="innerException">Die <see cref="T:System.Exception" />, die die Ursache der aktuellen Ausnahme darstellt.</param>
      <filterpriority>2</filterpriority>
    </member>
    <member name="T:System.IdentityModel.Selectors.CardSpacePolicyElement">
      <summary>Diese Klasse ist zur Verwendung durch die Infrastruktur bestimmt.</summary>
      <filterpriority>2</filterpriority>
    </member>
    <member name="M:System.IdentityModel.Selectors.CardSpacePolicyElement.#ctor(System.Xml.XmlElement,System.Xml.XmlElement,System.Collections.ObjectModel.Collection{System.Xml.XmlElement},System.Uri,System.Int32,System.Boolean)">
      <summary>Initialisiert eine neue Instanz der <see cref="T:System.IdentityModel.Selectors.CardSpacePolicyElement" />-Klasse unter Verwendung der Angaben für Ziel und Aussteller der Richtlinie, Richtlinienparameter, Ort und Version des Datenschutzhinweises.</summary>
      <param name="target">Ein <see cref="T:System.Xml.XmlElement" />, das das Ziel dieser Richtlinie darstellt. Legt die <see cref="P:System.IdentityModel.Selectors.CardSpacePolicyElement.Target" />-Eigenschaft fest.</param>
      <param name="issuer">Ein <see cref="T:System.Xml.XmlElement" />, das den Aussteller der Richtlinie darstellt. Legt die <see cref="P:System.IdentityModel.Selectors.CardSpacePolicyElement.Issuer" />-Eigenschaft fest.</param>
      <param name="parameters">Ein <see cref="T:System.Collections.ObjectModel.Collection`1" /> des Typs <see cref="T:System.Xml.XmlElement" />, das die Parameter für dieses Element darstellt. Legt die <see cref="P:System.IdentityModel.Selectors.CardSpacePolicyElement.Parameters" />-Eigenschaft fest.</param>
      <param name="privacyNoticeLink">Der <see cref="T:System.Uri" />, wo sich die Datenschutzrichtlinie befindet. Legt die <see cref="P:System.IdentityModel.Selectors.CardSpacePolicyElement.PolicyNoticeLink" />-Eigenschaft fest.</param>
      <param name="privacyNoticeVersion">Die Version der Datenschutzinformationen. Legt die <see cref="P:System.IdentityModel.Selectors.CardSpacePolicyElement.PolicyNoticeVersion" />-Eigenschaft fest.</param>
      <param name="isManagedIssuer">true, wenn der Aussteller verwaltet wird, andernfalls false. Legt die <see cref="P:System.IdentityModel.Selectors.CardSpacePolicyElement.IsManagedIssuer" />-Eigenschaft fest.</param>
      <filterpriority>2</filterpriority>
    </member>
    <member name="P:System.IdentityModel.Selectors.CardSpacePolicyElement.IsManagedIssuer">
      <summary>Ruft einen Wert ab oder legt einen Wert fest, der angibt, ob der Aussteller der Richtlinie ein verwalteter Aussteller ist.</summary>
      <returns>true, wenn der Aussteller verwaltet wird, andernfalls false.</returns>
      <filterpriority>2</filterpriority>
    </member>
    <member name="P:System.IdentityModel.Selectors.CardSpacePolicyElement.Issuer">
      <summary>Ruft den Aussteller der Richtlinie ab oder legt ihn fest.</summary>
      <returns>Ein <see cref="T:System.Xml.XmlElement" />, das den Aussteller der Richtlinie darstellt.</returns>
      <filterpriority>2</filterpriority>
    </member>
    <member name="P:System.IdentityModel.Selectors.CardSpacePolicyElement.Parameters">
      <summary>Ruft eine Auflistung von XML-Elementen ab, die die Parameter für dieses Element darstellen.</summary>
      <returns>Ein <see cref="T:System.Collections.ObjectModel.Collection`1" /> des Typs <see cref="T:System.Xml.XmlElement" />, das die Parameter für dieses Element darstellt.</returns>
      <filterpriority>2</filterpriority>
    </member>
    <member name="P:System.IdentityModel.Selectors.CardSpacePolicyElement.PolicyNoticeLink">
      <summary>Ruft den URI ab oder legt den URI für die Datenschutzinformationen dieser Richtlinie fest.</summary>
      <returns>Der <see cref="T:System.Uri" />, wo sich die Datenschutzrichtlinie befindet.</returns>
      <filterpriority>2</filterpriority>
    </member>
    <member name="P:System.IdentityModel.Selectors.CardSpacePolicyElement.PolicyNoticeVersion">
      <summary>Ruft die Version der Datenschutzinformationen ab oder legt diese fest.</summary>
      <returns>Die Version der Datenschutzinformationen.</returns>
      <filterpriority>2</filterpriority>
    </member>
    <member name="P:System.IdentityModel.Selectors.CardSpacePolicyElement.Target">
      <summary>Ruft das Ziel dieser Richtlinie ab oder legt dieses fest.</summary>
      <returns>Ein <see cref="T:System.Xml.XmlElement" />, das das Ziel dieser Richtlinie darstellt.</returns>
      <filterpriority>2</filterpriority>
    </member>
    <member name="T:System.IdentityModel.Selectors.CardSpaceSelector">
      <summary>Stellt Zugriff auf alle öffentlichen CardSpace-Vorgänge bereit, die von verwaltetem Code unterstützt werden.</summary>
      <filterpriority>2</filterpriority>
    </member>
    <member name="M:System.IdentityModel.Selectors.CardSpaceSelector.GetToken(System.IdentityModel.Selectors.CardSpacePolicyElement[],System.IdentityModel.Selectors.SecurityTokenSerializer)">
      <summary>Generiert mit dem CardSpace-System, der angegebenen Richtlinienkette und dem Tokenserialisierungsprogramm ein Sicherheitstoken.</summary>
      <returns>Ein <see cref="T:System.IdentityModel.Tokens.GenericXmlSecurityToken" />, das das generierte Sicherheitstoken darstellt.</returns>
      <param name="policyChain">Ein Array von <see cref="T:System.IdentityModel.Selectors.CardSpacePolicyElement" />, das die externe Sicherheitskette beschreibt, die laut Anforderung des Clients von einem endgültigen Token entladen werden muss.</param>
      <param name="tokenSerializer">Ein <see cref="T:System.IdentityModel.Selectors.SecurityTokenSerializer" />, der eine KeyInfo-Klausel lesen kann.</param>
      <exception cref="T:System.ArgumentNullException">
        <paramref name="policyChain" /> ist null. -oder- <paramref name="policyChain" /> hat die Länge 0 (null). -oder- <paramref name="tokenSerializer" /> ist null.</exception>
      <filterpriority>2</filterpriority>
    </member>
    <member name="M:System.IdentityModel.Selectors.CardSpaceSelector.GetToken(System.Xml.XmlElement,System.Collections.Generic.IEnumerable{System.Xml.XmlElement},System.Xml.XmlElement,System.IdentityModel.Selectors.SecurityTokenSerializer)">
      <summary>Generiert mit dem CardSpace-System, dem angegebenen Endpunkt, der Richtlinie, dem Tokenaussteller und dem Tokenserialisierungsprogramm ein Sicherheitstoken.</summary>
      <returns>Ein <see cref="T:System.IdentityModel.Tokens.GenericXmlSecurityToken" />, das das generierte Sicherheitstoken darstellt.</returns>
      <param name="endpoint">Ein <see cref="T:System.Xml.XmlElement" />, das die Endpunktadresse des Empfängers darstellt, an der das Token präsentiert wird.</param>
      <param name="policy">Eine <see cref="T:System.Collections.Generic.IEnumerable`1" /> des Typs <see cref="T:System.Xml.XmlElement" />, die ein Richtlinienfragment enthält, das die vom Empfänger angeforderten Tokentypen und Ansprüche angibt.</param>
      <param name="requiredRemoteTokenIssuer">Ein <see cref="T:System.Xml.XmlElement" />, das den Aussteller des Tokens darstellt.</param>
      <param name="tokenSerializer">Ein <see cref="T:System.IdentityModel.Selectors.SecurityTokenSerializer" />, der eine KeyInfo-Klausel lesen kann.</param>
      <exception cref="T:System.ArgumentNullException">
        <paramref name="endpoint" /> ist null. -oder- <paramref name="policy" /> ist null. -oder- <paramref name="tokenSerializer" /> ist null.</exception>
      <filterpriority>2</filterpriority>
    </member>
    <member name="M:System.IdentityModel.Selectors.CardSpaceSelector.Import(System.String)">
      <summary>Zeigt die <paramref name="Import Card" /> Benutzeroberfläche an.</summary>
      <param name="fileName">Der Name der zu importierenden Datei.</param>
      <exception cref="T:System.ArgumentNullException">
        <paramref name="fileName" /> ist null. -oder- <paramref name="fileName" /> ist <see cref="F:System.String.Empty" />.</exception>
      <filterpriority>2</filterpriority>
    </member>
    <member name="M:System.IdentityModel.Selectors.CardSpaceSelector.Manage">
      <summary>Zeigt die CardSpace-Verwaltungs-Benutzerschnittstelle an, mit der Benutzer die Karte erstellen, löschen, umbenennen und ändern können.</summary>
      <filterpriority>2</filterpriority>
    </member>
    <member name="T:System.IdentityModel.Selectors.IdentityValidationException">
      <summary>Ausnahmeklasse, um anzugeben, dass das Empfängerzertifikat nicht gültig gewesen ist.</summary>
      <filterpriority>2</filterpriority>
    </member>
    <member name="M:System.IdentityModel.Selectors.IdentityValidationException.#ctor">
      <summary>Initialisiert eine neue Instanz der <see cref="T:System.IdentityModel.Selectors.IdentityValidationException" />-Klasse.</summary>
      <filterpriority>2</filterpriority>
    </member>
    <member name="M:System.IdentityModel.Selectors.IdentityValidationException.#ctor(System.Runtime.Serialization.SerializationInfo,System.Runtime.Serialization.StreamingContext)">
      <summary>Initialisiert eine neue Instanz der <see cref="T:System.IdentityModel.Selectors.IdentityValidationException" />-Klasse mit den angegebenen Serialisierungsinformationen und dem angegebenen Serialisierungskontext.</summary>
      <param name="info">Die <see cref="T:System.Runtime.Serialization.SerializationInfo" />, die die serialisierten Objektdaten für die ausgelöste Ausnahme enthält.</param>
      <param name="context">Der <see cref="T:System.Runtime.Serialization.StreamingContext" />, der die Kontextinformationen über die Quelle oder das Ziel enthält.</param>
    </member>
    <member name="M:System.IdentityModel.Selectors.IdentityValidationException.#ctor(System.String)">
      <summary>Initialisiert eine neue Instanz der <see cref="T:System.IdentityModel.Selectors.IdentityValidationException" />-Klasse mit der angegebenen Fehlermeldung.</summary>
      <param name="message">Eine Zeichenfolge, die die Fehlermeldung enthält, in der die Ursache der Ausnahme erklärt wird.</param>
      <filterpriority>2</filterpriority>
    </member>
    <member name="M:System.IdentityModel.Selectors.IdentityValidationException.#ctor(System.String,System.Exception)">
      <summary>Initialisiert eine neue Instanz der <see cref="T:System.IdentityModel.Selectors.IdentityValidationException" />-Klasse mit der angegebenen Fehlermeldung und der ursprünglichen Ausnahme, die diese Ausnahme verursacht hat.</summary>
      <param name="message">Eine Zeichenfolge, die die Fehlermeldung enthält, in der die Ursache der Ausnahme erklärt wird.</param>
      <param name="innerException">Die ursprüngliche Ausnahme, die das Auslösen der Ausnahme verursacht hat.</param>
      <filterpriority>2</filterpriority>
    </member>
    <member name="T:System.IdentityModel.Selectors.PolicyValidationException">
      <summary>Ausnahmeklasse, um anzugeben, dass die vom Empfänger angegebene Richtlinie nicht überprüft werden konnte.</summary>
      <filterpriority>2</filterpriority>
    </member>
    <member name="M:System.IdentityModel.Selectors.PolicyValidationException.#ctor">
      <summary>Initialisiert eine Instanz der <see cref="T:System.IdentityModel.Selectors.PolicyValidationException" />-Klasse.</summary>
      <filterpriority>2</filterpriority>
    </member>
    <member name="M:System.IdentityModel.Selectors.PolicyValidationException.#ctor(System.Runtime.Serialization.SerializationInfo,System.Runtime.Serialization.StreamingContext)">
      <summary>Initialisiert eine Instanz der <see cref="T:System.IdentityModel.Selectors.PolicyValidationException" />-Klasse mit den angegebenen Serialisierungsinformationen und dem angegebenen Streamingkontext.</summary>
      <param name="info">Das <see cref="T:System.Runtime.Serialization.SerializationInfo" />-Objekt, das die serialisierten Objektdaten für die ausgelöste Ausnahme enthält.</param>
      <param name="context">Das <see cref="T:System.Runtime.Serialization.StreamingContext" />-Objekt, das die Kontextinformationen über die Quelle oder das Ziel enthält.</param>
    </member>
    <member name="M:System.IdentityModel.Selectors.PolicyValidationException.#ctor(System.String)">
      <summary>Initialisiert eine Instanz der <see cref="T:System.IdentityModel.Selectors.PolicyValidationException" />-Klasse mit der angegebenen Fehlermeldung.</summary>
      <param name="message">Die Meldung, in der der Fehler beschrieben wird.</param>
      <filterpriority>2</filterpriority>
    </member>
    <member name="M:System.IdentityModel.Selectors.PolicyValidationException.#ctor(System.String,System.Exception)">
      <summary>Initialisiert eine Instanz der <see cref="T:System.IdentityModel.Selectors.PolicyValidationException" />-Klasse mit der angegebenen Fehlermeldung und einem Verweis auf die innere Ausnahme, die diese Ausnahme ausgelöst hat.</summary>
      <param name="message">Die Meldung, in der der Fehler beschrieben wird.</param>
      <param name="innerException">Die Ausnahme, die die Ursache der aktuellen Ausnahme ist.</param>
      <filterpriority>2</filterpriority>
    </member>
    <member name="T:System.IdentityModel.Selectors.ServiceBusyException">
      <summary>Ausnahmeklasse, um anzugeben, dass der CardSpace-Dienst mit der Verarbeitung anderer Anforderungen beschäftigt ist.</summary>
      <filterpriority>2</filterpriority>
    </member>
    <member name="M:System.IdentityModel.Selectors.ServiceBusyException.#ctor">
      <summary>Initialisiert eine Instanz der <see cref="T:System.IdentityModel.Selectors.ServiceBusyException" />-Klasse.</summary>
      <filterpriority>2</filterpriority>
    </member>
    <member name="M:System.IdentityModel.Selectors.ServiceBusyException.#ctor(System.Runtime.Serialization.SerializationInfo,System.Runtime.Serialization.StreamingContext)">
      <summary>Initialisiert eine Instanz der <see cref="T:System.IdentityModel.Selectors.ServiceBusyException" />-Klasse mit den angegebenen Serialisierungsinformationen und dem angegebenen Streamingkontext.</summary>
      <param name="info">Das <see cref="T:System.Runtime.Serialization.SerializationInfo" />-Objekt, das die serialisierten Objektdaten für die ausgelöste Ausnahme enthält.</param>
      <param name="context">Das <see cref="T:System.Runtime.Serialization.StreamingContext" />-Objekt, das die Kontextinformationen über die Quelle oder das Ziel enthält.</param>
    </member>
    <member name="M:System.IdentityModel.Selectors.ServiceBusyException.#ctor(System.String)">
      <summary>Initialisiert eine Instanz der <see cref="T:System.IdentityModel.Selectors.ServiceBusyException" />-Klasse mit der angegebenen Fehlermeldung.</summary>
      <param name="message">Die Meldung, in der der Fehler beschrieben wird.</param>
      <filterpriority>2</filterpriority>
    </member>
    <member name="M:System.IdentityModel.Selectors.ServiceBusyException.#ctor(System.String,System.Exception)">
      <summary>Initialisiert eine Instanz der <see cref="T:System.IdentityModel.Selectors.ServiceBusyException" />-Klasse mit der angegebenen Fehlermeldung und einem Verweis auf die innere Ausnahme, die diese Ausnahme ausgelöst hat.</summary>
      <param name="message">Die Meldung, in der der Fehler beschrieben wird.</param>
      <param name="innerException">Die Ausnahme, die die Ursache der aktuellen Ausnahme ist.</param>
      <filterpriority>2</filterpriority>
    </member>
    <member name="T:System.IdentityModel.Selectors.ServiceNotStartedException">
      <summary>Die Ausnahme, die ausgelöst wird, wenn CardSpace nicht auf dem Computer des Benutzers gestartet wurde.</summary>
      <filterpriority>2</filterpriority>
    </member>
    <member name="M:System.IdentityModel.Selectors.ServiceNotStartedException.#ctor">
      <summary>Initialisiert eine Instanz der <see cref="T:System.IdentityModel.Selectors.ServiceNotStartedException" />-Klasse.</summary>
      <filterpriority>2</filterpriority>
    </member>
    <member name="M:System.IdentityModel.Selectors.ServiceNotStartedException.#ctor(System.Runtime.Serialization.SerializationInfo,System.Runtime.Serialization.StreamingContext)">
      <summary>Initialisiert eine Instanz der <see cref="T:System.IdentityModel.Selectors.ServiceNotStartedException" />-Klasse mit serialisierten Daten.</summary>
      <param name="info">Das <see cref="T:System.Runtime.Serialization.SerializationInfo" />-Objekt, das die serialisierten Objektdaten für die ausgelöste Ausnahme enthält.</param>
      <param name="context">Das <see cref="T:System.Runtime.Serialization.StreamingContext" />-Objekt, das die Kontextinformationen über die Quelle oder das Ziel enthält.</param>
    </member>
    <member name="M:System.IdentityModel.Selectors.ServiceNotStartedException.#ctor(System.String)">
      <summary>Initialisiert eine Instanz der <see cref="T:System.IdentityModel.Selectors.ServiceNotStartedException" />-Klasse mit der angegebenen Fehlermeldung.</summary>
      <param name="message">Die Meldung, in der der Fehler beschrieben wird.</param>
      <filterpriority>2</filterpriority>
    </member>
    <member name="M:System.IdentityModel.Selectors.ServiceNotStartedException.#ctor(System.String,System.Exception)">
      <summary>Initialisiert eine Instanz der <see cref="T:System.IdentityModel.Selectors.ServiceNotStartedException" />-Klasse mit der angegebenen Fehlermeldung und einem Verweis auf die innere Ausnahme, die diese Ausnahme ausgelöst hat.</summary>
      <param name="message">Die Meldung, in der der Fehler beschrieben wird.</param>
      <param name="innerException">Die Ausnahme, die die Ursache der aktuellen Ausnahme ist.</param>
      <filterpriority>2</filterpriority>
    </member>
    <member name="T:System.IdentityModel.Selectors.StsCommunicationException">
      <summary>Die Ausnahme, die ausgelöst wird, wenn ein Kommunikationsproblem mit dem Sicherheitstokendienst auftritt.</summary>
      <filterpriority>2</filterpriority>
    </member>
    <member name="M:System.IdentityModel.Selectors.StsCommunicationException.#ctor">
      <summary>Initialisiert eine neue Instanz der <see cref="T:System.IdentityModel.Selectors.StsCommunicationException" />-Klasse.</summary>
      <filterpriority>2</filterpriority>
    </member>
    <member name="M:System.IdentityModel.Selectors.StsCommunicationException.#ctor(System.Runtime.Serialization.SerializationInfo,System.Runtime.Serialization.StreamingContext)">
      <summary>Initialisiert eine Instanz der <see cref="T:System.IdentityModel.Selectors.StsCommunicationException" />-Klasse mit serialisierten Daten.</summary>
      <param name="info">Das <see cref="T:System.Runtime.Serialization.SerializationInfo" />-Objekt, das die serialisierten Objektdaten für die ausgelöste Ausnahme enthält.</param>
      <param name="context">Das <see cref="T:System.Runtime.Serialization.StreamingContext" />-Objekt, das die Kontextinformationen über die Quelle oder das Ziel enthält.</param>
    </member>
    <member name="M:System.IdentityModel.Selectors.StsCommunicationException.#ctor(System.String)">
      <summary>Initialisiert eine Instanz der <see cref="T:System.IdentityModel.Selectors.StsCommunicationException" />-Klasse mit der angegebenen Fehlermeldung.</summary>
      <param name="message">Die Meldung, in der der Fehler beschrieben wird.</param>
      <filterpriority>2</filterpriority>
    </member>
    <member name="M:System.IdentityModel.Selectors.StsCommunicationException.#ctor(System.String,System.Exception)">
      <summary>Initialisiert eine Instanz der <see cref="T:System.IdentityModel.Selectors.StsCommunicationException" />-Klasse mit der angegebenen Fehlermeldung und einem Verweis auf die innere Ausnahme, die diese Ausnahme ausgelöst hat.</summary>
      <param name="message">Die Meldung, in der der Fehler beschrieben wird.</param>
      <param name="innerException">Die Ausnahme, die die Ursache der aktuellen Ausnahme ist.</param>
      <filterpriority>2</filterpriority>
    </member>
    <member name="T:System.IdentityModel.Selectors.UnsupportedPolicyOptionsException">
      <summary>Gibt an, dass für das System, das nicht unterstützte Optionen enthielt, eine Richtlinie bereitgestellt wurde.</summary>
      <filterpriority>2</filterpriority>
    </member>
    <member name="M:System.IdentityModel.Selectors.UnsupportedPolicyOptionsException.#ctor">
      <summary>Initialisiert eine Instanz der <see cref="T:System.IdentityModel.Selectors.UnsupportedPolicyOptionsException" />-Klasse.</summary>
      <filterpriority>2</filterpriority>
    </member>
    <member name="M:System.IdentityModel.Selectors.UnsupportedPolicyOptionsException.#ctor(System.Runtime.Serialization.SerializationInfo,System.Runtime.Serialization.StreamingContext)">
      <summary>Initialisiert eine Instanz der <see cref="T:System.IdentityModel.Selectors.UnsupportedPolicyOptionsException" />-Klasse mit den angegebenen Serialisierungsinformationen und dem angegebenen Streaming-Kontext.</summary>
      <param name="info">Die <see cref="T:System.Runtime.Serialization.SerializationInfo" />, die die serialisierten Objektdaten für die ausgelöste Ausnahme enthält.</param>
      <param name="context">Der <see cref="T:System.Runtime.Serialization.StreamingContext" />, der die Kontextinformationen über die Quelle oder das Ziel enthält.</param>
    </member>
    <member name="M:System.IdentityModel.Selectors.UnsupportedPolicyOptionsException.#ctor(System.String)">
      <summary>Initialisiert eine Instanz der <see cref="T:System.IdentityModel.Selectors.UnsupportedPolicyOptionsException" />-Klasse mit der angegebenen Fehlermeldung.</summary>
      <param name="message">Die Fehlermeldung.</param>
      <filterpriority>2</filterpriority>
    </member>
    <member name="M:System.IdentityModel.Selectors.UnsupportedPolicyOptionsException.#ctor(System.String,System.Exception)">
      <summary>Initialisiert eine Instanz der <see cref="T:System.IdentityModel.Selectors.UnsupportedPolicyOptionsException" />-Klasse mit der angegebenen Fehlermeldung und der ursprünglichen Ausnahme, die diese Ausnahme verursacht hat.</summary>
      <param name="message">Die Fehlermeldung, in der die Ursache der Ausnahme erklärt wird.</param>
      <param name="innerException">Die ursprüngliche Ausnahme, die das Auslösen der Ausnahme verursacht hat.</param>
      <filterpriority>2</filterpriority>
    </member>
    <member name="T:System.IdentityModel.Selectors.UntrustedRecipientException">
      <summary>Die Ausnahme, die ausgelöst wird, wenn der Benutzer die Entität, die einen Token anfordert, nach Überprüfen der Informationen aus dem entsprechenden Zertifikat nicht als vertrauenswürdig einstuft.</summary>
      <filterpriority>2</filterpriority>
    </member>
    <member name="M:System.IdentityModel.Selectors.UntrustedRecipientException.#ctor">
      <summary>Initialisiert eine Instanz der <see cref="T:System.IdentityModel.Selectors.UntrustedRecipientException" />-Klasse.</summary>
      <filterpriority>2</filterpriority>
    </member>
    <member name="M:System.IdentityModel.Selectors.UntrustedRecipientException.#ctor(System.Runtime.Serialization.SerializationInfo,System.Runtime.Serialization.StreamingContext)">
      <summary>Initialisiert eine Instanz der <see cref="T:System.IdentityModel.Selectors.UntrustedRecipientException" />-Klasse mit serialisierten Daten.</summary>
      <param name="info">Das <see cref="T:System.Runtime.Serialization.SerializationInfo" />-Objekt, das die serialisierten Objektdaten für die ausgelöste Ausnahme enthält.</param>
      <param name="context">Das <see cref="T:System.Runtime.Serialization.StreamingContext" />-Objekt, das die Kontextinformationen über die Quelle oder das Ziel enthält.</param>
    </member>
    <member name="M:System.IdentityModel.Selectors.UntrustedRecipientException.#ctor(System.String)">
      <summary>Initialisiert eine Instanz der <see cref="T:System.IdentityModel.Selectors.UntrustedRecipientException" />-Klasse mit der angegebenen Fehlermeldung.</summary>
      <param name="message">Die Meldung, in der der Fehler beschrieben wird.</param>
      <filterpriority>2</filterpriority>
    </member>
    <member name="M:System.IdentityModel.Selectors.UntrustedRecipientException.#ctor(System.String,System.Exception)">
      <summary>Initialisiert eine Instanz der <see cref="T:System.IdentityModel.Selectors.UntrustedRecipientException" />-Klasse mit der angegebenen Fehlermeldung und einem Verweis auf die innere Ausnahme, die diese Ausnahme ausgelöst hat.</summary>
      <param name="message">Die Meldung, in der der Fehler beschrieben wird.</param>
      <param name="innerException">Die Ausnahme, die die Ursache der aktuellen Ausnahme ist.</param>
      <filterpriority>2</filterpriority>
    </member>
    <member name="T:System.IdentityModel.Selectors.UserCancellationException">
      <summary>Die Ausnahme, die ausgelöst wird, wenn der Benutzer während des <see cref="M:System.IdentityModel.Selectors.CardSpaceSelector.GetToken(System.IdentityModel.Selectors.CardSpacePolicyElement[],System.IdentityModel.Selectors.SecurityTokenSerializer)" />-Aufrufs einen Vorgang abbricht.</summary>
      <filterpriority>2</filterpriority>
    </member>
    <member name="M:System.IdentityModel.Selectors.UserCancellationException.#ctor">
      <summary>Initialisiert eine Instanz der <see cref="T:System.IdentityModel.Selectors.UserCancellationException" />-Klasse.</summary>
      <filterpriority>2</filterpriority>
    </member>
    <member name="M:System.IdentityModel.Selectors.UserCancellationException.#ctor(System.Runtime.Serialization.SerializationInfo,System.Runtime.Serialization.StreamingContext)">
      <summary>Initialisiert eine Instanz der <see cref="T:System.IdentityModel.Selectors.UserCancellationException" />-Klasse mit serialisierten Daten.</summary>
      <param name="info">Das <see cref="T:System.Runtime.Serialization.SerializationInfo" />-Objekt, das die serialisierten Objektdaten für die ausgelöste Ausnahme enthält.</param>
      <param name="context">Das <see cref="T:System.Runtime.Serialization.StreamingContext" />-Objekt, das die Kontextinformationen über die Quelle oder das Ziel enthält.</param>
    </member>
    <member name="M:System.IdentityModel.Selectors.UserCancellationException.#ctor(System.String)">
      <summary>Initialisiert eine Instanz der <see cref="T:System.IdentityModel.Selectors.UserCancellationException" />-Klasse mit der angegebenen Fehlermeldung.</summary>
      <param name="message">Die Meldung, in der der Fehler beschrieben wird.</param>
      <filterpriority>2</filterpriority>
    </member>
    <member name="M:System.IdentityModel.Selectors.UserCancellationException.#ctor(System.String,System.Exception)">
      <summary>Initialisiert eine Instanz der <see cref="T:System.IdentityModel.Selectors.UserCancellationException" />-Klasse mit der angegebenen Fehlermeldung und einem Verweis auf die innere Ausnahme, die diese Ausnahme ausgelöst hat.</summary>
      <param name="message">Die Meldung, in der der Fehler beschrieben wird.</param>
      <param name="innerException">Die Ausnahme, die die Ursache der aktuellen Ausnahme ist.</param>
      <filterpriority>2</filterpriority>
    </member>
  </members>
</doc>