﻿<?xml version="1.0" encoding="utf-8"?>
<doc>
  <assembly>
    <name>System.Web.Entity</name>
  </assembly>
  <members>
    <member name="T:System.Web.UI.WebControls.EntityDataSource">
      <summary>Stellt ein Entity Data Model (EDM) für datengebundene Steuerelemente in einer ASP.NET-Anwendung dar.</summary>
    </member>
    <member name="M:System.Web.UI.WebControls.EntityDataSource.#ctor">
      <summary>Initialisiert eine neue Instanz der <see cref="T:System.Web.UI.WebControls.EntityDataSource" />-Klasse.</summary>
    </member>
    <member name="M:System.Web.UI.WebControls.EntityDataSource.#ctor(System.Data.EntityClient.EntityConnection)">
      <summary>Initialisiert eine neue Instanz der <see cref="T:System.Web.UI.WebControls.EntityDataSource" />-Klasse mit der angegebenen Verbindung.</summary>
      <param name="connection">Eine <see cref="T:System.Data.EntityClient.EntityConnection" /> für das Entity Data Model (EDM).</param>
    </member>
    <member name="P:System.Web.UI.WebControls.EntityDataSource.AutoGenerateOrderByClause">
      <summary>Ruft einen Wert ab, der angibt, ob das <see cref="T:System.Web.UI.WebControls.EntityDataSource" />-Steuerelement anhand von Werten in der <see cref="P:System.Data.WebControls.EntityDataSource.OrderByParameters" />-Auflistung dynamisch eine Order By-Klausel erstellt, oder legt diesen fest.</summary>
      <returns>true, wenn vom <see cref="T:System.Web.UI.WebControls.EntityDataSource" />-Steuerelement die OrderBy-Klausel erstellt wird, andernfalls false. Der Standardwert ist false.</returns>
      <exception cref="T:System.InvalidOperationException">Wenn die <see cref="P:System.Web.UI.WebControls.EntityDataSource.AutoGenerateOrderByClause" />-Eigenschaft auf true festgelegt wird und die <see cref="P:System.Web.UI.WebControls.EntityDataSource.OrderBy" />-Eigenschaft nicht NULL ist.</exception>
    </member>
    <member name="P:System.Web.UI.WebControls.EntityDataSource.AutoGenerateWhereClause">
      <summary>Ruft einen Wert ab, der angibt, ob das <see cref="T:System.Web.UI.WebControls.EntityDataSource" />-Steuerelement anhand von in der <see cref="P:System.Web.UI.WebControls.EntityDataSource.WhereParameters" />-Auflistung definierten Werten dynamisch eine Where-Klausel erstellt, oder legt diesen fest.</summary>
      <returns>true, wenn das <see cref="T:System.Web.UI.WebControls.EntityDataSource" />-Steuerelement die Where-Klausel erstellt; andernfalls false. Der Standardwert ist false.</returns>
      <exception cref="T:System.InvalidOperationException">Wenn die <see cref="P:System.Web.UI.WebControls.EntityDataSource.AutoGenerateWhereClause" />-Eigenschaft auf true festgelegt wird und die <see cref="P:System.Web.UI.WebControls.EntityDataSource.Where" />-Eigenschaft nicht NULL ist.</exception>
    </member>
    <member name="P:System.Web.UI.WebControls.EntityDataSource.AutoPage">
      <summary>Ruft einen Wert ab, der angibt, ob das <see cref="T:System.Web.UI.WebControls.EntityDataSource" />-Steuerelement die Navigation durch Datenabschnitte zur Laufzeit unterstützt, oder legt diesen fest.</summary>
      <returns>true, wenn der Benutzer seitenweise in den Daten navigieren kann, andernfalls false. Der Standardwert ist true.</returns>
    </member>
    <member name="P:System.Web.UI.WebControls.EntityDataSource.AutoSort">
      <summary>Ruft einen Wert ab, der angibt, ob das <see cref="T:System.Web.UI.WebControls.EntityDataSource" />-Steuerelement das Sortieren der Daten zur Laufzeit unterstützt, oder legt diesen fest.</summary>
      <returns>true, wenn der Benutzer die Daten sortieren kann, andernfalls false. Der Standardwert ist true.</returns>
    </member>
    <member name="P:System.Web.UI.WebControls.EntityDataSource.CommandParameters">
      <summary>Ruft die Parameterauflistung für die Abfrage ab.</summary>
      <returns>Eine <see cref="T:System.Web.UI.WebControls.ParameterCollection" />, die die Parameter enthält, die an den Abfragebefehl übergeben werden.</returns>
    </member>
    <member name="P:System.Web.UI.WebControls.EntityDataSource.CommandText">
      <summary>Ruft einen Entity SQL-Befehl ab, der die Abfrage definiert, oder legt diesen fest.</summary>
      <returns>Ein string-Wert, der die Entity SQL-Abfrage darstellt.</returns>
    </member>
    <member name="P:System.Web.UI.WebControls.EntityDataSource.ConnectionString">
      <summary>Ruft die Verbindungszeichenfolge ab, die verwendet wird, um die Abfrage auszuführen, oder legt diese fest.</summary>
      <returns>Die Verbindungszeichenfolge für die Abfrage.</returns>
    </member>
    <member name="E:System.Web.UI.WebControls.EntityDataSource.ContextCreated">
      <summary>Tritt ein, wenn die <see cref="T:System.Web.UI.WebControls.EntityDataSource" /> den <see cref="T:System.Data.Objects.ObjectContext" /> erstellt hat, der verwendet wird, um mit Entitätsdatenobjekten zu arbeiten.</summary>
    </member>
    <member name="E:System.Web.UI.WebControls.EntityDataSource.ContextCreating">
      <summary>Tritt ein, wenn die <see cref="T:System.Web.UI.WebControls.EntityDataSource" /> den <see cref="T:System.Data.Objects.ObjectContext" /> erstellt, der verwendet wird, um mit Entitätsdatenobjekten zu arbeiten.</summary>
    </member>
    <member name="E:System.Web.UI.WebControls.EntityDataSource.ContextDisposing">
      <summary>Tritt ein, bevor ein <see cref="T:System.Data.Objects.ObjectContext" /> verworfen wird.</summary>
    </member>
    <member name="P:System.Web.UI.WebControls.EntityDataSource.ContextType">
      <summary>Ruft den typisierten <see cref="T:System.Data.Objects.ObjectContext" /> ab, der vom <see cref="T:System.Web.UI.WebControls.EntityDataSource" />-Steuerelement verwendet wird.</summary>
      <returns>Ein von <see cref="T:System.Data.Objects.ObjectContext" /> abgeleitetes Objekt.</returns>
    </member>
    <member name="P:System.Web.UI.WebControls.EntityDataSource.ContextTypeName">
      <summary>Ruft den vollqualifizierten Namen des typisierten <see cref="T:System.Data.Objects.ObjectContext" /> ab, der vom <see cref="T:System.Web.UI.WebControls.EntityDataSource" />-Steuerelement verwendet wird.</summary>
      <returns>Ein <see cref="T:System.String" />, der den vollqualifizierten Namen des Typs darstellt.</returns>
    </member>
    <member name="M:System.Web.UI.WebControls.EntityDataSource.CreateView">
      <summary>Erstellt eine neue Instanz der <see cref="T:System.Web.UI.WebControls.EntityDataSourceView" />, die mit diesem Steuerelement verknüpft ist.</summary>
      <returns>Ein Objekt, das als Schnittstelle für datengebundene Steuerelemente fungiert.</returns>
    </member>
    <member name="P:System.Web.UI.WebControls.EntityDataSource.DefaultContainerName">
      <summary>Ruft den Standardcontainernamen ab oder legt diesen fest.</summary>
      <returns>Ein <see cref="T:System.String" />, der den Standardcontainernamen darstellt.</returns>
    </member>
    <member name="E:System.Web.UI.WebControls.EntityDataSource.Deleted">
      <summary>Tritt ein, nachdem ein Objekt aus der Datenquelle gelöscht wurde.</summary>
    </member>
    <member name="P:System.Web.UI.WebControls.EntityDataSource.DeleteParameters">
      <summary>Ruft die Auflistung der während eines Löschvorgangs verwendeten Parameter ab.</summary>
      <returns>Die Parameter, die während eines Löschvorgangs verwendet werden.</returns>
    </member>
    <member name="E:System.Web.UI.WebControls.EntityDataSource.Deleting">
      <summary>Tritt ein, bevor ein Objekt aus der Datenquelle gelöscht wird.</summary>
    </member>
    <member name="P:System.Web.UI.WebControls.EntityDataSource.EnableDelete">
      <summary>Ruft einen Wert ab, der angibt, ob Objekte über das <see cref="T:System.Web.UI.WebControls.EntityDataSource" />-Steuerelement gelöscht werden können, oder legt diesen fest.</summary>
      <returns>true, wenn automatische Löschvorgänge aktiviert sind, andernfalls false. Der Standardwert ist false.</returns>
    </member>
    <member name="P:System.Web.UI.WebControls.EntityDataSource.EnableFlattening">
      <summary>Ruft den Wert ab, der angibt, ob die Wrappererstellung deaktiviert werden soll, oder legt ihn fest.</summary>
      <returns>True, wenn die Eigenschaften vereinfacht werden, andernfalls false.</returns>
    </member>
    <member name="P:System.Web.UI.WebControls.EntityDataSource.EnableInsert">
      <summary>Ruft einen Wert ab, der angibt, ob Objekte über das <see cref="T:System.Web.UI.WebControls.EntityDataSource" />-Steuerelement hinzugefügt werden können, oder legt diesen fest.</summary>
      <returns>true, wenn automatische Einfügevorgänge aktiviert sind, andernfalls false. Der Standardwert ist false.</returns>
    </member>
    <member name="P:System.Web.UI.WebControls.EntityDataSource.EnableUpdate">
      <summary>Ruft einen Wert ab, der angibt, ob Objekte über das <see cref="T:System.Web.UI.WebControls.EntityDataSource" />-Steuerelement geändert werden können, oder legt diesen fest.</summary>
      <returns>true, wenn automatische Aktualisierungsvorgänge aktiviert sind, andernfalls false. Der Standardwert ist false.</returns>
    </member>
    <member name="P:System.Web.UI.WebControls.EntityDataSource.EntitySetName">
      <summary>Ruft den Namen des durch das <see cref="T:System.Web.UI.WebControls.EntityDataSource" />-Steuerelement verwendeten Entitätssatzes ab oder legt diesen fest.</summary>
      <returns>Der Name des Entitätssatzes.</returns>
    </member>
    <member name="P:System.Web.UI.WebControls.EntityDataSource.EntityTypeFilter">
      <summary>Ruft den Ausdruck ab, der die Abfrage auf Ergebnisse eines bestimmten abgeleiteten Typs beschränkt, oder legt diesen fest.</summary>
      <returns>Der Filterausdruck.</returns>
    </member>
    <member name="M:System.Web.UI.WebControls.EntityDataSource.GetView(System.String)">
      <summary>Ruft die benannte Datenquellenansicht ab, die dem Datenquellen-Steuerelement zugeordnet ist.</summary>
      <returns>Das dem <see cref="T:System.Web.UI.WebControls.EntityDataSource" />-Steuerelement zugeordnete <see cref="T:System.Web.UI.WebControls.EntityDataSourceView" />-Steuerelement.</returns>
      <param name="viewName">Der Name der abzurufenden Ansicht. Da das <see cref="T:System.Web.UI.WebControls.EntityDataSource" />-Steuerelement nur eine Ansicht unterstützt, wird <paramref name="viewName" /> ignoriert.</param>
    </member>
    <member name="M:System.Web.UI.WebControls.EntityDataSource.GetViewNames">
      <summary>Ruft eine Auflistung von Namen ab, die die Liste der Ansichtsobjekte darstellt, die dem <see cref="T:System.Web.UI.WebControls.EntityDataSource" />-Steuerelement zugeordnet sind.</summary>
      <returns>Eine <see cref="T:System.Collections.ICollection" />, die die Namen der Ansichten enthält, die dem <see cref="T:System.Web.UI.WebControls.EntityDataSource" />-Steuerelement zugeordnet sind.</returns>
    </member>
    <member name="P:System.Web.UI.WebControls.EntityDataSource.GroupBy">
      <summary>Ruft den Entity SQL-Ausdruck ab, der angibt, wie die Abfrageergebnisse gruppiert werden sollen, oder legt diesen fest.</summary>
      <returns>Die GROUP BY-Klausel.</returns>
    </member>
    <member name="P:System.Web.UI.WebControls.EntityDataSource.Include">
      <summary>Ruft den Ausdruck ab, der die verwandten Objekte angibt, die in den Abfrageergebnissen enthalten sein sollen, oder legt diesen fest.</summary>
      <returns>Durch Trennzeichen getrennte Liste von Abfragepfaden zur Rückgabe in den Abfrageergebnissen.</returns>
    </member>
    <member name="E:System.Web.UI.WebControls.EntityDataSource.Inserted">
      <summary>Tritt ein, nachdem ein neues Objekt in der Datenquelle erstellt wurde.</summary>
    </member>
    <member name="E:System.Web.UI.WebControls.EntityDataSource.Inserting">
      <summary>Tritt ein, bevor ein neues Objekt in der Datenquelle beibehalten wird.</summary>
    </member>
    <member name="P:System.Web.UI.WebControls.EntityDataSource.InsertParameters">
      <summary>Ruft die Auflistung der während eines Einfügevorgangs verwendeten Parameter ab.</summary>
      <returns>Die Parameter, die während eines Einfügevorgangs verwendet werden.</returns>
    </member>
    <member name="M:System.Web.UI.WebControls.EntityDataSource.LoadControlState(System.Object)">
      <summary>Lädt den Zustand der beizubehaltenden Eigenschaften im <see cref="T:System.Web.UI.WebControls.EntityDataSource" />-Steuerelement.</summary>
      <param name="savedState">Das <see cref="T:System.Object" />, das Zustandsinformationen enthält.</param>
    </member>
    <member name="M:System.Web.UI.WebControls.EntityDataSource.OnInit(System.EventArgs)">
      <summary>Fügt einen <see cref="E:System.Web.UI.Page.LoadComplete" />-Ereignishandler zum <see cref="T:System.Web.UI.Page" />-Steuerelement hinzu, das das <see cref="T:System.Web.UI.WebControls.EntityDataSource" />-Steuerelement enthält.</summary>
      <param name="e">Ein <see cref="T:System.EventArgs" />-Objekt, das Ereignisdaten enthält.</param>
    </member>
    <member name="M:System.Web.UI.WebControls.EntityDataSource.OnUnload(System.EventArgs)">
      <summary>Löst das <see cref="E:System.Web.UI.Control.Unload" />-Ereignis aus.</summary>
      <param name="e">Ein <see cref="T:System.EventArgs" />-Objekt, das Ereignisdaten enthält.</param>
    </member>
    <member name="P:System.Web.UI.WebControls.EntityDataSource.OrderBy">
      <summary>Ruft den Entity SQL-Ausdruck ab, der angibt, wie die Abfrageergebnisse sortiert werden sollen, oder legt diesen fest.</summary>
      <returns>Die ORDER BY-Klausel.</returns>
    </member>
    <member name="P:System.Web.UI.WebControls.EntityDataSource.OrderByParameters">
      <summary>Ruft die Auflistung der zum Erstellen der Order By-Klausel verwendeten Parameter ab.</summary>
      <returns>Die Parameter, die zum Erstellen der Order By-Klausel verwendet werden.</returns>
    </member>
    <member name="E:System.Web.UI.WebControls.EntityDataSource.QueryCreated">
      <summary>Tritt auf, nachdem von <see cref="E:System.Web.UI.WebControls.EntityDataSource" /> eine Entity SQL-Abfrage erstellt wurde, die während der Konfiguration des <see cref="T:System.Web.UI.WebControls.EntityDataSource" />-Steuerelements angegeben wurde.</summary>
    </member>
    <member name="M:System.Web.UI.WebControls.EntityDataSource.SaveControlState">
      <summary>Speichert den Zustand der beizubehaltenden Eigenschaften im <see cref="T:System.Web.UI.WebControls.EntityDataSource" />-Steuerelement.</summary>
      <returns>Das <see cref="T:System.Object" />, das Zustandsinformationen enthält.</returns>
    </member>
    <member name="P:System.Web.UI.WebControls.EntityDataSource.Select">
      <summary>Ruft die Projektion ab, die die Eigenschaften definiert, die in den Abfrageergebnissen enthalten sein sollen, oder legt diese fest.</summary>
      <returns>Die Parameter, die zum Erstellen der Order By-Klausel verwendet werden.</returns>
      <exception cref="T:System.InvalidOperationException">Wenn die <see cref="P:System.Web.UI.WebControls.EntityDataSource.Select" />-Eigenschaft eine Abfrageprojektion angibt und der Wert von <see cref="P:System.Web.UI.WebControls.EntityDataSource.EnableUpdate" />, <see cref="P:System.Web.UI.WebControls.EntityDataSource.EnableDelete" /> oder <see cref="P:System.Web.UI.WebControls.EntityDataSource.EnableInsert" /> gleich true ist.</exception>
    </member>
    <member name="E:System.Web.UI.WebControls.EntityDataSource.Selected">
      <summary>Tritt ein, nachdem eine Abfrage ausgeführt wurde.</summary>
    </member>
    <member name="E:System.Web.UI.WebControls.EntityDataSource.Selecting">
      <summary>Tritt ein, bevor eine Abfrage erstellt und ausgeführt wird.</summary>
    </member>
    <member name="P:System.Web.UI.WebControls.EntityDataSource.SelectParameters">
      <summary>Ruft die Auflistung von Parametern ab, die zum Erstellen der Projektion verwendet werden.</summary>
      <returns>Die Parameter, die zum Erstellen der Projektion verwendet werden.</returns>
    </member>
    <member name="P:System.Web.UI.WebControls.EntityDataSource.StoreOriginalValuesInViewState">
      <summary>Ruft einen Wert ab, der angibt, ob die Daten von der Datenquelle im Ansichtszustand gespeichert werden sollen, um sicherzustellen, dass die Daten nicht vor dem Aktualisieren oder Löschen von einem anderen Prozess geändert wurden.</summary>
      <returns>true, wenn die Werte im Ansichtszustand gespeichert werden, andernfalls false. Der Standardwert ist true.</returns>
    </member>
    <member name="E:System.Web.UI.WebControls.EntityDataSource.System#Web#DynamicData#IDynamicDataSource#Exception">
      <summary>Tritt bei Validierungsfehlern in einer partiellen Methode auf oder wenn eine Ausnahme ausgelöst wird.</summary>
    </member>
    <member name="M:System.Web.UI.WebControls.EntityDataSource.System#Web#UI#WebControls#IQueryableDataSource#RaiseViewChanged">
      <summary>Benachrichtigt das datengebundene Steuerelement, dass ein Parameterobjekt geändert wurde, und dass das datengebundene Steuerelement aktualisiert werden muss.</summary>
    </member>
    <member name="M:System.Web.UI.WebControls.EntityDataSource.TrackViewState">
      <summary>Veranlasst die Überwachung von Änderungen am Ansichtszustand des Serversteuerelements, sodass die Änderungen im <see cref="T:System.Web.UI.StateBag" />-Objekt des Serversteuerelements gespeichert werden können. Auf dieses Objekt kann über die <see cref="P:System.Web.UI.Control.ViewState" />-Eigenschaft zugegriffen werden.</summary>
    </member>
    <member name="E:System.Web.UI.WebControls.EntityDataSource.Updated">
      <summary>Tritt ein, nachdem Änderungen an einem Objekt in der Datenquelle beibehalten wurden.</summary>
    </member>
    <member name="P:System.Web.UI.WebControls.EntityDataSource.UpdateParameters">
      <summary>Ruft die Auflistung der während eines Aktualisierungsvorgangs verwendeten Parameter ab.</summary>
      <returns>Die Parameter, die während eines Aktualisierungsvorgangs verwendet werden.</returns>
    </member>
    <member name="E:System.Web.UI.WebControls.EntityDataSource.Updating">
      <summary>Tritt ein, bevor Änderungen an einem Objekt in der Datenquelle beibehalten werden.</summary>
    </member>
    <member name="P:System.Web.UI.WebControls.EntityDataSource.Where">
      <summary>Ruft den Entity SQL-Ausdruck ab, der angibt, wie die Abfrageergebnisse gefiltert werden sollen, oder legt diesen fest.</summary>
      <returns>Die where-Klausel.</returns>
    </member>
    <member name="P:System.Web.UI.WebControls.EntityDataSource.WhereParameters">
      <summary>Ruft die Auflistung von Parametern ab, die zum Erstellen der Where-Klausel verwendet werden.</summary>
      <returns>Die Parameter, die zum Erstellen der Where-Klausel verwendet werden.</returns>
    </member>
    <member name="T:System.Web.UI.WebControls.EntityDataSourceChangedEventArgs">
      <summary>Stellt Daten für die Ereignisse <see cref="E:System.Web.UI.WebControls.EntityDataSource.Inserted" />, <see cref="E:System.Web.UI.WebControls.EntityDataSource.Updated" /> und <see cref="E:System.Web.UI.WebControls.EntityDataSource.Deleted" /> bereit.</summary>
    </member>
    <member name="P:System.Web.UI.WebControls.EntityDataSourceChangedEventArgs.Context">
      <summary>Ruft den von der Datenquelle verwendeten <see cref="T:System.Data.Objects.ObjectContext" /> ab.</summary>
      <returns>Der von der Datenquelle verwendete Kontext.</returns>
    </member>
    <member name="P:System.Web.UI.WebControls.EntityDataSourceChangedEventArgs.Entity">
      <summary>Ruft das Objekt ab, das hinzugefügt, geändert oder aktualisiert wurde.</summary>
      <returns>Ein <see cref="T:System.Object" />, das die Entität darstellt.</returns>
    </member>
    <member name="P:System.Web.UI.WebControls.EntityDataSourceChangedEventArgs.Exception">
      <summary>Ruft die Ausnahme ab, die während des Einfügens, Aktualisierens oder Löschens ausgelöst wurde.</summary>
      <returns>Die Ausnahme, wenn ein Fehler aufgetreten ist; andernfalls ein null-Verweis (Nothing in Visual Basic).</returns>
    </member>
    <member name="P:System.Web.UI.WebControls.EntityDataSourceChangedEventArgs.ExceptionHandled">
      <summary>Ruft einen Wert ab, der angibt, ob die Ausnahme behandelt wurde und dass diese nicht erneut ausgelöst werden soll, oder legt diesen fest.</summary>
      <returns>true, wenn die Ausnahme behandelt wurde, andernfalls false.</returns>
    </member>
    <member name="T:System.Web.UI.WebControls.EntityDataSourceChangingEventArgs">
      <summary>Stellt Daten für die Ereignisse <see cref="E:System.Web.UI.WebControls.EntityDataSource.Inserting" />, <see cref="E:System.Web.UI.WebControls.EntityDataSource.Updating" /> und <see cref="E:System.Web.UI.WebControls.EntityDataSource.Deleting" /> bereit.</summary>
    </member>
    <member name="P:System.Web.UI.WebControls.EntityDataSourceChangingEventArgs.Context">
      <summary>Ruft den von der Datenquelle verwendeten <see cref="T:System.Data.Objects.ObjectContext" /> ab.</summary>
      <returns>Der von der Datenquelle verwendete Objektkontext.</returns>
    </member>
    <member name="P:System.Web.UI.WebControls.EntityDataSourceChangingEventArgs.Entity">
      <summary>Ruft das Objekt ab, das hinzugefügt, geändert oder aktualisiert wurde.</summary>
      <returns>Ein <see cref="T:System.Object" />, das die Entität darstellt.</returns>
    </member>
    <member name="P:System.Web.UI.WebControls.EntityDataSourceChangingEventArgs.Exception">
      <summary>Ruft die Ausnahme ab, die ausgelöst wurde, während die Daten vor dem Einfüge-, Aktualisierungs- oder Löschvorgang validiert wurden.</summary>
      <returns>Die Ausnahme, wenn ein Fehler aufgetreten ist; andernfalls ein null-Verweis (Nothing in Visual Basic).</returns>
    </member>
    <member name="P:System.Web.UI.WebControls.EntityDataSourceChangingEventArgs.ExceptionHandled">
      <summary>Ruft einen Wert ab, der angibt, ob die Ausnahme behandelt wurde und dass diese nicht erneut ausgelöst werden soll, oder legt diesen fest.</summary>
      <returns>true, wenn die Ausnahme behandelt wurde, andernfalls false.</returns>
    </member>
    <member name="T:System.Web.UI.WebControls.EntityDataSourceContextCreatedEventArgs">
      <summary>Stellt Daten für das <see cref="E:System.Web.UI.WebControls.EntityDataSource.ContextCreated" />-Ereignis bereit.</summary>
    </member>
    <member name="P:System.Web.UI.WebControls.EntityDataSourceContextCreatedEventArgs.Context">
      <summary>Ruft den von der Datenquelle verwendeten <see cref="T:System.Data.Objects.ObjectContext" /> ab.</summary>
      <returns>Der von der Datenquelle verwendete Objektkontext.</returns>
    </member>
    <member name="T:System.Web.UI.WebControls.EntityDataSourceContextCreatingEventArgs">
      <summary>Stellt Daten für das <see cref="E:System.Web.UI.WebControls.EntityDataSource.ContextCreating" />-Ereignis bereit.</summary>
    </member>
    <member name="P:System.Web.UI.WebControls.EntityDataSourceContextCreatingEventArgs.Context">
      <summary>Ruft den <see cref="T:System.Data.Objects.ObjectContext" /> ab, der von der Datenquelle verwendet wird.</summary>
      <returns>Der Objektkontext, der von der Datenquelle verwendet wird.</returns>
    </member>
    <member name="T:System.Web.UI.WebControls.EntityDataSourceContextDisposingEventArgs">
      <summary>Stellt Daten für das <see cref="E:System.Web.UI.WebControls.EntityDataSource.ContextDisposing" />-Ereignis bereit.</summary>
    </member>
    <member name="P:System.Web.UI.WebControls.EntityDataSourceContextDisposingEventArgs.Context">
      <summary>Ruft den von der Datenquelle verwendeten <see cref="T:System.Data.Objects.ObjectContext" /> ab.</summary>
      <returns>Der von der Datenquelle verwendete Objektkontext.</returns>
    </member>
    <member name="T:System.Web.UI.WebControls.EntityDataSourceSelectedEventArgs">
      <summary>Stellt Daten für das <see cref="E:System.Web.UI.WebControls.EntityDataSource.Selected" />-Ereignis bereit.</summary>
    </member>
    <member name="P:System.Web.UI.WebControls.EntityDataSourceSelectedEventArgs.Context">
      <summary>Ruft den von der Datenquelle verwendeten <see cref="T:System.Data.Objects.ObjectContext" /> ab.</summary>
      <returns>Der von der Datenquelle verwendete Kontext.</returns>
    </member>
    <member name="P:System.Web.UI.WebControls.EntityDataSourceSelectedEventArgs.Exception">
      <summary>Ruft die während der Abfrage ausgelöste Ausnahme ab.</summary>
      <returns>Die Ausnahme, wenn ein Fehler aufgetreten ist; andernfalls ein null-Verweis (Nothing in Visual Basic).</returns>
    </member>
    <member name="P:System.Web.UI.WebControls.EntityDataSourceSelectedEventArgs.ExceptionHandled">
      <summary>Ruft einen Wert ab, der angibt, ob die Ausnahme behandelt wurde und dass diese nicht erneut ausgelöst werden soll, oder legt diesen fest.</summary>
      <returns>true, wenn die Ausnahme behandelt wurde, andernfalls false.</returns>
    </member>
    <member name="P:System.Web.UI.WebControls.EntityDataSourceSelectedEventArgs.Results">
      <summary>Ruft die Objekte ab, die von der Abfrage zurückgegeben wurden.</summary>
      <returns>Das von der Abfrage zurückgegebene Objekt.</returns>
    </member>
    <member name="P:System.Web.UI.WebControls.EntityDataSourceSelectedEventArgs.SelectArguments">
      <summary>Ruft Werte ab, die bestimmen, wie die Daten zurückgegeben werden.</summary>
      <returns>Ein Objekt mit Werten, die bestimmen, wie die Daten zurückgegeben werden.</returns>
    </member>
    <member name="P:System.Web.UI.WebControls.EntityDataSourceSelectedEventArgs.TotalRowCount">
      <summary>Ruft die Gesamtzahl der Objekte ab, die von der Abfrage zurückgegeben wurden.</summary>
      <returns>Die Gesamtzahl der Objekte, die zurückgegeben wurden.</returns>
    </member>
    <member name="T:System.Web.UI.WebControls.EntityDataSourceSelectingEventArgs">
      <summary>Stellt Daten für das <see cref="E:System.Web.UI.WebControls.EntityDataSource.Selecting" />-Ereignis bereit.</summary>
    </member>
    <member name="P:System.Web.UI.WebControls.EntityDataSourceSelectingEventArgs.DataSource">
      <summary>Ruft die <see cref="T:System.Web.UI.WebControls.EntityDataSource" /> Instanz ab, die das <see cref="E:System.Web.UI.WebControls.EntityDataSource.Selecting" />-Ereignis ausgelöst hat.</summary>
      <returns>Die Datenquelle, die das <see cref="E:System.Web.UI.WebControls.EntityDataSource.Selecting" />-Ereignis ausgelöst hat.</returns>
    </member>
    <member name="P:System.Web.UI.WebControls.EntityDataSourceSelectingEventArgs.SelectArguments">
      <summary>Ruft Werte ab, die bestimmen, wie die Daten zurückgegeben werden.</summary>
      <returns>Ein Objekt mit Werten, die bestimmen, wie die Daten zurückgegeben werden.</returns>
    </member>
    <member name="T:System.Web.UI.WebControls.EntityDataSourceValidationException">
      <summary>Stellt Fehler dar, die beim Überprüfen der Eigenschaften einer dynamischen Datenquelle auftreten.</summary>
    </member>
    <member name="M:System.Web.UI.WebControls.EntityDataSourceValidationException.#ctor">
      <summary>Erstellt eine neue Instanz der <see cref="T:System.Web.UI.WebControls.EntityDataSourceValidationException" />-Klasse mit einer vom System bereitgestellten Meldung, die den Fehler beschreibt.</summary>
    </member>
    <member name="M:System.Web.UI.WebControls.EntityDataSourceValidationException.#ctor(System.String)">
      <summary>Erstellt eine neue Instanz der <see cref="T:System.Web.UI.WebControls.EntityDataSourceValidationException" />-Klasse mit einer angegebenen Meldung, die den Fehler beschreibt.</summary>
      <param name="message">Die Meldung, in der die Ausnahme beschrieben wird Der Aufrufer dieses Konstruktors muss sicherstellen, dass diese Zeichenfolge für die aktuelle Systemkultur lokalisiert wurde.</param>
    </member>
    <member name="M:System.Web.UI.WebControls.EntityDataSourceValidationException.#ctor(System.String,System.Exception)">
      <summary>Erstellt eine neue Instanz der <see cref="T:System.Web.UI.WebControls.EntityDataSourceValidationException" />-Klasse mit einer angegebenen Fehlermeldung und einem Verweis auf die innere Ausnahme, die die Ursache dieser Ausnahme ist.</summary>
      <param name="message">Die Meldung, in der die Ausnahme beschrieben wird Der Aufrufer dieses Konstruktors muss sicherstellen, dass diese Zeichenfolge für die aktuelle Systemkultur lokalisiert wurde.</param>
      <param name="innerException">Die Ausnahme, die die Ursache der aktuellen Ausnahme ist. Wenn der <paramref name="innerException" />-Parameter nicht null ist, wird die aktuelle Ausnahme in einem catch-Block ausgelöst, der die innere Ausnahme behandelt.</param>
    </member>
    <member name="P:System.Web.UI.WebControls.EntityDataSourceValidationException.System#Web#DynamicData#IDynamicValidatorException#InnerExceptions">
      <summary>Ruft die Ausnahmen ab, die beim Überprüfen eines neuen oder bearbeiteten Datenfelds auftreten.</summary>
      <returns>Eine Auflistung, die alle aufgetretenen Ausnahmen enthält.</returns>
    </member>
    <member name="T:System.Web.UI.WebControls.EntityDataSourceView">
      <summary>Unterstützt das <see cref="T:System.Web.UI.WebControls.EntityDataSource" />-Steuerelement und stellt eine Schnittstelle für datengebundene Steuerelemente zum Ausführen von Abfragen und anderen Vorgängen mit relationalen Entitätsdaten bereit.</summary>
    </member>
    <member name="M:System.Web.UI.WebControls.EntityDataSourceView.#ctor(System.Web.UI.WebControls.EntityDataSource,System.String)">
      <summary>Initialisiert eine neue Instanz der <see cref="T:System.Web.UI.WebControls.EntityDataSourceView" />-Klasse, die das angegebene <see cref="T:System.Web.UI.WebControls.EntityDataSource" />-Steuerelement als Besitzer der aktuellen Ansicht festlegt.</summary>
      <param name="owner">Das dem <see cref="T:System.Web.UI.WebControls.EntityDataSourceView" />-Objekt zugeordnete Datenquellen-Steuerelement.</param>
      <param name="viewName">Ein eindeutiger Name für die Datenquellenansicht, die innerhalb des Gültigkeitsbereichs des besitzenden Datenquellen-Steuerelements liegt.</param>
    </member>
    <member name="P:System.Web.UI.WebControls.EntityDataSourceView.CanDelete">
      <summary>Ruft einen Wert ab, der angibt, ob das <see cref="T:System.Web.UI.WebControls.EntityDataSourceView" />-Objekt, das dem aktuellen <see cref="T:System.Web.UI.WebControls.EntityDataSource" />-Steuerelement zugeordnet ist, den Löschvorgang unterstützt.</summary>
      <returns>true, wenn der Vorgang unterstützt wird, andernfalls false.</returns>
    </member>
    <member name="P:System.Web.UI.WebControls.EntityDataSourceView.CanInsert">
      <summary>Ruft einen Wert ab, der angibt, ob das <see cref="T:System.Web.UI.WebControls.EntityDataSourceView" />-Objekt, das dem aktuellen <see cref="T:System.Web.UI.WebControls.EntityDataSource" />-Steuerelement zugeordnet ist, den Einfügevorgang unterstützt.</summary>
      <returns>true, wenn der Vorgang unterstützt wird, andernfalls false.</returns>
    </member>
    <member name="P:System.Web.UI.WebControls.EntityDataSourceView.CanPage">
      <summary>Ruft einen Wert ab, der angibt, ob das Paging der abgerufenen Daten vom <see cref="T:System.Web.UI.WebControls.EntityDataSourceView" />-Objekt unterstützt wird, das dem aktuellen <see cref="T:System.Web.UI.WebControls.EntityDataSource" />-Steuerelement zugeordnet ist.</summary>
      <returns>true, wenn der Vorgang unterstützt wird, andernfalls false.</returns>
    </member>
    <member name="P:System.Web.UI.WebControls.EntityDataSourceView.CanRetrieveTotalRowCount">
      <summary>Ruft einen Wert ab, der angibt, ob das <see cref="T:System.Web.UI.WebControls.EntityDataSourceView" />-Objekt, das dem aktuellen <see cref="T:System.Web.UI.WebControls.EntityDataSource" />-Steuerelement zugeordnet ist, das Abrufen der Gesamtanzahl der Datenzeilen (zusätzlich zum Abrufen der Daten) unterstützt.</summary>
      <returns>true, wenn der Vorgang unterstützt wird, andernfalls false.</returns>
    </member>
    <member name="P:System.Web.UI.WebControls.EntityDataSourceView.CanSort">
      <summary>Ruft einen Wert ab, der angibt, ob das <see cref="T:System.Web.UI.WebControls.EntityDataSourceView" />-Objekt, das dem aktuellen <see cref="T:System.Web.UI.WebControls.EntityDataSource" />-Steuerelement zugeordnet ist, eine sortierte Ansicht der abgerufenen Daten unterstützt.</summary>
      <returns>true, wenn der Vorgang unterstützt wird, andernfalls false.</returns>
    </member>
    <member name="P:System.Web.UI.WebControls.EntityDataSourceView.CanUpdate">
      <summary>Ruft einen Wert ab, der angibt, ob das <see cref="T:System.Web.UI.WebControls.EntityDataSourceView" />-Objekt, das dem aktuellen <see cref="T:System.Web.UI.WebControls.EntityDataSource" />-Steuerelement zugeordnet ist, den Aktualisierungsvorgang unterstützt.</summary>
      <returns>true, wenn der Vorgang unterstützt wird, andernfalls false.</returns>
    </member>
    <member name="E:System.Web.UI.WebControls.EntityDataSourceView.ContextCreated">
      <summary>Tritt ein, wenn der <see cref="T:System.Data.Objects.ObjectContext" /> zum Binden von Daten an Steuerelemente von <see cref="T:System.Web.UI.WebControls.EntityDataSourceView" /> erstellt wurde.</summary>
    </member>
    <member name="E:System.Web.UI.WebControls.EntityDataSourceView.ContextCreating">
      <summary>Tritt beim Erstellen des <see cref="T:System.Data.Objects.ObjectContext" /> für Datenbindungen durch die <see cref="T:System.Web.UI.WebControls.EntityDataSourceView" /> ein.</summary>
    </member>
    <member name="E:System.Web.UI.WebControls.EntityDataSourceView.ContextDisposing">
      <summary>Tritt auf, bevor ein <see cref="T:System.Data.Objects.ObjectContext" /> verworfen wird.</summary>
    </member>
    <member name="E:System.Web.UI.WebControls.EntityDataSourceView.Deleted">
      <summary>Tritt ein, nachdem ein Objekt aus der Datenquelle gelöscht wurde.</summary>
    </member>
    <member name="E:System.Web.UI.WebControls.EntityDataSourceView.Deleting">
      <summary>Tritt ein, bevor ein Objekt aus der Datenquelle gelöscht wird.</summary>
    </member>
    <member name="E:System.Web.UI.WebControls.EntityDataSourceView.Exception">
      <summary>Tritt bei Validierungsfehlern in einer partiellen Methode auf oder wenn eine Ausnahme ausgelöst wird.</summary>
    </member>
    <member name="M:System.Web.UI.WebControls.EntityDataSourceView.ExecuteDelete(System.Collections.IDictionary,System.Collections.IDictionary)">
      <summary>Führt einen Löschvorgang aus.</summary>
      <returns>Die Anzahl der gelöschten Zeilen, andernfalls -1 wenn der Vorgang einen Fehler verursacht oder die Anzahl unbekannt ist.</returns>
      <param name="keys">Die Schlüssel für den zu löschenden Eintrag.</param>
      <param name="oldValues">Die Werte der zu löschenden Entität.</param>
    </member>
    <member name="M:System.Web.UI.WebControls.EntityDataSourceView.ExecuteInsert(System.Collections.IDictionary)">
      <summary>Führt einen Einfügevorgang aus.</summary>
      <returns>Die Anzahl der eingefügten Zeilen, andernfalls -1 wenn der Vorgang einen Fehler verursacht oder die Anzahl unbekannt ist.</returns>
      <param name="values">Die Werte der einzufügenden Entität.</param>
    </member>
    <member name="M:System.Web.UI.WebControls.EntityDataSourceView.ExecuteSelect(System.Web.UI.DataSourceSelectArguments)">
      <summary>Führt einen Auswahlvorgang aus.</summary>
      <returns>Das Ergebnis des Auswählen-Vorgangs.</returns>
      <param name="arguments">Die Auswahlvorgangsargumente</param>
    </member>
    <member name="M:System.Web.UI.WebControls.EntityDataSourceView.ExecuteUpdate(System.Collections.IDictionary,System.Collections.IDictionary,System.Collections.IDictionary)">
      <summary>Führt einen Aktualisierungsvorgang aus.</summary>
      <returns>Die Anzahl der hochgeladenen Zeilen, andernfalls -1 wenn der Vorgang einen Fehler verursacht oder die Anzahl unbekannt ist.</returns>
      <param name="keys">Die Schlüssel für den zu aktualisierenden Eintrag.</param>
      <param name="values">Die neuen Werte der zu aktualisierenden Entität.</param>
      <param name="oldValues">Die alten Werte der zu aktualisierenden Entität.</param>
    </member>
    <member name="M:System.Web.UI.WebControls.EntityDataSourceView.GetViewSchema">
      <summary>Gibt eine Tabelle zurück, die die <see cref="T:System.Web.UI.WebControls.EntityDataSourceView" /> darstellt.</summary>
      <returns>Eine Tabelle mit den Eigenschaften der <see cref="T:System.Web.UI.WebControls.EntityDataSourceView" />.</returns>
    </member>
    <member name="E:System.Web.UI.WebControls.EntityDataSourceView.Inserted">
      <summary>Tritt ein, nachdem ein neues Objekt in der Datenquelle erstellt wurde.</summary>
    </member>
    <member name="E:System.Web.UI.WebControls.EntityDataSourceView.Inserting">
      <summary>Tritt ein, bevor ein neues Objekt in der Datenquelle beibehalten wird.</summary>
    </member>
    <member name="E:System.Web.UI.WebControls.EntityDataSourceView.QueryCreated">
      <summary>Tritt auf, nachdem von <see cref="E:System.Web.UI.WebControls.EntityDataSource" /> eine Entity SQL-Abfrage erstellt wurde, die während der Konfiguration des <see cref="T:System.Web.UI.WebControls.EntityDataSource" />-Steuerelements angegeben wurde.</summary>
    </member>
    <member name="E:System.Web.UI.WebControls.EntityDataSourceView.Selected">
      <summary>Tritt ein, nachdem eine Abfrage ausgeführt wurde.</summary>
    </member>
    <member name="E:System.Web.UI.WebControls.EntityDataSourceView.Selecting">
      <summary>Tritt ein, bevor eine Abfrage erstellt und ausgeführt wird.</summary>
    </member>
    <member name="P:System.Web.UI.WebControls.EntityDataSourceView.System#Web#UI#IStateManager#IsTrackingViewState">
      <summary>Ruft einen Wert ab, der angibt, ob das <see cref="T:System.Web.UI.WebControls.EntityDataSourceView" />-Objekt Änderungen des Ansichtszustands speichert.</summary>
      <returns>true, wenn die Datenquellenansicht für das Speichern ihres Zustands markiert wurde, andernfalls false.</returns>
    </member>
    <member name="M:System.Web.UI.WebControls.EntityDataSourceView.System#Web#UI#IStateManager#LoadViewState(System.Object)">
      <summary>Stellt den vorher gespeicherten Ansichtszustand für die Datenquellenansicht wieder her.</summary>
      <param name="savedState">Der <see cref="T:System.Web.UI.WebControls.EntityDataSourceView" />-Steuerelementzustand, der wiederhergestellt werden soll.</param>
    </member>
    <member name="M:System.Web.UI.WebControls.EntityDataSourceView.System#Web#UI#IStateManager#SaveViewState">
      <summary>Speichert die Änderungen am Ansichtszustand des <see cref="T:System.Web.UI.WebControls.EntityDataSourceView" />-Steuerelements ab dem Zeitpunkt, zu dem die Seite an den Server zurückgesendet wurde.</summary>
      <returns>Das Objekt, das die Änderungen am Ansichtszustand des <see cref="T:System.Web.UI.WebControls.EntityDataSourceView" />-Steuerelements enthält, oder null (Nothing in Visual Basic), wenn dem Objekt kein Ansichtszustand zugeordnet ist.</returns>
    </member>
    <member name="M:System.Web.UI.WebControls.EntityDataSourceView.System#Web#UI#IStateManager#TrackViewState">
      <summary>Verfolgt die Änderungen des Ansichtszustands.</summary>
    </member>
    <member name="E:System.Web.UI.WebControls.EntityDataSourceView.Updated">
      <summary>Tritt ein, nachdem Änderungen an einem Objekt in der Datenquelle beibehalten wurden.</summary>
    </member>
    <member name="E:System.Web.UI.WebControls.EntityDataSourceView.Updating">
      <summary>Tritt ein, bevor Änderungen an einem Objekt in der Datenquelle beibehalten werden.</summary>
    </member>
  </members>
</doc>