﻿<?xml version="1.0" encoding="utf-8"?>
<doc>
  <assembly>
    <name>System.IO.Compression</name>
  </assembly>
  <members>
    <member name="T:System.IO.Compression.ZipArchive">
      <summary>Stellt ein Paket komprimierter Dateien im Zip-Archiv-Format dar.</summary>
    </member>
    <member name="M:System.IO.Compression.ZipArchive.#ctor(System.IO.Stream)">
      <summary>Initialisiert eine neue Instanz der <see cref="T:System.IO.Compression.ZipArchive" />-Klasse aus dem angegebenen Stream.</summary>
      <param name="stream">Ein Stream, der das zu lesende Archiv enthält.</param>
      <exception cref="T:System.ArgumentException">Der Stream wurde bereits geschlossen oder unterstützt keine Lesevorgänge.</exception>
      <exception cref="T:System.ArgumentNullException">
        <paramref name="stream" /> ist null.</exception>
      <exception cref="T:System.IO.InvalidDataException">Die Inhalte des Streams haben nicht das ZIP-Archivformat.</exception>
    </member>
    <member name="M:System.IO.Compression.ZipArchive.#ctor(System.IO.Stream,System.IO.Compression.ZipArchiveMode)">
      <summary>Initialisiert eine neue Instanz der <see cref="T:System.IO.Compression.ZipArchive" />-Klasse aus dem angegebenen Stream und mit dem angegebenen Modus.</summary>
      <param name="stream">Der Eingabe- oder Ausgabestream.</param>
      <param name="mode">Einer der Enumerationswerte, der angibt, ob das Zip-Archiv verwendet wird, um Einträge zu lesen, zu erstellen oder zu aktualisieren.</param>
      <exception cref="T:System.ArgumentException">Der Stream ist bereits geschlossen oder die Funktionen des Streams stimmen nicht mit dem Modus überein.</exception>
      <exception cref="T:System.ArgumentNullException">
        <paramref name="stream" /> ist null.</exception>
      <exception cref="T:System.ArgumentOutOfRangeException">
        <paramref name="mode" /> ist ein ungültiger Wert.</exception>
      <exception cref="T:System.IO.InvalidDataException">Die Inhalte des Streams konnten nicht als ZIP-Archiv interpretiert werden. -oder- <paramref name="mode" /> ist <see cref="F:System.IO.Compression.ZipArchiveMode.Update" /> und ein Eintrag im Archiv fehlt oder ist beschädigt und kann nicht gelesen werden. -oder- <paramref name="mode" /> ist <see cref="F:System.IO.Compression.ZipArchiveMode.Update" /> und ein Eintrag ist zu groß, um in den Arbeitsspeicher zu passen.</exception>
    </member>
    <member name="M:System.IO.Compression.ZipArchive.#ctor(System.IO.Stream,System.IO.Compression.ZipArchiveMode,System.Boolean)">
      <summary>Initialisiert eine neue Instanz der <see cref="T:System.IO.Compression.ZipArchive" />-Klasse für den angegebenen Stream und den angegebenen Modus und lässt den Stream optional geöffnet.</summary>
      <param name="stream">Der Eingabe- oder Ausgabestream.</param>
      <param name="mode">Einer der Enumerationswerte, der angibt, ob das Zip-Archiv verwendet wird, um Einträge zu lesen, zu erstellen oder zu aktualisieren.</param>
      <param name="leaveOpen">true, um den Datenstrom geöffnet zu lassen, nach dem das <see cref="T:System.IO.Compression.ZipArchive" />-Objekt freigegeben wurde; andernfalls false.</param>
      <exception cref="T:System.ArgumentException">Der Stream ist bereits geschlossen oder die Funktionen des Streams stimmen nicht mit dem Modus überein.</exception>
      <exception cref="T:System.ArgumentNullException">
        <paramref name="stream" /> ist null.</exception>
      <exception cref="T:System.ArgumentOutOfRangeException">
        <paramref name="mode" /> ist ein ungültiger Wert.</exception>
      <exception cref="T:System.IO.InvalidDataException">Die Inhalte des Streams konnten nicht als ZIP-Archiv interpretiert werden. -oder- <paramref name="mode" /> ist <see cref="F:System.IO.Compression.ZipArchiveMode.Update" /> und ein Eintrag im Archiv fehlt oder ist beschädigt und kann nicht gelesen werden. -oder- <paramref name="mode" /> ist <see cref="F:System.IO.Compression.ZipArchiveMode.Update" /> und ein Eintrag ist zu groß, um in den Arbeitsspeicher zu passen.</exception>
    </member>
    <member name="M:System.IO.Compression.ZipArchive.#ctor(System.IO.Stream,System.IO.Compression.ZipArchiveMode,System.Boolean,System.Text.Encoding)">
      <summary>Initialisiert eine neue Instanz der <see cref="T:System.IO.Compression.ZipArchive" />-Klasse für den angegebenen Stream und den angegebenen Modus und verwendet dabei die angegebene Codierung für Eintragsnamen und lässt den Stream optional geöffnet.</summary>
      <param name="stream">Der Eingabe- oder Ausgabestream.</param>
      <param name="mode">Einer der Enumerationswerte, der angibt, ob das Zip-Archiv verwendet wird, um Einträge zu lesen, zu erstellen oder zu aktualisieren.</param>
      <param name="leaveOpen">true, um den Datenstrom geöffnet zu lassen, nach dem das <see cref="T:System.IO.Compression.ZipArchive" />-Objekt freigegeben wurde; andernfalls false.</param>
      <param name="entryNameEncoding">Die Codierung, die beim Lesen oder Schreiben von Eintragsnamen in diesem Archiv verwendet werden soll. Geben Sie einen Wert für diesen Parameter nur an, wenn eine Codierung für die Interoperabilität mit ZIP-Archiv-Tools und -Bibliotheken erforderlich ist, die die UTF-8-Codierung für Eintragsnamen nicht unterstützen.</param>
      <exception cref="T:System.ArgumentException">Der Stream ist bereits geschlossen oder die Funktionen des Streams stimmen nicht mit dem Modus überein.</exception>
      <exception cref="T:System.ArgumentNullException">
        <paramref name="stream" /> ist null.</exception>
      <exception cref="T:System.ArgumentOutOfRangeException">
        <paramref name="mode" /> ist ein ungültiger Wert.</exception>
      <exception cref="T:System.IO.InvalidDataException">Die Inhalte des Streams konnten nicht als ZIP-Archiv interpretiert werden. -oder- <paramref name="mode" /> ist <see cref="F:System.IO.Compression.ZipArchiveMode.Update" /> und ein Eintrag im Archiv fehlt oder ist beschädigt und kann nicht gelesen werden. -oder- <paramref name="mode" /> ist <see cref="F:System.IO.Compression.ZipArchiveMode.Update" /> und ein Eintrag ist zu groß, um in den Arbeitsspeicher zu passen.</exception>
    </member>
    <member name="M:System.IO.Compression.ZipArchive.CreateEntry(System.String)">
      <summary>Erstellt einen leeren Eintrag, der den angegebenen Pfad und Eintragsnamen im ZIP-Archiv Ebene verwendet.</summary>
      <returns>Ein leerer Eintrag im ZIP-Archiv.</returns>
      <param name="entryName">Ein Pfad relativ zum Stamm des Archivs, der den Namen des Eintrags angibt, der erstellt werden soll.</param>
      <exception cref="T:System.ArgumentException">
        <paramref name="entryName" /> ist <see cref="F:System.String.Empty" />.</exception>
      <exception cref="T:System.ArgumentNullException">
        <paramref name="entryName" /> ist null.</exception>
      <exception cref="T:System.NotSupportedException">Das ZIP-Archiv unterstützt keine Schreibvorgänge.</exception>
      <exception cref="T:System.ObjectDisposedException">Die ZIP-Archiv wurde freigegeben.</exception>
    </member>
    <member name="M:System.IO.Compression.ZipArchive.CreateEntry(System.String,System.IO.Compression.CompressionLevel)">
      <summary>Erstellt einen leeren Eintrag, der den angegebenen Eintragsnamen und die Komprimierung im ZIP-Archiv Ebene verwendet.</summary>
      <returns>Ein leerer Eintrag im ZIP-Archiv.</returns>
      <param name="entryName">Ein Pfad relativ zum Stamm des Archivs, der den Namen des Eintrags angibt, der erstellt werden soll.</param>
      <param name="compressionLevel">Einer der Enumerationswerte, der angibt, ob Geschwindigkeit oder Komprimierungseffektivität priorisiert wird, wenn der Eintrag erstellt.</param>
      <exception cref="T:System.ArgumentException">
        <paramref name="entryName" /> ist <see cref="F:System.String.Empty" />.</exception>
      <exception cref="T:System.ArgumentNullException">
        <paramref name="entryName" /> ist null.</exception>
      <exception cref="T:System.NotSupportedException">Das ZIP-Archiv unterstützt keine Schreibvorgänge.</exception>
      <exception cref="T:System.ObjectDisposedException">Die ZIP-Archiv wurde freigegeben.</exception>
    </member>
    <member name="M:System.IO.Compression.ZipArchive.Dispose">
      <summary>Gibt die von der aktuellen Instanz der <see cref="T:System.IO.Compression.ZipArchive" />-Klasse verwendeten Ressourcen frei.</summary>
    </member>
    <member name="M:System.IO.Compression.ZipArchive.Dispose(System.Boolean)">
      <summary>Wird von den <see cref="M:System.IO.Compression.ZipArchive.Dispose" /> und <see cref="M:System.Object.Finalize" />-Methoden aufgerufen, um die nicht verwalteten Ressourcen freizugeben, die von der aktuellen Instanz der <see cref="T:System.IO.Compression.ZipArchive" />-Klasse verwendet werden, und beendet optional das Schreiben ins Archiv und gibt die verwalteten Ressourcen frei.</summary>
      <param name="disposing">true, um das Schreiben des Archivs abzuschließen und sowohl nicht verwaltete als auch verwaltete Ressourcen freizugeben; false, um ausschließlich nicht verwaltete Ressourcen freizugeben.</param>
    </member>
    <member name="P:System.IO.Compression.ZipArchive.Entries">
      <summary>Ruft die Auflistung von Einträgen ab, die das ZIP-Archiv momentan enthält.</summary>
      <returns>Die Auflistung von Einträgen, die das ZIP-Archiv momentan enthält.</returns>
      <exception cref="T:System.NotSupportedException">Das Zip-Archiv unterstützt keine Lesevorgänge.</exception>
      <exception cref="T:System.ObjectDisposedException">Die ZIP-Archiv wurde freigegeben.</exception>
      <exception cref="T:System.IO.InvalidDataException">Das Zip-Archiv ist beschädigt, und seine Einträge konnten nicht abgerufen werden.</exception>
    </member>
    <member name="M:System.IO.Compression.ZipArchive.GetEntry(System.String)">
      <summary>Ruft einen Wrapper für den angegebenen Eintrag im Zip-Archiv ab.</summary>
      <returns>Ein Wrapper für den angegebenen Eintrag im Archiv. null, wenn der Eintrag nicht im Archiv vorhanden ist.</returns>
      <param name="entryName">Ein Pfad relativ zum Stamm des Archivs, das den Eintrag identifiziert, der abgerufen werden soll.</param>
      <exception cref="T:System.ArgumentException">
        <paramref name="entryName" /> ist <see cref="F:System.String.Empty" />.</exception>
      <exception cref="T:System.ArgumentNullException">
        <paramref name="entryName" /> ist null.</exception>
      <exception cref="T:System.NotSupportedException">Das Zip-Archiv unterstützt keine Lesevorgänge.</exception>
      <exception cref="T:System.ObjectDisposedException">Die ZIP-Archiv wurde freigegeben.</exception>
      <exception cref="T:System.IO.InvalidDataException">Das Zip-Archiv ist beschädigt, und seine Einträge konnten nicht abgerufen werden.</exception>
    </member>
    <member name="P:System.IO.Compression.ZipArchive.Mode">
      <summary>Ruft einen Wert ab, der den Typ der Aktion beschreibt, die das ZIP-Archiv für Einträge ausführen kann.</summary>
      <returns>Einer der Enumerationswerte, der den Typ der Aktion (Lesen, Erstellen oder Update) beschreibt, die das Zip-Archiv bei Einträgen ausführen kann.</returns>
    </member>
    <member name="T:System.IO.Compression.ZipArchiveEntry">
      <summary>Stellt eine komprimierte Datei in einem Zip-Archiv dar.</summary>
    </member>
    <member name="P:System.IO.Compression.ZipArchiveEntry.Archive">
      <summary>Ruft das Zip-Archiv ab, zu dem der EIntrag gehört.</summary>
      <returns>Das Zip-Archiv, zu dem der Eintrag gehört, oder null, wenn der Eintrag gelöscht wurde.</returns>
    </member>
    <member name="P:System.IO.Compression.ZipArchiveEntry.CompressedLength">
      <summary>Ruft die komprimierte Größe des unkomprimierten Eintrags im ZIP-Archiv ab.</summary>
      <returns>Die Größe des komprimierten Eintrags im ZIP-Archiv.</returns>
      <exception cref="T:System.InvalidOperationException">Der Wert der Eigenschaft ist nicht verfügbar, da der Eintrag geändert wurde.</exception>
    </member>
    <member name="M:System.IO.Compression.ZipArchiveEntry.Delete">
      <summary>Löscht den Eintrag aus dem Zip-Archiv.</summary>
      <exception cref="T:System.IO.IOException">Der Eintrag ist bereits für das Lesen oder Schreiben geöffnet.</exception>
      <exception cref="T:System.NotSupportedException">Das Zip-Archiv für diesen Eintrag wurde in einem anderen Modus als <see cref="F:System.IO.Compression.ZipArchiveMode.Update" /> geöffnet.</exception>
      <exception cref="T:System.ObjectDisposedException">Das Zip-Archiv für diesen Eintrag wurde freigegeben.</exception>
    </member>
    <member name="P:System.IO.Compression.ZipArchiveEntry.FullName">
      <summary>Ruft den relativen Pfad des Eintrags im ZIP-Archiv ab.</summary>
      <returns>Der relative Pfad des Eintrags im Zip-Archiv.</returns>
    </member>
    <member name="P:System.IO.Compression.ZipArchiveEntry.LastWriteTime">
      <summary>Ruft den letzten Zeitpunkt ab, zu dem der Eintrag im Zip-Archiv geändert wurde, oder legt diesen fest.</summary>
      <returns>Der letzte Zeitpunkt, an dem der Eintrag im ZIP-Archiv geändert wurde.</returns>
      <exception cref="T:System.NotSupportedException">Der Versuch, diese Eigenschaft festzulegen, ist fehlgeschlagen, da sich das Zip-Archiv für den Eintrag im <see cref="F:System.IO.Compression.ZipArchiveMode.Read" />-Modus befindet.</exception>
      <exception cref="T:System.IO.IOException">Der Archivmodus ist auf <see cref="F:System.IO.Compression.ZipArchiveMode.Create" /> festgelegt. - oder - Der Archivmodus ist auf <see cref="F:System.IO.Compression.ZipArchiveMode.Update" /> festgelegt, und der Eintrag wurde geöffnet.</exception>
      <exception cref="T:System.ArgumentOutOfRangeException">Es wurde versucht, diese Eigenschaft auf einen Wert festzulegen, der entweder älter als 1980 am 1. Januar 0:00:00 (Mitternacht) ist oder höher als 2107 am 31. Dezember 23:59:58 (eine Sekunde vor Mitternacht).</exception>
    </member>
    <member name="P:System.IO.Compression.ZipArchiveEntry.Length">
      <summary>Ruft die Größe des unkomprimierten Eintrags im ZIP-Archiv ab.</summary>
      <returns>Die Größe des unkomprimierten Eintrags im ZIP-Archiv.</returns>
      <exception cref="T:System.InvalidOperationException">Der Wert der Eigenschaft ist nicht verfügbar, da der Eintrag geändert wurde.</exception>
    </member>
    <member name="P:System.IO.Compression.ZipArchiveEntry.Name">
      <summary>Ruft den Dateinamen des Eintrags im ZIP-Archiv ab.</summary>
      <returns>Der Dateiname des Eintrags im ZIP-Archiv.</returns>
    </member>
    <member name="M:System.IO.Compression.ZipArchiveEntry.Open">
      <summary>Öffnet den Eintrag aus dem Zip-Archiv.</summary>
      <returns>Der Stream, der den Inhalt des Eintrags darstellt.</returns>
      <exception cref="T:System.IO.IOException">Der Eintrag ist derzeit aktuell für das Schreiben geöffnet. -oder- Der Eintrag wurde vom Archiv gelöscht. -oder- Das Archiv für diesen Eintrag wurde mit dem <see cref="F:System.IO.Compression.ZipArchiveMode.Create" />-Modus geöffnet. Dieser Eintrag wurde bereits geschrieben.</exception>
      <exception cref="T:System.IO.InvalidDataException">Der Eintrag fehlt entweder im Archiv, oder er ist beschädigt und kann nicht gelesen werden.  -oder- Der Eintrag wurde mit einer nicht unterstützten Komprimierungsmethode komprimiert.</exception>
      <exception cref="T:System.ObjectDisposedException">Das Zip-Archiv für diesen Eintrag wurde freigegeben.</exception>
    </member>
    <member name="M:System.IO.Compression.ZipArchiveEntry.ToString">
      <summary>Ruft den relativen Pfad des Eintrags im Zip-Archiv ab.</summary>
      <returns>Der relative Pfad des Eintrags, der in der <see cref="P:System.IO.Compression.ZipArchiveEntry.FullName" />-Eigenschaft gespeichert ist.</returns>
    </member>
    <member name="T:System.IO.Compression.ZipArchiveMode">
      <summary>Gibt Werte für die Interaktion mit Zip-Archiveinträgen an.</summary>
    </member>
    <member name="F:System.IO.Compression.ZipArchiveMode.Create">
      <summary>Nur das Erstellen neuer Archiveinträge ist zulässig.</summary>
    </member>
    <member name="F:System.IO.Compression.ZipArchiveMode.Read">
      <summary>Nur das Lesen von Archiveinträgen ist zulässig.</summary>
    </member>
    <member name="F:System.IO.Compression.ZipArchiveMode.Update">
      <summary>Lese- und Schreibvorgänge sind für die Archiveinträge zulässig.</summary>
    </member>
  </members>
</doc>