﻿<?xml version="1.0" encoding="utf-8"?>
<doc>
  <assembly>
    <name>System.Configuration.Install</name>
  </assembly>
  <members>
    <member name="T:System.Configuration.Install.AssemblyInstaller">
      <summary>Lädt eine Assembly und führt alle darin enthaltenen Installationsprogramme aus.</summary>
    </member>
    <member name="M:System.Configuration.Install.AssemblyInstaller.#ctor">
      <summary>Initialisiert eine neue Instanz der <see cref="T:System.Configuration.Install.AssemblyInstaller" />-Klasse.</summary>
    </member>
    <member name="M:System.Configuration.Install.AssemblyInstaller.#ctor(System.Reflection.Assembly,System.String[])">
      <summary>Initialisiert eine neue Instanz der <see cref="T:System.Configuration.Install.AssemblyInstaller" />-Klasse und gibt sowohl die zu installierende Assembly als auch die Befehlszeile an, die beim Erstellen eines neuen <see cref="T:System.Configuration.Install.InstallContext" />-Objekts verwendet werden soll.</summary>
      <param name="assembly">Die zu installierende <see cref="T:System.Reflection.Assembly" />.</param>
      <param name="commandLine">Die Befehlszeile, die beim Erstellen eines neuen <see cref="T:System.Configuration.Install.InstallContext" />-Objekts für die Installation der Assembly verwendet werden soll. Kann ein NULL-Wert sein.</param>
    </member>
    <member name="M:System.Configuration.Install.AssemblyInstaller.#ctor(System.String,System.String[])">
      <summary>Initialisiert eine neue Instanz der <see cref="T:System.Configuration.Install.AssemblyInstaller" />-Klasse und gibt sowohl den Dateinamen der zu installierende Assembly als auch die Befehlszeile an, die beim Erstellen eines neuen <see cref="T:System.Configuration.Install.InstallContext" />-Objekts für die Installation der Assembly verwendet werden soll.</summary>
      <param name="fileName">Der Dateiname der zu installierenden Assembly.</param>
      <param name="commandLine">Die Befehlszeile, die beim Erstellen eines neuen <see cref="T:System.Configuration.Install.InstallContext" />-Objekts für die Installation der Assembly verwendet werden soll. Kann ein NULL-Wert sein.</param>
    </member>
    <member name="P:System.Configuration.Install.AssemblyInstaller.Assembly">
      <summary>Ruft die zu installierende Assembly ab oder legt diese fest.</summary>
      <returns>Eine <see cref="T:System.Reflection.Assembly" />, die die zu installierende Assembly definiert.</returns>
      <exception cref="T:System.ArgumentNullException">Der Eigenschaftswert ist null.</exception>
    </member>
    <member name="M:System.Configuration.Install.AssemblyInstaller.CheckIfInstallable(System.String)">
      <summary>Überprüft, ob die angegebene Assembly installiert werden kann.</summary>
      <param name="assemblyName">Die Assembly, in der nach Installationsprogrammen gesucht werden soll.</param>
      <exception cref="T:System.Exception">Die angegebene Assembly kann nicht installiert werden.</exception>
    </member>
    <member name="P:System.Configuration.Install.AssemblyInstaller.CommandLine">
      <summary>Ruft die Befehlszeile ab, die beim Erstellen eines neuen <see cref="T:System.Configuration.Install.InstallContext" />-Objekts für die Installation der Assembly verwendet werden soll, oder legt diese fest.</summary>
      <returns>Ein Array vom Typ <see cref="T:System.String" />, das die Befehlszeile darstellt, die beim Erstellen eines neuen <see cref="T:System.Configuration.Install.InstallContext" />-Objekts für die Installation der Assembly verwendet werden soll.</returns>
    </member>
    <member name="M:System.Configuration.Install.AssemblyInstaller.Commit(System.Collections.IDictionary)">
      <summary>Schließt die Installationstransaktion ab.</summary>
      <param name="savedState">Ein <see cref="T:System.Collections.IDictionary" />, das den Zustand enthält, in dem sich der Computer nach Ausführen aller Installationsprogramme in der Auflistung der Installationsprogramme befindet.</param>
      <exception cref="T:System.ArgumentException">Der <paramref name="savedState" />-Parameter ist null. -oder-  Das <see cref="T:System.Collections.IDictionary" /> mit dem gespeicherten Zustand ist möglicherweise beschädigt. -oder-  Eine Datei konnte nicht gefunden werden.</exception>
      <exception cref="T:System.Exception">Fehler im <see cref="E:System.Configuration.Install.Installer.Committing" />-Ereignishandler eines der Installationsprogramme in der Auflistung. -oder-  Fehler im <see cref="E:System.Configuration.Install.Installer.Committed" />-Ereignishandler eines der Installationsprogramme in der Auflistung. -oder-  Während der <see cref="M:System.Configuration.Install.AssemblyInstaller.Commit(System.Collections.IDictionary)" />-Phase der Installation ist eine Ausnahme aufgetreten. Die Ausnahme wird ignoriert, und die Installation wird fortgesetzt. Nach Abschluss der Installation funktioniert die Anwendung jedoch möglicherweise nicht ordnungsgemäß. -oder-  In einer der Assemblys wurden keine Installationsprogrammtypen gefunden. -oder-  Für einen der Installationsprogrammtypen konnte keine Instanz erstellt werden.</exception>
      <exception cref="T:System.Configuration.Install.InstallException">Während der <see cref="M:System.Configuration.Install.AssemblyInstaller.Commit(System.Collections.IDictionary)" />-Phase der Installation ist eine Ausnahme aufgetreten. Die Ausnahme wird ignoriert, und die Installation wird fortgesetzt. Nach Abschluss der Installation funktioniert die Anwendung jedoch möglicherweise nicht ordnungsgemäß.</exception>
    </member>
    <member name="P:System.Configuration.Install.AssemblyInstaller.HelpText">
      <summary>Ruft den Hilfetext für alle in der entsprechenden Auflistung enthaltenen Installationsprogramme ab.</summary>
      <returns>Der Hilfetext für alle Installationsprogramme in der Auflistung der Installationsprogramme. Dies umfasst auch die Beschreibung der Vorgänge, die vom jeweiligen Installationsprogramm ausgeführt werden, sowie die Befehlszeilenoptionen (für das Installationsprogramm), die an die einzelnen Installationsprogramme übergeben und von diesen verarbeitet werden können.</returns>
    </member>
    <member name="M:System.Configuration.Install.AssemblyInstaller.Install(System.Collections.IDictionary)">
      <summary>Führt die Installation durch.</summary>
      <param name="savedState">Ein <see cref="T:System.Collections.IDictionary" />, in dem die zum Ausführen eines Commit-, Rollback- oder Deinstallationsvorgangs erforderlichen Daten gespeichert werden.</param>
      <exception cref="T:System.ArgumentException">Der <paramref name="savedState" />-Parameter ist null. -oder-  Eine Datei konnte nicht gefunden werden.</exception>
      <exception cref="T:System.Exception">Im <see cref="E:System.Configuration.Install.Installer.BeforeInstall" />-Ereignishandler eines der Installationsprogramme in der Auflistung ist eine Ausnahme aufgetreten. -oder-  Im <see cref="E:System.Configuration.Install.Installer.AfterInstall" />-Ereignishandler eines der Installationsprogramme in der Auflistung ist eine Ausnahme aufgetreten. -oder-  In einer der Assemblys wurden keine Installationsprogrammtypen gefunden. -oder-  Für einen der Installationsprogrammtypen konnte keine Instanz erstellt werden.</exception>
    </member>
    <member name="P:System.Configuration.Install.AssemblyInstaller.Path">
      <summary>Ruft den Pfad der zu installierenden Assembly ab oder legt diesen fest.</summary>
      <returns>Der Pfad der zu installierenden Assembly.</returns>
    </member>
    <member name="M:System.Configuration.Install.AssemblyInstaller.Rollback(System.Collections.IDictionary)">
      <summary>Stellt den Zustand wieder her, in dem sich der Computer vor der Installation befand.</summary>
      <param name="savedState">Ein <see cref="T:System.Collections.IDictionary" />, das Informationen über den Zustand enthält, in dem sich der Computer vor der Installation befand.</param>
      <exception cref="T:System.ArgumentException">Der <paramref name="savedState" />-Parameter ist null. -oder-  Das <see cref="T:System.Collections.IDictionary" /> mit dem gespeicherten Zustand ist möglicherweise beschädigt. -oder-  Eine Datei konnte nicht gefunden werden.</exception>
      <exception cref="T:System.Exception">Im <see cref="E:System.Configuration.Install.Installer.BeforeRollback" />-Ereignishandler eines der Installationsprogramme in der Auflistung ist eine Ausnahme aufgetreten. -oder-  Im <see cref="E:System.Configuration.Install.Installer.AfterRollback" />-Ereignishandler eines der Installationsprogramme in der Auflistung ist eine Ausnahme aufgetreten. -oder-  Während der <see cref="M:System.Configuration.Install.AssemblyInstaller.Rollback(System.Collections.IDictionary)" />-Phase der Installation ist eine Ausnahme aufgetreten. Die Ausnahme wird ignoriert, und der Rollback wird fortgesetzt. Nach Abschluss des Rollbacks ist der Computer jedoch möglicherweise nicht vollständig auf den ursprünglichen Zustand zurückgesetzt. -oder-  In einer der Assemblys wurden keine Installationsprogrammtypen gefunden. -oder-  Für einen der Installationsprogrammtypen konnte keine Instanz erstellt werden.</exception>
      <exception cref="T:System.Configuration.Install.InstallException">Während der <see cref="M:System.Configuration.Install.AssemblyInstaller.Rollback(System.Collections.IDictionary)" />-Phase der Installation ist eine Ausnahme aufgetreten. Die Ausnahme wird ignoriert, und der Rollback wird fortgesetzt. Nach Abschluss des Rollbacks ist der Computer jedoch möglicherweise nicht vollständig auf den ursprünglichen Zustand zurückgesetzt.</exception>
    </member>
    <member name="M:System.Configuration.Install.AssemblyInstaller.Uninstall(System.Collections.IDictionary)">
      <summary>Entfernt eine Installation.</summary>
      <param name="savedState">Ein <see cref="T:System.Collections.IDictionary" />, das den Zustand des Computers nach der Installation enthält.</param>
      <exception cref="T:System.ArgumentException">Das <see cref="T:System.Collections.IDictionary" /> mit dem gespeicherten Zustand ist möglicherweise beschädigt. -oder-  Eine Datei konnte nicht gefunden werden.</exception>
      <exception cref="T:System.Exception">Fehler im <see cref="E:System.Configuration.Install.Installer.BeforeUninstall" />-Ereignishandler eines der Installationsprogramme in der Auflistung. -oder-  Fehler im <see cref="E:System.Configuration.Install.Installer.AfterUninstall" />-Ereignishandler eines der Installationsprogramme in der Auflistung. -oder-  Während der Deinstallation ist eine Ausnahme aufgetreten. Die Ausnahme wird ignoriert, und die Deinstallation wird fortgesetzt. Nach Abschluss der Deinstallation ist die Anwendung jedoch möglicherweise nicht vollständig deinstalliert. -oder-  In einer der Assemblys wurden keine Installationsprogrammtypen gefunden. -oder-  Für einen der Installationsprogrammtypen konnte keine Instanz erstellt werden. -oder-  Eine Datei konnte nicht gelöscht werden.</exception>
      <exception cref="T:System.Configuration.Install.InstallException">Während der Deinstallation ist eine Ausnahme aufgetreten. Die Ausnahme wird ignoriert, und die Deinstallation wird fortgesetzt. Nach Abschluss der Deinstallation ist die Anwendung jedoch möglicherweise nicht vollständig deinstalliert.</exception>
    </member>
    <member name="P:System.Configuration.Install.AssemblyInstaller.UseNewContext">
      <summary>Ruft einen Wert ab, der angibt, ob ein neues <see cref="T:System.Configuration.Install.InstallContext" />-Objekt für die Installation der Assembly erstellt werden soll, oder legt diesen fest.</summary>
      <returns>true, wenn ein neues <see cref="T:System.Configuration.Install.InstallContext" />-Objekt für die Installation der Assembly erstellt werden soll, andernfalls false. Die Standardeinstellung ist true.</returns>
    </member>
    <member name="T:System.Configuration.Install.ComponentInstaller">
      <summary>Gibt ein Installationsprogramm an, das Eigenschaften aus einer Komponente kopiert, die bei der Installation verwendet werden sollen.</summary>
    </member>
    <member name="M:System.Configuration.Install.ComponentInstaller.#ctor">
      <summary>Initialisiert eine neue Instanz der <see cref="T:System.Configuration.Install.ComponentInstaller" />-Klasse.</summary>
    </member>
    <member name="M:System.Configuration.Install.ComponentInstaller.CopyFromComponent(System.ComponentModel.IComponent)">
      <summary>Kopiert beim Überschreiben in einer abgeleiteten Klasse alle während der Installation erforderlichen Eigenschaften aus der angegebenen Komponente.</summary>
      <param name="component">Die Komponente, aus der kopiert werden soll.</param>
    </member>
    <member name="M:System.Configuration.Install.ComponentInstaller.IsEquivalentInstaller(System.Configuration.Install.ComponentInstaller)">
      <summary>Bestimmt, ob das angegebene Installationsprogramm dieselben Objekte installiert wie dieses Installationsprogramm.</summary>
      <returns>true, wenn dieses Installationsprogramm und das durch den <paramref name="otherInstaller" />-Parameter angegebene Installationsprogramm dasselbe Objekt installieren, andernfalls false.</returns>
      <param name="otherInstaller">Das zu vergleichende Installationsprogramm.</param>
    </member>
    <member name="T:System.Configuration.Install.IManagedInstaller">
      <summary>Stellt eine Schnittstelle für ein verwaltetes Installationsprogramm bereit.</summary>
    </member>
    <member name="M:System.Configuration.Install.IManagedInstaller.ManagedInstall(System.String,System.Int32)">
      <summary>Führt eine verwaltete Installation aus.</summary>
      <returns>Der Rückgabecode für installutil.exe. Eine erfolgreiche Installation gibt 0 zurück. Andere Werte geben Fehler an.</returns>
      <param name="commandLine">Die Befehlszeile, die die Installation angibt.</param>
      <param name="hInstall">Das Handle für die Installation.</param>
    </member>
    <member name="T:System.Configuration.Install.InstallContext">
      <summary>Enthält Informationen über die derzeitige Installation.</summary>
    </member>
    <member name="M:System.Configuration.Install.InstallContext.#ctor">
      <summary>Initialisiert eine neue Instanz der <see cref="T:System.Configuration.Install.InstallContext" />-Klasse.</summary>
    </member>
    <member name="M:System.Configuration.Install.InstallContext.#ctor(System.String,System.String[])">
      <summary>Initialisiert eine neue Instanz der <see cref="T:System.Configuration.Install.InstallContext" />-Klasse und erstellt eine Protokolldatei für die Installation.</summary>
      <param name="logFilePath">Der Pfad zur Protokolldatei für diese Installation oder null, wenn keine Protokolldatei erstellt werden soll.</param>
      <param name="commandLine">Die beim Ausführen des Installationsprogramms eingegebenen Befehlszeilenparameter oder null, wenn keine Parameter eingegeben wurden.</param>
    </member>
    <member name="M:System.Configuration.Install.InstallContext.IsParameterTrue(System.String)">
      <summary>Bestimmt, ob der angegebene Befehlszeilenparameter true ist.</summary>
      <returns>true, wenn der angegebene Parameter auf "yes", "true", "1" oder eine leere Zeichenfolge ("") festgelegt ist, andernfalls false.</returns>
      <param name="paramName">Der Name des zu überprüfenden Befehlszeilenparameters.</param>
    </member>
    <member name="M:System.Configuration.Install.InstallContext.LogMessage(System.String)">
      <summary>Gibt eine Meldung an die Konsole und in die Protokolldatei für die Installation aus.</summary>
      <param name="message">Die zu schreibende Meldung.</param>
    </member>
    <member name="P:System.Configuration.Install.InstallContext.Parameters">
      <summary>Ruft die Befehlszeilenparameter ab, die beim Ausführen von InstallUtil.exe eingegeben wurden.</summary>
      <returns>Ein <see cref="T:System.Collections.Specialized.StringDictionary" />, das die Befehlszeilenparameter darstellt, die beim Ausführen der Installationsdatei eingegeben wurden.</returns>
    </member>
    <member name="M:System.Configuration.Install.InstallContext.ParseCommandLine(System.String[])">
      <summary>Liest die Befehlszeilenparameter in ein Zeichenfolgenwörterbuch ein.</summary>
      <returns>Ein <see cref="T:System.Collections.Specialized.StringDictionary" />, das die analysierten Befehlszeilenparameter enthält.</returns>
      <param name="args">Ein Array, das die Befehlszeilenparameter enthält.</param>
    </member>
    <member name="T:System.Configuration.Install.Installer">
      <summary>Stellt die Grundlage für benutzerdefinierte Installationen bereit.</summary>
    </member>
    <member name="M:System.Configuration.Install.Installer.#ctor">
      <summary>Initialisiert eine neue Instanz der <see cref="T:System.Configuration.Install.Installer" />-Klasse.</summary>
    </member>
    <member name="E:System.Configuration.Install.Installer.AfterInstall">
      <summary>Tritt ein, nachdem die <see cref="M:System.Configuration.Install.Installer.Install(System.Collections.IDictionary)" />-Methoden aller in der <see cref="P:System.Configuration.Install.Installer.Installers" />-Eigenschaft enthaltenen Installationsprogramme ausgeführt wurden.</summary>
    </member>
    <member name="E:System.Configuration.Install.Installer.AfterRollback">
      <summary>Tritt ein, nachdem ein Rollback aller Installationen der Installationsprogramme in der <see cref="P:System.Configuration.Install.Installer.Installers" />-Eigenschaft ausgeführt wurde.</summary>
    </member>
    <member name="E:System.Configuration.Install.Installer.AfterUninstall">
      <summary>Tritt ein, nachdem alle Installationsprogramme in der <see cref="P:System.Configuration.Install.Installer.Installers" />-Eigenschaft ihre jeweiligen Deinstallationsvorgänge ausgeführt haben.</summary>
    </member>
    <member name="E:System.Configuration.Install.Installer.BeforeInstall">
      <summary>Tritt ein, bevor die <see cref="M:System.Configuration.Install.Installer.Install(System.Collections.IDictionary)" />-Methode aller in der Auflistung der Installationsprogramme enthaltenen Installationsprogramme ausgeführt worden ist.</summary>
    </member>
    <member name="E:System.Configuration.Install.Installer.BeforeRollback">
      <summary>Tritt ein, bevor ein Rollback der Installationsprogramme in der <see cref="P:System.Configuration.Install.Installer.Installers" />-Eigenschaft ausgeführt wird.</summary>
    </member>
    <member name="E:System.Configuration.Install.Installer.BeforeUninstall">
      <summary>Tritt ein, bevor die Installationsprogramme in der <see cref="P:System.Configuration.Install.Installer.Installers" />-Eigenschaft ihre jeweiligen Deinstallationsvorgänge ausführen.</summary>
    </member>
    <member name="M:System.Configuration.Install.Installer.Commit(System.Collections.IDictionary)">
      <summary>Schließt beim Überschreiben in einer abgeleiteten Klasse die Installationstransaktion ab.</summary>
      <param name="savedState">Ein <see cref="T:System.Collections.IDictionary" /> mit dem Zustand, in dem der Computer sich nach dem Ausführen aller in der Auflistung enthaltenen Installationsprogramme befindet.</param>
      <exception cref="T:System.ArgumentException">Der <paramref name="savedState" />-Parameter ist null. -oder-  Das <see cref="T:System.Collections.IDictionary" /> mit dem gespeicherten Zustand ist möglicherweise beschädigt.</exception>
      <exception cref="T:System.Configuration.Install.InstallException">Während der <see cref="M:System.Configuration.Install.Installer.Commit(System.Collections.IDictionary)" />-Phase der Installation ist eine Ausnahme aufgetreten. Diese Ausnahme wird ignoriert, und die Installation wird fortgesetzt. Nach Abschluss der Installation kann die Anwendung jedoch möglicherweise nicht ordnungsgemäß ausgeführt werden.</exception>
    </member>
    <member name="E:System.Configuration.Install.Installer.Committed">
      <summary>Tritt ein, nachdem alle Installationsprogramme in der <see cref="P:System.Configuration.Install.Installer.Installers" />-Eigenschaft ein Commit für ihre Installationen ausgeführt haben.</summary>
    </member>
    <member name="E:System.Configuration.Install.Installer.Committing">
      <summary>Tritt ein, bevor die Installationsprogramme in der <see cref="P:System.Configuration.Install.Installer.Installers" />-Eigenschaft ein Commit für ihre Installationen ausführen.</summary>
    </member>
    <member name="P:System.Configuration.Install.Installer.Context">
      <summary>Ruft Informationen über die derzeitige Installation ab oder legt diese fest.</summary>
      <returns>Ein <see cref="T:System.Configuration.Install.InstallContext" />, der Informationen über die derzeitige Installation enthält.</returns>
    </member>
    <member name="P:System.Configuration.Install.Installer.HelpText">
      <summary>Ruft den Hilfetext für alle in der entsprechenden Auflistung enthaltenen Installationsprogramme ab.</summary>
      <returns>Der Hilfetext für alle Installationsprogramme in der entsprechenden Auflistung, einschließlich der Beschreibung der vom jeweiligen Installationsprogramm ausgeführten Vorgänge sowie der Befehlszeilenoptionen für das Installationsprogramm (z. B. InstallUtil.exe), die an das Programm übergeben und von diesem verarbeitet werden können.</returns>
      <exception cref="T:System.NullReferenceException">Eines der Installationsprogramme in der Auflistung von Installationsprogrammen gibt anstelle des Hilfetexts einen NULL-Verweis an. Ein wahrscheinlicher Grund für diese Ausnahme ist, dass ein Feld, das den Hilfetext enthalten soll, zwar definiert, aber nicht initialisiert wurde.</exception>
    </member>
    <member name="M:System.Configuration.Install.Installer.Install(System.Collections.IDictionary)">
      <summary>Führt beim Überschreiben in einer abgeleiteten Klasse die Installation aus.</summary>
      <param name="stateSaver">Ein <see cref="T:System.Collections.IDictionary" />, in dem die zum Ausführen eines Commit-, Rollback- oder Deinstallationsvorgangs erforderlichen Daten gespeichert werden.</param>
      <exception cref="T:System.ArgumentException">Der <paramref name="stateSaver" />-Parameter ist null.</exception>
      <exception cref="T:System.Exception">Im <see cref="E:System.Configuration.Install.Installer.BeforeInstall" />-Ereignishandler eines der Installationsprogramme in der Auflistung ist eine Ausnahme aufgetreten. -oder-  Im <see cref="E:System.Configuration.Install.Installer.AfterInstall" />-Ereignishandler eines der Installationsprogramme in der Auflistung ist eine Ausnahme aufgetreten.</exception>
    </member>
    <member name="P:System.Configuration.Install.Installer.Installers">
      <summary>Ruft die Auflistung von Installationsprogrammen ab, die dieses Installationsprogramm enthält.</summary>
      <returns>Eine <see cref="T:System.Configuration.Install.InstallerCollection" />, die die Auflistung von Installationsprogrammen enthält, die mit diesem Installationsprogramm verbunden sind.</returns>
    </member>
    <member name="M:System.Configuration.Install.Installer.OnAfterInstall(System.Collections.IDictionary)">
      <summary>Löst das <see cref="E:System.Configuration.Install.Installer.AfterInstall" />-Ereignis aus.</summary>
      <param name="savedState">Ein <see cref="T:System.Collections.IDictionary" /> mit dem Zustand, in dem sich der Computer befindet, nachdem alle Installationsprogramme in der <see cref="P:System.Configuration.Install.Installer.Installers" />-Eigenschaft die Installation abgeschlossen haben.</param>
    </member>
    <member name="M:System.Configuration.Install.Installer.OnAfterRollback(System.Collections.IDictionary)">
      <summary>Löst das <see cref="E:System.Configuration.Install.Installer.AfterRollback" />-Ereignis aus.</summary>
      <param name="savedState">Ein <see cref="T:System.Collections.IDictionary" /> mit dem Zustand, in dem sich der Computer befindet, nachdem ein Rollback der Installation aller in der <see cref="P:System.Configuration.Install.Installer.Installers" />-Eigenschaft enthaltenen Installationsprogramme ausgeführt wurde.</param>
    </member>
    <member name="M:System.Configuration.Install.Installer.OnAfterUninstall(System.Collections.IDictionary)">
      <summary>Löst das <see cref="E:System.Configuration.Install.Installer.AfterUninstall" />-Ereignis aus.</summary>
      <param name="savedState">Ein <see cref="T:System.Collections.IDictionary" /> mit dem Zustand, in dem sich der Computer befindet, nachdem alle Installationsprogramme in der <see cref="P:System.Configuration.Install.Installer.Installers" />-Eigenschaft deinstalliert wurden.</param>
    </member>
    <member name="M:System.Configuration.Install.Installer.OnBeforeInstall(System.Collections.IDictionary)">
      <summary>Löst das <see cref="E:System.Configuration.Install.Installer.BeforeInstall" />-Ereignis aus.</summary>
      <param name="savedState">Ein <see cref="T:System.Collections.IDictionary" /> mit dem Zustand, in dem sich der Computer befindet, bevor die Installationsprogramme in der <see cref="P:System.Configuration.Install.Installer.Installers" />-Eigenschaft installiert werden. Dieses <see cref="T:System.Collections.IDictionary" />-Objekt sollte zu diesem Zeitpunkt leer sein.</param>
    </member>
    <member name="M:System.Configuration.Install.Installer.OnBeforeRollback(System.Collections.IDictionary)">
      <summary>Löst das <see cref="E:System.Configuration.Install.Installer.BeforeRollback" />-Ereignis aus.</summary>
      <param name="savedState">Ein <see cref="T:System.Collections.IDictionary" /> mit dem Zustand, in dem sich der Computer befindet, bevor ein Rollback aller in der <see cref="P:System.Configuration.Install.Installer.Installers" />-Eigenschaft enthaltenen Installationsprogramme ausgeführt wird.</param>
    </member>
    <member name="M:System.Configuration.Install.Installer.OnBeforeUninstall(System.Collections.IDictionary)">
      <summary>Löst das <see cref="E:System.Configuration.Install.Installer.BeforeUninstall" />-Ereignis aus.</summary>
      <param name="savedState">Ein <see cref="T:System.Collections.IDictionary" /> mit dem Zustand, in dem sich der Computer befindet, bevor die Installationen der Installationsprogramme in der <see cref="P:System.Configuration.Install.Installer.Installers" />-Eigenschaft deinstalliert werden.</param>
    </member>
    <member name="M:System.Configuration.Install.Installer.OnCommitted(System.Collections.IDictionary)">
      <summary>Löst das <see cref="E:System.Configuration.Install.Installer.Committed" />-Ereignis aus.</summary>
      <param name="savedState">Ein <see cref="T:System.Collections.IDictionary" /> mit dem Zustand, in dem der Computer sich befindet, nachdem alle Installationsprogramme in der <see cref="P:System.Configuration.Install.Installer.Installers" />-Eigenschaft ausgeführt wurden.</param>
    </member>
    <member name="M:System.Configuration.Install.Installer.OnCommitting(System.Collections.IDictionary)">
      <summary>Löst das <see cref="E:System.Configuration.Install.Installer.Committing" />-Ereignis aus.</summary>
      <param name="savedState">Ein <see cref="T:System.Collections.IDictionary" /> mit dem Zustand, in dem sich der Computer befindet, bevor für die Installationsprogramme in der <see cref="P:System.Configuration.Install.Installer.Installers" />-Eigenschaft ein Commit ausgeführt wird.</param>
    </member>
    <member name="P:System.Configuration.Install.Installer.Parent">
      <summary>Ruft das Installationsprogramm ab, das die Auflistung mit diesem Installationsprogramm enthält, oder legt dieses fest.</summary>
      <returns>Ein <see cref="T:System.Configuration.Install.Installer" />, der die Auflistung enthält, zu der diese Instanz gehört, oder null, wenn diese Instanz nicht zu einer Auflistung gehört.</returns>
    </member>
    <member name="M:System.Configuration.Install.Installer.Rollback(System.Collections.IDictionary)">
      <summary>Stellt beim Überschreiben in einer abgeleiteten Klasse den Zustand wieder her, in dem sich der Computer vor der Installation befand.</summary>
      <param name="savedState">Ein <see cref="T:System.Collections.IDictionary" />, das Informationen über den Zustand enthält, in dem sich der Computer vor der Installation befand.</param>
      <exception cref="T:System.ArgumentException">Der <paramref name="savedState" />-Parameter ist null. -oder-  Das <see cref="T:System.Collections.IDictionary" /> mit dem gespeicherten Zustand ist möglicherweise beschädigt.</exception>
      <exception cref="T:System.Configuration.Install.InstallException">Während der <see cref="M:System.Configuration.Install.Installer.Rollback(System.Collections.IDictionary)" />-Phase der Installation ist eine Ausnahme aufgetreten. Diese Ausnahme wird ignoriert, und der Rollback wird fortgesetzt. Nach Abschluss des Rollbacks ist der Computer jedoch möglicherweise nicht vollständig auf den ursprünglichen Zustand zurückgesetzt.</exception>
    </member>
    <member name="M:System.Configuration.Install.Installer.Uninstall(System.Collections.IDictionary)">
      <summary>Entfernt beim Überschreiben in einer abgeleiteten Klasse eine Installation.</summary>
      <param name="savedState">Ein <see cref="T:System.Collections.IDictionary" /> mit Informationen über den Zustand, in dem sich der Computer nach Abschluss der Installation befindet.</param>
      <exception cref="T:System.ArgumentException">Das <see cref="T:System.Collections.IDictionary" /> mit dem gespeicherten Zustand ist möglicherweise beschädigt.</exception>
      <exception cref="T:System.Configuration.Install.InstallException">Während der Deinstallation ist eine Ausnahme aufgetreten. Diese Ausnahme wird ignoriert, und die Deinstallation wird fortgesetzt. Nach Abschluss der Deinstallation wurde die Anwendung jedoch möglicherweise nicht vollständig deinstalliert.</exception>
    </member>
    <member name="T:System.Configuration.Install.InstallerCollection">
      <summary>Enthält eine Auflistung der Installationsprogramme, die während einer Installation ausgeführt werden sollen.</summary>
    </member>
    <member name="M:System.Configuration.Install.InstallerCollection.Add(System.Configuration.Install.Installer)">
      <summary>Fügt dieser Auflistung von Installationsprogrammen das angegebene Installationsprogramm hinzu.</summary>
      <returns>Der nullbasierte Index des hinzugefügten Installationsprogramms.</returns>
      <param name="value">Ein <see cref="T:System.Configuration.Install.Installer" />, der das Installationsprogramm darstellt, das der Auflistung hinzugefügt werden soll.</param>
    </member>
    <member name="M:System.Configuration.Install.InstallerCollection.AddRange(System.Configuration.Install.Installer[])">
      <summary>Fügt dieser Auflistung das angegebene Array von Installationsprogrammen hinzu.</summary>
      <param name="value">Ein Array vom Typ <see cref="T:System.Configuration.Install.Installer" />, das die Installationsprogramme darstellt, die dieser Auflistung hinzugefügt werden sollen.</param>
    </member>
    <member name="M:System.Configuration.Install.InstallerCollection.AddRange(System.Configuration.Install.InstallerCollection)">
      <summary>Fügt dieser Auflistung die angegebene Auflistung von Installationsprogrammen hinzu.</summary>
      <param name="value">Eine <see cref="T:System.Configuration.Install.InstallerCollection" />, die die Installationsprogramme darstellt, die der Auflistung hinzugefügt werden sollen.</param>
    </member>
    <member name="M:System.Configuration.Install.InstallerCollection.Contains(System.Configuration.Install.Installer)">
      <summary>Bestimmt, ob das angegebene Installationsprogramm in der Auflistung enthalten ist.</summary>
      <returns>true, wenn sich die angegebenen Installationsprogramme in dieser Auflistung befinden, andernfalls false.</returns>
      <param name="value">Ein <see cref="T:System.Configuration.Install.Installer" />, der das zu suchende Installationsprogramm darstellt.</param>
    </member>
    <member name="M:System.Configuration.Install.InstallerCollection.CopyTo(System.Configuration.Install.Installer[],System.Int32)">
      <summary>Kopiert die Elemente aus der Auflistung in ein Array, beginnend am angegebenen Index.</summary>
      <param name="array">Das Array, in das kopiert werden soll.</param>
      <param name="index">Der Index des Arrays, an dem die Auflistung eingefügt werden soll.</param>
    </member>
    <member name="M:System.Configuration.Install.InstallerCollection.IndexOf(System.Configuration.Install.Installer)">
      <summary>Bestimmt den Index eines bestimmten Installationsprogramms in der Auflistung.</summary>
      <returns>Der nullbasierte Index des Installationsprogramms in der Auflistung.</returns>
      <param name="value">Der <see cref="T:System.Configuration.Install.Installer" />, der in der Auflistung gesucht werden soll.</param>
    </member>
    <member name="M:System.Configuration.Install.InstallerCollection.Insert(System.Int32,System.Configuration.Install.Installer)">
      <summary>Fügt das angegebene Installationsprogramm am angegebenen Index in die Auflistung ein.</summary>
      <param name="index">Der nullbasierte Index, an dem das Installationsprogramm eingefügt werden soll.</param>
      <param name="value">Die einzufügende <see cref="T:System.Configuration.Install.Installer" />.</param>
    </member>
    <member name="P:System.Configuration.Install.InstallerCollection.Item(System.Int32)">
      <summary>Ruft ein Installationsprogramm am angegebenen Index ab oder legt dieses fest.</summary>
      <returns>Ein <see cref="T:System.Configuration.Install.Installer" />, der das Installationsprogramm am angegebenen Index darstellt.</returns>
      <param name="index">Der nullbasierte Index des Installationsprogramms, das abgerufen oder festgelegt werden soll.</param>
    </member>
    <member name="M:System.Configuration.Install.InstallerCollection.OnInsert(System.Int32,System.Object)">
      <summary>Führt vor dem Einfügen eines neuen Installationsprogramms in die Auflistung zusätzliche benutzerdefinierte Prozesse aus.</summary>
      <param name="index">Der nullbasierte Index, an dem der <paramref name="value" /> eingefügt werden soll.</param>
      <param name="value">Der neue Wert des Installationsprogramms am <paramref name="index" />.</param>
    </member>
    <member name="M:System.Configuration.Install.InstallerCollection.OnRemove(System.Int32,System.Object)">
      <summary>Führt zusätzliche benutzerdefinierte Prozesse aus, bevor ein Installationsprogramm aus der Auflistung entfernt wird.</summary>
      <param name="index">Der nullbasierte Index, an dem sich <paramref name="value" /> befindet.</param>
      <param name="value">Das aus <paramref name="index" /> zu entfernende Installationsprogramm.</param>
    </member>
    <member name="M:System.Configuration.Install.InstallerCollection.OnSet(System.Int32,System.Object,System.Object)">
      <summary>Führt zusätzliche benutzerdefinierte Prozesse aus, bevor ein vorhandenes Installationsprogramm auf einen neuen Wert festgelegt wird.</summary>
      <param name="index">Der nullbasierte Index, an dem <paramref name="oldValue" /> ersetzt werden soll.</param>
      <param name="oldValue">Der Wert, der durch <paramref name="newValue." /> ersetzt werden soll.</param>
      <param name="newValue">Der neue Wert des Installationsprogramms am <paramref name="index" />.</param>
    </member>
    <member name="M:System.Configuration.Install.InstallerCollection.Remove(System.Configuration.Install.Installer)">
      <summary>Entfernt das angegebene <see cref="T:System.Configuration.Install.Installer" /> aus der Auflistung.</summary>
      <param name="value">Ein <see cref="T:System.Configuration.Install.Installer" />, der das zu entfernende Installationsprogramm darstellt.</param>
    </member>
    <member name="T:System.Configuration.Install.InstallEventArgs">
      <summary>Stellt Daten für die Ereignisse <see cref="E:System.Configuration.Install.Installer.BeforeInstall" />, <see cref="E:System.Configuration.Install.Installer.AfterInstall" />, <see cref="E:System.Configuration.Install.Installer.Committing" />, <see cref="E:System.Configuration.Install.Installer.Committed" />, <see cref="E:System.Configuration.Install.Installer.BeforeRollback" />, <see cref="E:System.Configuration.Install.Installer.AfterRollback" />, <see cref="E:System.Configuration.Install.Installer.BeforeUninstall" /> und <see cref="E:System.Configuration.Install.Installer.AfterUninstall" /> bereit.</summary>
    </member>
    <member name="M:System.Configuration.Install.InstallEventArgs.#ctor">
      <summary>Initialisiert eine neue Instanz der <see cref="T:System.Configuration.Install.InstallEventArgs" />-Klasse und lässt die <see cref="P:System.Configuration.Install.InstallEventArgs.SavedState" />-Eigenschaft leer.</summary>
    </member>
    <member name="M:System.Configuration.Install.InstallEventArgs.#ctor(System.Collections.IDictionary)">
      <summary>Initialisiert eine neue Instanz der <see cref="T:System.Configuration.Install.InstallEventArgs" />-Klasse und gibt den Wert für die <see cref="P:System.Configuration.Install.InstallEventArgs.SavedState" />-Eigenschaft an.</summary>
      <param name="savedState">Ein <see cref="T:System.Collections.IDictionary" />, das den aktuellen Zustand der Installation darstellt.</param>
    </member>
    <member name="P:System.Configuration.Install.InstallEventArgs.SavedState">
      <summary>Ruft ein <see cref="T:System.Collections.IDictionary" /> ab, das den aktuellen Zustand der Installation darstellt.</summary>
      <returns>Ein <see cref="T:System.Collections.IDictionary" />, das den aktuellen Zustand der Installation darstellt.</returns>
    </member>
    <member name="T:System.Configuration.Install.InstallEventHandler">
      <summary>Stellt die Methode dar, die die Ereignisse <see cref="E:System.Configuration.Install.Installer.BeforeInstall" />, <see cref="E:System.Configuration.Install.Installer.AfterInstall" />, <see cref="E:System.Configuration.Install.Installer.Committing" />, <see cref="E:System.Configuration.Install.Installer.Committed" />, <see cref="E:System.Configuration.Install.Installer.BeforeRollback" />, <see cref="E:System.Configuration.Install.Installer.AfterRollback" />, <see cref="E:System.Configuration.Install.Installer.BeforeUninstall" /> oder <see cref="E:System.Configuration.Install.Installer.AfterUninstall" /> von <see cref="T:System.Configuration.Install.Installer" /> behandelt.</summary>
      <param name="sender">Die Quelle des Ereignisses.</param>
      <param name="e">Ein <see cref="T:System.Configuration.Install.InstallEventArgs" />, das die Ereignisdaten enthält.</param>
    </member>
    <member name="T:System.Configuration.Install.InstallException">
      <summary>Die Ausnahme, die ausgelöst wird, wenn während der Commit-, Rollback- oder Deinstallationsphase einer Installation ein Fehler auftritt.</summary>
    </member>
    <member name="M:System.Configuration.Install.InstallException.#ctor">
      <summary>Initialisiert eine neue Instanz der <see cref="T:System.Configuration.Install.InstallException" />-Klasse.</summary>
    </member>
    <member name="M:System.Configuration.Install.InstallException.#ctor(System.Runtime.Serialization.SerializationInfo,System.Runtime.Serialization.StreamingContext)">
      <summary>Initialisiert eine neue Instanz der <see cref="T:System.Configuration.Install.InstallException" />-Klasse mit serialisierten Daten.</summary>
      <param name="info">Die <see cref="T:System.Runtime.Serialization.SerializationInfo" />, die die serialisierten Objektdaten für die ausgelöste Ausnahme enthält.</param>
      <param name="context">Der <see cref="T:System.Runtime.Serialization.StreamingContext" />, der die Kontextinformationen über die Quelle oder das Ziel enthält.</param>
    </member>
    <member name="M:System.Configuration.Install.InstallException.#ctor(System.String)">
      <summary>Initialisiert eine neue Instanz der <see cref="T:System.Configuration.Install.InstallException" />-Klasse und legt die Meldung fest, die dem Benutzer angezeigt wird.</summary>
      <param name="message">Die Meldung, die dem Benutzer angezeigt wird.</param>
    </member>
    <member name="M:System.Configuration.Install.InstallException.#ctor(System.String,System.Exception)">
      <summary>Initialisiert eine neue Instanz der <see cref="T:System.Configuration.Install.InstallException" />-Klasse und gibt die dem Benutzer anzuzeigende Meldung sowie einen Verweis auf die innere Ausnahme an, die diese Ausnahme ausgelöst hat.</summary>
      <param name="message">Die Meldung, die dem Benutzer angezeigt wird.</param>
      <param name="innerException">Die Ausnahme, die die Ursache der aktuellen Ausnahme ist. Wenn der <paramref name="innerException" />-Parameter nicht null ist, wird die aktuelle Ausnahme in einem catch-Block ausgelöst, der die innere Ausnahme behandelt.</param>
    </member>
    <member name="T:System.Configuration.Install.ManagedInstallerClass">
      <summary>Stellt eine verwaltete Installation dar.</summary>
    </member>
    <member name="M:System.Configuration.Install.ManagedInstallerClass.#ctor">
      <summary>Initialisiert eine neue Instanz der <see cref="T:System.Configuration.Install.ManagedInstallerClass" />-Klasse.</summary>
    </member>
    <member name="M:System.Configuration.Install.ManagedInstallerClass.InstallHelper(System.String[])">
      <summary>Behandelt die Funktionalität des Installutil.exe (Installer-Tool).</summary>
      <param name="args">Die an das Installationstool übergebenen Argumente.</param>
    </member>
    <member name="M:System.Configuration.Install.ManagedInstallerClass.System#Configuration#Install#IManagedInstaller#ManagedInstall(System.String,System.Int32)">
      <summary>Eine Beschreibung dieses Members finden Sie unter <see cref="M:System.Configuration.Install.IManagedInstaller.ManagedInstall(System.String,System.Int32)" />.</summary>
      <returns>Der Rückgabecode für installutil.exe. Eine erfolgreiche Installation gibt 0 zurück. Andere Werte geben Fehler an.</returns>
      <param name="argString">Die Befehlszeile für die Installation.</param>
      <param name="hInstall">Das Handle für die Installation.</param>
    </member>
    <member name="T:System.Configuration.Install.TransactedInstaller">
      <summary>Definiert ein Installationsprogramm, das entweder vollständig ausgeführt wird oder fehlschlägt und in letzterem Fall den Computer im ursprünglichen Zustand belässt.</summary>
    </member>
    <member name="M:System.Configuration.Install.TransactedInstaller.#ctor">
      <summary>Initialisiert eine neue Instanz der <see cref="T:System.Configuration.Install.TransactedInstaller" />-Klasse.</summary>
    </member>
    <member name="M:System.Configuration.Install.TransactedInstaller.Install(System.Collections.IDictionary)">
      <summary>Führt die Installation durch.</summary>
      <param name="savedState">Ein <see cref="T:System.Collections.IDictionary" />, in dem diese Methode die zum Ausführen eines Commit-, Rollback- oder Deinstallationsvorgangs erforderlichen Daten speichert.</param>
      <exception cref="T:System.ArgumentException">Der <paramref name="savedState" />-Parameter ist null.</exception>
      <exception cref="T:System.Exception">Die Installation ist fehlgeschlagen, und es wird ein Rollback durchgeführt.</exception>
    </member>
    <member name="M:System.Configuration.Install.TransactedInstaller.Uninstall(System.Collections.IDictionary)">
      <summary>Entfernt eine Installation.</summary>
      <param name="savedState">Ein <see cref="T:System.Collections.IDictionary" /> mit Informationen über den Zustand, in dem sich der Computer nach Abschluss der Installation befindet.</param>
    </member>
    <member name="T:System.Configuration.Install.UninstallAction">
      <summary>Gibt an, welche Aktionen ein Installationsprogramm während einer Deinstallation ausführen soll.</summary>
    </member>
    <member name="F:System.Configuration.Install.UninstallAction.NoAction">
      <summary>Die vom Installationsprogramm erstellte Ressource bleibt unverändert.</summary>
    </member>
    <member name="F:System.Configuration.Install.UninstallAction.Remove">
      <summary>Die vom Installationsprogramm erstellte Ressource wird entfernt.</summary>
    </member>
    <member name="T:System.Diagnostics.EventLogInstaller">
      <summary>Ermöglicht Ihnen das Installieren und Konfigurieren eines Ereignisprotokolls, das die Anwendung während der Ausführung liest bzw. in das sie schreibt.</summary>
    </member>
    <member name="M:System.Diagnostics.EventLogInstaller.#ctor">
      <summary>Initialisiert eine neue Instanz der <see cref="T:System.Diagnostics.EventLogInstaller" />-Klasse.</summary>
    </member>
    <member name="P:System.Diagnostics.EventLogInstaller.CategoryCount">
      <summary>Ruft die Anzahl der Kategorien in der Kategorieressourcendatei ab oder legt diese fest.</summary>
      <returns>Die Anzahl der Kategorien in der Kategorieressourcendatei. Der Standardwert ist 0 (null).</returns>
    </member>
    <member name="P:System.Diagnostics.EventLogInstaller.CategoryResourceFile">
      <summary>Ruft den Pfad der Ressourcendatei ab, die die Kategoriezeichenfolgen für die Quelle enthält, oder legt diesen fest.</summary>
      <returns>Der Pfad der Kategorieressourcendatei. Der Standardwert ist eine leere Zeichenfolge ("").</returns>
    </member>
    <member name="M:System.Diagnostics.EventLogInstaller.CopyFromComponent(System.ComponentModel.IComponent)">
      <summary>Kopiert die Eigenschaftswerte einer <see cref="T:System.Diagnostics.EventLog" />-Komponente, die bei der Installation für ein Ereignisprotokoll benötigt werden.</summary>
      <param name="component">Eine <see cref="T:System.ComponentModel.IComponent" />, die als Vorlage für den <see cref="T:System.Diagnostics.EventLogInstaller" /> verwendet werden soll.</param>
      <exception cref="T:System.ArgumentException">Die angegebene Komponente ist kein <see cref="T:System.Diagnostics.EventLog" />. -oder-  Die <see cref="P:System.Diagnostics.EventLog.Log" />-Eigenschaft oder die <see cref="P:System.Diagnostics.EventLog.Source" />-Eigenschaft der angegebenen Komponente ist entweder null oder leer.</exception>
    </member>
    <member name="M:System.Diagnostics.EventLogInstaller.Install(System.Collections.IDictionary)">
      <summary>Führt die Installation durch und schreibt Ereignisprotokollinformationen in die Registrierung.</summary>
      <param name="stateSaver">Ein <see cref="T:System.Collections.IDictionary" />, in dem die zum Ausführen eines Rollback- oder Deinstallationsvorgangs erforderlichen Daten gespeichert werden.</param>
      <exception cref="T:System.PlatformNotSupportedException">Die Plattform, die das Installationsprogramm zu verwenden versucht, ist nicht Windows NT 4.0 oder höher.</exception>
      <exception cref="T:System.ArgumentException">Der in der <see cref="P:System.Diagnostics.EventLogInstaller.Source" />-Eigenschaft angegebene Name wurde bereits für ein anderes Ereignisprotokoll registriert.</exception>
    </member>
    <member name="M:System.Diagnostics.EventLogInstaller.IsEquivalentInstaller(System.Configuration.Install.ComponentInstaller)">
      <summary>Ermittelt, ob das Installationsprogramm und ein anderes angegebenes Installationsprogramm auf dieselbe Quelle verweisen.</summary>
      <returns>true, wenn dieses Installationsprogramm und das durch den <paramref name="otherInstaller" />-Parameter angegebene Installationsprogramm dieselbe Quelle installieren oder deinstallieren würden, andernfalls false.</returns>
      <param name="otherInstaller">Das zu vergleichende Installationsprogramm.</param>
    </member>
    <member name="P:System.Diagnostics.EventLogInstaller.Log">
      <summary>Ruft den Namen des Protokolls ab, für das die Quelle festgelegt werden soll, oder legt diesen fest.</summary>
      <returns>Der Name des Protokolls. Dabei kann es sich um einen Anwendungs-, einen System- oder einen benutzerdefinierten Protokollnamen handeln. Der Standardwert ist eine leere Zeichenfolge ("").</returns>
    </member>
    <member name="P:System.Diagnostics.EventLogInstaller.MessageResourceFile">
      <summary>Ruft den Pfad der Ressourcendatei ab, die die Meldungsformatzeichenfolgen für die Quelle enthält, oder legt diesen fest.</summary>
      <returns>Der Pfad der Meldungsressourcendatei. Der Standardwert ist eine leere Zeichenfolge ("").</returns>
    </member>
    <member name="P:System.Diagnostics.EventLogInstaller.ParameterResourceFile">
      <summary>Ruft den Pfad der Ressourcendatei ab, die die Meldungsparameterzeichenfolgen für die Quelle enthält, oder legt diesen fest.</summary>
      <returns>Der Pfad der Ressourcendatei der Meldungsparameter. Der Standardwert ist eine leere Zeichenfolge ("").</returns>
    </member>
    <member name="M:System.Diagnostics.EventLogInstaller.Rollback(System.Collections.IDictionary)">
      <summary>Versetzt den Computer durch Rollback der Ereignisprotokollinformationen, die von der Installationsprozedur in die Registrierung geschrieben wurden, in den Zustand vor der Installation zurück.</summary>
      <param name="savedState">Ein <see cref="T:System.Collections.IDictionary" />, das Informationen über den Zustand enthält, in dem sich der Computer vor der Installation befand.</param>
    </member>
    <member name="P:System.Diagnostics.EventLogInstaller.Source">
      <summary>Ruft den im Protokoll zu registrierenden Namen der Quelle ab oder legt diesen fest.</summary>
      <returns>Der Name, der im Ereignisprotokoll als Quelle für Einträge registriert werden soll. Der Standardwert ist eine leere Zeichenfolge ("").</returns>
    </member>
    <member name="M:System.Diagnostics.EventLogInstaller.Uninstall(System.Collections.IDictionary)">
      <summary>Entfernt eine Installation durch Entfernen der Ereignisprotokollinformationen aus der Registrierung.</summary>
      <param name="savedState">Ein <see cref="T:System.Collections.IDictionary" />, das Informationen über den Zustand enthält, in dem sich der Computer vor der Installation befand.</param>
    </member>
    <member name="P:System.Diagnostics.EventLogInstaller.UninstallAction">
      <summary>Ruft einen Wert ab, der angibt, ob das Installutil.exe (Installer-Tool) das Ereignisprotokoll löschen oder zum Zeitpunkt der Deinstallation im installierten Zustand belassen soll, oder legt diesen Wert fest.</summary>
      <returns>Einer der <see cref="T:System.Configuration.Install.UninstallAction" />-Werte, der angibt, in welchem Zustand das Ereignisprotokoll bei der Deinstallation des <see cref="T:System.Diagnostics.EventLog" /> belassen werden soll. Der Standardwert ist Remove.</returns>
      <exception cref="T:System.ComponentModel.InvalidEnumArgumentException">
        <see cref="P:System.Diagnostics.EventLogInstaller.UninstallAction" /> enthält einen ungültigen Wert. Die einzigen gültigen Werte für diese Eigenschaft sind Remove und NoAction.</exception>
    </member>
    <member name="T:System.Diagnostics.PerformanceCounterInstaller">
      <summary>Gibt ein Installationsprogramm für die <see cref="T:System.Diagnostics.PerformanceCounter" />-Komponente an.</summary>
    </member>
    <member name="M:System.Diagnostics.PerformanceCounterInstaller.#ctor">
      <summary>Initialisiert eine neue Instanz der <see cref="T:System.Diagnostics.PerformanceCounterInstaller" />-Klasse.</summary>
    </member>
    <member name="P:System.Diagnostics.PerformanceCounterInstaller.CategoryHelp">
      <summary>Ruft die beschreibende Meldung für den Leistungsindikator ab oder legt diese fest.</summary>
      <returns>Die beschreibende Meldung für den Leistungsindikator.</returns>
      <exception cref="T:System.ArgumentNullException">Der Wert wird auf null festgelegt.</exception>
    </member>
    <member name="P:System.Diagnostics.PerformanceCounterInstaller.CategoryName">
      <summary>Ruft den Namen der Leistungskategorie für den Leistungsindikator ab oder legt diesen fest.</summary>
      <returns>Der Name der Leistungskategorie für den Leistungsindikator.</returns>
      <exception cref="T:System.ArgumentNullException">Der Wert wird auf null festgelegt.</exception>
      <exception cref="T:System.ArgumentException">Der Wert ist kein gültiger Kategoriename.</exception>
    </member>
    <member name="P:System.Diagnostics.PerformanceCounterInstaller.CategoryType">
      <summary>Ruft den Typ der Leistungsindikatorkategorie ab oder legt diesen fest.</summary>
      <returns>Einer der <see cref="T:System.Diagnostics.PerformanceCounterCategoryType" />-Werte.</returns>
      <exception cref="T:System.ComponentModel.InvalidEnumArgumentException">Der Wert ist keine <see cref="T:System.Diagnostics.PerformanceCounterCategoryType" />.</exception>
    </member>
    <member name="M:System.Diagnostics.PerformanceCounterInstaller.CopyFromComponent(System.ComponentModel.IComponent)">
      <summary>Kopiert alle Eigenschaften aus der angegebenen Komponente, die für einen Leistungsindikator während der Installation benötigt werden.</summary>
      <param name="component">Die Komponente, aus der kopiert werden soll.</param>
      <exception cref="T:System.ArgumentException">Die angegebene Komponente ist kein <see cref="T:System.Diagnostics.PerformanceCounter" />. -oder-  Der angegebene <see cref="T:System.Diagnostics.PerformanceCounter" /> ist unvollständig. -oder-  Es wird versucht, mehrere Zähler in verschiedenen Kategorien zu installieren.</exception>
    </member>
    <member name="P:System.Diagnostics.PerformanceCounterInstaller.Counters">
      <summary>Ruft eine Auflistung von Daten ab, die die zu installierenden Zähler betrifft.</summary>
      <returns>Eine <see cref="T:System.Diagnostics.CounterCreationDataCollection" />, die die Namen, Hilfemeldungen und Typen der zu installierenden Zähler enthält.</returns>
    </member>
    <member name="M:System.Diagnostics.PerformanceCounterInstaller.Install(System.Collections.IDictionary)">
      <summary>Führt die Installation durch.</summary>
      <param name="stateSaver">Ein <see cref="T:System.Collections.IDictionary" />, in dem die zum Ausführen eines Commit-, Rollback- oder Deinstallationsvorgangs erforderlichen Daten gespeichert werden.</param>
    </member>
    <member name="M:System.Diagnostics.PerformanceCounterInstaller.Rollback(System.Collections.IDictionary)">
      <summary>Stellt den Zustand wieder her, in dem sich der Computer vor der Installation befand.</summary>
      <param name="savedState">Ein <see cref="T:System.Collections.IDictionary" />, das Informationen über den Zustand enthält, in dem sich der Computer vor der Installation befand.</param>
    </member>
    <member name="M:System.Diagnostics.PerformanceCounterInstaller.Uninstall(System.Collections.IDictionary)">
      <summary>Entfernt eine Installation.</summary>
      <param name="savedState">Ein <see cref="T:System.Collections.IDictionary" />, das den Zustand des Computers nach der Installation enthält.</param>
    </member>
    <member name="P:System.Diagnostics.PerformanceCounterInstaller.UninstallAction">
      <summary>Ruft einen Wert ab, der angibt, ob der Leistungsindikator zum Zeitpunkt der Deinstallation entfernt werden soll.</summary>
      <returns>Einer der <see cref="T:System.Configuration.Install.UninstallAction" />-Werte. Der Standardwert ist Remove.</returns>
      <exception cref="T:System.ComponentModel.InvalidEnumArgumentException">Der Wert ist keine <see cref="T:System.Configuration.Install.UninstallAction" />.</exception>
    </member>
  </members>
</doc>