﻿<?xml version="1.0" encoding="utf-8"?>
<doc>
  <assembly>
    <name>UIAutomationClientsideProviders</name>
  </assembly>
  <members>
    <member name="T:UIAutomationClientsideProviders.UIAutomationClientSideProviders">
      <summary>Ermöglicht es Anwendungen, clientseitige UI-Automatisierung-Anbieter zu ermitteln.</summary>
    </member>
    <member name="F:UIAutomationClientsideProviders.UIAutomationClientSideProviders.ClientSideProviderDescriptionTable">
      <summary>Stellt Informationen zu clientseitigen UI-Automatisierung-Anbietern bereit.</summary>
    </member>
  </members>
</doc>