﻿<?xml version="1.0" encoding="utf-8"?>
<doc>
  <assembly>
    <name>UIAutomationProvider</name>
  </assembly>
  <members>
    <member name="T:System.Windows.Automation.Provider.AutomationInteropProvider">
      <summary>Bietet eine Unterstützung für die Kommunikation zwischen Benutzeroberflächenautomatisierungs-Anbietern und Benutzeroberflächenautomatisierungs-Client-Anwendungen.</summary>
    </member>
    <member name="F:System.Windows.Automation.Provider.AutomationInteropProvider.AppendRuntimeId">
      <summary>Enthält einen Wert, der bei Rückgabe als erstes Element des vom Benutzeroberflächenautomatisierungs-Anbieter an das <see cref="M:System.Windows.Automation.Provider.IRawElementProviderFragment.GetRuntimeId" /> übergebenen Arrays angibt, dass es sich nur um einen Teil der ID handelt und dieser an die vom Basisanbieter bereitgestellte ID angefügt werden muss.</summary>
    </member>
    <member name="P:System.Windows.Automation.Provider.AutomationInteropProvider.ClientsAreListening">
      <summary>Ruft einen Wert ab, der angibt, ob für UI-Automatisierung-Ereignisse eine Benutzeroberflächenautomatisierungs-Client-Anwendung abonniert ist.</summary>
      <returns>true, wenn für Ereignisse ein Client abonniert ist, andernfalls false.</returns>
    </member>
    <member name="M:System.Windows.Automation.Provider.AutomationInteropProvider.HostProviderFromHandle(System.IntPtr)">
      <summary>Gibt einen Benutzeroberflächenautomatisierungs-Anbieter zurück, der das angegebene Fenster darstellt.</summary>
      <returns>Der Anbieter des Rohdatenelements für das angegebene Fenster.</returns>
      <param name="hwnd">Das Handle des Fensters.</param>
    </member>
    <member name="F:System.Windows.Automation.Provider.AutomationInteropProvider.InvalidateLimit">
      <summary>Gibt die maximale Anzahl von Ereignissen an, die vor der Batcherstellung gesendet werden können.</summary>
    </member>
    <member name="F:System.Windows.Automation.Provider.AutomationInteropProvider.ItemsInvalidateLimit">
      <summary>Die maximale Anzahl zu sendender Ereignisse, bevor Ereignisse in Containern gesammelt werden.</summary>
    </member>
    <member name="M:System.Windows.Automation.Provider.AutomationInteropProvider.RaiseAutomationEvent(System.Windows.Automation.AutomationEvent,System.Windows.Automation.Provider.IRawElementProviderSimple,System.Windows.Automation.AutomationEventArgs)">
      <summary>Löst ein Musterereignis oder ein benutzerdefiniertes Ereignis aus.</summary>
      <param name="eventId">Der Ereignisbezeichner.</param>
      <param name="provider">Das dem Ereignis zugeordnete Element.</param>
      <param name="e">Informationen zum Ereignis.</param>
    </member>
    <member name="M:System.Windows.Automation.Provider.AutomationInteropProvider.RaiseAutomationPropertyChangedEvent(System.Windows.Automation.Provider.IRawElementProviderSimple,System.Windows.Automation.AutomationPropertyChangedEventArgs)">
      <summary>Löst ein Ereignis aus, wenn sich eine UI-Automatisierung-Eigenschaft geändert hat.</summary>
      <param name="element">Das dem Ereignis zugeordnete Element.</param>
      <param name="e">Informationen zum Ereignis.</param>
    </member>
    <member name="M:System.Windows.Automation.Provider.AutomationInteropProvider.RaiseStructureChangedEvent(System.Windows.Automation.Provider.IRawElementProviderSimple,System.Windows.Automation.StructureChangedEventArgs)">
      <summary>Löst ein Ereignis aus, wenn die UI-Automatisierung-Struktur geändert wurde.</summary>
      <param name="provider">Das dem Ereignis zugeordnete Element.</param>
      <param name="e">Informationen zum Ereignis.</param>
    </member>
    <member name="M:System.Windows.Automation.Provider.AutomationInteropProvider.ReturnRawElementProvider(System.IntPtr,System.IntPtr,System.IntPtr,System.Windows.Automation.Provider.IRawElementProviderSimple)">
      <summary>Gibt als Reaktion auf eine WM_GETOBJECT-Meldung den Benutzeroberflächenautomatisierungs-Anbieter für ein Element zurück.</summary>
      <returns>Ein Zeiger für Daten, die <see cref="P:System.Windows.Forms.Message.Result" /> zugewiesen werden müssen, bevor die Meldung an die Fensterbasisprozedur übergeben wird.</returns>
      <param name="hwnd">Handle für das Fenster des Elements.</param>
      <param name="wParam">Der wParam-Member der WM_GETOBJECT -Meldung.</param>
      <param name="lParam">Der lParam-Member der WM_GETOBJECT-Meldung.</param>
      <param name="el">Der Benutzeroberflächenautomatisierungs-Anbieter für das Element.</param>
    </member>
    <member name="F:System.Windows.Automation.Provider.AutomationInteropProvider.RootObjectId">
      <summary>Enthält einen im lParam-Member einer WM_GETOBJECT-Meldung verwendeten Wert, der angibt, dass der Server einen Verweis auf den Anbieter des Rohdaten-Stammelements zurückgeben muss.</summary>
    </member>
    <member name="T:System.Windows.Automation.Provider.IDockProvider">
      <summary>Macht Methoden und Eigenschaften verfügbar, um den Benutzeroberflächenautomatisierungs-Client-Zugriff auf Steuerelemente zu unterstützen, die die eigenen Dock-Eigenschaften in einem Andockcontainer verfügbar machen.</summary>
    </member>
    <member name="P:System.Windows.Automation.Provider.IDockProvider.DockPosition">
      <summary>Ruft die aktuelle <see cref="T:System.Windows.Automation.DockPosition" /> des Steuerelements in einem Andockcontainer ab.</summary>
      <returns>Die <see cref="T:System.Windows.Automation.DockPosition" /> des Steuerelements in Bezug auf die Grenzen des Andockcontainers und andere Elemente im Container.</returns>
    </member>
    <member name="M:System.Windows.Automation.Provider.IDockProvider.SetDockPosition(System.Windows.Automation.DockPosition)">
      <summary>Dockt das Steuerelement in einem Andockcontainer an.</summary>
      <param name="dockPosition">Die Andockposition in Bezug auf die Grenzen des Andockcontainers und andere Elemente im Container.</param>
    </member>
    <member name="T:System.Windows.Automation.Provider.IExpandCollapseProvider">
      <summary>Macht Methoden und Eigenschaften verfügbar, um den Benutzeroberflächenautomatisierungs-Client-Zugriff auf Steuerelemente zu unterstützen, die visuell erweitert werden, um Inhalt anzuzeigen, und reduziert werden, um Inhalt auszublenden.</summary>
    </member>
    <member name="M:System.Windows.Automation.Provider.IExpandCollapseProvider.Collapse">
      <summary>Blendet alle Knoten, Steuerelemente oder Inhalte aus, die Nachfolgerelemente des Steuerelements bilden.</summary>
    </member>
    <member name="M:System.Windows.Automation.Provider.IExpandCollapseProvider.Expand">
      <summary>Zeigt alle untergeordneten Knoten, Steuerelemente oder Inhalte des Steuerelements an.</summary>
    </member>
    <member name="P:System.Windows.Automation.Provider.IExpandCollapseProvider.ExpandCollapseState">
      <summary>Ruft den Zustand des Steuerelements, erweitert oder reduziert, ab.</summary>
      <returns>Der Zustand des Steuerelements, erweitert oder reduziert.</returns>
    </member>
    <member name="T:System.Windows.Automation.Provider.IGridItemProvider">
      <summary>Macht Methoden und Eigenschaften verfügbar, um den Benutzeroberflächenautomatisierung-Zugriff auf einzelne untergeordnete Steuerelemente von Containern zu unterstützen, die <see cref="T:System.Windows.Automation.Provider.IGridProvider" /> implementieren.</summary>
    </member>
    <member name="P:System.Windows.Automation.Provider.IGridItemProvider.Column">
      <summary>Ruft die Ordinalzahl der Spalte ab, die die Zelle oder das Element enthält.</summary>
      <returns>Eine nullbasierte Ordinalzahl, die die Spalte mit der Zelle oder dem Element angibt.</returns>
    </member>
    <member name="P:System.Windows.Automation.Provider.IGridItemProvider.ColumnSpan">
      <summary>Ruft die Anzahl von Spalten ab, über die sich eine Zelle oder ein Element erstreckt.</summary>
      <returns>Die Anzahl der Spalten, über die sich das Element erstreckt.</returns>
    </member>
    <member name="P:System.Windows.Automation.Provider.IGridItemProvider.ContainingGrid">
      <summary>Ruft einen Benutzeroberflächenautomatisierungs-Anbieter ab, der <see cref="T:System.Windows.Automation.Provider.IGridProvider" /> implementiert und den Container der Zelle oder des Elements darstellt.</summary>
      <returns>Ein Benutzeroberflächenautomatisierungs-Anbieter ab, der das <see cref="T:System.Windows.Automation.GridPattern" /> implementiert und den Container der Zelle oder des Elements darstellt.</returns>
    </member>
    <member name="P:System.Windows.Automation.Provider.IGridItemProvider.Row">
      <summary>Ruft die Ordinalzahl der Zeile ab, die die Zelle oder das Element enthält.</summary>
      <returns>Eine nullbasierte Ordinalzahl, die die Zeile mit der Zelle oder dem Element angibt.</returns>
    </member>
    <member name="P:System.Windows.Automation.Provider.IGridItemProvider.RowSpan">
      <summary>Ruft die Anzahl von Zeilen ab, über die sich eine Zelle oder ein Element erstreckt.</summary>
      <returns>Die Anzahl der Zeilen, über die sich das Element erstreckt.</returns>
    </member>
    <member name="T:System.Windows.Automation.Provider.IGridProvider">
      <summary>Macht Methoden und Eigenschaften verfügbar, um den Benutzeroberflächenautomatisierungs-Client-Zugriff auf Steuerelemente zu unterstützen, die als Container für eine Auflistung untergeordneter Elemente verwendet werden. Die untergeordneten Elemente dieses Elements müssen <see cref="T:System.Windows.Automation.Provider.IGridItemProvider" /> implementieren und in einem zweidimensionalen logischen Koordinatensystem angeordnet sein, das mithilfe der Tastatur durchlaufen werden kann (d. h., ein Benutzeroberflächenautomatisierungs-Client kann zu benachbarten Steuerelementen wechseln).</summary>
    </member>
    <member name="P:System.Windows.Automation.Provider.IGridProvider.ColumnCount">
      <summary>Ruft die Gesamtanzahl der Spalten in einem Raster ab.</summary>
      <returns>Die Gesamtanzahl der Spalten in einem Raster.</returns>
    </member>
    <member name="M:System.Windows.Automation.Provider.IGridProvider.GetItem(System.Int32,System.Int32)">
      <summary>Ruft den Benutzeroberflächenautomatisierungs-Anbieter für die angegebene Zelle ab.</summary>
      <returns>Der Benutzeroberflächenautomatisierungs-Anbieter für die angegebene Zelle.</returns>
      <param name="row">Die Ordinalzahl der betreffenden Zeile.</param>
      <param name="column">Die Ordinalzahl der betreffenden Spalte.</param>
    </member>
    <member name="P:System.Windows.Automation.Provider.IGridProvider.RowCount">
      <summary>Ruft die Gesamtanzahl der Zeilen in einem Raster ab.</summary>
      <returns>Die Gesamtanzahl der Zeilen in einem Raster.</returns>
    </member>
    <member name="T:System.Windows.Automation.Provider.IInvokeProvider">
      <summary>Macht Methoden und Eigenschaften verfügbar, um den Benutzeroberflächenautomatisierungs-Client-Zugriff auf Steuerelemente zu gewähren, die eine einzelne, eindeutige Aktion initiieren oder ausführen und bei der Aktivierung den Zustand nicht beibehalten.</summary>
    </member>
    <member name="M:System.Windows.Automation.Provider.IInvokeProvider.Invoke">
      <summary>Sendet eine Anforderung zum Aktivieren eines Steuerelements und Initiieren der einzelnen eindeutigen Aktion.</summary>
      <exception cref="T:System.Windows.Automation.ElementNotEnabledException">Wenn das Steuerelement nicht aktiviert ist.</exception>
    </member>
    <member name="T:System.Windows.Automation.Provider.IItemContainerProvider">
      <summary>Macht eine Methode verfügbar, die Anwendungen die Suche nach einem Element in einem Container ermöglicht, z. B. eine virtualisierte Liste.</summary>
    </member>
    <member name="M:System.Windows.Automation.Provider.IItemContainerProvider.FindItemByProperty(System.Windows.Automation.Provider.IRawElementProviderSimple,System.Int32,System.Object)">
      <summary>Ruft ein Element anhand des angegebenen Eigenschaftswerts ab.</summary>
      <returns>Das erste Element, das mit dem Suchkriterium übereinstimmt, andernfalls null, wenn keine Elemente übereinstimmen.</returns>
      <param name="startAfter">Das Element im Container, nach dem die Suche gestartet werden soll.</param>
      <param name="propertyId">Die Eigenschaft, die den abzurufenden Wert enthält.</param>
      <param name="value">Der abzurufende Wert.</param>
    </member>
    <member name="T:System.Windows.Automation.Provider.IMultipleViewProvider">
      <summary>Macht Methoden und Eigenschaften verfügbar, um den Benutzeroberflächenautomatisierungs-Client-Zugriff auf Steuerelemente zu unterstützen, die mehrere Darstellungen derselben Informationen oder untergeordneten Steuerelemente bereitstellen und zwischen diesen wechseln können.</summary>
    </member>
    <member name="P:System.Windows.Automation.Provider.IMultipleViewProvider.CurrentView">
      <summary>Ruft die aktuelle steuerelementspezifische Ansicht ab.</summary>
      <returns>Der Wert für die aktuelle Ansicht des Benutzeroberflächenautomatisierungs-Elements.</returns>
    </member>
    <member name="M:System.Windows.Automation.Provider.IMultipleViewProvider.GetSupportedViews">
      <summary>Ruft eine Auflistung steuerelementspezifischer Ansichtsbezeichner ab.</summary>
      <returns>Eine Auflistung von Werten, die die in einem Benutzeroberflächenautomatisierungs-Element verfügbaren Ansichten angeben.</returns>
    </member>
    <member name="M:System.Windows.Automation.Provider.IMultipleViewProvider.GetViewName(System.Int32)">
      <summary>Ruft den Namen einer steuerelementspezifischen Ansicht ab.</summary>
      <returns>Ein lokalisierter Name für die Ansicht.</returns>
      <param name="viewId">Der Ansichtsbezeichner.</param>
      <exception cref="T:System.ArgumentException">
        <paramref name="viewId" /> ist kein Member der unterstützten Ansichtenauflistung.</exception>
    </member>
    <member name="M:System.Windows.Automation.Provider.IMultipleViewProvider.SetCurrentView(System.Int32)">
      <summary>Legt die aktuelle steuerelementspezifische Ansicht fest.</summary>
      <param name="viewId">Ein Ansichtsbezeichner.</param>
      <exception cref="T:System.ArgumentException">
        <paramref name="viewId" /> ist kein Member der unterstützten Ansichtenauflistung.</exception>
    </member>
    <member name="T:System.Windows.Automation.Provider.IRangeValueProvider">
      <summary>Macht Methoden und Eigenschaften verfügbar, um den Benutzeroberflächenautomatisierungs-Client-Zugriff auf Steuerelemente zu unterstützen, die auf einen Wert innerhalb eines Bereichs festgelegt werden können.</summary>
    </member>
    <member name="P:System.Windows.Automation.Provider.IRangeValueProvider.IsReadOnly">
      <summary>Ruft einen Wert ab, der angibt, ob der Wert eines Steuerelements schreibgeschützt ist.</summary>
      <returns>true, wenn der Wert schreibgeschützt ist, false, wenn er geändert werden kann.</returns>
    </member>
    <member name="P:System.Windows.Automation.Provider.IRangeValueProvider.LargeChange">
      <summary>Ruft den Wert ab, der zur <see cref="P:System.Windows.Automation.Provider.IRangeValueProvider.Value" />-Eigenschaft addiert oder von dieser subtrahiert wird, wenn eine umfangreichere Änderung vorgenommen wird, z. B. mit der BILD-AB-TASTE.</summary>
      <returns>Der vom Steuerelement unterstützte hohe Änderungswert oder NULL (Nothing in Microsoft Visual Basic .NET), wenn das Steuerelement <see cref="P:System.Windows.Automation.Provider.IRangeValueProvider.LargeChange" /> nicht unterstützt.</returns>
    </member>
    <member name="P:System.Windows.Automation.Provider.IRangeValueProvider.Maximum">
      <summary>Ruft den maximalen Bereichswert ab, der vom Steuerelement unterstützt wird.</summary>
      <returns>Der vom Steuerelement unterstütze Maximalwert oder NULL (Nothing in Microsoft Visual Basic .NET), wenn das Steuerelement <see cref="P:System.Windows.Automation.Provider.IRangeValueProvider.Maximum" /> nicht unterstützt.</returns>
    </member>
    <member name="P:System.Windows.Automation.Provider.IRangeValueProvider.Minimum">
      <summary>Ruft den minimalen Bereichswert ab, der vom Steuerelement unterstützt wird.</summary>
      <returns>Der vom Steuerelement unterstützte Minimalwert oder NULL (Nothing in Microsoft Visual Basic .NET), wenn das Steuerelement <see cref="P:System.Windows.Automation.Provider.IRangeValueProvider.Minimum" /> nicht unterstützt.</returns>
    </member>
    <member name="M:System.Windows.Automation.Provider.IRangeValueProvider.SetValue(System.Double)">
      <summary>Legt den Wert des Steuerelements fest.</summary>
      <param name="value">Der festzulegende Wert.</param>
      <exception cref="T:System.ArgumentOutOfRangeException">Wenn <paramref name="value" /> kleiner als der Mindestwert oder größer als der Höchstwert für das Steuerelement ist.</exception>
    </member>
    <member name="P:System.Windows.Automation.Provider.IRangeValueProvider.SmallChange">
      <summary>Ruft den Wert ab, der zur <see cref="P:System.Windows.Automation.Provider.IRangeValueProvider.Value" />-Eigenschaft addiert oder von dieser subtrahiert wird, wenn eine kleinere Änderung vorgenommen wird, z. B. mit einer Pfeiltaste.</summary>
      <returns>Der niedrige Änderungswert oder NULL (Nothing in Microsoft Visual Basic .NET), wenn das Steuerelement <see cref="P:System.Windows.Automation.Provider.IRangeValueProvider.SmallChange" /> nicht unterstützt.</returns>
    </member>
    <member name="P:System.Windows.Automation.Provider.IRangeValueProvider.Value">
      <summary>Ruft den Wert des Steuerelements ab.</summary>
      <returns>Der Wert des Steuerelements oder NULL (Nothing in Microsoft Visual Basic .NET), wenn das Steuerelement <see cref="P:System.Windows.Automation.Provider.IRangeValueProvider.Value" /> nicht unterstützt.</returns>
    </member>
    <member name="T:System.Windows.Automation.Provider.IRawElementProviderAdviseEvents">
      <summary>Macht Methoden verfügbar, die aufgerufen werden, um das Stammelement eines Fragments zu benachrichtigen, wenn eine Benutzeroberflächenautomatisierungs-Client-Anwendung mit der Ereignisüberwachung beginnt oder diese beendet.</summary>
    </member>
    <member name="M:System.Windows.Automation.Provider.IRawElementProviderAdviseEvents.AdviseEventAdded(System.Int32,System.Int32[])">
      <summary>Benachrichtigt den Benutzeroberflächenautomatisierungs-Anbieter, wenn ein Benutzeroberflächenautomatisierungs-Client mit der Überwachung eines bestimmten Ereignisses beginnt, einschließlich eines durch eine Eigenschaft geänderten Ereignisses.</summary>
      <param name="eventId">Der Bezeichner des hinzuzufügenden Ereignisses.</param>
      <param name="properties">Die Bezeichner der hinzuzufügenden Eigenschaften, oder null, wenn der hinzuzufügende Ereignislistener keine Eigenschaftenereignisse überwacht.</param>
    </member>
    <member name="M:System.Windows.Automation.Provider.IRawElementProviderAdviseEvents.AdviseEventRemoved(System.Int32,System.Int32[])">
      <summary>Benachrichtigt den Benutzeroberflächenautomatisierungs-Anbieter, wenn ein Benutzeroberflächenautomatisierungs-Client die Überwachung eines bestimmten Ereignisses beendet, einschließlich eines durch eine Eigenschaft geänderten Ereignisses.</summary>
      <param name="eventId">Der Bezeichner des zu entfernenden Ereignisses.</param>
      <param name="properties">Die Bezeichner der zu entfernenden Eigenschaften, oder null, wenn der zu entfernende Ereignislistener keine Eigenschaftenereignisse überwacht.</param>
    </member>
    <member name="T:System.Windows.Automation.Provider.IRawElementProviderFragment">
      <summary>Macht Methoden und Eigenschaften für Benutzeroberfläche (user interface, UI)-Elemente verfügbar, die Teil einer mehrere Ebenen tiefen Struktur sind, z. B. eines Listenfelds oder Listenelements. Wird von Benutzeroberflächenautomatisierungs-Anbietern implementiert.</summary>
    </member>
    <member name="P:System.Windows.Automation.Provider.IRawElementProviderFragment.BoundingRectangle">
      <summary>Ruft das umgebende Rechteck dieses Elements ab.</summary>
      <returns>Das umgebende Rechteck in Bildschirmkoordinaten.</returns>
    </member>
    <member name="P:System.Windows.Automation.Provider.IRawElementProviderFragment.FragmentRoot">
      <summary>Ruft den Fragment-Stammknoten ab.</summary>
      <returns>Der Stammknoten.</returns>
    </member>
    <member name="M:System.Windows.Automation.Provider.IRawElementProviderFragment.GetEmbeddedFragmentRoots">
      <summary>Ruft ein Array von Fragmentstämmen ab, die in der UI-Automatisierung-Elementstruktur am aktuellen Element eingebettet sind.</summary>
      <returns>Ein Array von Stammfragmenten oder null.</returns>
    </member>
    <member name="M:System.Windows.Automation.Provider.IRawElementProviderFragment.GetRuntimeId">
      <summary>Ruft den Laufzeitbezeichner eines Elements ab.</summary>
      <returns>Der eindeutige Laufzeitbezeichner des Elements.</returns>
    </member>
    <member name="M:System.Windows.Automation.Provider.IRawElementProviderFragment.Navigate(System.Windows.Automation.Provider.NavigateDirection)">
      <summary>Ruft das UI-Automatisierung-Element in einer angegebenen Richtung innerhalb der Struktur ab.</summary>
      <returns>Das Element in der angegebenen Richtung oder null, wenn kein Element in dieser Richtung vorhanden ist.</returns>
      <param name="direction">Die Richtung, in der navigiert werden soll.</param>
    </member>
    <member name="M:System.Windows.Automation.Provider.IRawElementProviderFragment.SetFocus">
      <summary>Legt den Fokus auf dieses Element fest.</summary>
    </member>
    <member name="T:System.Windows.Automation.Provider.IRawElementProviderFragmentRoot">
      <summary>Macht Methoden und Eigenschaften für das Stammelement in einem Fragment verfügbar.</summary>
    </member>
    <member name="M:System.Windows.Automation.Provider.IRawElementProviderFragmentRoot.ElementProviderFromPoint(System.Double,System.Double)">
      <summary>Ruft das Element in diesem Fragment ab, das sich am angegebenen Punkt befindet.</summary>
      <returns>Der Anbieter für das untergeordnete Element am angegebenen Punkt, sofern vorhanden, oder der Stammanbieter, wenn der Punkt auf diesem Element und nicht auf einem untergeordneten Element liegt. Andernfalls wird null zurückgegeben.</returns>
      <param name="x">Die X-Koordinate.</param>
      <param name="y">Die Y-Koordinate.</param>
    </member>
    <member name="M:System.Windows.Automation.Provider.IRawElementProviderFragmentRoot.GetFocus">
      <summary>Ruft das Element in diesem Fragment ab, das den Eingabefokus besitzt.</summary>
      <returns>Der Anbieter für das Element in diesem Fragment, das den Eingabefokus besitzt, sofern vorhanden. Andernfalls ein NULL-Verweis (Nothing in Visual Basic).</returns>
    </member>
    <member name="T:System.Windows.Automation.Provider.IRawElementProviderHwndOverride">
      <summary>Macht eine Methode verfügbar, die die Neuanordnung fensterbasierter Elemente innerhalb der UI-Automatisierung-Struktur des Fragments ermöglicht.</summary>
    </member>
    <member name="M:System.Windows.Automation.Provider.IRawElementProviderHwndOverride.GetOverrideProviderForHwnd(System.IntPtr)">
      <summary>Ruft für das angegebene Element einen Benutzeroberflächenautomatisierung-Anbieter ab.</summary>
      <returns>Der Anbieter des angegebenen Elements, oder ein NULL-Verweis (Nothing in Microsoft Visual Basic .NET), wenn der Standardanbieter des Elements nicht überschrieben wird.</returns>
      <param name="hwnd">Das Fensterhandle des Elements.</param>
    </member>
    <member name="T:System.Windows.Automation.Provider.IRawElementProviderSimple">
      <summary>Stellt Methoden und Eigenschaften bereit, die grundlegende Informationen zu einem Benutzeroberflächenelement verfügbar machen.</summary>
    </member>
    <member name="M:System.Windows.Automation.Provider.IRawElementProviderSimple.GetPatternProvider(System.Int32)">
      <summary>Ruft ein Objekt ab, das Unterstützung für ein Steuerelementmuster für ein UI-Automatisierung-Element bietet.</summary>
      <returns>Das Objekt, das die Musterschnittstelle implementiert, oder null, wenn das Muster nicht unterstützt wird.</returns>
      <param name="patternId">Bezeichner des Musters.</param>
    </member>
    <member name="M:System.Windows.Automation.Provider.IRawElementProviderSimple.GetPropertyValue(System.Int32)">
      <summary>Ruft den Wert einer vom Benutzeroberflächenautomatisierungs-Anbieter unterstützten Eigenschaft ab.</summary>
      <returns>Der Eigenschaftswert, oder null, wenn die Eigenschaft von diesem Anbieter nicht unterstützt wird, oder <see cref="F:System.Windows.Automation.AutomationElementIdentifiers.NotSupported" />, wenn sie überhaupt nicht unterstützt wird.</returns>
      <param name="propertyId">Der Eigenschaftenbezeichner.</param>
    </member>
    <member name="P:System.Windows.Automation.Provider.IRawElementProviderSimple.HostRawElementProvider">
      <summary>Ruft einen Basisanbieter für dieses Element ab.</summary>
      <returns>Der Basisanbieter oder null.</returns>
    </member>
    <member name="P:System.Windows.Automation.Provider.IRawElementProviderSimple.ProviderOptions">
      <summary>Ruft einen Wert ab, der Merkmale des Benutzeroberflächenautomatisierungs-Anbieters angibt, z. B. ob es sich um einen clientseitigen oder serverseitigen Anbieter handelt.</summary>
      <returns>
        <see cref="F:System.Windows.Automation.Provider.ProviderOptions.ClientSideProvider" /> oder <see cref="F:System.Windows.Automation.Provider.ProviderOptions.ServerSideProvider" />.</returns>
    </member>
    <member name="T:System.Windows.Automation.Provider.IScrollItemProvider">
      <summary>Macht Methoden und Eigenschaften verfügbar, um den Benutzeroberflächenautomatisierung-Zugriff auf einzelne untergeordnete Steuerelemente von Containern zu unterstützen, die <see cref="T:System.Windows.Automation.Provider.IScrollProvider" /> implementieren.</summary>
    </member>
    <member name="M:System.Windows.Automation.Provider.IScrollItemProvider.ScrollIntoView">
      <summary>Führt einen Bildlauf im Inhaltsbereich eines Containerobjekts durch, um das Steuerelement im sichtbaren Bereich (Viewport) des Containers anzuzeigen.</summary>
      <exception cref="T:System.InvalidOperationException">Das Element kann nicht durch einen Bildlauf sichtbar gemacht werden.</exception>
    </member>
    <member name="T:System.Windows.Automation.Provider.IScrollProvider">
      <summary>Macht Methoden und Eigenschaften verfügbar, um den Benutzeroberflächenautomatisierungs-Client-Zugriff auf ein Steuerelement zu unterstützen, das als bildlauffähiger Container für eine Auflistung untergeordneter Objekte verwendet wird. Von den untergeordneten Elementen dieses Steuerelements muss <see cref="T:System.Windows.Automation.Provider.IScrollItemProvider" /> implementiert werden.</summary>
    </member>
    <member name="P:System.Windows.Automation.Provider.IScrollProvider.HorizontallyScrollable">
      <summary>Ruft einen Wert ab, der angibt, ob das Steuerelement einen horizontalen Bildlauf durchführen kann.</summary>
      <returns>true, wenn das Steuerelement einen horizontalen Bildlauf durchführen kann, andernfalls false.</returns>
    </member>
    <member name="P:System.Windows.Automation.Provider.IScrollProvider.HorizontalScrollPercent">
      <summary>Ruft die aktuelle horizontale Bildlaufposition ab.</summary>
      <returns>Die horizontale Bildlaufposition als Prozentwert des gesamten Inhaltsbereichs im Steuerelement.</returns>
    </member>
    <member name="P:System.Windows.Automation.Provider.IScrollProvider.HorizontalViewSize">
      <summary>Ruft die aktuelle horizontale Ansichtsgröße ab.</summary>
      <returns>Die horizontale Größe des Anzeigebereichs als Prozentwert des gesamten Inhaltsbereichs im Steuerelement.</returns>
    </member>
    <member name="M:System.Windows.Automation.Provider.IScrollProvider.Scroll(System.Windows.Automation.ScrollAmount,System.Windows.Automation.ScrollAmount)">
      <summary>Führt im sichtbaren Bereich des Inhaltsbereichs einen horizontalen und vertikalen Bildlauf durch.</summary>
      <param name="horizontalAmount">Die für das Steuerelement spezifische horizontale Schrittweite. <see cref="F:System.Windows.Automation.ScrollPatternIdentifiers.NoScroll" /> sollte übergeben werden, wenn für das Steuerelement kein Bildlauf in diese Richtung ausgeführt werden kann.</param>
      <param name="verticalAmount">Die für das Steuerelement spezifische vertikale Schrittweite. <see cref="F:System.Windows.Automation.ScrollPatternIdentifiers.NoScroll" /> sollte übergeben werden, wenn für das Steuerelement kein Bildlauf in diese Richtung ausgeführt werden kann.</param>
      <exception cref="T:System.ArgumentException">Wenn ein Steuerelement <see cref="F:System.Windows.Automation.ScrollAmount.SmallIncrement" />-Werte ausschließlich für horizontale oder vertikale Bildläufe unterstützt, jedoch ein <see cref="F:System.Windows.Automation.ScrollAmount.LargeIncrement" />-Wert übergeben wird.</exception>
      <exception cref="T:System.InvalidOperationException">Es wird versucht, einen Bildlauf in einer nicht unterstützten Richtung durchzuführen.</exception>
    </member>
    <member name="M:System.Windows.Automation.Provider.IScrollProvider.SetScrollPercent(System.Double,System.Double)">
      <summary>Legt die horizontale und/oder vertikale Bildlaufposition als Prozentwert des gesamten Inhaltsbereichs innerhalb des Steuerelements fest.</summary>
      <param name="horizontalPercent">Die horizontale Position als Prozentwert des gesamten Umfangs des Inhaltsbereichs. <see cref="F:System.Windows.Automation.ScrollPatternIdentifiers.NoScroll" /> sollte übergeben werden, wenn für das Steuerelement kein Bildlauf in diese Richtung ausgeführt werden kann.</param>
      <param name="verticalPercent">Die vertikale Position als Prozentwert des gesamten Umfangs des Inhaltsbereichs. <see cref="F:System.Windows.Automation.ScrollPatternIdentifiers.NoScroll" /> sollte übergeben werden, wenn für das Steuerelement kein Bildlauf in diese Richtung ausgeführt werden kann.</param>
      <exception cref="T:System.ArgumentException">Ein Wert wird übergeben, der nicht in ein Double konvertiert werden kann.</exception>
      <exception cref="T:System.ArgumentOutOfRangeException">Es wird ein Wert größer 100 oder kleiner 0 übergeben (außer -1, dieser Wert entspricht <see cref="F:System.Windows.Automation.ScrollPatternIdentifiers.NoScroll" />). Der <see cref="P:System.Windows.Automation.Provider.IScrollProvider.HorizontalScrollPercent" />-Wert und der <see cref="P:System.Windows.Automation.Provider.IScrollProvider.VerticalScrollPercent" />-Wert werden zu 100 Prozent oder zu 0 Prozent normalisiert.</exception>
      <exception cref="T:System.InvalidOperationException">Es wird versucht, einen Bildlauf in einer nicht unterstützten Richtung durchzuführen.</exception>
    </member>
    <member name="P:System.Windows.Automation.Provider.IScrollProvider.VerticallyScrollable">
      <summary>Ruft einen Wert ab, der angibt, ob das Steuerelement einen vertikalen Bildlauf durchführen kann.</summary>
      <returns>true, wenn das Steuerelement einen vertikalen Bildlauf durchführen kann, andernfalls false.</returns>
    </member>
    <member name="P:System.Windows.Automation.Provider.IScrollProvider.VerticalScrollPercent">
      <summary>Ruft die aktuelle vertikale Bildlaufposition ab.</summary>
      <returns>Die vertikale Bildlaufposition als Prozentwert des gesamten Inhaltsbereichs im Steuerelement.</returns>
    </member>
    <member name="P:System.Windows.Automation.Provider.IScrollProvider.VerticalViewSize">
      <summary>Ruft die vertikale Ansichtsgröße ab.</summary>
      <returns>Die vertikale Größe des Anzeigebereichs als Prozentwert des gesamten Inhaltsbereichs im Steuerelement.</returns>
    </member>
    <member name="T:System.Windows.Automation.Provider.ISelectionItemProvider">
      <summary>Macht Methoden und Eigenschaften verfügbar, um den Benutzeroberflächenautomatisierungs-Client-Zugriff auf einzelne, auswählbare, untergeordnete Steuerelemente von Containern zu unterstützen, die <see cref="T:System.Windows.Automation.Provider.ISelectionProvider" /> implementieren.</summary>
    </member>
    <member name="M:System.Windows.Automation.Provider.ISelectionItemProvider.AddToSelection">
      <summary>Fügt das aktuelle Element der Auflistung ausgewählter Elemente hinzu.</summary>
    </member>
    <member name="P:System.Windows.Automation.Provider.ISelectionItemProvider.IsSelected">
      <summary>Ruft einen Wert ab, der angibt, ob ein Element ausgewählt ist.</summary>
      <returns>true, wenn das Element ausgewählt ist, andernfalls false.</returns>
    </member>
    <member name="M:System.Windows.Automation.Provider.ISelectionItemProvider.RemoveFromSelection">
      <summary>Entfernt das aktuelle Element aus der Auflistung ausgewählter Elemente.</summary>
    </member>
    <member name="M:System.Windows.Automation.Provider.ISelectionItemProvider.Select">
      <summary>Hebt die Auswahl aller ausgewählten Elemente auf und wählt das aktuelle Element aus.</summary>
    </member>
    <member name="P:System.Windows.Automation.Provider.ISelectionItemProvider.SelectionContainer">
      <summary>Ruft den Benutzeroberflächenautomatisierungs-Anbieter ab, der <see cref="T:System.Windows.Automation.Provider.ISelectionProvider" /> implementiert und als Container für das aufrufende Objekt verwendet wird.</summary>
      <returns>Der Anbieter, der <see cref="T:System.Windows.Automation.Provider.ISelectionProvider" /> unterstützt.</returns>
    </member>
    <member name="T:System.Windows.Automation.Provider.ISelectionProvider">
      <summary>Macht Methoden und Eigenschaften verfügbar, um den Benutzeroberflächenautomatisierungs-Client-Zugriff auf Steuerelemente zu unterstützen, die als Container für eine Auflistung einzelner, auswählbarer, untergeordneter Steuerelemente verwendet werden. Von den untergeordneten Elementen dieses Steuerelements muss <see cref="T:System.Windows.Automation.Provider.ISelectionItemProvider" /> implementiert werden.</summary>
    </member>
    <member name="P:System.Windows.Automation.Provider.ISelectionProvider.CanSelectMultiple">
      <summary>Ruft einen Wert ab, der angibt, ob der Benutzeroberflächenautomatisierungs-Anbieter zulässt, dass mehrere untergeordnete Elemente gleichzeitig ausgewählt sind.</summary>
      <returns>true, wenn die Mehrfachauswahl zulässig ist, andernfalls false.</returns>
    </member>
    <member name="M:System.Windows.Automation.Provider.ISelectionProvider.GetSelection">
      <summary>Ruft einen Benutzeroberflächenautomatisierungs-Anbieter für jedes ausgewählte untergeordnete Element ab.</summary>
      <returns>Eine Auflistung von Benutzeroberflächenautomatisierungs-Anbietern.</returns>
    </member>
    <member name="P:System.Windows.Automation.Provider.ISelectionProvider.IsSelectionRequired">
      <summary>Ruft einen Wert ab, der angibt, ob der Benutzeroberflächenautomatisierungs-Anbieter die Auswahl mindestens eines untergeordneten Elements erfordert.</summary>
      <returns>true, wenn die Auswahl erforderlich ist, andernfalls false.</returns>
    </member>
    <member name="T:System.Windows.Automation.Provider.ISynchronizedInputProvider">
      <summary>Macht Methoden verfügbar, um den Benutzeroberflächenautomatisierungs-Clientzugriff auf Steuerelemente zu erleichtern, die synchronisierte Eingabe unterstützen.</summary>
    </member>
    <member name="M:System.Windows.Automation.Provider.ISynchronizedInputProvider.Cancel">
      <summary>Beendet die Überwachung der Eingabe.</summary>
    </member>
    <member name="M:System.Windows.Automation.Provider.ISynchronizedInputProvider.StartListening(System.Windows.Automation.SynchronizedInputType)">
      <summary>Legt fest, dass der Anbieter die Eingabe des angegebenen Typs überwacht.</summary>
      <param name="inputType">Der Typ der Eingabe, die überwacht werden soll.</param>
    </member>
    <member name="T:System.Windows.Automation.Provider.ITableItemProvider">
      <summary>Macht Methoden und Eigenschaften verfügbar, um den Benutzeroberflächenautomatisierungs-Client-Zugriff auf untergeordnete Steuerelemente von Containern zu unterstützen, die <see cref="T:System.Windows.Automation.Provider.ITableProvider" /> implementieren.</summary>
    </member>
    <member name="M:System.Windows.Automation.Provider.ITableItemProvider.GetColumnHeaderItems">
      <summary>Ruft eine Auflistung von Benutzeroberflächenautomatisierungs-Anbietern ab, die alle einem Tabellenelement oder einer Zelle zugeordneten Spaltenheader darstellt.</summary>
      <returns>Eine Auflistung von Benutzeroberflächenautomatisierungs-Anbietern.</returns>
    </member>
    <member name="M:System.Windows.Automation.Provider.ITableItemProvider.GetRowHeaderItems">
      <summary>Ruft eine Auflistung von Benutzeroberflächenautomatisierungs-Anbietern ab, die alle einem Tabellenelement oder einer Zelle zugeordneten Zeilenheader darstellt.</summary>
      <returns>Eine Auflistung von Benutzeroberflächenautomatisierungs-Anbietern.</returns>
    </member>
    <member name="T:System.Windows.Automation.Provider.ITableProvider">
      <summary>Macht Methoden und Eigenschaften verfügbar, um den Benutzeroberflächenautomatisierungs-Client-Zugriff auf Steuerelemente zu unterstützen, die als Container für eine Auflistung untergeordneter Elemente verwendet werden. Die untergeordneten Elemente dieses Elements müssen <see cref="T:System.Windows.Automation.Provider.ITableItemProvider" /> implementieren und in einem zweidimensionalen logischen Koordinatensystem angeordnet sein, das mithilfe der Tastatur durchlaufen werden kann (d. h., ein Benutzeroberflächenautomatisierungs-Client kann zu benachbarten Steuerelementen wechseln).</summary>
    </member>
    <member name="M:System.Windows.Automation.Provider.ITableProvider.GetColumnHeaders">
      <summary>Ruft eine Auflistung von Benutzeroberflächenautomatisierungs-Anbietern ab, die alle Spaltenheader in einer Tabelle darstellt.</summary>
      <returns>Eine Auflistung von Benutzeroberflächenautomatisierungs-Anbietern.</returns>
    </member>
    <member name="M:System.Windows.Automation.Provider.ITableProvider.GetRowHeaders">
      <summary>Ruft eine Auflistung von Benutzeroberflächenautomatisierungs-Anbietern ab, die alle Zeilenheader in der Tabelle darstellt.</summary>
      <returns>Eine Auflistung von Benutzeroberflächenautomatisierungs-Anbietern.</returns>
    </member>
    <member name="P:System.Windows.Automation.Provider.ITableProvider.RowOrColumnMajor">
      <summary>Ruft die primäre Richtung des Durchlaufs für die Tabelle ab.</summary>
      <returns>Die primäre Richtung des Durchlaufs.</returns>
    </member>
    <member name="T:System.Windows.Automation.Provider.ITextProvider">
      <summary>Macht Methoden und Eigenschaften für die Unterstützung des Benutzeroberflächenautomatisierungs-Client-Zugriffs auf Steuerelemente mit Text verfügbar.</summary>
    </member>
    <member name="P:System.Windows.Automation.Provider.ITextProvider.DocumentRange">
      <summary>Ruft einen Textbereich ab, der den Haupttext eines Dokuments umschließt.</summary>
    </member>
    <member name="M:System.Windows.Automation.Provider.ITextProvider.GetSelection">
      <summary>Ruft eine Auflistung von nicht zusammenhängenden Textbereichen ab, die der aktuellen Textauswahl zugeordnet sind.</summary>
      <returns>Eine Auflistung von nicht zusammenhängenden Textbereichen.</returns>
      <exception cref="T:System.InvalidOperationException">Wenn der Benutzeroberflächenautomatisierungs-Anbieter keine Textauswahl unterstützt.</exception>
    </member>
    <member name="M:System.Windows.Automation.Provider.ITextProvider.GetVisibleRanges">
      <summary>Ruft ein Array von nicht zusammenhängenden Textbereichen aus einem Textcontainer ab, wobei jeder Textbereich mit der ersten teilweise sichtbaren Zeile beginnt und mit dem Ende der letzten teilweise sichtbaren Zeile endet.</summary>
      <returns>Die Auflistung sichtbarer Textbereiche innerhalb des Containers oder eines leeren Arrays. Ein NULL-Verweis (Nothing in Microsoft Visual Basic .NET) wird niemals zurückgegeben.</returns>
    </member>
    <member name="M:System.Windows.Automation.Provider.ITextProvider.RangeFromChild(System.Windows.Automation.Provider.IRawElementProviderSimple)">
      <summary>Ruft einen Textbereich ab, der ein untergeordnetes Element einschließt, z. B. ein Bild, einen Link oder ein anderes eingebettetes Objekt.</summary>
      <returns>Ein Bereich, der sich über das untergeordnete Element erstreckt.</returns>
      <param name="childElement">Das eingeschlossene Objekt.</param>
      <exception cref="T:System.ArgumentException">Wenn das untergeordnete Element ein NULL-Verweis (Nothing in Microsoft Visual Basic .NET) ist.</exception>
    </member>
    <member name="M:System.Windows.Automation.Provider.ITextProvider.RangeFromPoint(System.Windows.Point)">
      <summary>Gibt den degenerierten (leeren) Textbereich zurück, der sich am nächsten zu den angegebenen Bildschirmkoordinaten befindet.</summary>
      <returns>Ein degenerierter Bereich, der sich an der angegebenen Position am nächsten befindet. Ein NULL-Verweis (Nothing in Microsoft Visual Basic .NET) wird niemals zurückgegeben.</returns>
      <param name="screenLocation">Die Position in Bildschirmkoordinaten.</param>
      <exception cref="T:System.ArgumentException">Wenn sich ein angegebener Punkt außerhalb des dem Textmuster zugeordneten UI-Automatisierung-Elements befindet.</exception>
    </member>
    <member name="P:System.Windows.Automation.Provider.ITextProvider.SupportedTextSelection">
      <summary>Ruft einen Wert ab, der angibt, ob ein Textanbieter Auswahl unterstützt. Wenn dies der Fall ist, wird die Art der unterstützten Auswahl angegeben.</summary>
      <returns>Ein Element von None, Single oder Multiple aus <see cref="T:System.Windows.Automation.SupportedTextSelection" />.</returns>
    </member>
    <member name="T:System.Windows.Automation.Provider.ITextRangeProvider">
      <summary>Macht Methoden und Eigenschaften Benutzeroberflächenautomatisierungs-Client-Zugriff auf einen Abschnitt fortlaufenden Texts in einem Textcontainer zu unterstützen, der <see cref="T:System.Windows.Automation.Provider.ITextProvider" /> implementiert.</summary>
    </member>
    <member name="M:System.Windows.Automation.Provider.ITextRangeProvider.AddToSelection">
      <summary>Fügt Elemente zur Auflistung markierter Textbereiche in einem Textcontainer hinzu, der mehrere, nicht zusammenhängende Auswahlbereiche unterstützt.</summary>
      <exception cref="T:System.InvalidOperationException">Wenn der Textanbieter mehrere, nicht zusammenhängende Auswahlbereiche nicht unterstützt (d. h., <see cref="P:System.Windows.Automation.Provider.ITextProvider.SupportedTextSelection" /> muss den Wert Multiple aufweisen).</exception>
    </member>
    <member name="M:System.Windows.Automation.Provider.ITextRangeProvider.Clone">
      <summary>Gibt einen neuen <see cref="T:System.Windows.Automation.Provider.ITextRangeProvider" /> zurück, der mit dem ursprünglichen <see cref="T:System.Windows.Automation.Provider.ITextRangeProvider" /> identisch ist und dessen sämtliche Eigenschaften erbt.</summary>
      <returns>Der neue Textbereich. Ein NULL-Verweis (Nothing in Microsoft Visual Basic .NET) wird niemals zurückgegeben.</returns>
    </member>
    <member name="M:System.Windows.Automation.Provider.ITextRangeProvider.Compare(System.Windows.Automation.Provider.ITextRangeProvider)">
      <summary>Gibt einen Wert zurück, der angibt, ob ein Textabschnitt (<see cref="F:System.Windows.Automation.Text.TextPatternRangeEndpoint.Start" />-Endpunkt bis <see cref="F:System.Windows.Automation.Text.TextPatternRangeEndpoint.End" />-Endpunkt) mit einem anderen Textabschnitt identisch ist.</summary>
      <returns>true, wenn beide Textabschnitte identisch sind, andernfalls false.</returns>
      <param name="range">Ein Textbereich für den Vergleich</param>
      <exception cref="T:System.ArgumentException">Wenn der zu vergleichende Bereich nicht vom gleichen Textanbieter stammt.</exception>
    </member>
    <member name="M:System.Windows.Automation.Provider.ITextRangeProvider.CompareEndpoints(System.Windows.Automation.Text.TextPatternRangeEndpoint,System.Windows.Automation.Provider.ITextRangeProvider,System.Windows.Automation.Text.TextPatternRangeEndpoint)">
      <summary>Gibt einen Wert zurück, der angibt, ob zwei Textbereiche identische Endpunkte aufweisen.</summary>
      <returns>Gibt einen negativen Wert zurück, wenn der Endpunkt des Aufrufers im Text vor dem Zielendpunkt liegt.  Gibt 0 (null) zurück, wenn der Endpunkt des Aufrufers an derselben Position wie der Zielendpunkt liegt.  Gibt einen positiven Wert zurück, wenn der Endpunkt des Aufrufers im Text nach dem Zielendpunkt liegt.</returns>
      <param name="endpoint">Der <see cref="F:System.Windows.Automation.Text.TextPatternRangeEndpoint.Start" />-Endpunkt oder der <see cref="F:System.Windows.Automation.Text.TextPatternRangeEndpoint.End" />-Endpunkt des Aufrufers.</param>
      <param name="targetRange">Der Zielbereich für den Vergleich.</param>
      <param name="targetEndpoint">Der <see cref="F:System.Windows.Automation.Text.TextPatternRangeEndpoint.Start" />-Endpunkt oder der <see cref="F:System.Windows.Automation.Text.TextPatternRangeEndpoint.End" />-Endpunkt des Ziels.</param>
      <exception cref="T:System.ArgumentException">Wenn <paramref name="targetRange" /> von einem anderen Textanbieter stammt.</exception>
    </member>
    <member name="M:System.Windows.Automation.Provider.ITextRangeProvider.ExpandToEnclosingUnit(System.Windows.Automation.Text.TextUnit)">
      <summary>Erweitert den Textbereich auf die angegebene Texteinheit.</summary>
      <param name="unit">Die Texteinheit.</param>
    </member>
    <member name="M:System.Windows.Automation.Provider.ITextRangeProvider.FindAttribute(System.Int32,System.Object,System.Boolean)">
      <summary>Gibt den Teil des Textbereichs zurück, der den angegebenen Attributwert aufweist.</summary>
      <returns>Ein Textbereich mit einem entsprechenden Attribut und Attributwert, andernfalls NULL (Nothing in Microsoft Visual Basic .NET).</returns>
      <param name="attribute">Das zu suchende Attribut.</param>
      <param name="value">Der zu suchende Attributwert. Dieser Wert mit dem für das Attribut angegebenen Typ übereinstimmen.</param>
      <param name="backward">true, wenn statt dem ersten der letzte vorhandene Textbereich zurückgegeben wird, andernfalls false.</param>
    </member>
    <member name="M:System.Windows.Automation.Provider.ITextRangeProvider.FindText(System.String,System.Boolean,System.Boolean)">
      <summary>Gibt den Teil des Textbereichs zurück, der den angegebenen Text enthält.</summary>
      <returns>Ein Textbereich, der mit dem angegebenen Text übereinstimmt, andernfalls NULL (Nothing in Microsoft Visual Basic .NET).</returns>
      <param name="text">Die zu suchende Textzeichenfolge.</param>
      <param name="backward">true, wenn statt dem ersten der letzte vorhandene Textbereich zurückgegeben wird, andernfalls false.</param>
      <param name="ignoreCase">true, wenn die Groß-/Kleinschreibung ignoriert werden soll, andernfalls false.</param>
    </member>
    <member name="M:System.Windows.Automation.Provider.ITextRangeProvider.GetAttributeValue(System.Int32)">
      <summary>Ruft den Wert des angegebenen Attributs textbereichübergreifend ab.</summary>
      <returns>Ruft ein Objekt ab, das den Wert des angegebenen Attributs darstellt. Zum Beispiel gibt GetAttributeValue(TextPattern.FontNameAttribute) eine Zeichenfolge zurück, die den Schriftartnamen für den Textbereich darstellt, während GetAttributeValue(TextPattern.IsItalicAttribute) einen Wert vom Typ <see cref="T:System.Boolean" /> zurückgibt. Gibt <see cref="F:System.Windows.Automation.TextPattern.MixedAttributeValue" /> zurück, wenn sich der Wert des angegebenen Attributs im Verlauf des Textbereichs ändert. Gibt <see cref="F:System.Windows.Automation.AutomationElement.NotSupported" /> zurück, wenn das angegebene Attribut vom Anbieter oder Steuerelement nicht unterstützt wird.</returns>
      <param name="attribute">Das Textattribut.</param>
      <exception cref="T:System.ArgumentException">Wenn das angegebene Attribut nicht gültig ist.</exception>
    </member>
    <member name="M:System.Windows.Automation.Provider.ITextRangeProvider.GetBoundingRectangles">
      <summary>Ruft für jede vollständig oder teilweise sichtbare Textzeile in einem Textbereich eine Auflistung von umgebenden Rechtecken ab.</summary>
      <returns>Ein Array von umgebenden Rechtecken für jede vollständige oder unvollständige Textzeile in einem Textbereich. Ein leeres Array für einen degenerierten Bereich. Ein leeres Array für einen Textbereich mit Bildschirmkoordinaten, die vollständig außerhalb des Bildschirms liegen, sich durch einen Bildlauf außerhalb des sichtbaren Bereichs befinden oder von einem überlappenden Fenster verdeckt werden.</returns>
    </member>
    <member name="M:System.Windows.Automation.Provider.ITextRangeProvider.GetChildren">
      <summary>Ruft eine Auflistung aller eingebetteten Objekte ab, die innerhalb des Textbereichs liegen.</summary>
      <returns>Eine Auflistung von untergeordneten Objekten, die innerhalb des Bereichs liegen. Untergeordnete Elemente, die sich mit dem Textbereich überlappen, von diesem jedoch nicht vollständig umschlossen sind, werden in der Auflistung ebenfalls aufgeführt. Gibt eine leere Auflistung zurück, wenn keine untergeordneten Objekte vorhanden sind.</returns>
    </member>
    <member name="M:System.Windows.Automation.Provider.ITextRangeProvider.GetEnclosingElement">
      <summary>Gibt das innerste Steuerelement zurück, das den Textbereich umschließt.</summary>
      <returns>Das umschließende Steuerelement, i. d. R. der Textanbieter, der den Textbereich bereitstellt. Wenn der Textanbieter jedoch untergeordnete Elemente unterstützt, z. B. Tabellen oder Links, kann das umschließende Element ein Nachfolgerelement des Textanbieters darstellen.</returns>
    </member>
    <member name="M:System.Windows.Automation.Provider.ITextRangeProvider.GetText(System.Int32)">
      <summary>Ruft den reinen Text des Bereichs ab.</summary>
      <returns>Der reine Text des Textbereichs, möglicherweise an der angegebenen <paramref name="maxLength" /> abgeschnitten.</returns>
      <param name="maxLength">Die maximale Länge der zurückzugebenden Zeichenfolge. Verwenden Sie -1, wenn keine Grenze erforderlich ist.</param>
      <exception cref="T:System.ArgumentOutOfRangeException">Wenn <paramref name="maxLength" /> kleiner als -1 ist.</exception>
    </member>
    <member name="M:System.Windows.Automation.Provider.ITextRangeProvider.Move(System.Windows.Automation.Text.TextUnit,System.Int32)">
      <summary>Verschiebt den Textbereich um die festgelegte Anzahl von Texteinheiten.</summary>
      <returns>Die Anzahl von Einheiten, um die der Textbereich tatsächlich verschoben wurde. Diese kann unterhalb der angeforderten Anzahl liegen, wenn einer der neuen Textbereichsendpunkte größer oder kleiner als der jeweilige <see cref="P:System.Windows.Automation.Provider.ITextProvider.DocumentRange" />-Endpunkt ist.</returns>
      <param name="unit">Die Grenze der Texteinheit.</param>
      <param name="count">Die Anzahl von Texteinheiten, um die der Textbereich verschoben werden soll. Bei einem positiven Wert wird der Textbereich vorwärts verschoben, bei einem negativen Wert wird der Textbereich rückwärts verschoben. Der Wert 0 (null) hat keine Auswirkungen.</param>
    </member>
    <member name="M:System.Windows.Automation.Provider.ITextRangeProvider.MoveEndpointByRange(System.Windows.Automation.Text.TextPatternRangeEndpoint,System.Windows.Automation.Provider.ITextRangeProvider,System.Windows.Automation.Text.TextPatternRangeEndpoint)">
      <summary>Verschiebt einen Endpunkt eines Textbereichs an den angegebenen Endpunkt eines zweiten Textbereichs.</summary>
      <param name="endpoint">Der zu verschiebende Endpunkt.</param>
      <param name="targetRange">Ein anderer Bereich vom gleichen Textanbieter.</param>
      <param name="targetEndpoint">Ein Endpunkt des anderen Bereichs.</param>
    </member>
    <member name="M:System.Windows.Automation.Provider.ITextRangeProvider.MoveEndpointByUnit(System.Windows.Automation.Text.TextPatternRangeEndpoint,System.Windows.Automation.Text.TextUnit,System.Int32)">
      <summary>Verschiebt einen Endpunkt des Textbereichs um die festgelegte Anzahl von Texteinheiten innerhalb des Dokumentbereichs.</summary>
      <returns>Die Anzahl von Einheiten, um die der Endpunkt verschoben wird. Diese kann kleiner als die angeforderte Anzahl sein, wenn beim Verschieben des Endpunkts der Anfang bzw. das Ende des Dokuments erreicht wird.</returns>
      <param name="endpoint">Der zu verschiebende Endpunkt.</param>
      <param name="unit">Die Texteinheit, um die der Endpunkt verschoben wird.</param>
      <param name="count">Die Anzahl der Einheiten, die bewegt werden sollen. Bei einem positiven Wert wird der Endpunkt vorwärts verschoben. Bei einem negativen Wert wird der Endpunkt rückwärts verschoben. Der Wert 0 (null) hat keine Auswirkungen.</param>
    </member>
    <member name="M:System.Windows.Automation.Provider.ITextRangeProvider.RemoveFromSelection">
      <summary>Entfernt einen markierten Textabschnitt, der dem <see cref="F:System.Windows.Automation.Text.TextPatternRangeEndpoint.Start" />-Endpunkt und dem <see cref="F:System.Windows.Automation.Text.TextPatternRangeEndpoint.End" />-Endpunkt des Aufrufers entspricht, aus der Auflistung markierter Textbereiche in einem Textcontainer, der mehrere, nicht zusammenhängende Auswahlbereiche unterstützt.</summary>
      <exception cref="T:System.InvalidOperationException">Wenn der Textanbieter mehrere, nicht zusammenhängende Auswahlbereiche nicht unterstützt (z. B. muss <see cref="P:System.Windows.Automation.TextPattern.SupportedTextSelection" /> den Wert Multiple aufweisen).</exception>
    </member>
    <member name="M:System.Windows.Automation.Provider.ITextRangeProvider.ScrollIntoView(System.Boolean)">
      <summary>Bewirkt, dass im Textsteuerelement ein vertikaler Bildlauf durchgeführt wird, bis der Textbereich im Viewport sichtbar ist.</summary>
      <param name="alignToTop">true, wenn im Textsteuerelement ein Bildlauf so durchgeführt werden soll, dass der Textbereich am oberen Rand des Viewports ausgerichtet ist, false, wenn der Bereich am unteren Rand des Viewports ausgerichtet werden soll.</param>
    </member>
    <member name="M:System.Windows.Automation.Provider.ITextRangeProvider.Select">
      <summary>Markiert Text im Textsteuerelement entsprechend dem <see cref="F:System.Windows.Automation.Text.TextPatternRangeEndpoint.Start" />-Endpunkt und dem <see cref="F:System.Windows.Automation.Text.TextPatternRangeEndpoint.End" />-Endpunkt des Textbereichs.</summary>
      <exception cref="T:System.InvalidOperationException">Tritt auf, wenn die Textauswahl vom Textsteuerelement nicht unterstützt wird.</exception>
    </member>
    <member name="T:System.Windows.Automation.Provider.IToggleProvider">
      <summary>Macht Methoden und Eigenschaften verfügbar, um den Benutzeroberflächenautomatisierungs-Client-Zugriff auf Steuerelemente zu unterstützen, die auf eine Reihe von Zuständen durchlaufen und einen einmal festgelegten Zustand beibehalten können.</summary>
    </member>
    <member name="M:System.Windows.Automation.Provider.IToggleProvider.Toggle">
      <summary>Durchläuft die Umschaltzustände eines Steuerelements.</summary>
    </member>
    <member name="P:System.Windows.Automation.Provider.IToggleProvider.ToggleState">
      <summary>Ruft den Umschaltzustand des Steuerelements ab.</summary>
      <returns>Der <see cref="T:System.Windows.Automation.ToggleState" /> des Steuerelements.</returns>
    </member>
    <member name="T:System.Windows.Automation.Provider.ITransformProvider">
      <summary>Macht Methoden und Eigenschaften verfügbar, um den Benutzeroberflächenautomatisierungs-Client-Zugriff auf Steuerelemente zu unterstützen, die im zweidimensionalen Raum verschoben, in der Größe geändert oder gedreht werden können.</summary>
    </member>
    <member name="P:System.Windows.Automation.Provider.ITransformProvider.CanMove">
      <summary>Ruft einen Wert ab, der angibt, ob das Steuerelement verschoben werden kann.</summary>
      <returns>true, wenn das Element verschoben werden kann, andernfalls false.</returns>
    </member>
    <member name="P:System.Windows.Automation.Provider.ITransformProvider.CanResize">
      <summary>Ruft einen Wert ab, der angibt, ob die Größe des UI-Automatisierung-Elements geändert werden kann.</summary>
      <returns>true, wenn die Größe des Elements geändert werden kann, andernfalls false.</returns>
    </member>
    <member name="P:System.Windows.Automation.Provider.ITransformProvider.CanRotate">
      <summary>Ruft einen Wert ab, der angibt, ob das Steuerelement gedreht werden kann.</summary>
      <returns>true, wenn das Elements gedreht werden kann, andernfalls false.</returns>
    </member>
    <member name="M:System.Windows.Automation.Provider.ITransformProvider.Move(System.Double,System.Double)">
      <summary>Verschiebt das Steuerelement.</summary>
      <param name="x">Absolute Bildschirmkoordinaten der linken Seite des Steuerelements.</param>
      <param name="y">Absolute Bildschirmkoordinaten des oberen Rands des Steuerelements.</param>
      <exception cref="T:System.InvalidOperationException">Wenn die <see cref="P:System.Windows.Automation.Provider.ITransformProvider.CanMove" />-Eigenschaft auf "False" festgelegt ist.</exception>
    </member>
    <member name="M:System.Windows.Automation.Provider.ITransformProvider.Resize(System.Double,System.Double)">
      <summary>Ändert die Größe des Steuerelements.</summary>
      <param name="width">Die neue Breite des Fensters in Pixel.</param>
      <param name="height">Die neue Höhe des Fensters in Pixel.</param>
      <exception cref="T:System.InvalidOperationException">Wenn die <see cref="P:System.Windows.Automation.Provider.ITransformProvider.CanResize" />-Eigenschaft auf "False" festgelegt ist.</exception>
    </member>
    <member name="M:System.Windows.Automation.Provider.ITransformProvider.Rotate(System.Double)">
      <summary>Dreht das Steuerelement.</summary>
      <param name="degrees">Die Gradzahl, um die das Steuerelement gedreht werden soll. Bei einer positiven Zahl erfolgt die Drehung im Uhrzeigersinn, bei einer negativen Zahl gegen den Uhrzeigersinn.</param>
      <exception cref="T:System.InvalidOperationException">Wenn die <see cref="P:System.Windows.Automation.Provider.ITransformProvider.CanRotate" />-Eigenschaft auf "False" festgelegt ist.</exception>
    </member>
    <member name="T:System.Windows.Automation.Provider.IValueProvider">
      <summary>Macht Methoden und Eigenschaften verfügbar, um den Benutzeroberflächenautomatisierungs-Client-Zugriff auf Steuerelemente mit einem systeminternen Wert zu unterstützen, der nicht abschnittsübergreifend ist und als Zeichenfolge dargestellt werden kann.</summary>
    </member>
    <member name="P:System.Windows.Automation.Provider.IValueProvider.IsReadOnly">
      <summary>Ruft einen Wert ab, der angibt, ob der Wert eines Steuerelements schreibgeschützt ist.</summary>
      <returns>true, wenn der Wert schreibgeschützt ist, false, wenn er geändert werden kann.</returns>
    </member>
    <member name="M:System.Windows.Automation.Provider.IValueProvider.SetValue(System.String)">
      <summary>Legt den Wert eines Steuerelements fest.</summary>
      <exception cref="T:System.InvalidOperationException">Wenn gebietsschemaspezifische Informationen in einem falschen Format an ein Steuerelement übergeben werden, z. B. mit einem falsch formatierten Datum.</exception>
      <exception cref="T:System.ArgumentException">Wenn ein neuer Wert nicht aus einer Zeichenfolge in ein Format konvertiert werden kann, das vom Steuerelement erkannt wird.</exception>
      <exception cref="T:System.Windows.Automation.ElementNotEnabledException">Wenn versucht wird, ein nicht aktiviertes Steuerelement zu bearbeiten.</exception>
    </member>
    <member name="P:System.Windows.Automation.Provider.IValueProvider.Value">
      <summary>Ruft den Wert des Steuerelements ab.</summary>
      <returns>Der Wert des Steuerelements als Zeichenfolge.</returns>
    </member>
    <member name="T:System.Windows.Automation.Provider.IVirtualizedItemProvider">
      <summary>Macht eine Methode verfügbar, um das virtualisierte Elementsteuerelement-Muster zu unterstützen.</summary>
    </member>
    <member name="M:System.Windows.Automation.Provider.IVirtualizedItemProvider.Realize">
      <summary>Ermöglicht den vollständigen Zugriff auf das virtuelle Element als Benutzeroberflächen-Automatisierungselement.</summary>
    </member>
    <member name="T:System.Windows.Automation.Provider.IWindowProvider">
      <summary>Macht Methoden und Eigenschaften verfügbar, um den Benutzeroberflächenautomatisierungs-Client-Zugriff auf Steuerelemente zu unterstützen, die grundlegende fensterbasierte Funktionen innerhalb einer herkömmlichen graphische Benutzeroberfläche (graphical user interface, GUI) bereitstellen.</summary>
    </member>
    <member name="M:System.Windows.Automation.Provider.IWindowProvider.Close">
      <summary>Versucht, das Fenster zu schließen.</summary>
      <exception cref="T:System.InvalidOperationException">Wenn das Steuerelement die angeforderte Aktion nicht ausführen kann.</exception>
      <exception cref="T:System.Windows.Automation.ElementNotAvailableException">Wenn das Zielelement nicht mehr verfügbar ist (z. B. das Fenster geschlossen wurde).</exception>
    </member>
    <member name="P:System.Windows.Automation.Provider.IWindowProvider.InteractionState">
      <summary>Ruft den Interaktionszustand des Fensters ab.</summary>
      <returns>Der <see cref="T:System.Windows.Automation.WindowInteractionState" /> des Steuerelements.</returns>
    </member>
    <member name="P:System.Windows.Automation.Provider.IWindowProvider.IsModal">
      <summary>Ruft einen Wert ab, der angibt, ob es sich um ein modales Fenster handelt.</summary>
      <returns>true, wenn es sich um ein modales Fenster handelt, andernfalls false.</returns>
    </member>
    <member name="P:System.Windows.Automation.Provider.IWindowProvider.IsTopmost">
      <summary>Ruft einen Wert ab, der angibt, ob das Fenster das oberste Element in der Z-Reihenfolge bildet.</summary>
      <returns>true, wenn es sich um das oberste Fenster handelt, andernfalls false.</returns>
    </member>
    <member name="P:System.Windows.Automation.Provider.IWindowProvider.Maximizable">
      <summary>Ruft einen Wert ab, der angibt, ob das Fenster maximiert werden kann.</summary>
      <returns>true, wenn das Fenster maximiert werden kann, andernfalls false.</returns>
    </member>
    <member name="P:System.Windows.Automation.Provider.IWindowProvider.Minimizable">
      <summary>Ruft einen Wert ab, der angibt, ob das Fenster minimiert werden kann.</summary>
      <returns>true, wenn das Fenster minimiert werden kann, andernfalls false.</returns>
    </member>
    <member name="M:System.Windows.Automation.Provider.IWindowProvider.SetVisualState(System.Windows.Automation.WindowVisualState)">
      <summary>Ändert den visuellen Zustand des Fensters. Kann dieses z. B. minimieren oder maximieren.</summary>
      <param name="state">Der angeforderte visuelle Zustand des Fensters.</param>
      <exception cref="T:System.InvalidOperationException">Wenn das Steuerelement das angeforderte Verhalten nicht unterstützt.</exception>
    </member>
    <member name="P:System.Windows.Automation.Provider.IWindowProvider.VisualState">
      <summary>Ruft den visuellen Zustand des Fensters ab.</summary>
      <returns>Der visuelle Zustand des Fensters.</returns>
    </member>
    <member name="M:System.Windows.Automation.Provider.IWindowProvider.WaitForInputIdle(System.Int32)">
      <summary>Versucht die Blockierung des Aufrufcodes für den angegebenen Zeitraum oder bis zum Eintritt des zugehörigen Prozesses in den Leerlauf, je nachdem, was zuerst eintritt.</summary>
      <returns>true, wenn das Fenster in den Leerlauf eingetreten ist, false, wenn das Timeout eingetreten ist.</returns>
      <param name="milliseconds">Die Zeitspanne in Millisekunden, die auf den Leerlauf des zugeordneten Prozesses gewartet werden soll. Maximal zulässig sind <see cref="F:System.Int32.MaxValue" />.</param>
      <exception cref="T:System.ArgumentOutOfRangeException">Wenn der übergebene Parameter keine gültige Zahl darstellt.</exception>
    </member>
    <member name="T:System.Windows.Automation.Provider.NavigateDirection">
      <summary>Enthält Werte, die zum Angeben der Navigationsrichtung innerhalb der UI-Automatisierung-Struktur verwendet werden.</summary>
    </member>
    <member name="F:System.Windows.Automation.Provider.NavigateDirection.FirstChild">
      <summary>Die Navigationsrichtung erfolgt zum ersten untergeordneten Element.</summary>
    </member>
    <member name="F:System.Windows.Automation.Provider.NavigateDirection.LastChild">
      <summary>Die Navigationsrichtung erfolgt zum letzten untergeordneten Element.</summary>
    </member>
    <member name="F:System.Windows.Automation.Provider.NavigateDirection.NextSibling">
      <summary>Die Navigationsrichtung verläuft zum nächsten nebengeordneten Element.</summary>
    </member>
    <member name="F:System.Windows.Automation.Provider.NavigateDirection.Parent">
      <summary>Die Navigationsrichtung verläuft zum übergeordneten Element hin.</summary>
    </member>
    <member name="F:System.Windows.Automation.Provider.NavigateDirection.PreviousSibling">
      <summary>Die Navigationsrichtung verläuft zum vorherigen nebengeordneten Element.</summary>
    </member>
    <member name="T:System.Windows.Automation.Provider.ProviderOptions">
      <summary>Enthält Werte, die den Typ des Benutzeroberflächenautomatisierungs-Anbieters angeben.</summary>
    </member>
    <member name="F:System.Windows.Automation.Provider.ProviderOptions.ClientSideProvider">
      <summary>Der Benutzeroberflächenautomatisierungs-Anbieter ist ein clientseitiger Anbieter.</summary>
    </member>
    <member name="F:System.Windows.Automation.Provider.ProviderOptions.NonClientAreaProvider">
      <summary>Der Benutzeroberflächenautomatisierungs-Anbieter ist ein Nicht-Clientbereich-Anbieter.</summary>
    </member>
    <member name="F:System.Windows.Automation.Provider.ProviderOptions.OverrideProvider">
      <summary>Der Benutzeroberflächenautomatisierungs-Anbieter überschreibt einen anderen Anbieter.</summary>
    </member>
    <member name="F:System.Windows.Automation.Provider.ProviderOptions.ProviderOwnsSetFocus">
      <summary>Der Benutzeroberflächenautomatisierungs-Anbieter behandelt den eigenen Fokus und lässt nicht zu, dass UI-Automatisierung den Fokus an seiner Stelle auf das nächste Fenster festlegt, wenn <see cref="M:System.Windows.Automation.AutomationElement.SetFocus" /> aufgerufen wird. Diese Option wird meist von Anbietern für Fenster verwendet, die den Fokus zu übernehmen scheinen, ohne den Win32-Fokus tatsächlich zu erhalten, z. B. Menüs und Dropdownmenüs.</summary>
    </member>
    <member name="F:System.Windows.Automation.Provider.ProviderOptions.ServerSideProvider">
      <summary>Der Benutzeroberflächenautomatisierungs-Anbieter ist ein serverseitiger Anbieter.</summary>
    </member>
    <member name="F:System.Windows.Automation.Provider.ProviderOptions.UseComThreading">
      <summary>Der Anbieter für die Benutzeroberflächenautomatisierung erwartet, gemäß COM-Threadingregeln aufgerufen zu werden. Wenn sich der Anbieter in einem Singlethread-Apartment befindet, wird er für den Apartmentthread aufgerufen. Nur serverseitige Anbieter können diese Option verwenden.</summary>
    </member>
  </members>
</doc>