﻿<?xml version="1.0" encoding="utf-8"?>
<doc>
  <assembly>
    <name>XamlBuildTask</name>
  </assembly>
  <members>
    <member name="T:Microsoft.Build.Tasks.Xaml.AttributeData">
      <summary>Gibt Attributdaten an.</summary>
    </member>
    <member name="M:Microsoft.Build.Tasks.Xaml.AttributeData.#ctor">
      <summary>Initialisiert eine neue Instanz der <see cref="T:Microsoft.Build.Tasks.Xaml.AttributeData" />-Klasse.</summary>
    </member>
    <member name="P:Microsoft.Build.Tasks.Xaml.AttributeData.Parameters">
      <summary>Ruft die Parameter für bezugspunkt Attribut ab.</summary>
      <returns>Die bezugspunkt - Parameter.</returns>
    </member>
    <member name="P:Microsoft.Build.Tasks.Xaml.AttributeData.Properties">
      <summary>Ruft die Attributdateneigenschaften ab.</summary>
      <returns>Die Attributdateneigenschaften.</returns>
    </member>
    <member name="P:Microsoft.Build.Tasks.Xaml.AttributeData.Type">
      <summary>Ruft den Datentyp des Attributs ab oder legt diesen fest.</summary>
      <returns>Der Datentyp des Attributs.</returns>
    </member>
    <member name="T:Microsoft.Build.Tasks.Xaml.AttributeParameterData">
      <summary>Gibt Parameter Attribut Daten an.</summary>
    </member>
    <member name="M:Microsoft.Build.Tasks.Xaml.AttributeParameterData.#ctor(System.Xaml.XamlType,System.Collections.Generic.IEnumerable{Microsoft.Build.Tasks.Xaml.AttributeParameterData})">
      <summary>Initialisiert eine neue Instanz der <see cref="T:Microsoft.Build.Tasks.Xaml.AttributeParameterData" />-Klasse mit den angegebenen Inhalt der Typ- und - Array.</summary>
      <param name="type">Der Datentyp.</param>
      <param name="arrayContents">Der Arrayinhalt.</param>
    </member>
    <member name="M:Microsoft.Build.Tasks.Xaml.AttributeParameterData.#ctor(System.Xaml.XamlType,System.Object)">
      <summary>Initialisiert eine neue Instanz der <see cref="T:Microsoft.Build.Tasks.Xaml.AttributeParameterData" />-Klasse mit dem angegebenen Typ und Wert.</summary>
      <param name="type">Der Datentyp.</param>
      <param name="value">Der Wert der Daten.</param>
    </member>
    <member name="M:Microsoft.Build.Tasks.Xaml.AttributeParameterData.#ctor(System.Xaml.XamlType,System.String)">
      <summary>Initialisiert eine neue Instanz der <see cref="T:Microsoft.Build.Tasks.Xaml.AttributeParameterData" />-Klasse mit dem angegebenen Typ und Textwert.</summary>
      <param name="type">Der Datentyp.</param>
      <param name="textValue">Der Textwert.</param>
    </member>
    <member name="P:Microsoft.Build.Tasks.Xaml.AttributeParameterData.ArrayContents">
      <summary>Ruft das Array von Parametern Attribut der Inhalt der Daten ab.</summary>
      <returns>Die Array von Parametern Attribut der Inhalt von Daten.</returns>
    </member>
    <member name="P:Microsoft.Build.Tasks.Xaml.AttributeParameterData.TextValue">
      <summary>Ruft ab oder legt den Textwert der Daten Parameter Attribut fest.</summary>
      <returns>Der Textwert der Attribut Parametern von Daten.</returns>
    </member>
    <member name="P:Microsoft.Build.Tasks.Xaml.AttributeParameterData.Type">
      <summary>Ruft den Text ab oder legt den XAML-Typ der Daten Parameter Attribut fest.</summary>
      <returns>Der XAML-Typ der Attribut Parametern von Daten.</returns>
    </member>
    <member name="P:Microsoft.Build.Tasks.Xaml.AttributeParameterData.Value">
      <summary>Ruft den Wert des Attributs Daten von Parametern fest.</summary>
      <returns>Der Wert des Attributs für Daten.</returns>
    </member>
    <member name="T:Microsoft.Build.Tasks.Xaml.BuildExtensionContext">
      <summary>Gibt Einstellungen für den Kontext für Builds an.</summary>
    </member>
    <member name="M:Microsoft.Build.Tasks.Xaml.BuildExtensionContext.AddGeneratedFile(System.String)">
      <summary>Generiert eine Datei für den Buildvorgang für Elementkontext.</summary>
      <param name="fileName">Der Name der generierten Datei.</param>
    </member>
    <member name="M:Microsoft.Build.Tasks.Xaml.BuildExtensionContext.AddGeneratedResourceFile(System.String)">
      <summary>Generiert eine Ressourcendatei für den Buildvorgang für Elementkontext.</summary>
      <param name="fileName">Der Dateiname für die generierte Ressourcendatei.</param>
    </member>
    <member name="P:Microsoft.Build.Tasks.Xaml.BuildExtensionContext.AssemblyName">
      <summary>Ruft den Text ab oder legt den Assemblynamen für den Kontext für Builds fest.</summary>
      <returns>Der Name der Assembly.</returns>
    </member>
    <member name="P:Microsoft.Build.Tasks.Xaml.BuildExtensionContext.GeneratedFiles">
      <summary>Ruft die Auflistung der generierten Dateien der Erstellung Namespaceerweiterung Kontext ab.</summary>
      <returns>Die Auflistung der generierten Dateien.</returns>
    </member>
    <member name="P:Microsoft.Build.Tasks.Xaml.BuildExtensionContext.GeneratedResourceFiles">
      <summary>Ruft die Auflistung der generierten Ressourcendateien der Erstellung Namespaceerweiterung Kontext ab.</summary>
      <returns>Die Auflistung der generierten Ressourcendateien.</returns>
    </member>
    <member name="P:Microsoft.Build.Tasks.Xaml.BuildExtensionContext.IsInProcessXamlMarkupCompile">
      <summary>Ruft ab oder legt fest, ob der Buildvorgang für Prozesse im Elementkontext Extensible Application Markup Language-Kompilierung ist.</summary>
      <returns>True ,  wenn der Prozess im Elementkontext für Builds Extensible Application Markup Language-Kompilierung ist. andernfalls false.</returns>
    </member>
    <member name="P:Microsoft.Build.Tasks.Xaml.BuildExtensionContext.Language">
      <summary>Ruft ab oder legt die Erstellung erweiterungs-Kontext Entwicklungssprache fest.</summary>
      <returns>Die Sprache erweiterungs-Kontext Erstellen</returns>
    </member>
    <member name="P:Microsoft.Build.Tasks.Xaml.BuildExtensionContext.LocalAssembly">
      <summary>Ruft ab oder legt die lokal definierte Assembly für den Kontext für Builds fest.</summary>
      <returns>Die lokal definierte Assembly für den Buildvorgang für Elementkontext.</returns>
    </member>
    <member name="P:Microsoft.Build.Tasks.Xaml.BuildExtensionContext.OutputPath">
      <summary>Ruft einen Wert ab oder legt ihn fest. ausgabepfad erweiterungs-Kontext Builds.</summary>
      <returns>Der Ausgabepfad.</returns>
    </member>
    <member name="P:Microsoft.Build.Tasks.Xaml.BuildExtensionContext.References">
      <summary>Ruft die Auflistung der verweises Kontext des Add-Ins ab.</summary>
      <returns>Die Auflistung von verweises Kontext des Add-Ins.</returns>
    </member>
    <member name="P:Microsoft.Build.Tasks.Xaml.BuildExtensionContext.RootNamespace">
      <summary>Ruft den Namespace des kontext-Stamm Erweiterung fest.</summary>
      <returns>Der Namespace für das Add-In kontext-Stamm.</returns>
    </member>
    <member name="P:Microsoft.Build.Tasks.Xaml.BuildExtensionContext.SourceCodeFiles">
      <summary>Ruft die Auflistung von Quellcodedateien des Builds für kontexts ab.</summary>
      <returns>Die Auflistung von Quellcodedateien des für Builds.</returns>
    </member>
    <member name="P:Microsoft.Build.Tasks.Xaml.BuildExtensionContext.XamlBuildLogger">
      <summary>Ruft ab oder legt fest XAML-Erstellungs die Protokollierung.</summary>
      <returns>Die XAML-Erstellungs Protokollierung.</returns>
    </member>
    <member name="T:Microsoft.Build.Tasks.Xaml.ClassData">
      <summary>Gibt bezugspunkt Klassen Einstellungen an.</summary>
    </member>
    <member name="M:Microsoft.Build.Tasks.Xaml.ClassData.#ctor">
      <summary>Initialisiert eine neue Instanz der <see cref="T:Microsoft.Build.Tasks.Xaml.ClassData" />-Klasse.</summary>
    </member>
    <member name="P:Microsoft.Build.Tasks.Xaml.ClassData.Attributes">
      <summary>Ruft die Liste der Klassen bezugspunkt attributen ab.</summary>
      <returns>Die Liste der Klassen bezugspunkt attributen.</returns>
    </member>
    <member name="P:Microsoft.Build.Tasks.Xaml.ClassData.BaseType">
      <summary>Ruft den Typ der Zieldatenbank Klassen fest.</summary>
      <returns>Der Typ der Zieldatenbank Klassen.</returns>
    </member>
    <member name="P:Microsoft.Build.Tasks.Xaml.ClassData.CodeSnippets">
      <summary>Ruft die Liste der Klassen ab datencode Ausschneiden ausführen.</summary>
      <returns>Die Liste der Klassen datencode Ausschneiden ausführen.</returns>
    </member>
    <member name="P:Microsoft.Build.Tasks.Xaml.ClassData.EmbeddedResourceFileName">
      <summary>Ruft den Text ab oder legt den eingebetteten Ressourcen für die Klassendaten Dateinamen fest.</summary>
      <returns>Der eingebettete Ressourcen der für die Klassendaten.</returns>
    </member>
    <member name="P:Microsoft.Build.Tasks.Xaml.ClassData.EmbeddedResourceXaml">
      <summary>Ruft ab oder legt die eingebettete Ressource XAML für die Klassendaten fest.</summary>
      <returns>Die eingebettete Ressource XAML für die Klassendaten.</returns>
    </member>
    <member name="P:Microsoft.Build.Tasks.Xaml.ClassData.FileName">
      <summary>Ruft den Text ab bzw. legt den Namen fest, der für die Klassendaten verwendet wird.</summary>
      <returns>Der Dateiname für die Klassendaten.</returns>
    </member>
    <member name="P:Microsoft.Build.Tasks.Xaml.ClassData.HelperClassFullName">
      <summary>Ruft den vollständigen Namen der Hilfsklasse, die in den Klassen von Daten verwendet wird.</summary>
      <returns>Der vollständige Name der Hilfsklasse, um Daten in Klassen verwendet.</returns>
    </member>
    <member name="P:Microsoft.Build.Tasks.Xaml.ClassData.IsPublic">
      <summary>Ruft ab oder legt fest, ob die Klassendaten über eine öffentliche Klasse ist.</summary>
      <returns>True der Klassendaten ist eine öffentliche Klasse. andernfalls false.</returns>
    </member>
    <member name="P:Microsoft.Build.Tasks.Xaml.ClassData.Name">
      <summary>Ruft ab oder legt die Zeichenfolge fest, die den Namen der Klassendaten darstellt.</summary>
      <returns>Die Zeichenfolge, die den Namen der Klassendaten darstellt.</returns>
    </member>
    <member name="P:Microsoft.Build.Tasks.Xaml.ClassData.NamedObjects">
      <summary>Ruft eine Liste von benannten Objekten ab.</summary>
      <returns>Die Liste von benannten Objekten.</returns>
    </member>
    <member name="P:Microsoft.Build.Tasks.Xaml.ClassData.Namespace">
      <summary>Ruft den Namespace ab, in dem die Klassendaten gehören.</summary>
      <returns>Der Namespace, in dem die Klassendaten gehören.</returns>
    </member>
    <member name="P:Microsoft.Build.Tasks.Xaml.ClassData.Properties">
      <summary>Ruft die Auflistung von Klassendateneigenschaften ab.</summary>
      <returns>Die Auflistung von Klassendateneigenschaften.</returns>
    </member>
    <member name="T:Microsoft.Build.Tasks.Xaml.CompilationPass2Task">
      <summary>Stellt eine MS-Erstellungs aufgabe dar, die überprüft, ob alle Typen, die in der ursprünglichen Eingabe-XAML-Dateien verwiesen wird, aufgelöst werden.</summary>
    </member>
    <member name="M:Microsoft.Build.Tasks.Xaml.CompilationPass2Task.#ctor">
      <summary>Initialisiert eine neue Instanz der <see cref="T:Microsoft.Build.Tasks.Xaml.CompilationPass2Task" />-Klasse.</summary>
    </member>
    <member name="P:Microsoft.Build.Tasks.Xaml.CompilationPass2Task.ApplicationMarkup">
      <summary>Ruft eine Liste von XAML-Dateien ab, die von MSBuild verarbeitet werden aufgefüllt.</summary>
      <returns>Eine Liste der zu verarbeitenden XAML-Dateien.</returns>
    </member>
    <member name="P:Microsoft.Build.Tasks.Xaml.CompilationPass2Task.ApplicationMarkupWithTypeName">
      <summary>Ruft den Buildvorgang für die Dateien Anwendungsmarkup fest, die aus dem Projekt ausgeschlossen werden, das verwendet wird, um die temporäre Assembly generiert.</summary>
      <returns>Der Buildvorgang für die Anwendungsmarkup werden.</returns>
    </member>
    <member name="P:Microsoft.Build.Tasks.Xaml.CompilationPass2Task.AssemblyName">
      <summary>Ruft den Namen der zu generierenden Assembly ab oder legt diesen fest.</summary>
      <returns>Der Name der Assembly.</returns>
    </member>
    <member name="P:Microsoft.Build.Tasks.Xaml.CompilationPass2Task.BuildTaskPath">
      <summary>Ruft den Pfad zu der Assembly für diese Buildaufgabe ab oder legt diesen fest. </summary>
      <returns>Der Assemblypfad.</returns>
    </member>
    <member name="M:Microsoft.Build.Tasks.Xaml.CompilationPass2Task.Execute">
      <summary>Wird per MS Build aufgerufen, um die Aufgabe auszuführen.</summary>
      <returns>true, wenn die Aufgabe erfolgreich ausgeführt wird. andernfalls false.</returns>
    </member>
    <member name="P:Microsoft.Build.Tasks.Xaml.CompilationPass2Task.ExtensionGeneratedCodeFiles">
      <summary>Ruft ab oder legt die Auflistung von Codedateien fest, die von der Erweiterung generiert werden.</summary>
      <returns>Die Auflistung von den generierten Codedateien mit der Erweiterung.</returns>
    </member>
    <member name="P:Microsoft.Build.Tasks.Xaml.CompilationPass2Task.IsInProcessXamlMarkupCompile">
      <summary>Ruft ob die Aufgabe in das Kompilieren von XAML-Markup im Prozess fest.</summary>
      <returns>True, wenn die Aufgabe im Prozess in das Kompilieren von XAML-Markup;. Andernfalls False.</returns>
    </member>
    <member name="P:Microsoft.Build.Tasks.Xaml.CompilationPass2Task.Language">
      <summary>Ruft die Sprache ab oder legt sie fest, die für die Aufgabe verwendet wird.</summary>
      <returns>Die Sprache für die Aufgabe.</returns>
    </member>
    <member name="P:Microsoft.Build.Tasks.Xaml.CompilationPass2Task.LocalAssemblyReference">
      <summary>Ruft den Pfad zu der generierten temporären Assembly ab oder legt diesen fest.</summary>
      <returns>Der Pfad zur generierten temporären Assembly.</returns>
    </member>
    <member name="P:Microsoft.Build.Tasks.Xaml.CompilationPass2Task.MSBuildProjectDirectory">
      <summary>Ruft das Verzeichnis für das Projekt MS-Erstellungs fest.</summary>
      <returns>Das Verzeichnis für das Projekt MS-Erstellungs.</returns>
    </member>
    <member name="P:Microsoft.Build.Tasks.Xaml.CompilationPass2Task.OutputPath">
      <summary>Ruft das Verzeichnis ab, in dem die generierten Dateien abgelegt werden, oder legt dieses fest.</summary>
      <returns>Das Verzeichnis, in dem die generierten Dateien zu platzieren.</returns>
    </member>
    <member name="P:Microsoft.Build.Tasks.Xaml.CompilationPass2Task.References">
      <summary>Ruft eine Liste von Assemblys ab, auf die während des Kompilierungsprozesses verwiesen werden soll, oder legt diese fest. </summary>
      <returns>Eine Liste der Assemblys, auf die während des Kompilierungsprozesses verwiesen werden soll.</returns>
    </member>
    <member name="P:Microsoft.Build.Tasks.Xaml.CompilationPass2Task.RootNamespace">
      <summary>Ruft den Stammnamespace für das Projekt ab oder legt diesen fest.</summary>
      <returns>Der Stammnamespace.</returns>
    </member>
    <member name="P:Microsoft.Build.Tasks.Xaml.CompilationPass2Task.SourceCodeFiles">
      <summary>Ruft eine Liste von Quellcodedateien in dem Projekt ab oder legt diese fest.</summary>
      <returns>Eine Liste von Quellcodedateien im Projekt.</returns>
    </member>
    <member name="P:Microsoft.Build.Tasks.Xaml.CompilationPass2Task.XamlBuildTypeInspectionExtensionNames">
      <summary>Ruft ab oder legt die erweiterten Namen für die Überprüfung des Typs XAML-Erstellungs fest.</summary>
      <returns>Die erweiterten Namen für die XAML-Erstellung geben die Überprüfung ein.</returns>
    </member>
    <member name="T:Microsoft.Build.Tasks.Xaml.GenerateTemporaryAssemblyTask">
      <summary>Eine MS Build-Aufgabe, die durch Kompilieren der vom <see cref="T:Microsoft.Build.Tasks.Xaml.PartialClassGenerationTask" /> generierten Quelldateien eine temporäre Assembly generiert. </summary>
    </member>
    <member name="M:Microsoft.Build.Tasks.Xaml.GenerateTemporaryAssemblyTask.#ctor">
      <summary>Initialisiert eine neue Instanz der <see cref="T:Microsoft.Build.Tasks.Xaml.GenerateTemporaryAssemblyTask" />-Klasse.</summary>
    </member>
    <member name="P:Microsoft.Build.Tasks.Xaml.GenerateTemporaryAssemblyTask.ApplicationMarkupTypeName">
      <summary>Ruft den Buildvorgang für die Anwendungsmarkupdateien ab, die vom Projekt ausgeschlossen werden, das verwendet wurde, um die temporäre Assembly zu generieren, oder legt diesen fest.</summary>
      <returns>Der Name des Anwendungsmarkuptyps.</returns>
    </member>
    <member name="P:Microsoft.Build.Tasks.Xaml.GenerateTemporaryAssemblyTask.AssemblyName">
      <summary>Ruft den Namen der generierten Assemblys fest.</summary>
      <returns>Der Name der Assembly.</returns>
    </member>
    <member name="P:Microsoft.Build.Tasks.Xaml.GenerateTemporaryAssemblyTask.CompileTargetName">
      <summary>Ruft den Kompilierungszielnamen ab, der in der generierten Projektdatei erstellt werden soll, die verwendet wurde, um die generierte temporäre Assembly zu erstellen, oder legt diesen fest.</summary>
      <returns>Der Name des Kompilierungsziels.</returns>
    </member>
    <member name="P:Microsoft.Build.Tasks.Xaml.GenerateTemporaryAssemblyTask.CurrentProject">
      <summary>Ruft den aktuellen Projektdateinamen ab oder legt diesen fest.</summary>
      <returns>Das aktuelle Projekt.</returns>
    </member>
    <member name="M:Microsoft.Build.Tasks.Xaml.GenerateTemporaryAssemblyTask.Execute">
      <summary>Wird per MS Build aufgerufen, um die Aufgabe auszuführen.</summary>
      <returns>true, wenn der Code erfolgreich generiert wird; andernfalls false.</returns>
    </member>
    <member name="P:Microsoft.Build.Tasks.Xaml.GenerateTemporaryAssemblyTask.GeneratedResourcesFiles">
      <summary>Ruft eine Liste von XAML-Dateien ab, die das Markup zum Instanziieren der neu generierten Typen enthalten (einen für jede Eingabedatei), oder legt diese fest.</summary>
      <returns>Eine Liste von <see cref="T:Microsoft.Build.Framework.ITaskItem" />, welche die generierten XAML-Dateien darstellt.</returns>
    </member>
    <member name="P:Microsoft.Build.Tasks.Xaml.GenerateTemporaryAssemblyTask.OutputPath">
      <summary>Ruft das Verzeichnis ab, in dem die generierten Dateien abgelegt werden, oder legt dieses fest.</summary>
      <returns>Das Verzeichnis, in dem die generierten Dateien gespeichert werden.</returns>
    </member>
    <member name="P:Microsoft.Build.Tasks.Xaml.GenerateTemporaryAssemblyTask.ReferencePaths">
      <summary>Ruft die Pfade zu im Projekt angegebenen Assemblys ab, auf die verwiesen wird, oder legt diese fest.</summary>
      <returns>Eine Liste von <see cref="T:Microsoft.Build.Framework.ITaskItem" />, welche die Pfade zu den Assemblys darstellt, auf die verwiesen wird.</returns>
    </member>
    <member name="P:Microsoft.Build.Tasks.Xaml.GenerateTemporaryAssemblyTask.SourceCodeFiles">
      <summary>Ruft eine Liste von Quellcodedateien ab, die in eine temporäre Assembly kompiliert werden sollen, oder legt diese fest.</summary>
      <returns>Eine Liste von <see cref="T:Microsoft.Build.Framework.ITaskItem" />, welche die Quellcodedateien darstellt.</returns>
    </member>
    <member name="T:Microsoft.Build.Tasks.Xaml.IXamlBuildTypeGenerationExtension">
      <summary>Enthält Informationen zu XAML-Erstellungs typ-Generierungs Namespaceerweiterung.</summary>
    </member>
    <member name="M:Microsoft.Build.Tasks.Xaml.IXamlBuildTypeGenerationExtension.Execute(Microsoft.Build.Tasks.Xaml.ClassData,Microsoft.Build.Tasks.Xaml.XamlBuildTypeGenerationExtensionContext)">
      <summary>Gibt an, ob die XAML-Erstellungs typ-Generierungs Namespaceerweiterung ausführt.</summary>
      <returns>True ,  wenn die XAML-Erstellungs Erweiterung typ-Generierungs ausgeführt wird. andernfalls false.</returns>
      <param name="classData">Die Klassendaten.</param>
      <param name="buildContext">Der Kontext des Builds.</param>
    </member>
    <member name="T:Microsoft.Build.Tasks.Xaml.IXamlBuildTypeInspectionExtension">
      <summary>Enthält Informationen zu XAML-Erstellungs typ-Überprüfungs Namespaceerweiterung.</summary>
    </member>
    <member name="M:Microsoft.Build.Tasks.Xaml.IXamlBuildTypeInspectionExtension.Execute(Microsoft.Build.Tasks.Xaml.XamlBuildTypeInspectionExtensionContext)">
      <summary>Gibt an, ob die XAML-Erstellungs typ-Überprüfungs Namespaceerweiterung ausführt.</summary>
      <returns>True, wenn die XAML-Erstellungs Erweiterung typ-Überprüfungs ausgeführt wird. Andernfalls False.</returns>
      <param name="buildContext">Der Kontext des Builds für die Erweiterung.</param>
    </member>
    <member name="T:Microsoft.Build.Tasks.Xaml.MemberVisibility">
      <summary>Gibt die Member sichtbarkeits von Optionen an.</summary>
    </member>
    <member name="F:Microsoft.Build.Tasks.Xaml.MemberVisibility.Assembly">
      <summary>Die Assemblysichtbarkeit.</summary>
    </member>
    <member name="F:Microsoft.Build.Tasks.Xaml.MemberVisibility.Family">
      <summary>Die Familiensichtbarkeit.</summary>
    </member>
    <member name="F:Microsoft.Build.Tasks.Xaml.MemberVisibility.FamilyAndAssembly">
      <summary>Die Familien- und Assemblysichtbarkeit.</summary>
    </member>
    <member name="F:Microsoft.Build.Tasks.Xaml.MemberVisibility.FamilyOrAssembly">
      <summary>Die Familien- oder Assemblysichtbarkeit.</summary>
    </member>
    <member name="F:Microsoft.Build.Tasks.Xaml.MemberVisibility.Private">
      <summary>Die privater Sichtbarkeit.</summary>
    </member>
    <member name="F:Microsoft.Build.Tasks.Xaml.MemberVisibility.Public">
      <summary>Die öffentlich sichtbar.</summary>
    </member>
    <member name="T:Microsoft.Build.Tasks.Xaml.NamedObject">
      <summary>Stellt ein benanntes Objekt dar.</summary>
    </member>
    <member name="M:Microsoft.Build.Tasks.Xaml.NamedObject.#ctor">
      <summary>Initialisiert eine neue Instanz der <see cref="T:Microsoft.Build.Tasks.Xaml.NamedObject" />-Klasse.</summary>
    </member>
    <member name="P:Microsoft.Build.Tasks.Xaml.NamedObject.Name">
      <summary>Ruft ab oder legt die Zeichenfolge fest, die den Namen des benannten Objekts darstellt.</summary>
    </member>
    <member name="P:Microsoft.Build.Tasks.Xaml.NamedObject.Type">
      <summary>Ruft den Objekttyp des benannten Objekts fest.</summary>
      <returns>Der Typ des benannten Objekts.</returns>
    </member>
    <member name="P:Microsoft.Build.Tasks.Xaml.NamedObject.Visibility">
      <summary>Ruft ab oder legt die Sichtbarkeit des benannten Objekts fest.</summary>
      <returns>Die Sichtbarkeit des benannten Objekts.</returns>
    </member>
    <member name="T:Microsoft.Build.Tasks.Xaml.PartialClassGenerationTask">
      <summary>Greift auf XAML-Dateien, die Typen definieren (mit x:Class), und generiert den entsprechenden Quellcode, der in eine Assembly kompiliert werden kann. </summary>
    </member>
    <member name="M:Microsoft.Build.Tasks.Xaml.PartialClassGenerationTask.#ctor">
      <summary>Initialisiert eine neue Instanz der <see cref="T:Microsoft.Build.Tasks.Xaml.PartialClassGenerationTask" />-Klasse.</summary>
    </member>
    <member name="P:Microsoft.Build.Tasks.Xaml.PartialClassGenerationTask.ApplicationMarkup">
      <summary>Ruft eine Liste von XAML-Dateien ab, die von MSBuild verarbeitet werden aufgefüllt.</summary>
      <returns>Eine Liste von <see cref="T:Microsoft.Build.Framework.ITaskItem" />, welche die zu verarbeitenden XAML-Dateien darstellt.</returns>
    </member>
    <member name="P:Microsoft.Build.Tasks.Xaml.PartialClassGenerationTask.AssemblyName">
      <summary>Ruft den Namen der Assembly ab, die kompiliert wird, oder legt diesen fest.</summary>
      <returns>Der Name der Assembly, die kompiliert wird.</returns>
    </member>
    <member name="P:Microsoft.Build.Tasks.Xaml.PartialClassGenerationTask.BuildTaskPath">
      <summary>Ruft den Pfad der Assembly ab, die diese Buildaufgabe enthält, oder legt diesen fest. </summary>
      <returns>Der Buildaufgabenpfad.</returns>
    </member>
    <member name="M:Microsoft.Build.Tasks.Xaml.PartialClassGenerationTask.Execute">
      <summary>Wird von MSBuild aufgerufen, um die Codegenerierungsaufgabe auszuführen.</summary>
      <returns>true, wenn der Code erfolgreich generiert wird; andernfalls false.</returns>
    </member>
    <member name="P:Microsoft.Build.Tasks.Xaml.PartialClassGenerationTask.GeneratedCodeFiles">
      <summary>Ruft eine Liste generierter Codedateien ab, eine für jede Eingabedatei, oder legt diese fest.</summary>
      <returns>Eine Liste von <see cref="T:Microsoft.Build.Framework.ITaskItem" />, welche die XAML-Quelldateien darstellt.</returns>
    </member>
    <member name="P:Microsoft.Build.Tasks.Xaml.PartialClassGenerationTask.GeneratedResources">
      <summary>Ruft eine Liste von XAML-Dateien ab, die das Markup zum Instanziieren der neu generierten Typen enthalten (einen für jede Eingabedatei), oder legt diese fest.</summary>
      <returns>Eine Liste von <see cref="T:Microsoft.Build.Framework.ITaskItem" />, welche die generierten XAML-Dateien darstellt.</returns>
    </member>
    <member name="P:Microsoft.Build.Tasks.Xaml.PartialClassGenerationTask.GeneratedSourceExtension">
      <summary>Ruft die Dateierweiterung ab, die den generierten Quelldateien hinzugefügt werden soll, oder legt diese fest.</summary>
      <returns>Die Dateierweiterung.</returns>
    </member>
    <member name="P:Microsoft.Build.Tasks.Xaml.PartialClassGenerationTask.IsInProcessXamlMarkupCompile">
      <summary>Ruft ab oder legt fest, ob die Kompilierung von XAML-Markup verarbeitet wird.</summary>
      <returns>True, wenn die Kompilierung von XAML-Markup verarbeitet wird. Andernfalls False.</returns>
    </member>
    <member name="P:Microsoft.Build.Tasks.Xaml.PartialClassGenerationTask.KnownReferencePaths">
      <summary>Ruft die bekannten Verweispfade ab oder legt diese fest.</summary>
      <returns>Die bekannten Verweispfade. </returns>
    </member>
    <member name="P:Microsoft.Build.Tasks.Xaml.PartialClassGenerationTask.Language">
      <summary>Ruft die Sprache des zu generierenden Codes ab oder legt diese fest.</summary>
      <returns>Die Sprache, in der Quellcode generiert wird.</returns>
    </member>
    <member name="P:Microsoft.Build.Tasks.Xaml.PartialClassGenerationTask.MSBuildProjectDirectory">
      <summary>Ruft das Symbol ab bzw. legt das Verzeichnis des projekts MS-Erstellungs fest.</summary>
      <returns>Das Verzeichnis des MS-Erstellungsprojekts.</returns>
    </member>
    <member name="P:Microsoft.Build.Tasks.Xaml.PartialClassGenerationTask.OutputPath">
      <summary>Ruft das Verzeichnis ab, in dem die generierten Dateien abgelegt werden, oder legt dieses fest.</summary>
      <returns>Das Verzeichnis, in dem die generierten Dateien gespeichert werden.</returns>
    </member>
    <member name="P:Microsoft.Build.Tasks.Xaml.PartialClassGenerationTask.References">
      <summary>Ruft eine Liste von Assemblys ab, auf die verwiesen werden soll, oder legt diese fest.</summary>
      <returns>Eine Liste von <see cref="T:Microsoft.Build.Framework.ITaskItem" />, welche die Assemblys darstellt, auf die verwiesen wird.</returns>
    </member>
    <member name="P:Microsoft.Build.Tasks.Xaml.PartialClassGenerationTask.RequiresCompilationPass2">
      <summary>Ruft einen Wert ab, der angibt, ob dieses Projekt das Ausführen der Aufgabe <see cref="T:Microsoft.Build.Tasks.Xaml.CompilationPass2Task" /> erfordert, oder legt diesen fest.</summary>
      <returns>true, wenn es nicht aufgelöste Typen vorhanden sind. andernfalls false.</returns>
    </member>
    <member name="P:Microsoft.Build.Tasks.Xaml.PartialClassGenerationTask.RootNamespace">
      <summary>Ruft den Stammnamespace für das Projekt ab oder legt diesen fest.</summary>
      <returns>Der Stammnamespace.</returns>
    </member>
    <member name="P:Microsoft.Build.Tasks.Xaml.PartialClassGenerationTask.SourceCodeFiles">
      <summary>Ruft eine Liste von Quellcodedateien in dem Projekt ab oder legt diese fest.</summary>
      <returns>Eine Liste von <see cref="T:Microsoft.Build.Framework.ITaskItem" />, welche die Quellcodedateien im Projekt darstellt.</returns>
    </member>
    <member name="P:Microsoft.Build.Tasks.Xaml.PartialClassGenerationTask.XamlBuildTypeGenerationExtensionNames">
      <summary>Ruft ab oder legt die Auflistung der Namen der Erweiterung ab, die in der XAML-Erstellungs Generierung des Arrays verwendet werden.</summary>
      <returns>Die Auflistung der Namen von Add-Ins verwendet.</returns>
    </member>
    <member name="P:Microsoft.Build.Tasks.Xaml.PartialClassGenerationTask.XamlBuildTypeInspectionExtensionNames">
      <summary>Ruft ab oder legt die Auflistung der Namen der Erweiterung ab, die in der Überprüfung des Typs XAML-Erstellungs verwendet werden.</summary>
      <returns>Die Auflistung der Namen von Add-Ins verwendet.</returns>
    </member>
    <member name="T:Microsoft.Build.Tasks.Xaml.PropertyData">
      <summary>Gibt Eigenschaftendaten an.</summary>
    </member>
    <member name="M:Microsoft.Build.Tasks.Xaml.PropertyData.#ctor">
      <summary>Initialisiert eine neue Instanz der <see cref="T:Microsoft.Build.Tasks.Xaml.PropertyData" />-Klasse.</summary>
    </member>
    <member name="P:Microsoft.Build.Tasks.Xaml.PropertyData.Attributes">
      <summary>Ruft eine Liste der Eigenschaft bezugspunkt attributen ab.</summary>
      <returns>Die Liste der Eigenschaft bezugspunkt attributen.</returns>
    </member>
    <member name="P:Microsoft.Build.Tasks.Xaml.PropertyData.Name">
      <summary>Ruft den Namen der Eigenschaftendaten fest.</summary>
    </member>
    <member name="P:Microsoft.Build.Tasks.Xaml.PropertyData.Type">
      <summary>Ruft den Datentyp ab oder legt diese Eigenschaft fest.</summary>
      <returns>Der Eigenschaft des Datentyps.</returns>
    </member>
    <member name="P:Microsoft.Build.Tasks.Xaml.PropertyData.Visibility">
      <summary>Ruft ab oder legt die Eigenschaft fest. sichtbarkeit bezugspunkt</summary>
      <returns>Die Eigenschaftbezugspunktsichtbarkeit.</returns>
    </member>
    <member name="T:Microsoft.Build.Tasks.Xaml.XamlBuildTypeGenerationExtensionContext">
      <summary>Gibt Einstellungen für den Buildtyp generierungs-Erweiterungs Elementkontext an.</summary>
    </member>
    <member name="M:Microsoft.Build.Tasks.Xaml.XamlBuildTypeGenerationExtensionContext.#ctor">
      <summary>Initialisiert eine neue Instanz der <see cref="T:Microsoft.Build.Tasks.Xaml.XamlBuildTypeGenerationExtensionContext" />-Klasse.</summary>
    </member>
    <member name="P:Microsoft.Build.Tasks.Xaml.XamlBuildTypeGenerationExtensionContext.InputTaskItem">
      <summary>Ruft das Symbol ab bzw. legt das taskelement Eingabe für den Typ XAML-Erstellungs Kontext generierungs-Erweiterungs fest.</summary>
      <returns>Die Eingabe taskelement für den Typ XAML-Erstellungs generierungs-Erweiterungs Elementkontext.</returns>
    </member>
    <member name="T:Microsoft.Build.Tasks.Xaml.XamlBuildTypeInspectionExtensionContext">
      <summary>Enthält Informationen über den Kontext typ-Überprüfungs XAML-Erstellungs.</summary>
    </member>
    <member name="M:Microsoft.Build.Tasks.Xaml.XamlBuildTypeInspectionExtensionContext.#ctor">
      <summary>Initialisiert eine neue Instanz der <see cref="T:Microsoft.Build.Tasks.Xaml.XamlBuildTypeInspectionExtensionContext" />-Klasse.</summary>
    </member>
    <member name="P:Microsoft.Build.Tasks.Xaml.XamlBuildTypeInspectionExtensionContext.MarkupItemsByTypeName">
      <summary>Ruft die Auflistung von Markup Elemente für XAML-Erstellungs typ-Überprüfungs Elementkontext von Typnamen ab.</summary>
      <returns>Die Auflistung von Markup Elementen.</returns>
    </member>
  </members>
</doc>