﻿<?xml version="1.0" encoding="utf-8"?>
<doc>
  <assembly>
    <name>Accessibility</name>
  </assembly>
  <members>
    <member name="F:Accessibility.__MIDL_IWinTypes_0009.hInproc">
      <summary>Die <see cref="T:Accessibility.__MIDL_IWinTypes_0009" /> und alle ihre verfügbar gemachten Member sind Teil eines verwalteten Wrappers für die Eingabehilfen-Schnittstelle von Component Object Model (COM).</summary>
    </member>
    <member name="F:Accessibility.__MIDL_IWinTypes_0009.hRemote">
      <summary>Die <see cref="T:Accessibility.__MIDL_IWinTypes_0009" /> und alle ihre verfügbar gemachten Member sind Teil eines verwalteten Wrappers für die Eingabehilfen-Schnittstelle von Component Object Model (COM).</summary>
    </member>
    <member name="F:Accessibility._RemotableHandle.fContext">
      <summary>Die <see cref="T:Accessibility.IAccessibleHandler" /> und alle ihre verfügbar gemachten Member sind Teil eines verwalteten Wrappers für die Eingabehilfen-Schnittstelle von Component Object Model (COM).</summary>
    </member>
    <member name="F:Accessibility._RemotableHandle.u">
      <summary>Die <see cref="T:Accessibility.IAccessibleHandler" /> und alle ihre verfügbar gemachten Member sind Teil eines verwalteten Wrappers für die Eingabehilfen-Schnittstelle von Component Object Model (COM).</summary>
    </member>
    <member name="M:Accessibility.CAccPropServicesClass.#ctor">
      <summary>Die <see cref="T:Accessibility.CAccPropServicesClass" /> und ihre verfügbar gemachten Member sind Teil eines verwalteten Wrappers für das Component Object Model (COM) IAccPropServices Schnittstelle.</summary>
    </member>
    <member name="M:Accessibility.CAccPropServicesClass.ClearHmenuProps(Accessibility._RemotableHandle@,System.UInt32,System.Guid@,System.Int32)">
      <summary>Die <see cref="T:Accessibility.CAccPropServicesClass" /> und ihre verfügbar gemachten Member sind Teil eines verwalteten Wrappers für das Component Object Model (COM) IAccPropServices Schnittstelle.</summary>
      <param name="hmenu">Identifiziert das HMENU-basierten Zugriff Element zu versehen werden.</param>
      <param name="idChild">Gibt die untergeordnete ID des barrierefreien Elements an.</param>
      <param name="paProps">Gibt ein Array von Eigenschaften zurückgesetzt werden. Diese Eigenschaften werden das Standardverhalten wiederhergestellt, sie angezeigt werden, bevor sie versehen wurden.</param>
      <param name="cProps">Gibt die Anzahl der Eigenschaften in der <paramref name="paProps" /> Array.</param>
    </member>
    <member name="M:Accessibility.CAccPropServicesClass.ClearHwndProps(Accessibility._RemotableHandle@,System.UInt32,System.UInt32,System.Guid@,System.Int32)">
      <summary>Die <see cref="T:Accessibility.CAccPropServicesClass" /> und ihre verfügbar gemachten Member sind Teil eines verwalteten Wrappers für das Component Object Model (COM) IAccPropServices Schnittstelle.</summary>
      <param name="hwnd">Identifiziert das Element zugegriffen werden kann, versehen werden. Dadurch wird die Identitätszeichenfolge ersetzt.</param>
      <param name="idObject">Identifiziert das Element zugegriffen werden kann, versehen werden. Dadurch wird die Identitätszeichenfolge ersetzt.</param>
      <param name="idChild">Identifiziert das Element zugegriffen werden kann, versehen werden. Dadurch wird die Identitätszeichenfolge ersetzt.</param>
      <param name="paProps">Gibt ein Array von Eigenschaften, die zurückgesetzt werden soll. Diese Eigenschaften werden das Standardverhalten wiederhergestellt, sie angezeigt werden, bevor sie versehen wurden.</param>
      <param name="cProps">Gibt die Anzahl der Eigenschaften in der <paramref name="paProps" /> Array.</param>
    </member>
    <member name="M:Accessibility.CAccPropServicesClass.ClearProps(System.Byte@,System.UInt32,System.Guid@,System.Int32)">
      <summary>Die <see cref="T:Accessibility.CAccPropServicesClass" /> und ihre verfügbar gemachten Member sind Teil eines verwalteten Wrappers für das Component Object Model (COM) IAccPropServices Schnittstelle.</summary>
      <param name="pIDString">Identifizieren von barrierefreien Elements, das nicht mit Anmerkungen werden.</param>
      <param name="dwIDStringLen">Länge der <paramref name="pIDString" />.</param>
      <param name="paProps">Geben Sie ein Array von Eigenschaften, die zurückgesetzt werden soll. Diese Eigenschaften werden das Standardverhalten wiederhergestellt, die Sie angezeigt werden, bevor sie versehen wurden.</param>
      <param name="cProps">Gibt die Anzahl der Eigenschaften in der <paramref name="paProps" /> Array.</param>
    </member>
    <member name="M:Accessibility.CAccPropServicesClass.ComposeHmenuIdentityString(Accessibility._RemotableHandle@,System.UInt32,System.IntPtr,System.UInt32@)">
      <summary>Die <see cref="T:Accessibility.CAccPropServicesClass" /> und ihre verfügbar gemachten Member sind Teil eines verwalteten Wrappers für das Component Object Model (COM) IAccPropServices Schnittstelle.</summary>
      <param name="hmenu">Identifiziert das HMENU-basierte zugänglich-Element.</param>
      <param name="idChild">Gibt die untergeordnete ID des barrierefreien Elements an.</param>
      <param name="ppIDString">Ein Zeiger auf einen Puffer, der die Identitätszeichenfolge empfängt. Der aufgerufene reserviert diesen Puffer mit CoTaskMemAlloc. Abschließend muss der Aufrufer den Puffer durch Aufrufen von freigeben CoTaskMemFree.</param>
      <param name="pdwIDStringLen">Ein Zeiger auf einen Puffer, der die Länge der Identitätszeichenfolge empfängt.</param>
    </member>
    <member name="M:Accessibility.CAccPropServicesClass.ComposeHwndIdentityString(Accessibility._RemotableHandle@,System.UInt32,System.UInt32,System.IntPtr,System.UInt32@)">
      <summary>Die <see cref="T:Accessibility.CAccPropServicesClass" /> und ihre verfügbar gemachten Member sind Teil eines verwalteten Wrappers für das Component Object Model (COM) IAccPropServices Schnittstelle.</summary>
      <param name="hwnd">Gibt das HWND des barrierefreien Elements, die vom Aufrufer zu identifizieren.</param>
      <param name="idObject">Gibt die Objekt-ID des barrierefreien Elements an.</param>
      <param name="idChild">Gibt die untergeordnete ID des barrierefreien Elements an.</param>
      <param name="ppIDString">Ein Zeiger auf einen Puffer, der die Identitätszeichenfolge empfängt. Der aufgerufene reserviert diesen Puffer mit CoTaskMemAlloc. Abschließend muss der Aufrufer den Puffer durch Aufrufen von freigeben CoTaskMemFree.</param>
      <param name="pdwIDStringLen">Ein Zeiger auf einen Puffer, der die Länge der Identitätszeichenfolge empfängt.</param>
    </member>
    <member name="M:Accessibility.CAccPropServicesClass.DecomposeHmenuIdentityString(System.Byte@,System.UInt32,System.IntPtr,System.UInt32@)">
      <summary>Die <see cref="T:Accessibility.CAccPropServicesClass" /> und ihre verfügbar gemachten Member sind Teil eines verwalteten Wrappers für das Component Object Model (COM) IAccPropServices Schnittstelle.</summary>
      <param name="pIDString">Ein Zeiger auf einen Puffer mit Identitätszeichenfolge eines Elements HMENU-basierte zugegriffen werden kann.</param>
      <param name="dwIDStringLen">Gibt die Länge des vom angegebenen Identitätszeichenfolge <paramref name="pIDString" />.</param>
      <param name="phmenu">Ein Zeiger auf einen Puffer, der das HMENU des barrierefreien Elements empfängt.</param>
      <param name="pidChild">Ein Zeiger auf einen Puffer, der die untergeordnete ID des barrierefreien Elements empfängt.</param>
    </member>
    <member name="M:Accessibility.CAccPropServicesClass.DecomposeHwndIdentityString(System.Byte@,System.UInt32,System.IntPtr,System.UInt32@,System.UInt32@)">
      <summary>Die <see cref="T:Accessibility.CAccPropServicesClass" /> und ihre verfügbar gemachten Member sind Teil eines verwalteten Wrappers für das Component Object Model (COM) IAccPropServices Schnittstelle.</summary>
      <param name="pIDString">Ein Zeiger auf einen Puffer mit Identitätszeichenfolge eines Elements Hwnd-basierte zugegriffen werden kann.</param>
      <param name="dwIDStringLen">Gibt die Länge des vom angegebenen Identitätszeichenfolge <paramref name="pIDString" />.</param>
      <param name="phwnd">Ein Zeiger auf einen Puffer, der das HWND des barrierefreien Elements empfängt.</param>
      <param name="pidObject">Ein Zeiger auf einen Puffer, der die Objekt-ID des barrierefreien Elements empfängt.</param>
      <param name="pidChild">Ein Zeiger auf einen Puffer, der die untergeordnete ID des barrierefreien Elements empfängt.</param>
    </member>
    <member name="M:Accessibility.CAccPropServicesClass.SetHmenuProp(Accessibility._RemotableHandle@,System.UInt32,System.Guid,System.Object)">
      <summary>Die <see cref="T:Accessibility.CAccPropServicesClass" /> und ihre verfügbar gemachten Member sind Teil eines verwalteten Wrappers für das Component Object Model (COM) IAccPropServices Schnittstelle.</summary>
      <param name="hmenu">Identifiziert das HMENU-basierten Zugriff Element zu versehen werden.</param>
      <param name="idChild">Gibt die untergeordnete ID des barrierefreien Elements an.</param>
      <param name="idProp">Gibt an, welche Eigenschaft des barrierefreien Elements versehen werden.</param>
      <param name="var">Gibt einen neuen Wert für die <paramref name="idProp" /> Eigenschaft.</param>
    </member>
    <member name="M:Accessibility.CAccPropServicesClass.SetHmenuPropServer(Accessibility._RemotableHandle@,System.UInt32,System.Guid@,System.Int32,Accessibility.IAccPropServer,Accessibility.AnnoScope)">
      <summary>Die <see cref="T:Accessibility.CAccPropServicesClass" /> und ihre verfügbar gemachten Member sind Teil eines verwalteten Wrappers für das Component Object Model (COM) IAccPropServices Schnittstelle.</summary>
      <param name="hmenu">Identifiziert das HMENU zugänglichen Element zu versehen werden.</param>
      <param name="idChild">Identifiziert das Element zugegriffen werden kann, versehen werden. Dadurch wird die Identitätszeichenfolge ersetzt.</param>
      <param name="paProps">Gibt ein Array von Eigenschaften, die vom angegebenen Rückrufobjekt verarbeitet werden.</param>
      <param name="cProps">Gibt die Anzahl der Eigenschaften in der <paramref name="paProps" /> Array.</param>
      <param name="pServer">Gibt das Rückrufobjekt aufgerufen wird, wenn ein Client eine der überschriebenen Eigenschaften anfordert.</param>
      <param name="AnnoScope">Kann sein ANNO_THIS, gibt an, dass die Anmerkung nur die angegebenen barrierefreien Elements auswirkt. oder ANNO_CONTAINER, die angibt, dass sie auf das Element und seine unmittelbar untergeordneten Elemente angewendet wird.</param>
    </member>
    <member name="M:Accessibility.CAccPropServicesClass.SetHmenuPropStr(Accessibility._RemotableHandle@,System.UInt32,System.Guid,System.String)">
      <summary>Die <see cref="T:Accessibility.CAccPropServicesClass" /> und ihre verfügbar gemachten Member sind Teil eines verwalteten Wrappers für das Component Object Model (COM) IAccPropServices Schnittstelle.</summary>
      <param name="hmenu">Identifiziert das HMENU-basierten Zugriff Element zu versehen werden.</param>
      <param name="idChild">Gibt die untergeordnete ID des barrierefreien Elements an.</param>
      <param name="idProp">Gibt an, welche Eigenschaft des barrierefreien Elements versehen werden.</param>
      <param name="str">Gibt einen neuen Wert für die <paramref name="idProp" /> Eigenschaft.</param>
    </member>
    <member name="M:Accessibility.CAccPropServicesClass.SetHwndProp(Accessibility._RemotableHandle@,System.UInt32,System.UInt32,System.Guid,System.Object)">
      <summary>Die <see cref="T:Accessibility.CAccPropServicesClass" /> und ihre verfügbar gemachten Member sind Teil eines verwalteten Wrappers für das Component Object Model (COM) IAccPropServices Schnittstelle.</summary>
      <param name="hwnd">Identifiziert das Element zugegriffen werden kann, versehen werden. Dadurch wird die Identitätszeichenfolge ersetzt.</param>
      <param name="idObject">Identifiziert das Element zugegriffen werden kann, versehen werden. Dadurch wird die Identitätszeichenfolge ersetzt.</param>
      <param name="idChild">Identifiziert das Element zugegriffen werden kann, versehen werden. Dadurch wird die Identitätszeichenfolge ersetzt.</param>
      <param name="idProp">Gibt an, welche Eigenschaft des Elements versehen werden.</param>
      <param name="var">Gibt einen neuen Wert für die <paramref name="idProp" /> Eigenschaft.</param>
    </member>
    <member name="M:Accessibility.CAccPropServicesClass.SetHwndPropServer(Accessibility._RemotableHandle@,System.UInt32,System.UInt32,System.Guid@,System.Int32,Accessibility.IAccPropServer,Accessibility.AnnoScope)">
      <summary>Die <see cref="T:Accessibility.CAccPropServicesClass" /> und ihre verfügbar gemachten Member sind Teil eines verwalteten Wrappers für das Component Object Model (COM) IAccPropServices Schnittstelle.</summary>
      <param name="hwnd">Identifiziert das Element zugegriffen werden kann, versehen werden. Dadurch wird die Identitätszeichenfolge ersetzt.</param>
      <param name="idObject">Identifiziert das Element zugegriffen werden kann, versehen werden. Dadurch wird die Identitätszeichenfolge ersetzt.</param>
      <param name="idChild">Identifiziert das Element zugegriffen werden kann, versehen werden. Dadurch wird die Identitätszeichenfolge ersetzt.</param>
      <param name="paProps">Gibt ein Array von Eigenschaften, die vom angegebenen Rückrufobjekt verarbeitet werden.</param>
      <param name="cProps">Gibt die Anzahl der Eigenschaften in der <paramref name="paProps" /> Array.</param>
      <param name="pServer">Gibt das Rückrufobjekt aufgerufen wird, wenn ein Client eine der überschriebenen Eigenschaften anfordert.</param>
      <param name="AnnoScope">Kann sein ANNO_THIS, gibt an, dass die Anmerkung nur die angegebenen barrierefreien Elements auswirkt. oder ANNO_CONTAINER, die angibt, dass sie auf das Element und seine unmittelbar untergeordneten Elemente angewendet wird.</param>
    </member>
    <member name="M:Accessibility.CAccPropServicesClass.SetHwndPropStr(Accessibility._RemotableHandle@,System.UInt32,System.UInt32,System.Guid,System.String)">
      <summary>Die <see cref="T:Accessibility.CAccPropServicesClass" /> und ihre verfügbar gemachten Member sind Teil eines verwalteten Wrappers für das Component Object Model (COM) IAccPropServices Schnittstelle.</summary>
      <param name="hwnd">Identifiziert das Element zugegriffen werden kann, versehen werden. Dadurch wird die Identitätszeichenfolge ersetzt.</param>
      <param name="idObject">Identifiziert das Element zugegriffen werden kann, versehen werden. Dadurch wird die Identitätszeichenfolge ersetzt.</param>
      <param name="idChild">Identifiziert das Element zugegriffen werden kann, versehen werden. Dadurch wird die Identitätszeichenfolge ersetzt.</param>
      <param name="idProp">Gibt an, welche Eigenschaft des Elements versehen werden.</param>
      <param name="str">Gibt einen neuen Wert für die <paramref name="idProp" /> Eigenschaft.</param>
    </member>
    <member name="M:Accessibility.CAccPropServicesClass.SetPropServer(System.Byte@,System.UInt32,System.Guid@,System.Int32,Accessibility.IAccPropServer,Accessibility.AnnoScope)">
      <summary>Die <see cref="T:Accessibility.CAccPropServicesClass" /> und ihre verfügbar gemachten Member sind Teil eines verwalteten Wrappers für das Component Object Model (COM) IAccPropServices Schnittstelle.</summary>
      <param name="pIDString">Identifiziert das Element zugegriffen werden kann, versehen werden.</param>
      <param name="dwIDStringLen">Gibt die Länge der Zeichenfolge anhand der <paramref name="pIDString" /> Parameter.</param>
      <param name="paProps">Gibt ein Array von Eigenschaften, die vom angegebenen Rückrufobjekt verarbeitet werden.</param>
      <param name="cProps">Gibt die Anzahl der Eigenschaften in der <paramref name="paProps" /> Array.</param>
      <param name="pServer">Gibt das Rückrufobjekt, das aufgerufen wird, wenn ein Client eine der überschriebenen Eigenschaften anfordert.</param>
      <param name="AnnoScope">Kann sein ANNO_THIS, gibt an, dass die Anmerkung nur die angegebenen barrierefreien Elements auswirkt. oder ANNO_CONTAINER, die angibt, dass sie auf das Element und seine unmittelbar untergeordneten Elemente angewendet wird.</param>
    </member>
    <member name="M:Accessibility.CAccPropServicesClass.SetPropValue(System.Byte@,System.UInt32,System.Guid,System.Object)">
      <summary>Die <see cref="T:Accessibility.CAccPropServicesClass" /> und ihre verfügbar gemachten Member sind Teil eines verwalteten Wrappers für das Component Object Model (COM) IAccPropServices Schnittstelle.</summary>
      <param name="pIDString">Identifiziert das Element zugegriffen werden kann, versehen werden.</param>
      <param name="dwIDStringLen">Gibt die Länge der Zeichenfolge anhand der <paramref name="pIDString" /> Parameter.</param>
      <param name="idProp">Gibt die Eigenschaft des Elements zugegriffen werden kann, dem Anmerkungen hinzugefügt werden.</param>
      <param name="var">Gibt einen neuen Wert für die Eigenschaft an.</param>
    </member>
    <member name="M:Accessibility.IAccessible.accDoDefaultAction(System.Object)">
      <summary>Die <see cref="T:Accessibility.IAccessible" /> -Schnittstelle und ihre verfügbar gemachten Member sind Teil eines verwalteten Wrappers für das Component Object Model (COM) IAccessible Schnittstelle.</summary>
      <param name="varChild">Dieser Parameter ist nur zur internen Verwendung vorgesehen.</param>
    </member>
    <member name="M:Accessibility.IAccessible.accHitTest(System.Int32,System.Int32)">
      <summary>Die <see cref="T:Accessibility.IAccessible" /> -Schnittstelle und ihre verfügbar gemachten Member sind Teil eines verwalteten Wrappers für das Component Object Model (COM) IAccessible Schnittstelle.</summary>
      <param name="xLeft">Dieser Parameter ist nur zur internen Verwendung vorgesehen.</param>
      <param name="yTop">Dieser Parameter ist nur zur internen Verwendung vorgesehen.</param>
      <returns>Ein Objekt.</returns>
    </member>
    <member name="M:Accessibility.IAccessible.accLocation(System.Int32@,System.Int32@,System.Int32@,System.Int32@,System.Object)">
      <summary>Die <see cref="T:Accessibility.IAccessible" /> -Schnittstelle und ihre verfügbar gemachten Member sind Teil eines verwalteten Wrappers für das Component Object Model (COM) IAccessible Schnittstelle.</summary>
      <param name="pxLeft">Dieser Parameter ist nur zur internen Verwendung vorgesehen.</param>
      <param name="pyTop">Dieser Parameter ist nur zur internen Verwendung vorgesehen.</param>
      <param name="pcxWidth">Dieser Parameter ist nur zur internen Verwendung vorgesehen.</param>
      <param name="pcyHeight">Dieser Parameter ist nur zur internen Verwendung vorgesehen.</param>
      <param name="varChild">Dieser Parameter ist nur zur internen Verwendung vorgesehen.</param>
    </member>
    <member name="M:Accessibility.IAccessible.accNavigate(System.Int32,System.Object)">
      <summary>Die <see cref="T:Accessibility.IAccessible" /> -Schnittstelle und ihre verfügbar gemachten Member sind Teil eines verwalteten Wrappers für das Component Object Model (COM) IAccessible Schnittstelle.</summary>
      <param name="navDir">Dieser Parameter ist nur zur internen Verwendung vorgesehen.</param>
      <param name="varStart">Dieser Parameter ist nur zur internen Verwendung vorgesehen.</param>
      <returns>Bei Erfolg zurückgegeben S_OK. Weitere mögliche Rückgabewerte finden Sie in der Dokumentation zu IAccessible::accNavigate.</returns>
    </member>
    <member name="M:Accessibility.IAccessible.accSelect(System.Int32,System.Object)">
      <summary>Die <see cref="T:Accessibility.IAccessible" /> -Schnittstelle und ihre verfügbar gemachten Member sind Teil eines verwalteten Wrappers für das Component Object Model (COM) IAccessible Schnittstelle.</summary>
      <param name="flagsSelect">Dieser Parameter ist nur zur internen Verwendung vorgesehen.</param>
      <param name="varChild">Dieser Parameter ist nur zur internen Verwendung vorgesehen.</param>
    </member>
    <member name="M:Accessibility.IAccessibleHandler.AccessibleObjectFromID(System.Int32,System.Int32,Accessibility.IAccessible@)">
      <summary>Die <see cref="T:Accessibility.IAccessibleHandler" /> und ihre verfügbar gemachten Member sind Teil eines verwalteten Wrappers für das Component Object Model (COM) IAccessibleHandler Schnittstelle.</summary>
      <param name="hwnd">Gibt das Handle eines Fensters für das ist ein IAccessible-Schnittstellenzeiger abgerufen werden sollen.</param>
      <param name="lObjectID">Gibt die Objekt-ID.</param>
      <param name="pIAccessible">Gibt die Adresse einer Zeigervariablen, die die Adresse der IAccessible-Schnittstelle des Objekts empfängt.</param>
    </member>
    <member name="M:Accessibility.IAccIdentity.GetIdentityString(System.UInt32,System.IntPtr,System.UInt32@)">
      <summary>Die <see cref="T:Accessibility.IAccIdentity" /> und ihre verfügbar gemachten Member sind Teil eines verwalteten Wrappers für das Component Object Model (COM) IAccIndentity Schnittstelle.</summary>
      <param name="dwIDChild">Gibt an, welches untergeordnete Element des IAccessible-Objekts die vom Aufrufer zu identifizieren.</param>
      <param name="ppIDString">Adresse einer Variablen, die einen Zeiger auf eine vom aufgerufenen reservierten Identitätszeichenfolge empfängt. Der aufgerufene reserviert der Identität mit CoTaskMemAlloc; der Aufrufer muss die Identitätszeichenfolge mit freigeben CoTaskMemFree Beendigung.</param>
      <param name="pdwIDStringLen">Adresse einer Variablen, die die Länge in Bytes, der die aufgerufenen reservierten Identitätszeichenfolge empfängt.</param>
    </member>
    <member name="M:Accessibility.IAccPropServer.GetPropValue(System.Byte@,System.UInt32,System.Guid,System.Object@,System.Int32@)">
      <summary>Die <see cref="T:Accessibility.IAccPropServer" /> und ihre verfügbar gemachten Member sind Teil eines verwalteten Wrappers für das Component Object Model (COM) IAccPropServer Schnittstelle.</summary>
      <param name="pIDString">Enthält eine Zeichenfolge, die die angeforderte Eigenschaft angibt.</param>
      <param name="dwIDStringLen">Gibt die Länge des vom angegebenen Identitätszeichenfolge der <paramref name="pIDString" /> Parameter.</param>
      <param name="idProp">Gibt eine GUID, die die gewünschte Eigenschaft angibt.</param>
      <param name="pvarValue">Gibt den Wert der überschriebenen Eigenschaft. Dieser Parameter gilt nur, wenn <paramref name="pfHasProp" /> TRUE ist. Der Server muss auf VT_EMPTY festgelegt Wenn <paramref name="pfHasProp" /> auf FALSE festgelegt ist.</param>
      <param name="pfHasProp">Gibt an, ob der Server einen Wert für die angeforderte Eigenschaft bereitstellt. Setzen Sie den Server dies auf "true", wenn eine überschreibende Eigenschaft zurückgegeben wird, oder auf "false", wenn keine Eigenschaft zurückgegeben wird (in diesem Fall auch festgelegt sollten <paramref name="pvarValue" /> auf VT_EMPTY).</param>
    </member>
    <member name="M:Accessibility.IAccPropServices.ClearHmenuProps(Accessibility._RemotableHandle@,System.UInt32,System.Guid@,System.Int32)">
      <summary>Die <see cref="T:Accessibility.IAccPropServices" /> -Schnittstelle und ihre verfügbar gemachten Member sind Teil eines verwalteten Wrappers für das Component Object Model (COM) IAccPropServices Schnittstelle.</summary>
      <param name="hmenu">Identifiziert das HMENU-basierten Zugriff Element zu versehen werden.</param>
      <param name="idChild">Gibt die untergeordnete ID des barrierefreien Elements an.</param>
      <param name="paProps">Gibt ein Array von Eigenschaften zurückgesetzt werden. Diese Eigenschaften werden das Standardverhalten wiederhergestellt, sie angezeigt werden, bevor sie versehen wurden.</param>
      <param name="cProps">Gibt die Anzahl der Eigenschaften in der <paramref name="paProps" /> Array.</param>
    </member>
    <member name="M:Accessibility.IAccPropServices.ClearHwndProps(Accessibility._RemotableHandle@,System.UInt32,System.UInt32,System.Guid@,System.Int32)">
      <summary>Die <see cref="T:Accessibility.IAccPropServices" /> -Schnittstelle und ihre verfügbar gemachten Member sind Teil eines verwalteten Wrappers für das Component Object Model (COM) IAccPropServices Schnittstelle.</summary>
      <param name="hwnd">Identifiziert das Element zugegriffen werden kann, versehen werden. Dadurch wird die Identitätszeichenfolge ersetzt.</param>
      <param name="idObject">Identifiziert das Element zugegriffen werden kann, versehen werden. Dadurch wird die Identitätszeichenfolge ersetzt.</param>
      <param name="idChild">Identifiziert das Element zugegriffen werden kann, versehen werden. Dadurch wird die Identitätszeichenfolge ersetzt.</param>
      <param name="paProps">Gibt ein Array von Eigenschaften, die zurückgesetzt werden soll. Diese Eigenschaften werden das Standardverhalten wiederhergestellt, sie angezeigt werden, bevor sie versehen wurden.</param>
      <param name="cProps">Gibt die Anzahl der Eigenschaften in der <paramref name="paProps" /> Array.</param>
    </member>
    <member name="M:Accessibility.IAccPropServices.ClearProps(System.Byte@,System.UInt32,System.Guid@,System.Int32)">
      <summary>Die <see cref="T:Accessibility.IAccPropServices" /> -Schnittstelle und ihre verfügbar gemachten Member sind Teil eines verwalteten Wrappers für das Component Object Model (COM) IAccPropServices Schnittstelle.</summary>
      <param name="pIDString">Identifiziert das zugänglich-Element, das nicht mit Anmerkungen werden.</param>
      <param name="dwIDStringLen">Länge der <paramref name="pIDString" />.</param>
      <param name="paProps">Gibt ein Array von Eigenschaften, die zurückgesetzt werden soll. Diese Eigenschaften werden das Standardverhalten wiederhergestellt, die Sie angezeigt werden, bevor sie versehen wurden.</param>
      <param name="cProps">Gibt die Anzahl der Eigenschaften in der <paramref name="paProps" /> Array.</param>
    </member>
    <member name="M:Accessibility.IAccPropServices.ComposeHmenuIdentityString(Accessibility._RemotableHandle@,System.UInt32,System.IntPtr,System.UInt32@)">
      <summary>Die <see cref="T:Accessibility.IAccPropServices" /> -Schnittstelle und ihre verfügbar gemachten Member sind Teil eines verwalteten Wrappers für das Component Object Model (COM) IAccPropServices Schnittstelle.</summary>
      <param name="hmenu">Identifiziert das HMENU-basierte zugänglich-Element.</param>
      <param name="idChild">Gibt die untergeordnete ID des barrierefreien Elements an.</param>
      <param name="ppIDString">Ein Zeiger auf einen Puffer, der die Identitätszeichenfolge empfängt. Der aufgerufene reserviert diesen Puffer mit CoTaskMemAlloc. Abschließend muss der Aufrufer den Puffer durch Aufrufen von freigeben CoTaskMemFree.</param>
      <param name="pdwIDStringLen">Ein Zeiger auf einen Puffer, der die Länge der Identitätszeichenfolge empfängt.</param>
    </member>
    <member name="M:Accessibility.IAccPropServices.ComposeHwndIdentityString(Accessibility._RemotableHandle@,System.UInt32,System.UInt32,System.IntPtr,System.UInt32@)">
      <summary>Die <see cref="T:Accessibility.IAccPropServices" /> -Schnittstelle und ihre verfügbar gemachten Member sind Teil eines verwalteten Wrappers für das Component Object Model (COM) IAccPropServices Schnittstelle.</summary>
      <param name="hwnd">Gibt das HWND des barrierefreien Elements, die vom Aufrufer zu identifizieren.</param>
      <param name="idObject">Gibt die Objekt-ID des barrierefreien Elements an.</param>
      <param name="idChild">Gibt die untergeordnete ID des barrierefreien Elements an.</param>
      <param name="ppIDString">Ein Zeiger auf einen Puffer, der die Identitätszeichenfolge empfängt. Der aufgerufene reserviert diesen Puffer mit CoTaskMemAlloc. Abschließend muss der Aufrufer den Puffer durch Aufrufen von freigeben CoTaskMemFree.</param>
      <param name="pdwIDStringLen">Ein Zeiger auf einen Puffer, der die Länge der Identitätszeichenfolge empfängt.</param>
    </member>
    <member name="M:Accessibility.IAccPropServices.DecomposeHmenuIdentityString(System.Byte@,System.UInt32,System.IntPtr,System.UInt32@)">
      <summary>Die <see cref="T:Accessibility.IAccPropServices" /> -Schnittstelle und ihre verfügbar gemachten Member sind Teil eines verwalteten Wrappers für das Component Object Model (COM) IAccPropServices Schnittstelle.</summary>
      <param name="pIDString">Ein Zeiger auf einen Puffer mit Identitätszeichenfolge eines Elements HMENU-basierte zugegriffen werden kann.</param>
      <param name="dwIDStringLen">Gibt die Länge des vom angegebenen Identitätszeichenfolge <paramref name="pIDString" />.</param>
      <param name="phmenu">Ein Zeiger auf einen Puffer, der das HMENU des barrierefreien Elements empfängt.</param>
      <param name="pidChild">Ein Zeiger auf einen Puffer, der die untergeordnete ID des barrierefreien Elements empfängt.</param>
    </member>
    <member name="M:Accessibility.IAccPropServices.DecomposeHwndIdentityString(System.Byte@,System.UInt32,System.IntPtr,System.UInt32@,System.UInt32@)">
      <summary>Die <see cref="T:Accessibility.IAccPropServices" /> -Schnittstelle und ihre verfügbar gemachten Member sind Teil eines verwalteten Wrappers für das Component Object Model (COM) IAccPropServices Schnittstelle.</summary>
      <param name="pIDString">Ein Zeiger auf einen Puffer mit Identitätszeichenfolge eines Elements Hwnd-basierte zugegriffen werden kann.</param>
      <param name="dwIDStringLen">Gibt die Länge des vom angegebenen Identitätszeichenfolge <paramref name="pIDString" />.</param>
      <param name="phwnd">Ein Zeiger auf einen Puffer, der das HWND des barrierefreien Elements empfängt.</param>
      <param name="pidObject">Ein Zeiger auf einen Puffer, der die Objekt-ID des barrierefreien Elements empfängt.</param>
      <param name="pidChild">Ein Zeiger auf einen Puffer, der die untergeordnete ID des barrierefreien Elements empfängt.</param>
    </member>
    <member name="M:Accessibility.IAccPropServices.SetHmenuProp(Accessibility._RemotableHandle@,System.UInt32,System.Guid,System.Object)">
      <summary>Die <see cref="T:Accessibility.IAccPropServices" /> -Schnittstelle und ihre verfügbar gemachten Member sind Teil eines verwalteten Wrappers für das Component Object Model (COM) IAccPropServices Schnittstelle.</summary>
      <param name="hmenu">Identifiziert das HMENU-basierten Zugriff Element zu versehen werden.</param>
      <param name="idChild">Gibt die untergeordnete ID des barrierefreien Elements an.</param>
      <param name="idProp">Gibt an, welche Eigenschaft des barrierefreien Elements versehen werden.</param>
      <param name="var">Gibt einen neuen Wert für die <paramref name="idProp" /> Eigenschaft.</param>
    </member>
    <member name="M:Accessibility.IAccPropServices.SetHmenuPropServer(Accessibility._RemotableHandle@,System.UInt32,System.Guid@,System.Int32,Accessibility.IAccPropServer,Accessibility.AnnoScope)">
      <summary>Die <see cref="T:Accessibility.IAccPropServices" /> -Schnittstelle und ihre verfügbar gemachten Member sind Teil eines verwalteten Wrappers für das Component Object Model (COM) IAccPropServices Schnittstelle.</summary>
      <param name="hmenu">Identifiziert das HMENU zugänglichen Element zu versehen werden.</param>
      <param name="idChild">Identifiziert das Element zugegriffen werden kann, versehen werden. Dadurch wird die Identitätszeichenfolge ersetzt.</param>
      <param name="paProps">Gibt ein Array von Eigenschaften, die vom angegebenen Rückrufobjekt verarbeitet werden.</param>
      <param name="cProps">Gibt die Anzahl der Eigenschaften in der <paramref name="paProps" /> Array.</param>
      <param name="pServer">Gibt das Rückrufobjekt aufgerufen wird, wenn ein Client eine der überschriebenen Eigenschaften anfordert.</param>
      <param name="AnnoScope">Kann sein ANNO_THIS, gibt an, dass die Anmerkung nur die angegebenen barrierefreien Elements auswirkt. oder ANNO_CONTAINER, die angibt, dass sie auf das Element und seine unmittelbar untergeordneten Elemente angewendet wird.</param>
    </member>
    <member name="M:Accessibility.IAccPropServices.SetHmenuPropStr(Accessibility._RemotableHandle@,System.UInt32,System.Guid,System.String)">
      <summary>Die <see cref="T:Accessibility.IAccPropServices" /> -Schnittstelle und ihre verfügbar gemachten Member sind Teil eines verwalteten Wrappers für das Component Object Model (COM) IAccPropServices Schnittstelle.</summary>
      <param name="hmenu">Identifiziert das HMENU-basierten Zugriff Element zu versehen werden.</param>
      <param name="idChild">Gibt die untergeordnete ID des barrierefreien Elements an.</param>
      <param name="idProp">Gibt an, welche Eigenschaft des barrierefreien Elements versehen werden.</param>
      <param name="str">Gibt einen neuen Wert für die <paramref name="idProp" /> Eigenschaft.</param>
    </member>
    <member name="M:Accessibility.IAccPropServices.SetHwndProp(Accessibility._RemotableHandle@,System.UInt32,System.UInt32,System.Guid,System.Object)">
      <summary>Die <see cref="T:Accessibility.IAccPropServices" /> -Schnittstelle und ihre verfügbar gemachten Member sind Teil eines verwalteten Wrappers für das Component Object Model (COM) IAccPropServices Schnittstelle.</summary>
      <param name="hwnd">Identifiziert das Element zugegriffen werden kann, versehen werden. Dadurch wird die Identitätszeichenfolge ersetzt.</param>
      <param name="idObject">Identifiziert das Element zugegriffen werden kann, versehen werden. Dadurch wird die Identitätszeichenfolge ersetzt.</param>
      <param name="idChild">Identifiziert das Element zugegriffen werden kann, versehen werden. Dadurch wird die Identitätszeichenfolge ersetzt.</param>
      <param name="idProp">Gibt an, welche Eigenschaft des Elements versehen werden.</param>
      <param name="var">Gibt einen neuen Wert für diese Eigenschaft.</param>
    </member>
    <member name="M:Accessibility.IAccPropServices.SetHwndPropServer(Accessibility._RemotableHandle@,System.UInt32,System.UInt32,System.Guid@,System.Int32,Accessibility.IAccPropServer,Accessibility.AnnoScope)">
      <summary>Die <see cref="T:Accessibility.IAccPropServices" /> -Schnittstelle und ihre verfügbar gemachten Member sind Teil eines verwalteten Wrappers für das Component Object Model (COM) IAccPropServices Schnittstelle.</summary>
      <param name="hwnd">Identifiziert das Element zugegriffen werden kann, versehen werden. Dadurch wird die Identitätszeichenfolge ersetzt.</param>
      <param name="idObject">Identifiziert das Element zugegriffen werden kann, versehen werden. Dadurch wird die Identitätszeichenfolge ersetzt.</param>
      <param name="idChild">Identifiziert das Element zugegriffen werden kann, versehen werden. Dadurch wird die Identitätszeichenfolge ersetzt.</param>
      <param name="paProps">Gibt ein Array von Eigenschaften, die vom angegebenen Rückrufobjekt verarbeitet werden.</param>
      <param name="cProps">Gibt die Anzahl der Eigenschaften in der <paramref name="paProps" /> Array.</param>
      <param name="pServer">Gibt das Rückrufobjekt aufgerufen wird, wenn ein Client eine der überschriebenen Eigenschaften anfordert.</param>
      <param name="AnnoScope">Kann sein ANNO_THIS, gibt an, dass die Anmerkung nur die angegebenen barrierefreien Elements auswirkt. oder ANNO_CONTAINER, die angibt, dass sie auf das Element und seine unmittelbar untergeordneten Elemente angewendet wird.</param>
    </member>
    <member name="M:Accessibility.IAccPropServices.SetHwndPropStr(Accessibility._RemotableHandle@,System.UInt32,System.UInt32,System.Guid,System.String)">
      <summary>Die <see cref="T:Accessibility.IAccPropServices" /> -Schnittstelle und ihre verfügbar gemachten Member sind Teil eines verwalteten Wrappers für das Component Object Model (COM) IAccPropServices Schnittstelle.</summary>
      <param name="hwnd">Identifiziert das Element zugegriffen werden kann, versehen werden. Dadurch wird die Identitätszeichenfolge ersetzt.</param>
      <param name="idObject">Identifiziert das Element zugegriffen werden kann, versehen werden. Dadurch wird die Identitätszeichenfolge ersetzt.</param>
      <param name="idChild">Identifiziert das Element zugegriffen werden kann, versehen werden. Dadurch wird die Identitätszeichenfolge ersetzt.</param>
      <param name="idProp">Gibt an, welche Eigenschaft des Elements versehen werden.</param>
      <param name="str">Gibt einen neuen Wert für diese Eigenschaft.</param>
    </member>
    <member name="M:Accessibility.IAccPropServices.SetPropServer(System.Byte@,System.UInt32,System.Guid@,System.Int32,Accessibility.IAccPropServer,Accessibility.AnnoScope)">
      <summary>Die <see cref="T:Accessibility.IAccPropServices" /> -Schnittstelle und ihre verfügbar gemachten Member sind Teil eines verwalteten Wrappers für das Component Object Model (COM) IAccPropServices Schnittstelle.</summary>
      <param name="pIDString">Identifiziert das Element zugegriffen werden kann, versehen werden.</param>
      <param name="dwIDStringLen">Gibt die Länge der Zeichenfolge anhand der <paramref name="pIDString" /> Parameter.</param>
      <param name="paProps">Gibt ein Array von Eigenschaften, die vom angegebenen Rückrufobjekt verarbeitet werden.</param>
      <param name="cProps">Gibt ein Array von Eigenschaften, die vom angegebenen Rückrufobjekt verarbeitet werden.</param>
      <param name="pServer">Gibt das Rückrufobjekt, das aufgerufen wird, wenn ein Client eine der überschriebenen Eigenschaften anfordert.</param>
      <param name="AnnoScope">Kann sein ANNO_THIS, gibt an, dass die Anmerkung nur die angegebenen barrierefreien Elements auswirkt. oder ANNO_CONTAINER, die angibt, dass sie auf das Element und seine unmittelbar untergeordneten Elemente angewendet wird.</param>
    </member>
    <member name="M:Accessibility.IAccPropServices.SetPropValue(System.Byte@,System.UInt32,System.Guid,System.Object)">
      <summary>Die <see cref="T:Accessibility.IAccPropServices" /> -Schnittstelle und ihre verfügbar gemachten Member sind Teil eines verwalteten Wrappers für das Component Object Model (COM) IAccPropServices Schnittstelle.</summary>
      <param name="pIDString">Identifiziert das Element zugegriffen werden kann, versehen werden.</param>
      <param name="dwIDStringLen">Gibt die Länge der Zeichenfolge anhand der <paramref name="pIDString" /> Parameter.</param>
      <param name="idProp">Gibt die Eigenschaft des Elements zugegriffen werden kann, dem Anmerkungen hinzugefügt werden.</param>
      <param name="var">Gibt einen neuen Wert für die Eigenschaft an.</param>
    </member>
    <member name="P:Accessibility.IAccessible.accChild(System.Object)">
      <summary>Die <see cref="T:Accessibility.IAccessible" /> -Schnittstelle und ihre verfügbar gemachten Member sind Teil eines verwalteten Wrappers für das Component Object Model (COM) IAccessible Schnittstelle.</summary>
      <param name="varChild">Dieser Parameter ist nur zur internen Verwendung vorgesehen.</param>
      <returns>Ein Objekt.</returns>
    </member>
    <member name="P:Accessibility.IAccessible.accChildCount">
      <summary>Die <see cref="T:Accessibility.IAccessible" /> -Schnittstelle und ihre verfügbar gemachten Member sind Teil eines verwalteten Wrappers für das Component Object Model (COM) IAccessible Schnittstelle.</summary>
      <returns>Eine ganze Zahl, die die Anzahl darstellt.</returns>
    </member>
    <member name="P:Accessibility.IAccessible.accDefaultAction(System.Object)">
      <summary>Die <see cref="T:Accessibility.IAccessible" /> -Schnittstelle und ihre verfügbar gemachten Member sind Teil eines verwalteten Wrappers für das Component Object Model (COM) IAccessible Schnittstelle.</summary>
      <param name="varChild">Dieser Parameter ist nur zur internen Verwendung vorgesehen.</param>
      <returns>Eine Zeichenfolge, die die Aktion darstellt.</returns>
    </member>
    <member name="P:Accessibility.IAccessible.accDescription(System.Object)">
      <summary>Die <see cref="T:Accessibility.IAccessible" /> -Schnittstelle und ihre verfügbar gemachten Member sind Teil eines verwalteten Wrappers für das Component Object Model (COM) IAccessible Schnittstelle.</summary>
      <param name="varChild">Dieser Parameter ist nur zur internen Verwendung vorgesehen.</param>
      <returns>Eine Zeichenfolge, die die Beschreibung darstellt.</returns>
    </member>
    <member name="P:Accessibility.IAccessible.accFocus">
      <summary>Die <see cref="T:Accessibility.IAccessible" /> -Schnittstelle und ihre verfügbar gemachten Member sind Teil eines verwalteten Wrappers für das Component Object Model (COM) IAccessible Schnittstelle.</summary>
      <returns>Bei Erfolg zurückgegeben S_OK. Andernfalls wird eine andere standard-com-Fehlercode zurückgegeben.</returns>
    </member>
    <member name="P:Accessibility.IAccessible.accHelp(System.Object)">
      <summary>Die <see cref="T:Accessibility.IAccessible" /> -Schnittstelle und ihre verfügbar gemachten Member sind Teil eines verwalteten Wrappers für das Component Object Model (COM) IAccessible Schnittstelle.</summary>
      <param name="varChild">Dieser Parameter ist nur zur internen Verwendung vorgesehen.</param>
      <returns>Eine Zeichenfolge.</returns>
    </member>
    <member name="P:Accessibility.IAccessible.accHelpTopic(System.String@,System.Object)">
      <summary>Die <see cref="T:Accessibility.IAccessible" /> -Schnittstelle und ihre verfügbar gemachten Member sind Teil eines verwalteten Wrappers für das Component Object Model (COM) IAccessible Schnittstelle.</summary>
      <param name="pszHelpFile">Dieser Parameter ist nur zur internen Verwendung vorgesehen.</param>
      <param name="varChild">Dieser Parameter ist nur zur internen Verwendung vorgesehen.</param>
      <returns>Eine ganze Zahl.</returns>
    </member>
    <member name="P:Accessibility.IAccessible.accKeyboardShortcut(System.Object)">
      <summary>Die <see cref="T:Accessibility.IAccessible" /> -Schnittstelle und ihre verfügbar gemachten Member sind Teil eines verwalteten Wrappers für das Component Object Model (COM) IAccessible Schnittstelle.</summary>
      <param name="varChild">Dieser Parameter ist nur zur internen Verwendung vorgesehen.</param>
      <returns>Eine Zeichenfolge.</returns>
    </member>
    <member name="P:Accessibility.IAccessible.accName(System.Object)">
      <summary>Die <see cref="T:Accessibility.IAccessible" /> -Schnittstelle und ihre verfügbar gemachten Member sind Teil eines verwalteten Wrappers für das Component Object Model (COM) IAccessible Schnittstelle.</summary>
      <param name="varChild">Dieser Parameter ist nur zur internen Verwendung vorgesehen.</param>
      <returns>Eine Zeichenfolge.</returns>
    </member>
    <member name="P:Accessibility.IAccessible.accParent">
      <summary>Die <see cref="T:Accessibility.IAccessible" /> -Schnittstelle und ihre verfügbar gemachten Member sind Teil eines verwalteten Wrappers für das Component Object Model (COM) IAccessible Schnittstelle.</summary>
      <returns>Ein Objekt.</returns>
    </member>
    <member name="P:Accessibility.IAccessible.accRole(System.Object)">
      <summary>Die <see cref="T:Accessibility.IAccessible" /> -Schnittstelle und ihre verfügbar gemachten Member sind Teil eines verwalteten Wrappers für das Component Object Model (COM) IAccessible Schnittstelle.</summary>
      <param name="varChild">Dieser Parameter ist nur zur internen Verwendung vorgesehen.</param>
      <returns>Ein Objekt.</returns>
    </member>
    <member name="P:Accessibility.IAccessible.accSelection">
      <summary>Die <see cref="T:Accessibility.IAccessible" /> -Schnittstelle und ihre verfügbar gemachten Member sind Teil eines verwalteten Wrappers für das Component Object Model (COM) IAccessible Schnittstelle.</summary>
      <returns>Ein Objekt.</returns>
    </member>
    <member name="P:Accessibility.IAccessible.accState(System.Object)">
      <summary>Die <see cref="T:Accessibility.IAccessible" /> -Schnittstelle und ihre verfügbar gemachten Member sind Teil eines verwalteten Wrappers für das Component Object Model (COM) IAccessible Schnittstelle.</summary>
      <param name="varChild">Dieser Parameter ist nur zur internen Verwendung vorgesehen.</param>
      <returns>Ein Objekt.</returns>
    </member>
    <member name="P:Accessibility.IAccessible.accValue(System.Object)">
      <summary>Die <see cref="T:Accessibility.IAccessible" /> -Schnittstelle und ihre verfügbar gemachten Member sind Teil eines verwalteten Wrappers für das Component Object Model (COM) IAccessible Schnittstelle.</summary>
      <param name="varChild">Dieser Parameter ist nur zur internen Verwendung vorgesehen.</param>
      <returns>Eine Zeichenfolge.</returns>
    </member>
    <member name="T:Accessibility.__MIDL_IWinTypes_0009">
      <summary>Die <see cref="T:Accessibility.__MIDL_IWinTypes_0009" /> und alle ihre verfügbar gemachten Member sind Teil eines verwalteten Wrappers für die Eingabehilfen-Schnittstelle von Component Object Model (COM).</summary>
    </member>
    <member name="T:Accessibility._RemotableHandle">
      <summary>Die <see cref="T:Accessibility.IAccessibleHandler" /> und alle ihre verfügbar gemachten Member sind Teil eines verwalteten Wrappers für die Eingabehilfen-Schnittstelle von Component Object Model (COM).</summary>
    </member>
    <member name="T:Accessibility.AnnoScope">
      <summary>Die <see cref="T:Accessibility.AnnoScope" /> und alle ihre verfügbar gemachten Member sind Teil eines verwalteten Wrappers für die Eingabehilfen-Schnittstelle von Component Object Model (COM).</summary>
    </member>
    <member name="F:Accessibility.AnnoScope.ANNO_THIS">
      <summary>Anmerkung bezieht sich auf das unmittelbare Objekt.</summary>
    </member>
    <member name="F:Accessibility.AnnoScope.ANNO_CONTAINER">
      <summary>Anmerkung bezieht sich auf das Containerobjekt.</summary>
    </member>
    <member name="T:Accessibility.CAccPropServices">
      <summary>Die <see cref="T:Accessibility.CAccPropServices" /> und ihre verfügbar gemachten Member sind Teil eines verwalteten Wrappers für das Component Object Model (COM) IAccPropServices Schnittstelle.</summary>
    </member>
    <member name="T:Accessibility.CAccPropServicesClass">
      <summary>Die <see cref="T:Accessibility.CAccPropServicesClass" /> und ihre verfügbar gemachten Member sind Teil eines verwalteten Wrappers für das Component Object Model (COM) IAccPropServices Schnittstelle.</summary>
    </member>
    <member name="T:Accessibility.IAccessible">
      <summary>Die <see cref="T:Accessibility.IAccessible" /> -Schnittstelle und ihre verfügbar gemachten Member sind Teil eines verwalteten Wrappers für das Component Object Model (COM) IAccessible Schnittstelle.</summary>
    </member>
    <member name="T:Accessibility.IAccessibleHandler">
      <summary>Die <see cref="T:Accessibility.IAccessibleHandler" /> und ihre verfügbar gemachten Member sind Teil eines verwalteten Wrappers für das Component Object Model (COM) IAccessibleHandler Schnittstelle.</summary>
    </member>
    <member name="T:Accessibility.IAccIdentity">
      <summary>Die <see cref="T:Accessibility.IAccIdentity" /> und ihre verfügbar gemachten Member sind Teil eines verwalteten Wrappers für das Component Object Model (COM) IAccIdentity Schnittstelle.</summary>
    </member>
    <member name="T:Accessibility.IAccPropServer">
      <summary>Die <see cref="T:Accessibility.IAccPropServer" /> und ihre verfügbar gemachten Member sind Teil eines verwalteten Wrappers für das Component Object Model (COM) IAccPropServer Schnittstelle.</summary>
    </member>
    <member name="T:Accessibility.IAccPropServices">
      <summary>Die <see cref="T:Accessibility.IAccPropServices" /> -Schnittstelle und ihre verfügbar gemachten Member sind Teil eines verwalteten Wrappers für das Component Object Model (COM) IAccPropServices Schnittstelle.</summary>
    </member>
  </members>
</doc>