﻿<?xml version="1.0" encoding="utf-8"?>
<doc>
  <assembly>
    <name>CustomMarshalers</name>
  </assembly>
  <members>
    <member name="M:System.Runtime.InteropServices.CustomMarshalers.EnumerableToDispatchMarshaler.CleanUpManagedData(System.Object)">
      <summary>Führt die notwendigen Bereinigungsvorgänge für verwalteten Daten, wenn es nicht mehr benötigt wird.</summary>
      <param name="pManagedObj">Das verwaltete Objekt zerstört wird.</param>
    </member>
    <member name="M:System.Runtime.InteropServices.CustomMarshalers.EnumerableToDispatchMarshaler.CleanUpNativeData(System.IntPtr)">
      <summary>Führt notwendigen Bereinigungsvorgänge für nicht verwalteten Daten, wenn es nicht mehr benötigt wird.</summary>
      <param name="pNativeData">Ein Zeiger auf nicht verwalteten Daten zerstört werden.</param>
    </member>
    <member name="M:System.Runtime.InteropServices.CustomMarshalers.EnumerableToDispatchMarshaler.GetInstance(System.String)">
      <summary>Gibt eine Instanz des benutzerdefinierten Marshaller.</summary>
      <param name="pstrCookie">Die Zeichenfolge "Cookie"-Parameter, der vom benutzerdefinierten Marshaller verwendet werden kann.</param>
      <returns>Eine Instanz des benutzerdefinierten Marshaller.</returns>
    </member>
    <member name="M:System.Runtime.InteropServices.CustomMarshalers.EnumerableToDispatchMarshaler.GetNativeDataSize">
      <summary>Gibt die Größe in Bytes, der nicht verwalteten Daten, die gemarshallt werden.</summary>
      <returns>1, um den Typ anzugeben, den diese Marshaller behandelt ist kein Werttyp.</returns>
    </member>
    <member name="M:System.Runtime.InteropServices.CustomMarshalers.EnumerableToDispatchMarshaler.MarshalManagedToNative(System.Object)">
      <summary>Marshallt ein Objekt von verwaltetem Code an nicht verwalteten Code.</summary>
      <param name="pManagedObj">Das verwaltete Objekt konvertiert werden.</param>
      <returns>Ein Zeiger auf das nicht verwaltete Objekt.</returns>
      <exception cref="T:System.ArgumentNullException">
        <paramref name="pManagedObj" /> ist null.</exception>
    </member>
    <member name="M:System.Runtime.InteropServices.CustomMarshalers.EnumerableToDispatchMarshaler.MarshalNativeToManaged(System.IntPtr)">
      <summary>Marshallt ein Objekt von nicht verwaltetem Code zu verwaltetem Code.</summary>
      <param name="pNativeData">Ein Zeiger auf das nicht verwaltete Objekt konvertiert werden.</param>
      <returns>Ein verwaltetes Objekt.</returns>
      <exception cref="T:System.ArgumentNullException">
        <paramref name="pNativeData" /> ist null.</exception>
    </member>
    <member name="M:System.Runtime.InteropServices.CustomMarshalers.EnumeratorToEnumVariantMarshaler.CleanUpManagedData(System.Object)">
      <summary>Führt die notwendigen Bereinigungsvorgänge für verwalteten Daten, wenn es nicht mehr benötigt wird.</summary>
      <param name="pManagedObj">Das verwaltete Objekt zerstört wird.</param>
    </member>
    <member name="M:System.Runtime.InteropServices.CustomMarshalers.EnumeratorToEnumVariantMarshaler.CleanUpNativeData(System.IntPtr)">
      <summary>Führt notwendigen Bereinigungsvorgänge für nicht verwalteten Daten, wenn es nicht mehr benötigt wird.</summary>
      <param name="pNativeData">Ein Zeiger auf nicht verwalteten Daten zerstört werden.</param>
    </member>
    <member name="M:System.Runtime.InteropServices.CustomMarshalers.EnumeratorToEnumVariantMarshaler.GetInstance(System.String)">
      <summary>Gibt eine Instanz des benutzerdefinierten Marshaller.</summary>
      <param name="pstrCookie">Die Zeichenfolge "Cookie"-Parameter, der vom benutzerdefinierten Marshaller verwendet werden kann.</param>
      <returns>Eine Instanz des benutzerdefinierten Marshaller.</returns>
    </member>
    <member name="M:System.Runtime.InteropServices.CustomMarshalers.EnumeratorToEnumVariantMarshaler.GetNativeDataSize">
      <summary>Gibt die Größe in Bytes, der nicht verwalteten Daten, die gemarshallt werden.</summary>
      <returns>1, um den Typ anzugeben, den diese Marshaller behandelt ist kein Werttyp.</returns>
    </member>
    <member name="M:System.Runtime.InteropServices.CustomMarshalers.EnumeratorToEnumVariantMarshaler.MarshalManagedToNative(System.Object)">
      <summary>Marshallt ein Objekt von verwaltetem Code an nicht verwalteten Code.</summary>
      <param name="pManagedObj">Das verwaltete Objekt konvertiert werden.</param>
      <returns>Ein Zeiger auf das nicht verwaltete Objekt.</returns>
      <exception cref="T:System.ArgumentNullException">
        <paramref name="pManagedObj" /> ist null.</exception>
    </member>
    <member name="M:System.Runtime.InteropServices.CustomMarshalers.EnumeratorToEnumVariantMarshaler.MarshalNativeToManaged(System.IntPtr)">
      <summary>Marshallt ein Objekt von nicht verwaltetem Code zu verwaltetem Code.</summary>
      <param name="pNativeData">Ein Zeiger auf das nicht verwaltete Objekt konvertiert werden.</param>
      <returns>Ein verwaltetes Objekt.</returns>
      <exception cref="T:System.ArgumentNullException">
        <paramref name="pNativeData" /> ist null.</exception>
      <exception cref="T:System.InvalidCastException">Das nicht verwaltete Objekt, das <paramref name="pNativeData" /> verweist, konnte nicht konvertiert werden.</exception>
    </member>
    <member name="M:System.Runtime.InteropServices.CustomMarshalers.ExpandoToDispatchExMarshaler.CleanUpManagedData(System.Object)">
      <summary>Führt die notwendigen Bereinigungsvorgänge für verwalteten Daten, wenn es nicht mehr benötigt wird.</summary>
      <param name="pManagedObj">Das verwaltete Objekt zerstört wird.</param>
    </member>
    <member name="M:System.Runtime.InteropServices.CustomMarshalers.ExpandoToDispatchExMarshaler.CleanUpNativeData(System.IntPtr)">
      <summary>Führt notwendigen Bereinigungsvorgänge für nicht verwalteten Daten, wenn es nicht mehr benötigt wird.</summary>
      <param name="pNativeData">Ein Zeiger auf nicht verwalteten Daten zerstört werden.</param>
    </member>
    <member name="M:System.Runtime.InteropServices.CustomMarshalers.ExpandoToDispatchExMarshaler.GetInstance(System.String)">
      <summary>Gibt eine Instanz des benutzerdefinierten Marshaller.</summary>
      <param name="pstrCookie">Die Zeichenfolge "Cookie"-Parameter, der vom benutzerdefinierten Marshaller verwendet werden kann.</param>
      <returns>Eine Instanz des benutzerdefinierten Marshaller.</returns>
      <exception cref="T:System.ArgumentException">
        <paramref name="pstrCookie" /> ist ungültig.</exception>
    </member>
    <member name="M:System.Runtime.InteropServices.CustomMarshalers.ExpandoToDispatchExMarshaler.GetNativeDataSize">
      <summary>Gibt die Größe in Bytes, der nicht verwalteten Daten, die gemarshallt werden.</summary>
      <returns>1, um den Typ anzugeben, den diese Marshaller behandelt ist kein Werttyp.</returns>
    </member>
    <member name="M:System.Runtime.InteropServices.CustomMarshalers.ExpandoToDispatchExMarshaler.MarshalManagedToNative(System.Object)">
      <summary>Marshallt ein Objekt von verwaltetem Code an nicht verwalteten Code.</summary>
      <param name="pManagedObj">Das verwaltete Objekt konvertiert werden.</param>
      <returns>Ein Zeiger auf das nicht verwaltete Objekt.</returns>
      <exception cref="T:System.ArgumentNullException">
        <paramref name="pManagedObj" /> ist null.</exception>
    </member>
    <member name="M:System.Runtime.InteropServices.CustomMarshalers.ExpandoToDispatchExMarshaler.MarshalNativeToManaged(System.IntPtr)">
      <summary>Marshallt ein Objekt von nicht verwaltetem Code zu verwaltetem Code.</summary>
      <param name="pNativeData">Ein Zeiger auf das nicht verwaltete Objekt konvertiert werden.</param>
      <returns>Ein verwaltetes Objekt.</returns>
      <exception cref="T:System.ArgumentNullException">
        <paramref name="pNativeData" /> ist null.</exception>
    </member>
    <member name="M:System.Runtime.InteropServices.CustomMarshalers.TypeToTypeInfoMarshaler.CleanUpManagedData(System.Object)">
      <summary>Führt die notwendigen Bereinigungsvorgänge für verwalteten Daten, wenn es nicht mehr benötigt wird.</summary>
      <param name="pManagedObj">Das verwaltete Objekt zerstört wird.</param>
    </member>
    <member name="M:System.Runtime.InteropServices.CustomMarshalers.TypeToTypeInfoMarshaler.CleanUpNativeData(System.IntPtr)">
      <summary>Führt notwendigen Bereinigungsvorgänge für nicht verwalteten Daten, wenn es nicht mehr benötigt wird.</summary>
      <param name="pNativeData">Ein Zeiger auf nicht verwalteten Daten zerstört werden.</param>
    </member>
    <member name="M:System.Runtime.InteropServices.CustomMarshalers.TypeToTypeInfoMarshaler.GetInstance(System.String)">
      <summary>Gibt eine Instanz des benutzerdefinierten Marshaller.</summary>
      <param name="pstrCookie">Die Zeichenfolge "Cookie"-Parameter, der vom benutzerdefinierten Marshaller verwendet werden kann.</param>
      <returns>Eine Instanz des benutzerdefinierten Marshaller.</returns>
    </member>
    <member name="M:System.Runtime.InteropServices.CustomMarshalers.TypeToTypeInfoMarshaler.GetNativeDataSize">
      <summary>Gibt die Größe in Bytes, der nicht verwalteten Daten, die gemarshallt werden.</summary>
      <returns>1, um den Typ anzugeben, den diese Marshaller behandelt ist kein Werttyp.</returns>
    </member>
    <member name="M:System.Runtime.InteropServices.CustomMarshalers.TypeToTypeInfoMarshaler.MarshalManagedToNative(System.Object)">
      <summary>Marshallt ein Objekt von verwaltetem Code an nicht verwalteten Code.</summary>
      <param name="pManagedObj">Das verwaltete Objekt konvertiert werden.</param>
      <returns>Ein Zeiger auf das nicht verwaltete Objekt.</returns>
      <exception cref="T:System.ArgumentNullException">
        <paramref name="pManagedObj" /> ist null.</exception>
    </member>
    <member name="M:System.Runtime.InteropServices.CustomMarshalers.TypeToTypeInfoMarshaler.MarshalNativeToManaged(System.IntPtr)">
      <summary>Marshallt ein Objekt von nicht verwaltetem Code zu verwaltetem Code.</summary>
      <param name="pNativeData">Ein Zeiger auf das nicht verwaltete Objekt konvertiert werden.</param>
      <returns>Ein verwaltetes Objekt.</returns>
      <exception cref="T:System.ArgumentNullException">
        <paramref name="pNativeData" /> ist null.</exception>
    </member>
    <member name="T:System.Runtime.InteropServices.CustomMarshalers.EnumerableToDispatchMarshaler">
      <summary>Marshallt COM IDispatch Schnittstelle, um .NET Framework <see cref="T:System.Collections.IEnumerable" /> -Schnittstelle, und umgekehrt.</summary>
    </member>
    <member name="T:System.Runtime.InteropServices.CustomMarshalers.EnumeratorToEnumVariantMarshaler">
      <summary>Marshallt COM IEnumVARIANT Schnittstelle, um .NET Framework <see cref="T:System.Collections.IEnumerator" /> -Schnittstelle, und umgekehrt.</summary>
    </member>
    <member name="T:System.Runtime.InteropServices.CustomMarshalers.ExpandoToDispatchExMarshaler">
      <summary>Marshallt COM IDispatchEx Schnittstelle, um entweder das .NET Framework <see cref="T:System.Runtime.InteropServices.Expando.IExpando" /> -Schnittstelle oder die <see cref="T:System.Reflection.IReflect" /> -Schnittstelle, und umgekehrt.</summary>
    </member>
    <member name="T:System.Runtime.InteropServices.CustomMarshalers.TypeToTypeInfoMarshaler">
      <summary>Marshallt die nicht verwaltete ITypeInfo -Schnittstelle an die verwaltete <see cref="T:System.Type" /> -Klasse, und marshallt die verwaltete <see cref="T:System.Type" /> Klasse, die nicht verwaltete ITypeInfo Schnittstelle.</summary>
    </member>
  </members>
</doc>