﻿<?xml version="1.0" encoding="utf-8"?>
<doc>
  <assembly>
    <name>ISymWrapper</name>
  </assembly>
  <members>
    <member name="M:System.Diagnostics.SymbolStore.SymBinder.#ctor">
      <summary>Initialisiert eine neue Instanz der <see cref="T:System.Diagnostics.SymbolStore.SymBinder" />-Klasse.</summary>
    </member>
    <member name="M:System.Diagnostics.SymbolStore.SymBinder.Dispose">
      <summary>Gibt alle von der aktuellen Instanz der <see cref="T:System.Diagnostics.SymbolStore.SymBinder" />-Klasse verwendeten Ressourcen frei.</summary>
    </member>
    <member name="M:System.Diagnostics.SymbolStore.SymBinder.Dispose(System.Boolean)">
      <summary>Wird von der <see cref="M:System.Diagnostics.SymbolStore.SymBinder.Dispose" />-Methode und der <see cref="M:System.Diagnostics.SymbolStore.SymBinder.Finalize" />-Methode aufgerufen, um die verwalteten und nicht verwalteten von der aktuellen Instanz der <see cref="T:System.Diagnostics.SymbolStore.SymBinder" />-Klasse verwendeten Ressourcen freizugeben.</summary>
      <param name="A_0">true, um verwaltete und nicht verwaltete Ressourcen freizugeben, false, um ausschließlich nicht verwaltete Ressourcen freizugeben.</param>
    </member>
    <member name="M:System.Diagnostics.SymbolStore.SymBinder.Finalize">
      <summary>Gibt die von der aktuellen Instanz reservierten Ressourcen frei.</summary>
    </member>
    <member name="M:System.Diagnostics.SymbolStore.SymBinder.GetReader(System.Int32,System.String,System.String)">
      <summary>Ruft die Schnittstelle des Symbolreaders für die aktuelle Datei mithilfe des angegebenen 32-Bit-Ganzzahlzeigers auf eine Metadatenschnittstelle, des angegebenen Dateinamens und des angegebenen Suchpfads ab.</summary>
      <param name="importer">Eine 32-Bit-Ganzzahl, die auf die Schnittstelle für den Metadatenimport zeigt.</param>
      <param name="filename">Der Name der Datei, für die die Readerschnittstelle erforderlich ist.</param>
      <param name="searchPath">Der Suchpfad zum Suchen der Symboldatei.</param>
      <returns>Die Schnittstelle, die die Debugsymbole liest.</returns>
    </member>
    <member name="M:System.Diagnostics.SymbolStore.SymBinder.GetReader(System.IntPtr,System.String,System.String)">
      <summary>Ruft die Schnittstelle des Symbolreaders für die aktuelle Datei mithilfe des angegebenen 32-Bit-Ganzzahlzeigers auf eine Metadatenschnittstelle, des angegebenen Dateinamens und des angegebenen Suchpfads ab.</summary>
      <param name="importer">Eine Struktur, die auf die Schnittstelle für den Metadatenimport zeigt.</param>
      <param name="filename">Der Name der Datei, für die die Readerschnittstelle erforderlich ist.</param>
      <param name="searchPath">Der Suchpfad zum Suchen der Symboldatei.</param>
      <returns>Die Schnittstelle, die die Debugsymbole liest.</returns>
    </member>
    <member name="M:System.Diagnostics.SymbolStore.SymBinderBase.#ctor">
      <summary>Initialisiert eine neue Instanz der <see cref="T:System.Diagnostics.SymbolStore.SymBinderBase" />-Klasse.</summary>
    </member>
    <member name="M:System.Diagnostics.SymbolStore.SymBinderBase.{dtor}">
      <summary>Gibt die von der aktuellen Instanz reservierten Ressourcen frei.</summary>
    </member>
    <member name="M:System.Diagnostics.SymbolStore.SymDocument.Dispose">
      <summary>Gibt alle von der aktuellen Instanz der <see cref="T:System.Diagnostics.SymbolStore.SymDocument" />-Klasse verwendeten Ressourcen frei.</summary>
    </member>
    <member name="M:System.Diagnostics.SymbolStore.SymDocument.Dispose(System.Boolean)">
      <summary>Wird von der <see cref="M:System.Diagnostics.SymbolStore.SymDocument.Dispose" />-Methode und der <see cref="M:System.Diagnostics.SymbolStore.SymDocument.Finalize" />-Methode aufgerufen, um die verwalteten und nicht verwalteten von der aktuellen Instanz der <see cref="T:System.Diagnostics.SymbolStore.SymDocument" />-Klasse verwendeten Ressourcen freizugeben.</summary>
      <param name="A_0">true, um verwaltete und nicht verwaltete Ressourcen freizugeben, false, um ausschließlich nicht verwaltete Ressourcen freizugeben.</param>
    </member>
    <member name="M:System.Diagnostics.SymbolStore.SymDocument.Finalize">
      <summary>Gibt nicht verwaltete Ressourcen frei und führt andere Bereinigungsvorgänge durch, bevor die <see cref="T:System.Diagnostics.SymbolStore.SymReader" /> durch die Garbage Collection wieder zugänglich gemacht wird.</summary>
    </member>
    <member name="M:System.Diagnostics.SymbolStore.SymDocument.FindClosestLine(System.Int32)">
      <summary>Gibt die Zeilennummer der nächsten Zeile zurück, die ein Sequenzpunkt ist, wobei eine angegebene Zeile im aktuellen Dokument ein Sequenzpunkt sein kann.</summary>
      <param name="line">Die angegebene Zeile im Dokument.</param>
      <returns>Die Zeilennummer des nächsten Sequenzpunkts zur angegebenen Zeile.</returns>
    </member>
    <member name="M:System.Diagnostics.SymbolStore.SymDocument.GetCheckSum">
      <summary>Löst in allen Fällen eine <see cref="T:System.NotSupportedException" /> aus.</summary>
      <returns>In allen Fällen <see cref="T:System.NotSupportedException" />.</returns>
      <exception cref="T:System.NotSupportedException">In allen Fällen.</exception>
    </member>
    <member name="M:System.Diagnostics.SymbolStore.SymDocument.GetSourceRange(System.Int32,System.Int32,System.Int32,System.Int32)">
      <summary>Löst in allen Fällen eine <see cref="T:System.NotSupportedException" /> aus.</summary>
      <param name="startLine">Dieser Parameter wird nicht verwendet.</param>
      <param name="startColumn">Dieser Parameter wird nicht verwendet.</param>
      <param name="endLine">Dieser Parameter wird nicht verwendet.</param>
      <param name="endColumn">Dieser Parameter wird nicht verwendet.</param>
      <returns>In allen Fällen <see cref="T:System.NotSupportedException" />.</returns>
      <exception cref="T:System.NotSupportedException">In allen Fällen.</exception>
    </member>
    <member name="M:System.Diagnostics.SymbolStore.SymDocumentBase.#ctor">
      <summary>Initialisiert eine neue Instanz der <see cref="T:System.Diagnostics.SymbolStore.SymDocumentBase" />-Klasse.</summary>
    </member>
    <member name="M:System.Diagnostics.SymbolStore.SymDocumentBase.{dtor}">
      <summary>Gibt die von der aktuellen Instanz reservierten Ressourcen frei.</summary>
    </member>
    <member name="M:System.Diagnostics.SymbolStore.SymDocumentWriter.Dispose">
      <summary>Gibt alle von der aktuellen Instanz der <see cref="T:System.Diagnostics.SymbolStore.SymDocumentWriter" />-Klasse verwendeten Ressourcen frei.</summary>
    </member>
    <member name="M:System.Diagnostics.SymbolStore.SymDocumentWriter.Dispose(System.Boolean)">
      <summary>Wird von der <see cref="M:System.Diagnostics.SymbolStore.SymDocumentWriter.Dispose" />-Methode und der <see cref="M:System.Diagnostics.SymbolStore.SymDocumentWriter.Finalize" />-Methode aufgerufen, um die verwalteten und nicht verwalteten von der aktuellen Instanz der <see cref="T:System.Diagnostics.SymbolStore.SymBinder" />-Klasse verwendeten Ressourcen freizugeben.</summary>
      <param name="A_0">true, um verwaltete und nicht verwaltete Ressourcen freizugeben, false, um ausschließlich nicht verwaltete Ressourcen freizugeben.</param>
    </member>
    <member name="M:System.Diagnostics.SymbolStore.SymDocumentWriter.Finalize">
      <summary>Gibt nicht verwaltete Ressourcen frei und führt andere Bereinigungsvorgänge durch, bevor die <see cref="T:System.Diagnostics.SymbolStore.SymDocumentWriter" /> durch die Garbage Collection wieder zugänglich gemacht wird.</summary>
    </member>
    <member name="M:System.Diagnostics.SymbolStore.SymDocumentWriter.SetCheckSum(System.Guid,System.Byte[])">
      <summary>Löst in allen Fällen eine <see cref="T:System.NotImplementedException" /> aus.</summary>
      <param name="algorithmId">Dieser Parameter wird nicht verwendet.</param>
      <param name="source">Dieser Parameter wird nicht verwendet.</param>
      <exception cref="T:System.NotImplementedException">In allen Fällen.</exception>
    </member>
    <member name="M:System.Diagnostics.SymbolStore.SymDocumentWriter.SetSource(System.Byte[])">
      <summary>Löst in allen Fällen eine <see cref="T:System.NotSupportedException" /> aus.</summary>
      <param name="source">Dieser Parameter wird nicht verwendet.</param>
      <exception cref="T:System.NotSupportedException">In allen Fällen.</exception>
    </member>
    <member name="M:System.Diagnostics.SymbolStore.SymDocumentWriterBase.#ctor">
      <summary>Initialisiert eine neue Instanz der <see cref="T:System.Diagnostics.SymbolStore.SymDocumentWriterBase" />-Klasse.</summary>
    </member>
    <member name="M:System.Diagnostics.SymbolStore.SymDocumentWriterBase.{dtor}">
      <summary>Gibt die von der aktuellen Instanz reservierten Ressourcen frei.</summary>
    </member>
    <member name="M:System.Diagnostics.SymbolStore.SymMethod.Dispose">
      <summary>Gibt alle von der aktuellen Instanz der <see cref="T:System.Diagnostics.SymbolStore.SymMethod" />-Klasse verwendeten Ressourcen frei.</summary>
    </member>
    <member name="M:System.Diagnostics.SymbolStore.SymMethod.Dispose(System.Boolean)">
      <summary>Wird von der <see cref="M:System.Diagnostics.SymbolStore.SymMethod.Dispose" />-Methode und der <see cref="M:System.Diagnostics.SymbolStore.SymMethod.Finalize" />-Methode aufgerufen, um die verwalteten und nicht verwalteten von der aktuellen Instanz der <see cref="T:System.Diagnostics.SymbolStore.SymMethod" />-Klasse verwendeten Ressourcen freizugeben.</summary>
      <param name="A_0">true, um verwaltete und nicht verwaltete Ressourcen freizugeben, false, um ausschließlich nicht verwaltete Ressourcen freizugeben.</param>
    </member>
    <member name="M:System.Diagnostics.SymbolStore.SymMethod.Finalize">
      <summary>Gibt nicht verwaltete Ressourcen frei und führt andere Bereinigungsvorgänge durch, bevor die <see cref="T:System.Diagnostics.SymbolStore.SymMethod" /> durch die Garbage Collection wieder zugänglich gemacht wird.</summary>
    </member>
    <member name="M:System.Diagnostics.SymbolStore.SymMethod.GetNamespace">
      <summary>Löst in allen Fällen eine <see cref="T:System.NotSupportedException" /> aus.</summary>
      <returns>Löst in allen Fällen eine <see cref="T:System.NotSupportedException" /> aus.</returns>
      <exception cref="T:System.NotSupportedException">In allen Fällen.</exception>
    </member>
    <member name="M:System.Diagnostics.SymbolStore.SymMethod.GetOffset(System.Diagnostics.SymbolStore.ISymbolDocument,System.Int32,System.Int32)">
      <summary>Ruft den MSIL-Offset (Microsoft Intermediate Language) innerhalb der Methode ab, der der angegebenen Position entspricht.</summary>
      <param name="document">Das Dokument, für das der Offset angefordert wird.</param>
      <param name="line">Die Dokumentzeile, für die der Offset angefordert wird.</param>
      <param name="column">Die Dokumentspalte, für die der Offset angefordert wird.</param>
      <returns>Der IL-Offset in der aktuellen Methode an der angegebenen Position im Dokument.</returns>
    </member>
    <member name="M:System.Diagnostics.SymbolStore.SymMethod.GetParameters">
      <summary>Ruft die Parameter für die aktuelle Methode ab.</summary>
      <returns>Das Array von Parametern für die aktuelle Methode.</returns>
    </member>
    <member name="M:System.Diagnostics.SymbolStore.SymMethod.GetRanges(System.Diagnostics.SymbolStore.ISymbolDocument,System.Int32,System.Int32)">
      <summary>Ruft ein Array von Start-/Endoffsetpaaren ab, die den Bereichen der MSIL-Offsets (Microsoft Intermediate Language) entsprechen, die von einer angegebenen Position innerhalb dieser Methode abgedeckt werden.</summary>
      <param name="document">Das Dokument, für das die IL-Offsetbereiche angefordert werden.</param>
      <param name="line">Die Dokumentzeile, für die die IL-Offsetbereiche angefordert werden.</param>
      <param name="column">Die Dokumentspalte, für die die IL-Offsetbereiche angefordert werden.</param>
      <returns>Ein Array von IL-Start-/Endoffsetpaaren.</returns>
    </member>
    <member name="M:System.Diagnostics.SymbolStore.SymMethod.GetScope(System.Int32)">
      <summary>Gibt den umfassendsten lexikalischen Gültigkeitsbereich zurück, wenn ein Offset innerhalb einer Methode angegeben ist.</summary>
      <param name="offset">Der IL-Offset innerhalb der Methode, der gesucht werden soll.</param>
      <returns>Der umfassendste lexikalische Gültigkeitsbereich für den angegebenen IL-Offset innerhalb der Methode.</returns>
    </member>
    <member name="M:System.Diagnostics.SymbolStore.SymMethod.GetSequencePoints(System.Int32[],System.Diagnostics.SymbolStore.ISymbolDocument[],System.Int32[],System.Int32[],System.Int32[],System.Int32[])">
      <summary>Ruft die Sequenzpunkte für die aktuelle Methode ab und speichert die Informationen in den angegebenen Arrays.</summary>
      <param name="offsets">Ein Array, in dem die IL-Offsets vom Anfang der Methode für die Sequenzpunkte gespeichert werden sollen.</param>
      <param name="documents">Ein Array, in dem die Dokumente gespeichert werden sollen, in denen sich die Sequenzpunkte befinden.</param>
      <param name="lines">Ein Array, in dem die Zeilen in den Dokumenten gespeichert werden sollen, in denen sich die Sequenzpunkte befinden.</param>
      <param name="columns">Ein Array, in dem die Spalten in den Dokumenten gespeichert werden sollen, in denen sich die Sequenzpunkte befinden.</param>
      <param name="endLines">Das Array von Zeilen in den Dokumenten, in denen die Sequenzpunkte enden.</param>
      <param name="endColumns">Das Array von Spalten in den Dokumenten, in denen die Sequenzpunkte enden.</param>
    </member>
    <member name="M:System.Diagnostics.SymbolStore.SymMethod.GetSourceStartEnd(System.Diagnostics.SymbolStore.ISymbolDocument[],System.Int32[],System.Int32[])">
      <summary>Löst in allen Fällen eine <see cref="T:System.NotSupportedException" /> aus.</summary>
      <param name="docs">Dieser Parameter wird nicht verwendet.</param>
      <param name="lines">Dieser Parameter wird nicht verwendet.</param>
      <param name="columns">Dieser Parameter wird nicht verwendet.</param>
      <returns>Löst in allen Fällen eine <see cref="T:System.NotSupportedException" /> aus.</returns>
      <exception cref="T:System.NotSupportedException">In allen Fällen.</exception>
    </member>
    <member name="M:System.Diagnostics.SymbolStore.SymMethod.RootScopeInternal">
      <summary>Ruft den lexikalischen Stammgültigkeitsbereich für die aktuelle Methode ab. Dieser Gültigkeitsbereich umfasst die gesamte Methode.</summary>
      <returns>Der lexikalische Stammgültigkeitsbereich, der die gesamte Methode einschließt.</returns>
    </member>
    <member name="M:System.Diagnostics.SymbolStore.SymMethodBase.#ctor">
      <summary>Initialisiert eine neue Instanz der <see cref="T:System.Diagnostics.SymbolStore.SymMethodBase" />-Klasse.</summary>
    </member>
    <member name="M:System.Diagnostics.SymbolStore.SymMethodBase.{dtor}">
      <summary>Gibt die von der aktuellen Instanz reservierten Ressourcen frei.</summary>
    </member>
    <member name="M:System.Diagnostics.SymbolStore.SymReader.Dispose">
      <summary>Gibt alle von der aktuellen Instanz der <see cref="T:System.Diagnostics.SymbolStore.SymReader" />-Klasse verwendeten Ressourcen frei.</summary>
    </member>
    <member name="M:System.Diagnostics.SymbolStore.SymReader.Dispose(System.Boolean)">
      <summary>Wird von der <see cref="M:System.Diagnostics.SymbolStore.SymReader.Dispose" />-Methode und der <see cref="M:System.Diagnostics.SymbolStore.SymReader.Finalize" />-Methode aufgerufen, um die verwalteten und nicht verwalteten von der aktuellen Instanz der <see cref="T:System.Diagnostics.SymbolStore.SymReader" />-Klasse verwendeten Ressourcen freizugeben.</summary>
      <param name="A_0">true, um verwaltete und nicht verwaltete Ressourcen freizugeben, false, um ausschließlich nicht verwaltete Ressourcen freizugeben.</param>
    </member>
    <member name="M:System.Diagnostics.SymbolStore.SymReader.Finalize">
      <summary>Gibt nicht verwaltete Ressourcen frei und führt andere Bereinigungsvorgänge durch, bevor die <see cref="T:System.Diagnostics.SymbolStore.SymReader" /> durch die Garbage Collection wieder zugänglich gemacht wird.</summary>
    </member>
    <member name="M:System.Diagnostics.SymbolStore.SymReader.GetDocument(System.String,System.Guid,System.Guid,System.Guid)">
      <summary>Ruft ein durch die zugehörige URL angegebenes Dokument und optional die Sprache, den Compilerhersteller und den Typ ab.</summary>
      <param name="url">Die URL, die das Dokument kennzeichnet.</param>
      <param name="language">Die Dokumentsprache. Sie können für diesen Parameter <see cref="F:System.Guid.Empty" /> angeben. Um eine beliebige Sprache anzugeben.</param>
      <param name="languageVendor">Die Identität des Herstellers für die Dokumentsprache. Sie können für diesen Parameter <see cref="F:System.Guid.Empty" /> angeben, um einen beliebigen Compilerhersteller anzugeben.</param>
      <param name="documentType">Der Typ des Dokuments. Sie können für diesen Parameter <see cref="F:System.Guid.Empty" /> angeben, um einen beliebigen Dokumenttyp anzugeben.</param>
      <returns>Das Dokument mit der angegebenen URL, wenn dieses im Symbolspeicher gefunden wurde, oder null, wenn das Dokument nicht vorhanden ist.</returns>
    </member>
    <member name="M:System.Diagnostics.SymbolStore.SymReader.GetDocuments">
      <summary>Ruft ein Array aller im Symbolspeicher definierten Dokumente ab.</summary>
      <returns>Ein Array aller im Symbolspeicher definierten Dokumente.</returns>
      <exception cref="T:System.OutOfMemoryException">Es ist nicht genügend Arbeitsspeicher zum Erfüllen der Anforderung vorhanden.</exception>
    </member>
    <member name="M:System.Diagnostics.SymbolStore.SymReader.GetGlobalVariables">
      <summary>Löst in allen Fällen eine <see cref="T:System.NotSupportedException" /> aus.</summary>
      <returns>Löst in allen Fällen eine <see cref="T:System.NotSupportedException" /> aus.</returns>
      <exception cref="T:System.NotSupportedException">In allen Fällen.</exception>
    </member>
    <member name="M:System.Diagnostics.SymbolStore.SymReader.GetMethod(System.Diagnostics.SymbolStore.SymbolToken)">
      <summary>Ruft ein Methodenobjekt des Symbolreaders ab, wenn der Bezeichner einer Methode angegeben ist.</summary>
      <param name="method">Das Metadatentoken der Methode.</param>
      <returns>Das Methodenobjekt des Symbolreaders für den angegebenen Methodenbezeichner.</returns>
    </member>
    <member name="M:System.Diagnostics.SymbolStore.SymReader.GetMethod(System.Diagnostics.SymbolStore.SymbolToken,System.Int32)">
      <summary>Ruft ein Methodenobjekt des Symbolreaders ab, wenn der Bezeichner einer Methode sowie deren Version für Bearbeiten und Fortfahren angegeben ist.</summary>
      <param name="method">Das Metadatentoken der Methode.</param>
      <param name="version">Die Version für Bearbeiten und Fortfahren der Methode.</param>
      <returns>Das Methodenobjekt des Symbolreaders für den angegebenen Methodenbezeichner und die angegebene Version.</returns>
    </member>
    <member name="M:System.Diagnostics.SymbolStore.SymReader.GetMethodFromDocumentPosition(System.Diagnostics.SymbolStore.ISymbolDocument,System.Int32,System.Int32)">
      <summary>Ruft das Methodenobjekt des Symbolreaders ab, das eine angegebene Position in einem Dokument enthält.</summary>
      <param name="document">Das Dokument, in dem sich die Methode befindet.</param>
      <param name="line">Die Position der Zeile im Dokument. Die Zeilen sind fortlaufend nummeriert, beginnend mit 1.</param>
      <param name="column">Die Position der Spalte im Dokument. Die Spalten sind fortlaufend nummeriert, beginnend mit 1.</param>
      <returns>Das Methodenobjekt des Symbolreaders für die angegebene Position im Dokument.</returns>
    </member>
    <member name="M:System.Diagnostics.SymbolStore.SymReader.GetNamespaces">
      <summary>Löst in allen Fällen eine <see cref="T:System.NotSupportedException" /> aus.</summary>
      <returns>Löst in allen Fällen eine <see cref="T:System.NotSupportedException" /> aus.</returns>
      <exception cref="T:System.NotSupportedException">In allen Fällen.</exception>
    </member>
    <member name="M:System.Diagnostics.SymbolStore.SymReader.GetSymAttribute(System.Diagnostics.SymbolStore.SymbolToken,System.String)">
      <summary>Löst in allen Fällen eine <see cref="T:System.NotSupportedException" /> aus.</summary>
      <param name="parent">Dieser Parameter wird nicht verwendet.</param>
      <param name="name">Dieser Parameter wird nicht verwendet.</param>
      <returns>Löst in allen Fällen eine <see cref="T:System.NotSupportedException" /> aus.</returns>
      <exception cref="T:System.NotSupportedException">In allen Fällen.</exception>
    </member>
    <member name="M:System.Diagnostics.SymbolStore.SymReader.GetVariables(System.Diagnostics.SymbolStore.SymbolToken)">
      <summary>Löst in allen Fällen eine <see cref="T:System.NotSupportedException" /> aus.</summary>
      <param name="parent">Dieser Parameter wird nicht verwendet.</param>
      <returns>Löst in allen Fällen eine <see cref="T:System.NotSupportedException" /> aus.</returns>
      <exception cref="T:System.NotSupportedException">In allen Fällen.</exception>
    </member>
    <member name="M:System.Diagnostics.SymbolStore.SymReader.ReplaceSymbolStore(System.String,System.IntPtr)">
      <summary>Ersetzt den vorhandenen Symbolspeicher durch einen Deltasymbolspeicher.</summary>
      <param name="fileName">Der Name der Datei, die den Symbolspeicher enthält, oder null, wenn ein speicherinterner Datenspeicher verwendet wird.</param>
      <param name="stream">Der Zeiger auf den Eingabestream für den Symbolspeicher oder <see cref="F:System.IntPtr.Zero" />, wenn eine Speichereinheit auf der Festplatte verwendet wird.</param>
    </member>
    <member name="M:System.Diagnostics.SymbolStore.SymReader.UpdateSymbolStore(System.String,System.IntPtr)">
      <summary>Aktualisiert den vorhandenen Symbolspeicher mit einem Deltasymbolspeicher.</summary>
      <param name="fileName">Der Name der Datei, die den Symbolspeicher enthält, oder null, wenn ein speicherinterner Datenspeicher verwendet wird.</param>
      <param name="stream">Der Zeiger auf den Eingabestream für den Symbolspeicher oder <see cref="F:System.IntPtr.Zero" />, wenn eine Speichereinheit auf der Festplatte verwendet wird.</param>
    </member>
    <member name="M:System.Diagnostics.SymbolStore.SymReaderBase.#ctor">
      <summary>Initialisiert eine neue Instanz der <see cref="T:System.Diagnostics.SymbolStore.SymReaderBase" />-Klasse.</summary>
    </member>
    <member name="M:System.Diagnostics.SymbolStore.SymReaderBase.{dtor}">
      <summary>Gibt die von der aktuellen Instanz reservierten Ressourcen frei.</summary>
    </member>
    <member name="M:System.Diagnostics.SymbolStore.SymScope.Dispose">
      <summary>Gibt alle von der aktuellen Instanz der <see cref="T:System.Diagnostics.SymbolStore.SymScope" />-Klasse verwendeten Ressourcen frei.</summary>
    </member>
    <member name="M:System.Diagnostics.SymbolStore.SymScope.Dispose(System.Boolean)">
      <summary>Wird von der <see cref="M:System.Diagnostics.SymbolStore.SymScope.Dispose" />-Methode und der <see cref="M:System.Diagnostics.SymbolStore.SymScope.Finalize" />-Methode aufgerufen, um die verwalteten und nicht verwalteten von der aktuellen Instanz der <see cref="T:System.Diagnostics.SymbolStore.SymScope" />-Klasse verwendeten Ressourcen freizugeben.</summary>
      <param name="A_0">true, um verwaltete und nicht verwaltete Ressourcen freizugeben, false, um ausschließlich nicht verwaltete Ressourcen freizugeben.</param>
    </member>
    <member name="M:System.Diagnostics.SymbolStore.SymScope.Finalize">
      <summary>Gibt nicht verwaltete Ressourcen frei und führt andere Bereinigungsvorgänge durch, bevor die <see cref="T:System.Diagnostics.SymbolStore.SymScope" /> durch die Garbage Collection wieder zugänglich gemacht wird.</summary>
    </member>
    <member name="M:System.Diagnostics.SymbolStore.SymScope.GetChildren">
      <summary>Ruft die untergeordneten lexikalischen Gültigkeitsbereiche des aktuellen lexikalischen Gültigkeitsbereichs ab.</summary>
      <returns>Die vom aktuellen lexikalischen Gültigkeitsbereich eingeschlossenen lexikalischen Gültigkeitsbereiche.</returns>
      <exception cref="T:System.OutOfMemoryException">Es ist nicht genügend Arbeitsspeicher zum Erfüllen der Anforderung vorhanden.</exception>
    </member>
    <member name="M:System.Diagnostics.SymbolStore.SymScope.GetLocals">
      <summary>Ruft die lokalen Variablen im aktuellen lexikalischen Gültigkeitsbereich ab.</summary>
      <returns>Die lokalen Variablen im aktuellen lexikalischen Gültigkeitsbereich.</returns>
      <exception cref="T:System.OutOfMemoryException">Es ist nicht genügend Arbeitsspeicher zum Erfüllen der Anforderung vorhanden.</exception>
    </member>
    <member name="M:System.Diagnostics.SymbolStore.SymScope.GetNamespaces">
      <summary>Löst in allen Fällen eine <see cref="T:System.NotSupportedException" /> aus.</summary>
      <returns>Löst in allen Fällen eine <see cref="T:System.NotSupportedException" /> aus.</returns>
    </member>
    <member name="M:System.Diagnostics.SymbolStore.SymScopeBase.#ctor">
      <summary>Initialisiert eine neue Instanz der <see cref="T:System.Diagnostics.SymbolStore.SymScopeBase" />-Klasse.</summary>
    </member>
    <member name="M:System.Diagnostics.SymbolStore.SymScopeBase.{dtor}">
      <summary>Gibt die von der aktuellen Instanz reservierten Ressourcen frei.</summary>
    </member>
    <member name="M:System.Diagnostics.SymbolStore.SymVariable.Dispose">
      <summary>Gibt alle von der aktuellen Instanz der <see cref="T:System.Diagnostics.SymbolStore.SymVariable" />-Klasse verwendeten Ressourcen frei.</summary>
    </member>
    <member name="M:System.Diagnostics.SymbolStore.SymVariable.Dispose(System.Boolean)">
      <summary>Wird von der <see cref="M:System.Diagnostics.SymbolStore.SymVariable.Dispose" />-Methode und der <see cref="M:System.Diagnostics.SymbolStore.SymVariable.Finalize" />-Methode aufgerufen, um die verwalteten und nicht verwalteten von der aktuellen Instanz der <see cref="T:System.Diagnostics.SymbolStore.SymVariable" />-Klasse verwendeten Ressourcen freizugeben.</summary>
      <param name="A_0">true, um verwaltete und nicht verwaltete Ressourcen freizugeben, false, um ausschließlich nicht verwaltete Ressourcen freizugeben.</param>
    </member>
    <member name="M:System.Diagnostics.SymbolStore.SymVariable.Finalize">
      <summary>Gibt nicht verwaltete Ressourcen frei und führt andere Bereinigungsvorgänge durch, bevor die <see cref="T:System.Diagnostics.SymbolStore.SymVariable" /> durch die Garbage Collection wieder zugänglich gemacht wird.</summary>
    </member>
    <member name="M:System.Diagnostics.SymbolStore.SymVariable.GetSignature">
      <summary>Ruft die Variablensignatur ab.</summary>
      <returns>Die Variablensignatur als nicht transparenter BLOB.</returns>
    </member>
    <member name="M:System.Diagnostics.SymbolStore.SymVariableBase.#ctor">
      <summary>Initialisiert eine neue Instanz der <see cref="T:System.Diagnostics.SymbolStore.SymVariableBase" />-Klasse.</summary>
    </member>
    <member name="M:System.Diagnostics.SymbolStore.SymVariableBase.{dtor}">
      <summary>Gibt die von der aktuellen Instanz reservierten Ressourcen frei.</summary>
    </member>
    <member name="M:System.Diagnostics.SymbolStore.SymWriter.#ctor">
      <summary>Initialisiert eine neue Instanz der <see cref="T:System.Diagnostics.SymbolStore.SymWriter" />-Klasse.</summary>
    </member>
    <member name="M:System.Diagnostics.SymbolStore.SymWriter.#ctor(System.Boolean)">
      <summary>Initialisiert eine neue Instanz der <see cref="T:System.Diagnostics.SymbolStore.SymWriter" />-Klasse und gibt an, ob ein zugrunde liegender Symbolwriter erstellt werden soll.</summary>
      <param name="noUnderlyingWriter">true, wenn ein zugrunde liegender Symbolwriter durch den Aufruf der <see cref="M:System.Diagnostics.SymbolStore.SymWriter.SetUnderlyingWriter(System.IntPtr)" />-Methode bereitgestellt wird, false, wenn stattdessen ein standardmäßiger zugrunde liegender Symbolwriter erstellt werden soll.</param>
    </member>
    <member name="M:System.Diagnostics.SymbolStore.SymWriter.Close">
      <summary>Schließt den <see cref="T:System.Diagnostics.SymbolStore.SymWriter" /> und übergibt die Symbole an den Symbolspeicher.</summary>
    </member>
    <member name="M:System.Diagnostics.SymbolStore.SymWriter.CloseMethod">
      <summary>Schließt die aktuelle Methode.</summary>
    </member>
    <member name="M:System.Diagnostics.SymbolStore.SymWriter.CloseNamespace">
      <summary>Schließt den zuletzt verwendeten Namespace.</summary>
    </member>
    <member name="M:System.Diagnostics.SymbolStore.SymWriter.CloseScope(System.Int32)">
      <summary>Schließt den aktuellen lexikalischen Gültigkeitsbereich.</summary>
      <param name="endOffset">Der IL-Offset nach der letzten Anweisung im Gültigkeitsbereich.</param>
    </member>
    <member name="M:System.Diagnostics.SymbolStore.SymWriter.DefineDocument(System.String,System.Guid,System.Guid,System.Guid)">
      <summary>Definiert ein Quelldokument.</summary>
      <param name="url">Die URL, die das Dokument kennzeichnet.</param>
      <param name="language">Die Dokumentsprache. Dieser Parameter kann <see cref="F:System.Guid.Empty" /> sein.</param>
      <param name="languageVendor">Die Identität des Herstellers für die Dokumentsprache. Dieser Parameter kann <see cref="F:System.Guid.Empty" /> sein.</param>
      <param name="documentType">Der Typ des Dokuments. Dieser Parameter kann <see cref="F:System.Guid.Empty" /> sein.</param>
      <returns>Das <see cref="T:System.Diagnostics.SymbolStore.ISymbolDocumentWriter" />-Objekt, das das Dokument darstellt.</returns>
    </member>
    <member name="M:System.Diagnostics.SymbolStore.SymWriter.DefineField(System.Diagnostics.SymbolStore.SymbolToken,System.String,System.Reflection.FieldAttributes,System.Byte[],System.Diagnostics.SymbolStore.SymAddressKind,System.Int32,System.Int32,System.Int32)">
      <summary>Löst in allen Fällen eine <see cref="T:System.NotSupportedException" /> aus.</summary>
      <param name="parent">Dieser Parameter wird nicht verwendet.</param>
      <param name="name">Dieser Parameter wird nicht verwendet.</param>
      <param name="attributes">Dieser Parameter wird nicht verwendet.</param>
      <param name="signature">Dieser Parameter wird nicht verwendet.</param>
      <param name="addrKind">Dieser Parameter wird nicht verwendet.</param>
      <param name="addr1">Dieser Parameter wird nicht verwendet.</param>
      <param name="addr2">Dieser Parameter wird nicht verwendet.</param>
      <param name="addr3">Dieser Parameter wird nicht verwendet.</param>
      <exception cref="T:System.NotSupportedException">In allen Fällen.</exception>
    </member>
    <member name="M:System.Diagnostics.SymbolStore.SymWriter.DefineGlobalVariable(System.String,System.Reflection.FieldAttributes,System.Byte[],System.Diagnostics.SymbolStore.SymAddressKind,System.Int32,System.Int32,System.Int32)">
      <summary>Löst in allen Fällen eine <see cref="T:System.NotSupportedException" /> aus.</summary>
      <param name="name">Dieser Parameter wird nicht verwendet.</param>
      <param name="attributes">Dieser Parameter wird nicht verwendet.</param>
      <param name="signature">Dieser Parameter wird nicht verwendet.</param>
      <param name="addrKind">Dieser Parameter wird nicht verwendet.</param>
      <param name="addr1">Dieser Parameter wird nicht verwendet.</param>
      <param name="addr2">Dieser Parameter wird nicht verwendet.</param>
      <param name="addr3">Dieser Parameter wird nicht verwendet.</param>
      <exception cref="T:System.NotSupportedException">In allen Fällen.</exception>
    </member>
    <member name="M:System.Diagnostics.SymbolStore.SymWriter.DefineLocalVariable(System.String,System.Reflection.FieldAttributes,System.Byte[],System.Diagnostics.SymbolStore.SymAddressKind,System.Int32,System.Int32,System.Int32,System.Int32,System.Int32)">
      <summary>Definiert eine einzelne Variable im aktuellen lexikalischen Gültigkeitsbereich.</summary>
      <param name="name">Der Name der lokalen Variablen.</param>
      <param name="attributes">Die mit dem <see cref="T:System.Reflection.FieldAttributes" />-Enumerator angegebenen Attribute der lokalen Variablen.</param>
      <param name="signature">Die Signatur der lokalen Variablen.</param>
      <param name="addrKind">Die Adresstypen für <paramref name="addr1" />, <paramref name="addr2" /> und <paramref name="addr3" />, die <see cref="T:System.Diagnostics.SymbolStore.SymAddressKind" /> verwenden.</param>
      <param name="addr1">Die erste Adresse für die Angabe der lokalen Variablen.</param>
      <param name="addr2">Die zweite Adresse für die Angabe der lokalen Variablen.</param>
      <param name="addr3">Die dritte Adresse für die Angabe der lokalen Variablen.</param>
      <param name="startOffset">Der Anfangsoffset für die Variable. Wenn dieser Parameter 0 ist, wird er ignoriert, und die Variable wird für den gesamten Gültigkeitsbereich definiert. Wenn dessen Wert nicht 0 ist, liegt er innerhalb der Offsets des aktuellen Gültigkeitsbereichs.</param>
      <param name="endOffset">Der Endoffset für die Variable. Wenn dieser Parameter 0 ist, wird er ignoriert, und die Variable wird für den gesamten Gültigkeitsbereich definiert. Wenn dessen Wert nicht 0 ist, liegt er innerhalb der Offsets des aktuellen Gültigkeitsbereichs.</param>
    </member>
    <member name="M:System.Diagnostics.SymbolStore.SymWriter.DefineParameter(System.String,System.Reflection.ParameterAttributes,System.Int32,System.Diagnostics.SymbolStore.SymAddressKind,System.Int32,System.Int32,System.Int32)">
      <summary>Löst in allen Fällen eine <see cref="T:System.NotSupportedException" /> aus.</summary>
      <param name="name">Dieser Parameter wird nicht verwendet.</param>
      <param name="attributes">Dieser Parameter wird nicht verwendet.</param>
      <param name="sequence">Dieser Parameter wird nicht verwendet.</param>
      <param name="addrKind">Dieser Parameter wird nicht verwendet.</param>
      <param name="addr1">Dieser Parameter wird nicht verwendet.</param>
      <param name="addr2">Dieser Parameter wird nicht verwendet.</param>
      <param name="addr3">Dieser Parameter wird nicht verwendet.</param>
      <exception cref="T:System.NotSupportedException">In allen Fällen.</exception>
    </member>
    <member name="M:System.Diagnostics.SymbolStore.SymWriter.DefineSequencePoints(System.Diagnostics.SymbolStore.ISymbolDocumentWriter,System.Int32[],System.Int32[],System.Int32[],System.Int32[],System.Int32[])">
      <summary>Definiert eine Gruppe von Sequenzpunkten in der aktuellen Methode.</summary>
      <param name="document">Das Dokumentobjekt, für das die Sequenzpunkte definiert werden.</param>
      <param name="offsets">Der IL-Offset der Sequenzpunkte gemessen vom Anfang der Methode.</param>
      <param name="lines">Die Nummern der Anfangszeilen der Sequenzpunkte.</param>
      <param name="columns">Die Nummern der Anfangsspalten der Sequenzpunkte.</param>
      <param name="endLines">Die Nummern der Endzeilen der Sequenzpunkte.</param>
      <param name="endColumns">Die Nummern der Endspalten der Sequenzpunkte.</param>
    </member>
    <member name="M:System.Diagnostics.SymbolStore.SymWriter.Dispose">
      <summary>Gibt alle von der aktuellen Instanz der <see cref="T:System.Diagnostics.SymbolStore.SymWriter" />-Klasse verwendeten Ressourcen frei.</summary>
    </member>
    <member name="M:System.Diagnostics.SymbolStore.SymWriter.Dispose(System.Boolean)">
      <summary>Wird von der <see cref="M:System.Diagnostics.SymbolStore.SymWriter.Dispose" />-Methode und der <see cref="M:System.Diagnostics.SymbolStore.SymWriter.Finalize" />-Methode aufgerufen, um die verwalteten und nicht verwalteten von der aktuellen Instanz der <see cref="T:System.Diagnostics.SymbolStore.SymWriter" />-Klasse verwendeten Ressourcen freizugeben.</summary>
      <param name="A_0">true, um verwaltete und nicht verwaltete Ressourcen freizugeben, false, um ausschließlich nicht verwaltete Ressourcen freizugeben.</param>
    </member>
    <member name="M:System.Diagnostics.SymbolStore.SymWriter.Finalize">
      <summary>Gibt nicht verwaltete Ressourcen frei und führt andere Bereinigungsvorgänge durch, bevor die <see cref="T:System.Diagnostics.SymbolStore.SymWriter" /> durch die Garbage Collection wieder zugänglich gemacht wird.</summary>
    </member>
    <member name="M:System.Diagnostics.SymbolStore.SymWriter.Initialize(System.IntPtr,System.String,System.Boolean)">
      <summary>Legt die Metadatenemitter-Schnittstelle fest, die diesem Writer zugeordnet werden soll.</summary>
      <param name="emitter">Die Metadatenemitter-Schnittstelle.</param>
      <param name="filename">Der Name der Datei, für die Debugsymbole geschrieben werden. Nicht alle Writer verlangen einen Dateinamen. Wenn für einen Writer, der keine Dateinamen verwendet, ein Dateiname angegeben ist, wird dieser Parameter ignoriert.</param>
      <param name="fFullBuild">true gibt eine vollständige Neuerstellung, false eine inkrementelle Kompilierung an.</param>
    </member>
    <member name="M:System.Diagnostics.SymbolStore.SymWriter.InitWriter(System.Boolean)">
      <summary>Initialisiert den Symbolwriter. Diese Methode sollte nicht direkt aufgerufen werden. Sie wird vom Konstruktor aufgerufen.</summary>
      <param name="noUnderlyingWriter">true, wenn ein zugrunde liegender Symbolwriter durch den Aufruf der <see cref="M:System.Diagnostics.SymbolStore.SymWriter.SetUnderlyingWriter(System.IntPtr)" />-Methode bereitgestellt wird, false, wenn stattdessen ein standardmäßiger zugrunde liegender Symbolwriter erstellt werden soll.</param>
    </member>
    <member name="M:System.Diagnostics.SymbolStore.SymWriter.OpenMethod(System.Diagnostics.SymbolStore.SymbolToken)">
      <summary>Öffnet eine Methode, in der Symbolinformationen platziert werden sollen.</summary>
      <param name="method">Das Metadatentoken für die zu öffnende Methode.</param>
    </member>
    <member name="M:System.Diagnostics.SymbolStore.SymWriter.OpenNamespace(System.String)">
      <summary>Öffnet einen neuen Namespace.</summary>
      <param name="name">Der Name des neuen Namespaces.</param>
    </member>
    <member name="M:System.Diagnostics.SymbolStore.SymWriter.OpenScope(System.Int32)">
      <summary>Öffnet einen neuen lexikalischen Gültigkeitsbereich in der aktuellen Methode.</summary>
      <param name="startOffset">Der IL-Offset in Bytes vom Anfang der Methode zur ersten Anweisung im lexikalischen Gültigkeitsbereich.</param>
      <returns>Ein nicht transparenter Bezeichner für einen Gültigkeitsbereich zur Verwendung mit <see cref="M:System.Diagnostics.SymbolStore.SymWriter.SetScopeRange(System.Int32,System.Int32,System.Int32)" />, um die Anfangs- und Endoffsets eines Gültigkeitsbereichs zu einem späteren Zeitpunkt zu definieren. In diesem Fall werden die an <see cref="M:System.Diagnostics.SymbolStore.SymWriter.OpenScope(System.Int32)" /> und <see cref="M:System.Diagnostics.SymbolStore.SymWriter.CloseScope(System.Int32)" /> übergebenen Offsets ignoriert. Ein Bezeichner für einen Gültigkeitsbereich ist nur innerhalb der aktuellen Methode gültig.</returns>
    </member>
    <member name="M:System.Diagnostics.SymbolStore.SymWriter.SetMethodSourceRange(System.Diagnostics.SymbolStore.ISymbolDocumentWriter,System.Int32,System.Int32,System.Diagnostics.SymbolStore.ISymbolDocumentWriter,System.Int32,System.Int32)">
      <summary>Löst in allen Fällen eine <see cref="T:System.NotSupportedException" /> aus.</summary>
      <param name="startDoc">Dieser Parameter wird nicht verwendet.</param>
      <param name="startLine">Dieser Parameter wird nicht verwendet.</param>
      <param name="startColumn">Dieser Parameter wird nicht verwendet.</param>
      <param name="endDoc">Dieser Parameter wird nicht verwendet.</param>
      <param name="endLine">Dieser Parameter wird nicht verwendet.</param>
      <param name="endColumn">Dieser Parameter wird nicht verwendet.</param>
      <exception cref="T:System.NotSupportedException">In allen Fällen.</exception>
    </member>
    <member name="M:System.Diagnostics.SymbolStore.SymWriter.SetScopeRange(System.Int32,System.Int32,System.Int32)">
      <summary>Definiert den Offsetbereich für den angegebenen lexikalischen Gültigkeitsbereich.</summary>
      <param name="scopeID">Der Bezeichner des lexikalischen Gültigkeitsbereichs, der von der <see cref="M:System.Diagnostics.SymbolStore.SymWriter.OpenScope(System.Int32)" />-Methode zurückgegeben wurde.</param>
      <param name="startOffset">Der IL-Offset des Anfangs des lexikalischen Gültigkeitsbereichs.</param>
      <param name="endOffset">Der IL-Offset des Endes des lexikalischen Gültigkeitsbereichs.</param>
    </member>
    <member name="M:System.Diagnostics.SymbolStore.SymWriter.SetSymAttribute(System.Diagnostics.SymbolStore.SymbolToken,System.String,System.Byte[])">
      <summary>Definiert ein Attribut, wenn Attributname und Attributwert angegeben sind.</summary>
      <param name="parent">Das Metadatentoken, für das das Attribut definiert wird.</param>
      <param name="name">Der Attributname.</param>
      <param name="data">Der Attributwert.</param>
    </member>
    <member name="M:System.Diagnostics.SymbolStore.SymWriter.SetUnderlyingWriter(System.IntPtr)">
      <summary>Legt die zugrunde liegende ISymUnmanagedWriter-Schnittstelle-Schnittstelle (die entsprechende nicht verwaltete API) fest, die von einem verwalteten <see cref="T:System.Diagnostics.SymbolStore.SymWriter" /> für die Ausgabe von Symbolen verwendet wird.</summary>
      <param name="underlyingWriter">Ein Zeiger für Code vom Typ <see cref="T:System.IntPtr" />, der der zugrunde liegende Writer ist.</param>
    </member>
    <member name="M:System.Diagnostics.SymbolStore.SymWriter.SetUserEntryPoint(System.Diagnostics.SymbolStore.SymbolToken)">
      <summary>Kennzeichnet die benutzerdefinierte Methode als Einstiegspunkt für das aktuelle Modul.</summary>
      <param name="entryMethod">Das Metadatentoken für die Methode, die der benutzerdefinierte Einstiegspunkt ist.</param>
    </member>
    <member name="M:System.Diagnostics.SymbolStore.SymWriter.UsingNamespace(System.String)">
      <summary>Gibt an, dass der angegebene voll gekennzeichnete Name des Namespaces im geöffneten lexikalischen Gültigkeitsbereich verwendet wird.</summary>
      <param name="fullName">Der voll gekennzeichnete Name des Namespaces.</param>
    </member>
    <member name="M:System.Diagnostics.SymbolStore.SymWriterBase.#ctor">
      <summary>Initialisiert eine neue Instanz der <see cref="T:System.Diagnostics.SymbolStore.SymWriterBase" />-Klasse.</summary>
    </member>
    <member name="M:System.Diagnostics.SymbolStore.SymWriterBase.{dtor}">
      <summary>Gibt die von der aktuellen Instanz reservierten Ressourcen frei.</summary>
    </member>
    <member name="P:System.Diagnostics.SymbolStore.SymDocument.CheckSumAlgorithmId">
      <summary>Löst in allen Fällen eine <see cref="T:System.NotSupportedException" /> aus.</summary>
      <returns>In allen Fällen <see cref="T:System.NotSupportedException" />.</returns>
      <exception cref="T:System.NotSupportedException">In allen Fällen.</exception>
    </member>
    <member name="P:System.Diagnostics.SymbolStore.SymDocument.DocumentType">
      <summary>Ruft den Typ des aktuellen Dokuments ab.</summary>
      <returns>Der Typ des aktuellen Dokuments.</returns>
    </member>
    <member name="P:System.Diagnostics.SymbolStore.SymDocument.HasEmbeddedSource">
      <summary>Gibt an, ob die Quelle für das aktuelle Dokument im Symbolspeicher gespeichert ist.</summary>
      <returns>true, wenn die Quelle für das aktuelle Dokument im Symbolspeicher gespeichert ist, andernfalls false.</returns>
    </member>
    <member name="P:System.Diagnostics.SymbolStore.SymDocument.Language">
      <summary>Ruft die Sprache des aktuellen Dokuments ab.</summary>
      <returns>Eine <see cref="T:System.Guid" />, die die Sprache des aktuellen Dokuments darstellt.</returns>
    </member>
    <member name="P:System.Diagnostics.SymbolStore.SymDocument.LanguageVendor">
      <summary>Ruft den Compilerhersteller des aktuellen Dokuments ab.</summary>
      <returns>Eine <see cref="T:System.Guid" />, die den Compilerhersteller des aktuellen Dokuments darstellt.</returns>
    </member>
    <member name="P:System.Diagnostics.SymbolStore.SymDocument.SourceLength">
      <summary>Ruft die Länge der eingebetteten Quelle in Byte ab.</summary>
      <returns>Die Länge der Quelle des aktuellen Dokuments.</returns>
    </member>
    <member name="P:System.Diagnostics.SymbolStore.SymDocument.URL">
      <summary>Ruft die URL des aktuellen Dokuments ab.</summary>
      <returns>Die URL des aktuellen Dokuments.</returns>
    </member>
    <member name="P:System.Diagnostics.SymbolStore.SymMethod.RootScope">
      <summary>Ruft den lexikalischen Stammgültigkeitsbereich für die aktuelle Methode ab. Dieser Gültigkeitsbereich umfasst die gesamte Methode.</summary>
      <returns>Der lexikalische Stammgültigkeitsbereich, der die gesamte Methode einschließt.</returns>
    </member>
    <member name="P:System.Diagnostics.SymbolStore.SymMethod.SequencePointCount">
      <summary>Ruft die Anzahl der Sequenzpunkte in der Methode ab.</summary>
      <returns>Die Anzahl der Sequenzpunkte in der Methode.</returns>
    </member>
    <member name="P:System.Diagnostics.SymbolStore.SymMethod.Token">
      <summary>Ruft das <see cref="T:System.Diagnostics.SymbolStore.SymbolToken" /> mit den Metadaten für die aktuelle Methode ab.</summary>
      <returns>Das Metadatentoken für die aktuelle Methode.</returns>
    </member>
    <member name="P:System.Diagnostics.SymbolStore.SymReader.UserEntryPoint">
      <summary>Ruft das Metadatentoken für die Methode ab, die als benutzerdefinierter Einstiegspunkt für das ggf. vorhandene Modul angegeben wurde.</summary>
      <returns>Das Metadatentoken für die Methode, die der benutzerdefinierte Einstiegspunkt für das Modul ist.</returns>
      <exception cref="T:System.Runtime.InteropServices.COMException">Ein Einstiegspunkt wurde nicht gefunden.</exception>
    </member>
    <member name="P:System.Diagnostics.SymbolStore.SymScope.EndOffset">
      <summary>Ruft den Endoffset des aktuellen lexikalischen Gültigkeitsbereichs ab.</summary>
      <returns>Der MSIL-Offset (Microsoft Intermediate Language) am Ende. Der Offset vom Anfang der Methode des aktuellen lexikalischen Gültigkeitsbereichs.</returns>
    </member>
    <member name="P:System.Diagnostics.SymbolStore.SymScope.Method">
      <summary>Ruft die Methode ab, die den aktuellen lexikalischen Gültigkeitsbereich enthält.</summary>
      <returns>Die Methode, die den aktuellen lexikalischen Gültigkeitsbereich enthält.</returns>
    </member>
    <member name="P:System.Diagnostics.SymbolStore.SymScope.Parent">
      <summary>Ruft den übergeordneten lexikalischen Gültigkeitsbereich des aktuellen Gültigkeitsbereichs ab.</summary>
      <returns>Der umfassende lexikalische Gültigkeitsbereich des aktuellen Gültigkeitsbereichs.</returns>
    </member>
    <member name="P:System.Diagnostics.SymbolStore.SymScope.StartOffset">
      <summary>Ruft den Anfangsoffset des aktuellen lexikalischen Gültigkeitsbereichs ab.</summary>
      <returns>Der MSIL-Offset (Microsoft Intermediate Language) am Anfang. Der Offset vom Anfang der Methode des aktuellen lexikalischen Gültigkeitsbereichs.</returns>
    </member>
    <member name="P:System.Diagnostics.SymbolStore.SymVariable.AddressField1">
      <summary>Ruft die erste Adresse einer Variablen ab.</summary>
      <returns>Die erste Adresse der Variablen.</returns>
    </member>
    <member name="P:System.Diagnostics.SymbolStore.SymVariable.AddressField2">
      <summary>Ruft die zweite Adresse einer Variablen ab.</summary>
      <returns>Die zweite Adresse der Variablen.</returns>
    </member>
    <member name="P:System.Diagnostics.SymbolStore.SymVariable.AddressField3">
      <summary>Ruft die dritte Adresse einer Variablen ab.</summary>
      <returns>Die dritte Adresse der Variablen.</returns>
    </member>
    <member name="P:System.Diagnostics.SymbolStore.SymVariable.AddressKind">
      <summary>Ruft den <see cref="T:System.Diagnostics.SymbolStore.SymAddressKind" />-Wert ab, der den Typ der Adresse beschreibt.</summary>
      <returns>Der Typ der Adresse. Einer der <see cref="T:System.Diagnostics.SymbolStore.SymAddressKind" />-Werte.</returns>
      <exception cref="T:System.ArgumentException">
        <see cref="T:System.Diagnostics.SymbolStore.SymAddressKind" /> unbekannt.</exception>
    </member>
    <member name="P:System.Diagnostics.SymbolStore.SymVariable.Attributes">
      <summary>Ruft die Attribute der Variablen ab.</summary>
      <returns>Die Attribute der Variablen.</returns>
    </member>
    <member name="P:System.Diagnostics.SymbolStore.SymVariable.EndOffset">
      <summary>Ruft den Endoffset einer Variablen im Gültigkeitsbereich der Variablen ab.</summary>
      <returns>Der Endoffset der Variablen.</returns>
    </member>
    <member name="P:System.Diagnostics.SymbolStore.SymVariable.Name">
      <summary>Ruft den Namen der Variablen ab.</summary>
      <returns>Der Name der Variablen.</returns>
    </member>
    <member name="P:System.Diagnostics.SymbolStore.SymVariable.StartOffset">
      <summary>Ruft den Anfangsoffset der Variablen im Gültigkeitsbereich der Variablen ab.</summary>
      <returns>Der Anfangsoffset der Variablen.</returns>
    </member>
    <member name="T:System.Diagnostics.SymbolStore.SymBinder">
      <summary>Stellt einen Symbolbinder für verwalteten Code dar.</summary>
    </member>
    <member name="T:System.Diagnostics.SymbolStore.SymBinderBase">
      <summary>Definiert das Kernverhalten der <see cref="T:System.Diagnostics.SymbolStore.SymBinder" />-Klasse.</summary>
    </member>
    <member name="T:System.Diagnostics.SymbolStore.SymDocument">
      <summary>Stellt ein Dokument dar, auf das von einem Symbolspeicher verwiesen wird.</summary>
    </member>
    <member name="T:System.Diagnostics.SymbolStore.SymDocumentBase">
      <summary>Definiert das Kernverhalten der <see cref="T:System.Diagnostics.SymbolStore.SymDocument" />-Klasse.</summary>
    </member>
    <member name="T:System.Diagnostics.SymbolStore.SymDocumentWriter">
      <summary>Stellt Methoden zum Schreiben in ein Dokument bereit, auf das ein Symbolspeicher verweist.</summary>
    </member>
    <member name="T:System.Diagnostics.SymbolStore.SymDocumentWriterBase">
      <summary>Definiert das Kernverhalten der <see cref="T:System.Diagnostics.SymbolStore.SymDocumentWriter" />-Klasse.</summary>
    </member>
    <member name="T:System.Diagnostics.SymbolStore.SymMethod">
      <summary>Stellt eine Methode in einem Symbolspeicher dar.</summary>
    </member>
    <member name="T:System.Diagnostics.SymbolStore.SymMethodBase">
      <summary>Definiert das Kernverhalten der <see cref="T:System.Diagnostics.SymbolStore.SymMethod" />-Klasse.</summary>
    </member>
    <member name="T:System.Diagnostics.SymbolStore.SymReader">
      <summary>Bietet Zugriff auf Dokumente, Methoden und Variablen in einem Symbolspeicher.</summary>
    </member>
    <member name="T:System.Diagnostics.SymbolStore.SymReaderBase">
      <summary>Definiert das Kernverhalten der <see cref="T:System.Diagnostics.SymbolStore.SymReader" />-Klasse.</summary>
    </member>
    <member name="T:System.Diagnostics.SymbolStore.SymScope">
      <summary>Stellt einen lexikalischen Gültigkeitsbereich in <see cref="T:System.Diagnostics.SymbolStore.SymMethod" /> dar, der Zugriff auf den Anfangs- und den Endoffset des Gültigkeitsbereichs sowie auf die zugehörigen untergeordneten und übergeordneten Gültigkeitsbereiche bietet.</summary>
    </member>
    <member name="T:System.Diagnostics.SymbolStore.SymScopeBase">
      <summary>Definiert das Kernverhalten der <see cref="T:System.Diagnostics.SymbolStore.SymScope" />-Klasse.</summary>
    </member>
    <member name="T:System.Diagnostics.SymbolStore.SymVariable">
      <summary>Stellt eine Variable in einem Symbolspeicher dar.</summary>
    </member>
    <member name="T:System.Diagnostics.SymbolStore.SymVariableBase">
      <summary>Definiert das Kernverhalten der <see cref="T:System.Diagnostics.SymbolStore.SymVariable" />-Klasse.</summary>
    </member>
    <member name="T:System.Diagnostics.SymbolStore.SymWriter">
      <summary>Stellt einen Symbolwriter für verwalteten Code dar.</summary>
    </member>
    <member name="T:System.Diagnostics.SymbolStore.SymWriterBase">
      <summary>Definiert das Kernverhalten der <see cref="T:System.Diagnostics.SymbolStore.SymWriter" />-Klasse.</summary>
    </member>
  </members>
</doc>