﻿<?xml version="1.0" encoding="utf-8"?>
<doc>
  <assembly>
    <name>Microsoft.Activities.Build</name>
  </assembly>
  <members>
    <member name="M:Microsoft.Activities.Build.Debugger.DebugBuildExtension.#ctor">
      <summary>Initialisiert eine neue Instanz der <see cref="T:Microsoft.Activities.Build.Debugger.DebugBuildExtension" />-Klasse.</summary>
    </member>
    <member name="M:Microsoft.Activities.Build.Debugger.DebugBuildExtension.Execute(Microsoft.Build.Tasks.Xaml.ClassData,Microsoft.Build.Tasks.Xaml.XamlBuildTypeGenerationExtensionContext)">
      <summary>Gibt an, ob das Debug-Symbol mit der angegebenen Prüfsumme aktualisiert.</summary>
      <param name="classData">Klassen-Daten die Prüfsumme hinzufügen.</param>
      <param name="buildContext">Der buildkontext</param>
      <returns>True Wenn Sie das Debug-Symbol mit der angegebenen Prüfsumme aktualisiert. andernfalls false.</returns>
    </member>
    <member name="M:Microsoft.Activities.Build.Expressions.ExpressionsBuildExtension.#ctor">
      <summary>Initialisiert eine neue Instanz der <see cref="T:Microsoft.Activities.Build.Expressions.ExpressionsBuildExtension" />-Klasse.</summary>
    </member>
    <member name="M:Microsoft.Activities.Build.Expressions.ExpressionsBuildExtension.Execute(Microsoft.Build.Tasks.Xaml.XamlBuildTypeInspectionExtensionContext)">
      <summary>Gibt an, ob die Erweiterung Ausdrücke erstellen, mit dem angegebenen Kontext ausgeführt wird.</summary>
      <param name="buildContext">Der Kontext für den builderweiterungen.</param>
      <returns>True die Ausdrücke erstellen, Erweiterung mit der angegebenen Kontext ausgeführt wird; andernfalls false.</returns>
    </member>
    <member name="M:Microsoft.Activities.Build.Validation.DeferredValidationTask.#ctor">
      <summary>Initialisiert eine neue Instanz der <see cref="T:Microsoft.Activities.Build.Validation.DeferredValidationTask" />-Klasse.</summary>
    </member>
    <member name="M:Microsoft.Activities.Build.Validation.DeferredValidationTask.Execute">
      <summary>Führt <see cref="T:Microsoft.Activities.Build.Validation.DeferredValidationTask" /> aus.</summary>
      <returns>Das Ergebnis der Überprüfung.</returns>
    </member>
    <member name="M:Microsoft.Activities.Build.Validation.ReportDeferredValidationErrorsTask.#ctor">
      <summary>Initialisiert eine neue Instanz der <see cref="T:Microsoft.Activities.Build.Validation.ReportDeferredValidationErrorsTask" />-Klasse.</summary>
    </member>
    <member name="M:Microsoft.Activities.Build.Validation.ReportDeferredValidationErrorsTask.Execute">
      <summary>Führt <see cref="T:Microsoft.Activities.Build.Validation.ReportDeferredValidationErrorsTask" /> aus.</summary>
      <returns>Das Ergebnis der Ausführung.</returns>
    </member>
    <member name="M:Microsoft.Activities.Build.WorkflowBuildMessageTask.#ctor">
      <summary>Initialisiert eine neue Instanz der <see cref="T:Microsoft.Activities.Build.WorkflowBuildMessageTask" />-Klasse.</summary>
    </member>
    <member name="M:Microsoft.Activities.Build.WorkflowBuildMessageTask.Execute">
      <summary>Gibt an, ob der Workflow Build Message-Aufgabe ausgeführt wird.</summary>
      <returns>True Erstellen Sie den Workflow Message-Aufgabe wird ausgeführt; andernfalls false.</returns>
    </member>
    <member name="P:Microsoft.Activities.Build.Validation.DeferredValidationTask.DeferredValidationErrorsFilePath">
      <summary>Ruft ab oder legt den Speicherort der Validierung Aufschub fest.</summary>
      <returns>Der Speicherort der Überprüfung auf verschoben werden.</returns>
    </member>
    <member name="P:Microsoft.Activities.Build.Validation.ReportDeferredValidationErrorsTask.DeferredValidationErrorsFilePath">
      <summary>Ruft ab oder legt den Speicherort, in dem der verzögerte Validierungsfehler gefunden wurden.</summary>
      <returns>Der Speicherort, in dem der verzögerte Validierungsfehler gefunden wurden.</returns>
    </member>
    <member name="P:Microsoft.Activities.Build.WorkflowBuildMessageTask.MessageType">
      <summary>Ruft ab oder legt den Nachrichtentyp fest.</summary>
      <returns>Der Meldungstyp.</returns>
    </member>
    <member name="P:Microsoft.Activities.Build.WorkflowBuildMessageTask.ResourceName">
      <summary>Ruft ab oder legt den Namen der Ressource.</summary>
      <returns>Name der Ressource.</returns>
    </member>
    <member name="T:Microsoft.Activities.Build.Debugger.DebugBuildExtension">
      <summary> Erstellen einer Erweiterung für Workflow-Debugger-Support.</summary>
    </member>
    <member name="T:Microsoft.Activities.Build.Expressions.ExpressionsBuildExtension">
      <summary>Gibt Informationen über die Erweiterung der Ausdrücke erstellen.</summary>
    </member>
    <member name="T:Microsoft.Activities.Build.Validation.DeferredValidationTask">
      <summary>Repräsentiert eine Aufgabe für das Verschieben der Validierung.</summary>
    </member>
    <member name="T:Microsoft.Activities.Build.Validation.ReportDeferredValidationErrorsTask">
      <summary>Repräsentiert eine Aufgabe, die verzögerte Validierungsfehler gemeldet.</summary>
    </member>
    <member name="T:Microsoft.Activities.Build.WorkflowBuildMessageTask">
      <summary>Gibt Informationen über die Message-Aufgabe für Workflow erstellen.</summary>
    </member>
  </members>
</doc>