﻿<?xml version="1.0" encoding="utf-8"?>
<doc>
  <assembly>
    <name>Microsoft.Build.Conversion.v4.0</name>
  </assembly>
  <members>
    <member name="M:Microsoft.Build.Conversion.ProjectFileConverter.#ctor">
      <summary>Initialisiert eine neue Instanz der <see cref="T:Microsoft.Build.Conversion.ProjectFileConverter" />-Klasse.</summary>
    </member>
    <member name="M:Microsoft.Build.Conversion.ProjectFileConverter.Convert">
      <summary>Konvertiert das über die <see cref="P:Microsoft.Build.Conversion.ProjectFileConverter.OldProjectFile" />-Eigenschaft angegebene Projekt und speichert es in der Datei, die in der <see cref="P:Microsoft.Build.Conversion.ProjectFileConverter.NewProjectFile" />-Eigenschaft angegeben ist.</summary>
    </member>
    <member name="M:Microsoft.Build.Conversion.ProjectFileConverter.Convert(Microsoft.Build.BuildEngine.ProjectLoadSettings)">
      <summary>Konvertiert das über die <see cref="P:Microsoft.Build.Conversion.ProjectFileConverter.OldProjectFile" />-Eigenschaft angegebene Projekt und speichert es in der Datei, die in der <see cref="P:Microsoft.Build.Conversion.ProjectFileConverter.NewProjectFile" />-Eigenschaft angegeben ist.</summary>
      <param name="projectLoadSettings">Ein <see cref="T:Microsoft.Build.BuildEngine.ProjectLoadSettings" />-Flag, das bestimmt, ob das Projekt beim Laden nicht vorhandene TARGET-Dateien ignoriert.</param>
    </member>
    <member name="M:Microsoft.Build.Conversion.ProjectFileConverter.Convert(System.String)">
      <summary>Dies ist die Einstiegspunktmethode, die die Konvertierung des Projektdateiformats ausführt. Diese Methode überschreibt „newProjectFile“, sofern diese bereits vorhanden ist. Daher muss der Aufrufer dieser Methode vom Benutzer bestätigen lassen, dass er exakt diesen Schritt ausführen möchte.</summary>
      <param name="msbuildBinPath">Der vollqualifizierte Pfad zur Datei „MSBuild.exe“.</param>
    </member>
    <member name="M:Microsoft.Build.Conversion.ProjectFileConverter.ConvertInMemory">
      <summary>Erstellt ein neues Projekt im Arbeitsspeicher aus der <see cref="P:Microsoft.Build.Conversion.ProjectFileConverter.OldProjectFile" />.</summary>
      <returns>Gibt das konvertierte <see cref="T:Microsoft.Build.BuildEngine.Project" /> zurück.</returns>
    </member>
    <member name="M:Microsoft.Build.Conversion.ProjectFileConverter.ConvertInMemory(Microsoft.Build.BuildEngine.Engine)">
      <summary>Erstellt ein neues Projekt im Arbeitsspeicher aus der <see cref="P:Microsoft.Build.Conversion.ProjectFileConverter.OldProjectFile" />.</summary>
      <param name="engine">Das <see cref="T:Microsoft.Build.BuildEngine.Engine" />-Objekt, in dem das neue Projekt erstellt werden soll.</param>
      <returns>Gibt das konvertierte <see cref="T:Microsoft.Build.BuildEngine.Project" /> zurück.</returns>
    </member>
    <member name="M:Microsoft.Build.Conversion.ProjectFileConverter.ConvertInMemory(Microsoft.Build.BuildEngine.Engine,Microsoft.Build.BuildEngine.ProjectLoadSettings)">
      <summary>Dies ist die Einstiegspunktmethode, die die Konvertierung des Projektdateiformats ausführt. Diese Methode erstellt einfach ein neues MSBuild-Projekt-Objekt im Arbeitsspeicher, anstatt zu versuchen, es auf den Datenträger zu schreiben.</summary>
      <param name="engine">Das <see cref="T:Microsoft.Build.BuildEngine.Engine" />-Objekt, in dem das neue Projekt erstellt werden soll.</param>
      <param name="projectLoadSettings">Ein <see cref="T:Microsoft.Build.BuildEngine.ProjectLoadSettings" />-Flag, das bestimmt, ob das Projekt beim Laden nicht vorhandene TARGET-Dateien ignoriert.</param>
      <returns>Gibt das konvertierte <see cref="T:Microsoft.Build.BuildEngine.Project" /> zurück.</returns>
    </member>
    <member name="M:Microsoft.Build.Conversion.ProjectFileConverter.FSharpSpecificConversions(System.Boolean)">
      <summary>Führt bestimmte Konvertierungen zu F#-Projekten (VS2008 CTP -&gt; VS2012) und (VS2010 -&gt; VS2012). Dies umfasst: Ändern des Speicherorts der FSharp-Ziele und 2008CTP, explizite Mscorlib und FSharp.Core Verweise hinzufügen.</summary>
      <param name="actuallyMakeChanges">Bei "true" vornehmen, andernfalls nicht tatsächlich ändern, aber gibt zurück, ob Sie die Änderungen vornehmen würde</param>
      <returns>Gibt True zurück, wenn nichts wurde (wäre) geändert, false andernfalls.</returns>
    </member>
    <member name="P:Microsoft.Build.Conversion.ProjectFileConverter.ConversionSkippedBecauseProjectAlreadyConverted">
      <summary>Ruft einen Wert ab, der angibt, ob die letzte versuchte Konvertierung übersprungen wurde, weil die Projektdatei bereits im aktuellen Format ist.</summary>
      <returns>true, wenn die letzte versuchte Konvertierung übersprungen wurde, weil die Projektdatei bereits im aktuellen Format ist, andernfalls false.</returns>
    </member>
    <member name="P:Microsoft.Build.Conversion.ProjectFileConverter.ConversionWarnings">
      <summary>Ruft eine Liste der bei der Konvertierung generierten Warnungen ab.</summary>
      <returns>Ein Zeichenfolgenarray, das bei der Konvertierung generierte Warnungen enthält.</returns>
    </member>
    <member name="P:Microsoft.Build.Conversion.ProjectFileConverter.IsUserFile">
      <summary>Ruft einen Wert ab, der angibt, ob die zu konvertierende Projektdatei eine USER-Datei ist, oder legt diesen Wert fest.</summary>
      <returns>true, wenn die zu konvertierende Projektdatei eine USER-Datei ist, andernfalls false.</returns>
    </member>
    <member name="P:Microsoft.Build.Conversion.ProjectFileConverter.NewProjectFile">
      <summary>Ruft den neuen Projektdateinamen ab oder legt ihn fest.</summary>
      <returns>Eine Zeichenfolge, die den Namen der neuen Projektdatei darstellt.</returns>
    </member>
    <member name="P:Microsoft.Build.Conversion.ProjectFileConverter.OldProjectFile">
      <summary>Ruft den alten Projektdateinamen ab oder legt ihn fest.</summary>
      <returns>Der alte Projektdateiname.</returns>
    </member>
    <member name="P:Microsoft.Build.Conversion.ProjectFileConverter.SolutionFile">
      <summary>Ruft den Namen der Projektmappendatei, die das konvertierte Projekt enthält, ab oder legt diesen fest.</summary>
      <returns>Der Name der Projektmappendatei, die das konvertierte Projekt enthält.</returns>
    </member>
    <member name="T:Microsoft.Build.Conversion.ProjectFileConverter">
      <summary>Konvertiert eine Visual Studio-Projektdatei in das Visual Studio 2010-Projektdateiformat. </summary>
    </member>
  </members>
</doc>