﻿<?xml version="1.0" encoding="utf-8"?>
<doc>
  <assembly>
    <name>Microsoft.VisualC</name>
  </assembly>
  <members>
    <member name="F:Microsoft.VisualC.MiscellaneousBitsAttribute.m_dwAttrs">
      <summary>Eine Bitmaske, die Informationen über einen Typ enthält.</summary>
    </member>
    <member name="M:Microsoft.VisualC.DebugInfoInPDBAttribute.#ctor">
      <summary>Initialisiert eine neue Instanz der <see cref="T:Microsoft.VisualC.DebugInfoInPDBAttribute" />-Klasse.</summary>
    </member>
    <member name="M:Microsoft.VisualC.DecoratedNameAttribute.#ctor">
      <summary>Initialisiert eine neue Instanz der <see cref="T:Microsoft.VisualC.DecoratedNameAttribute" />-Klasse.</summary>
    </member>
    <member name="M:Microsoft.VisualC.DecoratedNameAttribute.#ctor(System.String)">
      <summary>Initialisiert eine neue Instanz der <see cref="T:Microsoft.VisualC.DecoratedNameAttribute" /> -Klasse unter Verwendung des ergänzten Namens.</summary>
      <param name="decoratedName">Der ergänzte Name einer Methode.</param>
    </member>
    <member name="M:Microsoft.VisualC.IsConstModifier.#ctor">
      <summary>Konstruktor.</summary>
    </member>
    <member name="M:Microsoft.VisualC.IsCXXReferenceModifier.#ctor">
      <summary>Konstruktor.</summary>
    </member>
    <member name="M:Microsoft.VisualC.IsLongModifier.#ctor">
      <summary>Konstruktor.</summary>
    </member>
    <member name="M:Microsoft.VisualC.IsSignedModifier.#ctor">
      <summary>Konstruktor.</summary>
    </member>
    <member name="M:Microsoft.VisualC.IsVolatileModifier.#ctor">
      <summary>Konstruktor.</summary>
    </member>
    <member name="M:Microsoft.VisualC.MiscellaneousBitsAttribute.#ctor(System.Int32)">
      <summary>Initialisiert eine neue Instanz der <see cref="T:Microsoft.VisualC.MiscellaneousBitsAttribute" /> -Klasse unter Verwendung der angegebenen Bitmaske.</summary>
      <param name="miscellaneousBits">Eine Bitmaske, die Informationen über einen Typ enthält.</param>
    </member>
    <member name="M:Microsoft.VisualC.NeedsCopyConstructorModifier.#ctor">
      <summary>Initialisiert eine neue Instanz der <see cref="T:Microsoft.VisualC.NeedsCopyConstructorModifier" />-Klasse.</summary>
    </member>
    <member name="M:Microsoft.VisualC.NoSignSpecifiedModifier.#ctor">
      <summary>Konstruktor.</summary>
    </member>
    <member name="T:Microsoft.VisualC.DebugInfoInPDBAttribute">
      <summary>Ein Attribut auf native Klassen, die den Debugger nach Feldinformationen in die PDB-Datei nicht in Metadaten informiert.</summary>
    </member>
    <member name="T:Microsoft.VisualC.DecoratedNameAttribute">
      <summary>Ein Attribut vom Compiler verwendet wird, um den ergänzten Namen einer Methode an den Linker übergeben.</summary>
    </member>
    <member name="T:Microsoft.VisualC.IsConstModifier">
      <summary>Ist const-Modifizierer.</summary>
    </member>
    <member name="T:Microsoft.VisualC.IsCXXReferenceModifier">
      <summary>Ist die C++-Referenz-Modifizierer.</summary>
    </member>
    <member name="T:Microsoft.VisualC.IsLongModifier">
      <summary>Ist lange Modifizierer.</summary>
    </member>
    <member name="T:Microsoft.VisualC.IsSignedModifier">
      <summary>Ist mit Vorzeichen Modifizierer.</summary>
    </member>
    <member name="T:Microsoft.VisualC.IsVolatileModifier">
      <summary>Ist volatile-Modifizierer.</summary>
    </member>
    <member name="T:Microsoft.VisualC.MiscellaneousBitsAttribute">
      <summary>Ein Attribut, das verschiedene Informationen über einen Typ in den Metadaten gespeichert.</summary>
    </member>
    <member name="T:Microsoft.VisualC.NeedsCopyConstructorModifier">
      <summary>Einen benutzerdefinierten Modifizierer auf Parameter angewendet, der im CLR-Marshaller Kopierkonstruktor für den Parameter aufrufen, beim Marshalling der Parameter informiert.</summary>
    </member>
    <member name="T:Microsoft.VisualC.NoSignSpecifiedModifier">
      <summary>Ohne Vorzeichen angegeben Modifizierer.</summary>
    </member>
  </members>
</doc>