﻿<?xml version="1.0" encoding="utf-8"?>
<doc>
  <assembly>
    <name>Microsoft.CSharp</name>
  </assembly>
  <members>
    <member name="M:Microsoft.CSharp.RuntimeBinder.Binder.BinaryOperation(Microsoft.CSharp.RuntimeBinder.CSharpBinderFlags,System.Linq.Expressions.ExpressionType,System.Type,System.Collections.Generic.IEnumerable{Microsoft.CSharp.RuntimeBinder.CSharpArgumentInfo})">
      <summary>Initialisiert einen neuen Binder für binäre CSharp.</summary>
      <param name="flags">Die Flags, mit denen den Binder initialisiert werden soll.</param>
      <param name="operation">Die Art des binären Vorgangs.</param>
      <param name="context">Die <see cref="T:System.Type" /> der angibt, wo dieser Vorgang verwendet wird.</param>
      <param name="argumentInfo">Die Reihenfolge der <see cref="T:Microsoft.CSharp.RuntimeBinder.CSharpArgumentInfo" /> -Instanzen für die Argumente für diesen Vorgang.</param>
      <returns>Gibt einen neuen Binder für binäre CSharp.</returns>
    </member>
    <member name="M:Microsoft.CSharp.RuntimeBinder.Binder.Convert(Microsoft.CSharp.RuntimeBinder.CSharpBinderFlags,System.Type,System.Type)">
      <summary>Initialisiert einen neuen CSharp Binder zu konvertieren.</summary>
      <param name="flags">Die Flags, mit denen den Binder initialisiert werden soll.</param>
      <param name="type">Der Typ, in den konvertiert werden soll.</param>
      <param name="context">Die <see cref="T:System.Type" /> der angibt, wo dieser Vorgang verwendet wird.</param>
      <returns>Gibt einen neuen CSharp Binder zu konvertieren.</returns>
    </member>
    <member name="M:Microsoft.CSharp.RuntimeBinder.Binder.GetIndex(Microsoft.CSharp.RuntimeBinder.CSharpBinderFlags,System.Type,System.Collections.Generic.IEnumerable{Microsoft.CSharp.RuntimeBinder.CSharpArgumentInfo})">
      <summary>Initialisiert einen neuen CSharp Binder zum Abrufen.</summary>
      <param name="flags">Die Flags, mit denen den Binder initialisiert werden soll.</param>
      <param name="context">Die <see cref="T:System.Type" /> der angibt, wo dieser Vorgang verwendet wird.</param>
      <param name="argumentInfo">Die Reihenfolge der <see cref="T:Microsoft.CSharp.RuntimeBinder.CSharpArgumentInfo" /> -Instanzen für die Argumente für diesen Vorgang.</param>
      <returns>Gibt einen neuen CSharp Binder zum Abrufen.</returns>
    </member>
    <member name="M:Microsoft.CSharp.RuntimeBinder.Binder.GetMember(Microsoft.CSharp.RuntimeBinder.CSharpBinderFlags,System.String,System.Type,System.Collections.Generic.IEnumerable{Microsoft.CSharp.RuntimeBinder.CSharpArgumentInfo})">
      <summary>Initialisiert einen neuen CSharp erste Member Binder.</summary>
      <param name="flags">Die Flags, mit denen den Binder initialisiert werden soll.</param>
      <param name="name">Der Name des abzurufenden Elements.</param>
      <param name="context">Die <see cref="T:System.Type" /> der angibt, wo dieser Vorgang verwendet wird.</param>
      <param name="argumentInfo">Die Reihenfolge der <see cref="T:Microsoft.CSharp.RuntimeBinder.CSharpArgumentInfo" /> -Instanzen für die Argumente für diesen Vorgang.</param>
      <returns>Gibt einen neuen CSharp erste Member Binder.</returns>
    </member>
    <member name="M:Microsoft.CSharp.RuntimeBinder.Binder.Invoke(Microsoft.CSharp.RuntimeBinder.CSharpBinderFlags,System.Type,System.Collections.Generic.IEnumerable{Microsoft.CSharp.RuntimeBinder.CSharpArgumentInfo})">
      <summary>Initialisiert einen neuen CSharp aufrufen Binder.</summary>
      <param name="flags">Die Flags, mit denen den Binder initialisiert werden soll.</param>
      <param name="context">Die <see cref="T:System.Type" /> der angibt, wo dieser Vorgang verwendet wird.</param>
      <param name="argumentInfo">Die Reihenfolge der <see cref="T:Microsoft.CSharp.RuntimeBinder.CSharpArgumentInfo" /> -Instanzen für die Argumente für diesen Vorgang.</param>
      <returns>Gibt einen neuen CSharp aufrufen Binder.</returns>
    </member>
    <member name="M:Microsoft.CSharp.RuntimeBinder.Binder.InvokeConstructor(Microsoft.CSharp.RuntimeBinder.CSharpBinderFlags,System.Type,System.Collections.Generic.IEnumerable{Microsoft.CSharp.RuntimeBinder.CSharpArgumentInfo})">
      <summary>Initialisiert einen neuen CSharp-Aufrufkonstruktorbinder.</summary>
      <param name="flags">Die Flags, mit denen den Binder initialisiert werden soll.</param>
      <param name="context">Die <see cref="T:System.Type" /> der angibt, wo dieser Vorgang verwendet wird.</param>
      <param name="argumentInfo">Die Reihenfolge der <see cref="T:Microsoft.CSharp.RuntimeBinder.CSharpArgumentInfo" /> -Instanzen für die Argumente für diesen Vorgang.</param>
      <returns>Gibt einen neuen CSharp-Aufrufkonstruktorbinder.</returns>
    </member>
    <member name="M:Microsoft.CSharp.RuntimeBinder.Binder.InvokeMember(Microsoft.CSharp.RuntimeBinder.CSharpBinderFlags,System.String,System.Collections.Generic.IEnumerable{System.Type},System.Type,System.Collections.Generic.IEnumerable{Microsoft.CSharp.RuntimeBinder.CSharpArgumentInfo})">
      <summary>Initialisiert einen neuen CSharp-Aufrufmemberbinder.</summary>
      <param name="flags">Die Flags, mit denen den Binder initialisiert werden soll.</param>
      <param name="name">Der Name des aufzurufenden Members.</param>
      <param name="typeArguments">Die Liste der für diesen Aufruf angegebenen Typargumente.</param>
      <param name="context">Die <see cref="T:System.Type" /> der angibt, wo dieser Vorgang verwendet wird.</param>
      <param name="argumentInfo">Die Reihenfolge der <see cref="T:Microsoft.CSharp.RuntimeBinder.CSharpArgumentInfo" /> -Instanzen für die Argumente für diesen Vorgang.</param>
      <returns>Gibt einen neuen CSharp-Aufrufmemberbinder.</returns>
    </member>
    <member name="M:Microsoft.CSharp.RuntimeBinder.Binder.IsEvent(Microsoft.CSharp.RuntimeBinder.CSharpBinderFlags,System.String,System.Type)">
      <summary>Initialisiert einen neuen CSharp wird Ereignis-Binder.</summary>
      <param name="flags">Die Flags, mit denen den Binder initialisiert werden soll.</param>
      <param name="name">Der Name des Ereignisses, das gesucht werden soll.</param>
      <param name="context">Die <see cref="T:System.Type" /> der angibt, wo dieser Vorgang verwendet wird.</param>
      <returns>Gibt ein neuer CSharp Ereignis-Binder kann.</returns>
    </member>
    <member name="M:Microsoft.CSharp.RuntimeBinder.Binder.SetIndex(Microsoft.CSharp.RuntimeBinder.CSharpBinderFlags,System.Type,System.Collections.Generic.IEnumerable{Microsoft.CSharp.RuntimeBinder.CSharpArgumentInfo})">
      <summary>Initialisiert ein neuer CSharp zum Index Binder festlegen.</summary>
      <param name="flags">Die Flags, mit denen den Binder initialisiert werden soll.</param>
      <param name="context">Die <see cref="T:System.Type" /> der angibt, wo dieser Vorgang verwendet wird.</param>
      <param name="argumentInfo">Die Reihenfolge der <see cref="T:Microsoft.CSharp.RuntimeBinder.CSharpArgumentInfo" /> -Instanzen für die Argumente für diesen Vorgang.</param>
      <returns>Gibt ein neuer CSharp Binder Index festgelegt.</returns>
    </member>
    <member name="M:Microsoft.CSharp.RuntimeBinder.Binder.SetMember(Microsoft.CSharp.RuntimeBinder.CSharpBinderFlags,System.String,System.Type,System.Collections.Generic.IEnumerable{Microsoft.CSharp.RuntimeBinder.CSharpArgumentInfo})">
      <summary>Initialisiert ein neuer CSharp festlegen Member Binder.</summary>
      <param name="flags">Die Flags, mit denen den Binder initialisiert werden soll.</param>
      <param name="name">Der Name des festzulegenden Elements.</param>
      <param name="context">Die <see cref="T:System.Type" /> der angibt, wo dieser Vorgang verwendet wird.</param>
      <param name="argumentInfo">Die Reihenfolge der <see cref="T:Microsoft.CSharp.RuntimeBinder.CSharpArgumentInfo" /> -Instanzen für die Argumente für diesen Vorgang.</param>
      <returns>Gibt ein neuer CSharp Member Binder festgelegt.</returns>
    </member>
    <member name="M:Microsoft.CSharp.RuntimeBinder.Binder.UnaryOperation(Microsoft.CSharp.RuntimeBinder.CSharpBinderFlags,System.Linq.Expressions.ExpressionType,System.Type,System.Collections.Generic.IEnumerable{Microsoft.CSharp.RuntimeBinder.CSharpArgumentInfo})">
      <summary>Initialisiert einen neuen Binder für unäre CSharp.</summary>
      <param name="flags">Die Flags, mit denen den Binder initialisiert werden soll.</param>
      <param name="operation">Die Art des unäre Operation.</param>
      <param name="context">Die <see cref="T:System.Type" /> der angibt, wo dieser Vorgang verwendet wird.</param>
      <param name="argumentInfo">Die Reihenfolge der <see cref="T:Microsoft.CSharp.RuntimeBinder.CSharpArgumentInfo" /> -Instanzen für die Argumente für diesen Vorgang.</param>
      <returns>Gibt einen neuen Binder für unäre CSharp.</returns>
    </member>
    <member name="M:Microsoft.CSharp.RuntimeBinder.CSharpArgumentInfo.Create(Microsoft.CSharp.RuntimeBinder.CSharpArgumentInfoFlags,System.String)">
      <summary>Initialisiert eine neue Instanz der <see cref="T:Microsoft.CSharp.RuntimeBinder.CSharpArgumentInfo" />-Klasse.</summary>
      <param name="flags">Die Flags für das Argument.</param>
      <param name="name">Den Namen des Arguments ein, wenn mit dem Namen auf. andernfalls Null.</param>
      <returns>Eine neue Instanz der <see cref="T:Microsoft.CSharp.RuntimeBinder.CSharpArgumentInfo" />-Klasse.</returns>
    </member>
    <member name="M:Microsoft.CSharp.RuntimeBinder.RuntimeBinderException.#ctor">
      <summary>Initialisiert eine neue Instanz der <see cref="T:Microsoft.CSharp.RuntimeBinder.RuntimeBinderException" />-Klasse.</summary>
    </member>
    <member name="M:Microsoft.CSharp.RuntimeBinder.RuntimeBinderException.#ctor(System.Runtime.Serialization.SerializationInfo,System.Runtime.Serialization.StreamingContext)">
      <summary>Initialisiert eine neue Instanz der <see cref="T:Microsoft.CSharp.RuntimeBinder.RuntimeBinderException" /> -Klasse, die serialisierte Daten verfügt.</summary>
      <param name="info">Das Objekt, das die serialisierten Objektdaten zur ausgelösten Ausnahme enthält.</param>
      <param name="context">Die Kontextinformationen zur Quelle bzw. zum Ziel.</param>
    </member>
    <member name="M:Microsoft.CSharp.RuntimeBinder.RuntimeBinderException.#ctor(System.String)">
      <summary>Initialisiert eine neue Instanz der <see cref="T:Microsoft.CSharp.RuntimeBinder.RuntimeBinderException" /> -Klasse mit einer angegebenen Fehlermeldung.</summary>
      <param name="message">Die Meldung, in der die Ausnahme beschrieben wird Der Aufrufer dieses Konstruktors muss sicherstellen, dass diese Zeichenfolge für die aktuelle Systemkultur lokalisiert wurde.</param>
    </member>
    <member name="M:Microsoft.CSharp.RuntimeBinder.RuntimeBinderException.#ctor(System.String,System.Exception)">
      <summary>Initialisiert eine neue Instanz der <see cref="T:Microsoft.CSharp.RuntimeBinder.RuntimeBinderException" /> -Klasse mit einer angegebenen Fehlermeldung und einem Verweis auf die innere Ausnahme, die Ursache dieser Ausnahme ist.</summary>
      <param name="message">Die Fehlermeldung, in der die Ursache der Ausnahme erklärt wird.</param>
      <param name="innerException">Die Ausnahme, die die Ursache für die aktuelle Ausnahme oder ein null-Verweis ist, wenn keine innere Ausnahme angegeben wird.</param>
    </member>
    <member name="M:Microsoft.CSharp.RuntimeBinder.RuntimeBinderInternalCompilerException.#ctor">
      <summary>Initialisiert eine neue Instanz der <see cref="T:Microsoft.CSharp.RuntimeBinder.RuntimeBinderInternalCompilerException" />-Klasse mit einer vom System generierten Meldung, die den Fehler beschreibt.</summary>
    </member>
    <member name="M:Microsoft.CSharp.RuntimeBinder.RuntimeBinderInternalCompilerException.#ctor(System.Runtime.Serialization.SerializationInfo,System.Runtime.Serialization.StreamingContext)">
      <summary>Initialisiert eine neue Instanz der <see cref="T:Microsoft.CSharp.RuntimeBinder.RuntimeBinderInternalCompilerException" />-Klasse mit serialisierten Daten.</summary>
      <param name="info">Die <see cref="T:System.Runtime.Serialization.SerializationInfo" />, die die serialisierten Objektdaten für die ausgelöste Ausnahme enthält.</param>
      <param name="context">Der <see cref="T:System.Runtime.Serialization.StreamingContext" />, der die Kontextinformationen über die Quelle oder das Ziel enthält.</param>
    </member>
    <member name="M:Microsoft.CSharp.RuntimeBinder.RuntimeBinderInternalCompilerException.#ctor(System.String)">
      <summary>Initialisiert eine neue Instanz der <see cref="T:Microsoft.CSharp.RuntimeBinder.RuntimeBinderInternalCompilerException" />-Klasse mit einer angegebenen Meldung, die den Fehler beschreibt.</summary>
      <param name="message">Die Meldung, in der die Ausnahme beschrieben wird Der Aufrufer dieses Konstruktors muss sicherstellen, dass diese Zeichenfolge für die aktuelle Systemkultur lokalisiert wurde.</param>
    </member>
    <member name="M:Microsoft.CSharp.RuntimeBinder.RuntimeBinderInternalCompilerException.#ctor(System.String,System.Exception)">
      <summary>Initialisiert eine neue Instanz der <see cref="T:Microsoft.CSharp.RuntimeBinder.RuntimeBinderInternalCompilerException" /> -Klasse mit einer angegebenen Fehlermeldung und einem Verweis auf die innere Ausnahme, die Ursache dieser Ausnahme ist.</summary>
      <param name="message">Die Fehlermeldung, in der die Ursache der Ausnahme erklärt wird.</param>
      <param name="innerException">Die Ausnahme, die die Ursache für die aktuelle Ausnahme oder ein null-Verweis ist, wenn keine innere Ausnahme angegeben wird.</param>
    </member>
    <member name="T:Microsoft.CSharp.RuntimeBinder.Binder">
      <summary>Enthält Factorymethoden zum Erstellen von dynamischen Site Binder für CSharp.</summary>
    </member>
    <member name="T:Microsoft.CSharp.RuntimeBinder.CSharpArgumentInfo">
      <summary>Stellt Informationen zu dynamischen C#-Vorgängen dar, die für bestimmte Argumente einer Aufrufsite spezifisch sind. Instanzen dieser Klasse werden vom C#-Compiler generiert.</summary>
    </member>
    <member name="T:Microsoft.CSharp.RuntimeBinder.CSharpArgumentInfoFlags">
      <summary>Stellt Informationen zu dynamischen C#-Vorgängen dar, die für bestimmte Argumente einer Aufrufsite spezifisch sind. Instanzen dieser Klasse werden vom C#-Compiler generiert.</summary>
    </member>
    <member name="F:Microsoft.CSharp.RuntimeBinder.CSharpArgumentInfoFlags.None">
      <summary>Keine zusätzlichen Informationen darstellen.</summary>
    </member>
    <member name="F:Microsoft.CSharp.RuntimeBinder.CSharpArgumentInfoFlags.UseCompileTimeType">
      <summary>Während der Bindung Clientfeatures Kompilierzeittyp des Arguments.</summary>
    </member>
    <member name="F:Microsoft.CSharp.RuntimeBinder.CSharpArgumentInfoFlags.Constant">
      <summary>Das Argument ist eine Konstante.</summary>
    </member>
    <member name="F:Microsoft.CSharp.RuntimeBinder.CSharpArgumentInfoFlags.NamedArgument">
      <summary>Das Argument ist ein benanntes Argument.</summary>
    </member>
    <member name="F:Microsoft.CSharp.RuntimeBinder.CSharpArgumentInfoFlags.IsRef">
      <summary>Das Argument wird an einen Ref-Parameter übergeben.</summary>
    </member>
    <member name="F:Microsoft.CSharp.RuntimeBinder.CSharpArgumentInfoFlags.IsOut">
      <summary>Das Argument wird an einen Out-Parameter übergeben.</summary>
    </member>
    <member name="F:Microsoft.CSharp.RuntimeBinder.CSharpArgumentInfoFlags.IsStaticType">
      <summary>Das Argument ist ein <see cref="T:System.Type" /> der angibt, eines tatsächlicher Typname, der in der Datenquelle verwendet. Nur für Zielobjekte in statischen Aufrufen verwendet.</summary>
    </member>
    <member name="T:Microsoft.CSharp.RuntimeBinder.CSharpBinderFlags">
      <summary>Stellt Informationen zu dynamischen C#-Vorgängen dar, die nicht spezifisch für bestimmte Argumente einer Aufrufsite sind. Instanzen dieser Klasse werden vom C#-Compiler generiert.</summary>
    </member>
    <member name="F:Microsoft.CSharp.RuntimeBinder.CSharpBinderFlags.None">
      <summary>Es gibt keine zusätzlichen Informationen für diesen Binder erforderlich.</summary>
    </member>
    <member name="F:Microsoft.CSharp.RuntimeBinder.CSharpBinderFlags.CheckedContext">
      <summary>Die Auswertung für diesen Binder erfolgt in einem überprüften Kontext.</summary>
    </member>
    <member name="F:Microsoft.CSharp.RuntimeBinder.CSharpBinderFlags.InvokeSimpleName">
      <summary>Der Binder stellt einen Aufruf für einen einfachen Namen dar.</summary>
    </member>
    <member name="F:Microsoft.CSharp.RuntimeBinder.CSharpBinderFlags.InvokeSpecialName">
      <summary>Der Binder stellt einen Aufruf für einen besonderen Namen dar.</summary>
    </member>
    <member name="F:Microsoft.CSharp.RuntimeBinder.CSharpBinderFlags.BinaryOperationLogical">
      <summary>Der Binder stellt einen logischen und logische oder Teil einer bedingten logischen Operator-Evaluierung.</summary>
    </member>
    <member name="F:Microsoft.CSharp.RuntimeBinder.CSharpBinderFlags.ConvertExplicit">
      <summary>Der Binder stellt eine explizite Konvertierung dar.</summary>
    </member>
    <member name="F:Microsoft.CSharp.RuntimeBinder.CSharpBinderFlags.ConvertArrayIndex">
      <summary>Der Binder stellt eine implizite Konvertierung für die Verwendung in einem Ausdruck dar.</summary>
    </member>
    <member name="F:Microsoft.CSharp.RuntimeBinder.CSharpBinderFlags.ResultIndexed">
      <summary>Das Ergebnis einer Bindung wird auch Binder zum Abrufen oder werden indiziert, es wird ein Index festlegen.</summary>
    </member>
    <member name="F:Microsoft.CSharp.RuntimeBinder.CSharpBinderFlags.ValueFromCompoundAssignment">
      <summary>Der Wert in diesem festgelegten Index oder Set-Member ist ein Verbundzuweisungsoperator.</summary>
    </member>
    <member name="F:Microsoft.CSharp.RuntimeBinder.CSharpBinderFlags.ResultDiscarded">
      <summary>Der Binder wird an einer Position verwendet, die ein Ergebnis ist nicht erforderlich und kann daher Binden an eine Methode mit "void" zurückgeben.</summary>
    </member>
    <member name="T:Microsoft.CSharp.RuntimeBinder.RuntimeBinderException">
      <summary>Stellt einen Fehler dar, der auftritt, wenn eine dynamische Bindung im C#-Laufzeitbinder verarbeitet wird.</summary>
    </member>
    <member name="T:Microsoft.CSharp.RuntimeBinder.RuntimeBinderInternalCompilerException">
      <summary>Stellt einen Fehler dar, der auftritt, wenn eine dynamische Bindung im C#-Laufzeitbinder verarbeitet wird.</summary>
    </member>
  </members>
</doc>