﻿<?xml version="1.0" encoding="utf-8"?>
<doc>
  <assembly>
    <name>PresentationFramework.Royale</name>
  </assembly>
  <members>
    <member name="F:Microsoft.Windows.Themes.BulletChrome.BackgroundProperty">
      <summary>Bezeichnet die <see cref="P:Microsoft.Windows.Themes.BulletChrome.Background" />-Abhängigkeitseigenschaft.</summary>
      <returns>Der Bezeichner für die <see cref="P:Microsoft.Windows.Themes.BulletChrome.Background" />-Abhängigkeitseigenschaft.</returns>
    </member>
    <member name="F:Microsoft.Windows.Themes.BulletChrome.BorderBrushProperty">
      <summary>Bezeichnet die <see cref="P:Microsoft.Windows.Themes.BulletChrome.BorderBrush" />-Abhängigkeitseigenschaft.</summary>
      <returns>Der Bezeichner für die <see cref="P:Microsoft.Windows.Themes.BulletChrome.BorderBrush" />-Abhängigkeitseigenschaft.</returns>
    </member>
    <member name="F:Microsoft.Windows.Themes.BulletChrome.BorderThicknessProperty">
      <summary>Bezeichnet die <see cref="P:Microsoft.Windows.Themes.BulletChrome.BorderThickness" />-Abhängigkeitseigenschaft.</summary>
      <returns>Der Bezeichner für die <see cref="P:Microsoft.Windows.Themes.BulletChrome.BorderThickness" />-Abhängigkeitseigenschaft.</returns>
    </member>
    <member name="F:Microsoft.Windows.Themes.BulletChrome.IsCheckedProperty">
      <summary>Bezeichnet die <see cref="P:Microsoft.Windows.Themes.BulletChrome.IsChecked" />-Abhängigkeitseigenschaft.</summary>
      <returns>Der Bezeichner für die <see cref="P:Microsoft.Windows.Themes.BulletChrome.IsChecked" />-Abhängigkeitseigenschaft.</returns>
    </member>
    <member name="F:Microsoft.Windows.Themes.BulletChrome.IsRoundProperty">
      <summary>Bezeichnet die <see cref="P:Microsoft.Windows.Themes.BulletChrome.IsRound" />-Abhängigkeitseigenschaft.</summary>
      <returns>Der Bezeichner für die <see cref="P:Microsoft.Windows.Themes.BulletChrome.IsRound" />-Abhängigkeitseigenschaft.</returns>
    </member>
    <member name="F:Microsoft.Windows.Themes.BulletChrome.RenderMouseOverProperty">
      <summary>Bezeichnet die <see cref="P:Microsoft.Windows.Themes.BulletChrome.RenderMouseOver" />-Abhängigkeitseigenschaft.</summary>
      <returns>Der Bezeichner für die <see cref="P:Microsoft.Windows.Themes.BulletChrome.RenderMouseOver" />-Abhängigkeitseigenschaft.</returns>
    </member>
    <member name="F:Microsoft.Windows.Themes.BulletChrome.RenderPressedProperty">
      <summary>Bezeichnet die <see cref="P:Microsoft.Windows.Themes.BulletChrome.RenderPressed" />-Abhängigkeitseigenschaft.</summary>
      <returns>Der Bezeichner für die <see cref="P:Microsoft.Windows.Themes.BulletChrome.RenderPressed" />-Abhängigkeitseigenschaft.</returns>
    </member>
    <member name="F:Microsoft.Windows.Themes.ButtonChrome.BorderBrushProperty">
      <summary>Bezeichnet die <see cref="P:Microsoft.Windows.Themes.ButtonChrome.BorderBrush" />-Abhängigkeitseigenschaft.</summary>
      <returns>Der Bezeichner für die <see cref="P:Microsoft.Windows.Themes.ButtonChrome.BorderBrush" />-Abhängigkeitseigenschaft.</returns>
    </member>
    <member name="F:Microsoft.Windows.Themes.ButtonChrome.FillProperty">
      <summary>Bezeichnet die <see cref="P:Microsoft.Windows.Themes.ButtonChrome.Fill" />-Abhängigkeitseigenschaft.</summary>
      <returns>Der Bezeichner für die <see cref="P:Microsoft.Windows.Themes.ButtonChrome.Fill" />-Abhängigkeitseigenschaft.</returns>
    </member>
    <member name="F:Microsoft.Windows.Themes.ButtonChrome.RenderDefaultedProperty">
      <summary>Bezeichnet die <see cref="P:Microsoft.Windows.Themes.ButtonChrome.RenderDefaulted" />-Abhängigkeitseigenschaft.</summary>
      <returns>Der Bezeichner für die <see cref="P:Microsoft.Windows.Themes.ButtonChrome.RenderDefaulted" />-Abhängigkeitseigenschaft.</returns>
    </member>
    <member name="F:Microsoft.Windows.Themes.ButtonChrome.RenderMouseOverProperty">
      <summary>Bezeichnet die <see cref="P:Microsoft.Windows.Themes.ButtonChrome.RenderMouseOver" />-Abhängigkeitseigenschaft.</summary>
      <returns>Der Bezeichner für die <see cref="P:Microsoft.Windows.Themes.ButtonChrome.RenderMouseOver" />-Abhängigkeitseigenschaft.</returns>
    </member>
    <member name="F:Microsoft.Windows.Themes.ButtonChrome.RenderPressedProperty">
      <summary>Bezeichnet die <see cref="P:Microsoft.Windows.Themes.ButtonChrome.RenderPressed" />-Abhängigkeitseigenschaft.</summary>
      <returns>Der Bezeichner für die <see cref="P:Microsoft.Windows.Themes.ButtonChrome.RenderPressed" />-Abhängigkeitseigenschaft.</returns>
    </member>
    <member name="F:Microsoft.Windows.Themes.DataGridHeaderBorder.IsClickableProperty">
      <summary>Bezeichnet die <see cref="P:Microsoft.Windows.Themes.DataGridHeaderBorder.IsClickable" />-Abhängigkeitseigenschaft.</summary>
      <returns>Der Bezeichner für die <see cref="P:Microsoft.Windows.Themes.DataGridHeaderBorder.IsClickable" />-Abhängigkeitseigenschaft.</returns>
    </member>
    <member name="F:Microsoft.Windows.Themes.DataGridHeaderBorder.IsHoveredProperty">
      <summary>Bezeichnet die <see cref="P:Microsoft.Windows.Themes.DataGridHeaderBorder.IsHovered" />-Abhängigkeitseigenschaft.</summary>
      <returns>Der Bezeichner für die <see cref="P:Microsoft.Windows.Themes.DataGridHeaderBorder.IsHovered" />-Abhängigkeitseigenschaft.</returns>
    </member>
    <member name="F:Microsoft.Windows.Themes.DataGridHeaderBorder.IsPressedProperty">
      <summary>Bezeichnet die <see cref="P:Microsoft.Windows.Themes.DataGridHeaderBorder.IsPressed" />-Abhängigkeitseigenschaft.</summary>
      <returns>Der Bezeichner für die <see cref="P:Microsoft.Windows.Themes.DataGridHeaderBorder.IsPressed" />-Abhängigkeitseigenschaft.</returns>
    </member>
    <member name="F:Microsoft.Windows.Themes.DataGridHeaderBorder.IsSelectedProperty">
      <summary>Bezeichnet die <see cref="P:Microsoft.Windows.Themes.DataGridHeaderBorder.IsSelected" />-Abhängigkeitseigenschaft.</summary>
      <returns>Der Bezeichner für die <see cref="P:Microsoft.Windows.Themes.DataGridHeaderBorder.IsSelected" />-Abhängigkeitseigenschaft.</returns>
    </member>
    <member name="F:Microsoft.Windows.Themes.DataGridHeaderBorder.OrientationProperty">
      <summary>Bezeichnet die <see cref="P:Microsoft.Windows.Themes.DataGridHeaderBorder.Orientation" />-Abhängigkeitseigenschaft.</summary>
      <returns>Der Bezeichner für die <see cref="P:Microsoft.Windows.Themes.DataGridHeaderBorder.Orientation" />-Abhängigkeitseigenschaft.</returns>
    </member>
    <member name="F:Microsoft.Windows.Themes.DataGridHeaderBorder.SeparatorBrushProperty">
      <summary>Bezeichnet die <see cref="P:Microsoft.Windows.Themes.DataGridHeaderBorder.SeparatorBrush" />-Abhängigkeitseigenschaft.</summary>
      <returns>Der Bezeichner für die <see cref="P:Microsoft.Windows.Themes.DataGridHeaderBorder.SeparatorBrush" />-Abhängigkeitseigenschaft.</returns>
    </member>
    <member name="F:Microsoft.Windows.Themes.DataGridHeaderBorder.SeparatorVisibilityProperty">
      <summary>Bezeichnet die <see cref="P:Microsoft.Windows.Themes.DataGridHeaderBorder.SeparatorVisibility" />-Abhängigkeitseigenschaft.</summary>
      <returns>Der Bezeichner für die <see cref="P:Microsoft.Windows.Themes.DataGridHeaderBorder.SeparatorVisibility" />-Abhängigkeitseigenschaft.</returns>
    </member>
    <member name="F:Microsoft.Windows.Themes.DataGridHeaderBorder.SortDirectionProperty">
      <summary>Bezeichnet die <see cref="P:Microsoft.Windows.Themes.DataGridHeaderBorder.SortDirection" />-Abhängigkeitseigenschaft.</summary>
      <returns>Der Bezeichner für die <see cref="P:Microsoft.Windows.Themes.DataGridHeaderBorder.SortDirection" />-Abhängigkeitseigenschaft.</returns>
    </member>
    <member name="F:Microsoft.Windows.Themes.ScrollChrome.HasOuterBorderProperty">
      <summary>Bezeichnet die <see cref="P:Microsoft.Windows.Themes.ScrollChrome.HasOuterBorder" />-Abhängigkeitseigenschaft.</summary>
      <returns>Der Bezeichner für die <see cref="P:Microsoft.Windows.Themes.ScrollChrome.HasOuterBorder" /> Abhängigkeitseigenschaft.</returns>
    </member>
    <member name="F:Microsoft.Windows.Themes.ScrollChrome.PaddingProperty">
      <summary>Bezeichnet die <see cref="P:Microsoft.Windows.Themes.ScrollChrome.Padding" />-Abhängigkeitseigenschaft.</summary>
      <returns>Der Bezeichner für die <see cref="P:Microsoft.Windows.Themes.ScrollChrome.Padding" /> Abhängigkeitseigenschaft.</returns>
    </member>
    <member name="F:Microsoft.Windows.Themes.ScrollChrome.RenderMouseOverProperty">
      <summary>Bezeichnet die <see cref="P:Microsoft.Windows.Themes.ScrollChrome.RenderMouseOver" />-Abhängigkeitseigenschaft.</summary>
      <returns>Der Bezeichner für die <see cref="P:Microsoft.Windows.Themes.ScrollChrome.RenderMouseOver" /> Abhängigkeitseigenschaft.</returns>
    </member>
    <member name="F:Microsoft.Windows.Themes.ScrollChrome.RenderPressedProperty">
      <summary>Bezeichnet die <see cref="P:Microsoft.Windows.Themes.ScrollChrome.RenderPressed" />-Abhängigkeitseigenschaft.</summary>
      <returns>Der Bezeichner für die <see cref="P:Microsoft.Windows.Themes.ScrollChrome.RenderPressed" />-Abhängigkeitseigenschaft.</returns>
    </member>
    <member name="F:Microsoft.Windows.Themes.ScrollChrome.ScrollGlyphProperty">
      <summary>Bezeichnet die angefügte <see cref="T:Microsoft.Windows.Themes.ScrollGlyph" />-Eigenschaft.</summary>
      <returns>Der angefügte <see cref="T:Microsoft.Windows.Themes.ScrollGlyph" />-Eigenschaftenbezeichner.</returns>
    </member>
    <member name="F:Microsoft.Windows.Themes.SystemDropShadowChrome.ColorProperty">
      <summary>Bezeichnet die <see cref="P:Microsoft.Windows.Themes.SystemDropShadowChrome.Color" />-Abhängigkeitseigenschaft.</summary>
      <returns>Der Bezeichner für die <see cref="P:Microsoft.Windows.Themes.SystemDropShadowChrome.Color" />-Abhängigkeitseigenschaft.</returns>
    </member>
    <member name="F:Microsoft.Windows.Themes.SystemDropShadowChrome.CornerRadiusProperty">
      <summary>Bezeichnet die <see cref="P:Microsoft.Windows.Themes.SystemDropShadowChrome.CornerRadius" />-Abhängigkeitseigenschaft.</summary>
      <returns>Der Bezeichner für die <see cref="P:Microsoft.Windows.Themes.SystemDropShadowChrome.CornerRadius" />-Abhängigkeitseigenschaft.</returns>
    </member>
    <member name="M:Microsoft.Windows.Themes.BulletChrome.#ctor">
      <summary>Initialisiert eine neue Instanz der <see cref="T:Microsoft.Windows.Themes.BulletChrome" />-Klasse.</summary>
    </member>
    <member name="M:Microsoft.Windows.Themes.ButtonChrome.#ctor">
      <summary>Initialisiert eine neue Instanz der <see cref="T:Microsoft.Windows.Themes.ButtonChrome" />-Klasse.</summary>
    </member>
    <member name="M:Microsoft.Windows.Themes.DataGridHeaderBorder.#ctor">
      <summary>Initialisiert eine neue Instanz der <see cref="T:Microsoft.Windows.Themes.DataGridHeaderBorder" />-Klasse.</summary>
    </member>
    <member name="M:Microsoft.Windows.Themes.ProgressBarBrushConverter.#ctor">
      <summary>Initialisiert eine neue Instanz der <see cref="T:Microsoft.Windows.Themes.ProgressBarBrushConverter" />-Klasse.</summary>
    </member>
    <member name="M:Microsoft.Windows.Themes.ProgressBarBrushConverter.Convert(System.Object[],System.Type,System.Object,System.Globalization.CultureInfo)">
      <summary>Erstellt die <see cref="T:System.Windows.Media.DrawingBrush" /> für die <see cref="T:System.Windows.Controls.ProgressBar" />.</summary>
      <param name="values">ForegroundBrush, IsIndeterminate, Indikator Breite, Höhe Indikator nachverfolgen BreiteDie <see cref="T:System.Windows.Media.Brush" /> zum der <see cref="P:System.Windows.Controls.Control.Foreground" /> von der <see cref="T:System.Windows.Controls.ProgressBar" />, die Boolean, der angibt, ob die <see cref="P:System.Windows.Controls.ProgressBar.IsIndeterminate" /> ist true, die <see cref="T:System.Double" /> definieren die <see cref="P:System.Windows.FrameworkElement.Width" /> des Indikators, und die <see cref="T:System.Double" /> definieren die <see cref="P:System.Windows.FrameworkElement.Height" /> des Indikators, und die <see cref="T:System.Double" /> definieren die Breite des der <see cref="T:System.Windows.Controls.Primitives.Track" />.</param>
      <param name="targetType">Dieser Parameter wird nicht verwendet.</param>
      <param name="parameter">Dieser Parameter wird nicht verwendet.</param>
      <param name="culture">Dieser Parameter wird nicht verwendet.</param>
      <returns>Der <see cref="T:System.Windows.Media.DrawingBrush" /> für den <see cref="T:System.Windows.Controls.ProgressBar" />.</returns>
    </member>
    <member name="M:Microsoft.Windows.Themes.ProgressBarBrushConverter.ConvertBack(System.Object,System.Type[],System.Object,System.Globalization.CultureInfo)">
      <summary>Nicht implementiert.</summary>
      <param name="value">Dieser Parameter wird nicht verwendet.</param>
      <param name="targetTypes">Dieser Parameter wird nicht verwendet.</param>
      <param name="parameter">Dieser Parameter wird nicht verwendet.</param>
      <param name="culture">Dieser Parameter wird nicht verwendet.</param>
      <returns>null.</returns>
    </member>
    <member name="M:Microsoft.Windows.Themes.ScrollChrome.#ctor">
      <summary>Initialisiert eine neue Instanz der <see cref="T:Microsoft.Windows.Themes.ScrollChrome" />-Klasse.</summary>
    </member>
    <member name="M:Microsoft.Windows.Themes.ScrollChrome.GetScrollGlyph(System.Windows.DependencyObject)">
      <summary>Ruft die <see cref="T:Microsoft.Windows.Themes.ScrollGlyph" /> für das angegebene Objekt.</summary>
      <param name="element">Das Abhängigkeitsobjekt, das <see cref="T:Microsoft.Windows.Themes.ScrollGlyph" /> angefügt ist.</param>
      <returns>Einer der Enumerationswerte.</returns>
    </member>
    <member name="M:Microsoft.Windows.Themes.ScrollChrome.SetScrollGlyph(System.Windows.DependencyObject,Microsoft.Windows.Themes.ScrollGlyph)">
      <summary>Legt die <see cref="T:Microsoft.Windows.Themes.ScrollGlyph" /> für das angegebene Objekt.</summary>
      <param name="element">Das Abhängigkeitsobjekt, das <see cref="T:Microsoft.Windows.Themes.ScrollGlyph" /> angefügt ist.</param>
      <param name="value">Einer der Enumerationswerte.</param>
    </member>
    <member name="M:Microsoft.Windows.Themes.SystemDropShadowChrome.#ctor">
      <summary>Initialisiert eine neue Instanz der <see cref="T:Microsoft.Windows.Themes.SystemDropShadowChrome" />-Klasse.</summary>
    </member>
    <member name="P:Microsoft.Windows.Themes.BulletChrome.Background">
      <summary>Ruft ab oder legt den Pinsel, der zum Ausfüllen des der <see cref="P:System.Windows.Controls.Primitives.BulletDecorator.Bullet" />.</summary>
      <returns>Der Pinsel zum Ausfüllen von der <see cref="P:System.Windows.Controls.Primitives.BulletDecorator.Bullet" />.</returns>
    </member>
    <member name="P:Microsoft.Windows.Themes.BulletChrome.BorderBrush">
      <summary>Ruft ab oder legt den Pinsel ab, um den äußeren Rahmen zeichnen die <see cref="P:System.Windows.Controls.Primitives.BulletDecorator.Bullet" />.</summary>
      <returns>Der Pinsel, zeichnen Sie den äußeren Rand der <see cref="P:System.Windows.Controls.Primitives.BulletDecorator.Bullet" />.</returns>
    </member>
    <member name="P:Microsoft.Windows.Themes.BulletChrome.BorderThickness">
      <summary>Ruft ab oder legt die Breite ab, um den äußeren Rahmen zeichnen die <see cref="P:System.Windows.Controls.Primitives.BulletDecorator.Bullet" />.</summary>
      <returns>Die Breite ab, die zum Zeichnen des Rahmens, der die <see cref="P:System.Windows.Controls.Primitives.BulletDecorator.Bullet" />.</returns>
    </member>
    <member name="P:Microsoft.Windows.Themes.BulletChrome.IsChecked">
      <summary>Ruft ab oder legt einen Wert, der angibt, ob die <see cref="P:System.Windows.Controls.Primitives.BulletDecorator.Bullet" /> aktiviert ist.</summary>
      <returns>true Wenn die <see cref="P:System.Windows.Controls.Primitives.BulletDecorator.Bullet" /> aktiviert ist. false Wenn das <see cref="P:System.Windows.Controls.Primitives.BulletDecorator.Bullet" /> ist nicht aktiviert ist, andernfalls null.</returns>
    </member>
    <member name="P:Microsoft.Windows.Themes.BulletChrome.IsRound">
      <summary>Ruft ab oder legt einen Wert, der angibt, ob die <see cref="P:System.Windows.Controls.Primitives.BulletDecorator.Bullet" /> abgerundete Ecken hat.</summary>
      <returns>true Wenn die <see cref="P:System.Windows.Controls.Primitives.BulletDecorator.Bullet" /> abgerundete Ecken hat, andernfalls false.</returns>
    </member>
    <member name="P:Microsoft.Windows.Themes.BulletChrome.RenderMouseOver">
      <summary>Ruft ab oder legt einen Wert, der angibt, ob die <see cref="P:System.Windows.Controls.Primitives.BulletDecorator.Bullet" /> scheint, als ob der Mauszeiger darüber befindet.</summary>
      <returns>true Wenn der <see cref="P:System.Windows.Controls.Primitives.BulletDecorator.Bullet" /> angezeigt wird, als würde die Maus darüber; andernfalls false.</returns>
    </member>
    <member name="P:Microsoft.Windows.Themes.BulletChrome.RenderPressed">
      <summary>Ruft ab oder legt einen Wert, der angibt, ob die <see cref="P:System.Windows.Controls.Primitives.BulletDecorator.Bullet" /> wird gedrückt angezeigt.</summary>
      <returns>true Wenn der <see cref="P:System.Windows.Controls.Primitives.BulletDecorator.Bullet" /> angezeigt wird, andernfalls gedrückten false.</returns>
    </member>
    <member name="P:Microsoft.Windows.Themes.ButtonChrome.BorderBrush">
      <summary>Ruft ab oder legt den Pinsel ab, um den äußeren Rahmen zeichnen die <see cref="T:System.Windows.Controls.Button" />.</summary>
      <returns>Der Pinsel, zeichnen Sie den äußeren Rand der <see cref="T:System.Windows.Controls.Button" />.</returns>
    </member>
    <member name="P:Microsoft.Windows.Themes.ButtonChrome.Fill">
      <summary>Ruft ab oder legt den Pinsel ab, die zum Zeichnen der Farbe innerhalb der <see cref="T:System.Windows.Controls.Button" />.</summary>
      <returns>Der Pinsel.</returns>
    </member>
    <member name="P:Microsoft.Windows.Themes.ButtonChrome.RenderDefaulted">
      <summary>Ruft ab oder legt einen Wert, der angibt, ob die <see cref="T:System.Windows.Controls.Button" /> gäbe es die Standardschaltfläche des Formulars.</summary>
      <returns>true Wenn die <see cref="T:System.Windows.Controls.Button" /> gäbe es die Standardschaltfläche ist andernfalls false.</returns>
    </member>
    <member name="P:Microsoft.Windows.Themes.ButtonChrome.RenderMouseOver">
      <summary>Ruft ab oder legt einen Wert, der angibt, ob die <see cref="T:System.Windows.Controls.Button" /> scheint, als ob der Mauszeiger darüber befindet.</summary>
      <returns>true Wenn der <see cref="T:System.Windows.Controls.Button" /> angezeigt wird, als würde die Maus darüber; andernfalls false.</returns>
    </member>
    <member name="P:Microsoft.Windows.Themes.ButtonChrome.RenderPressed">
      <summary>Ruft ab oder legt einen Wert, der angibt, ob die <see cref="T:System.Windows.Controls.Button" /> wird gedrückt angezeigt.</summary>
      <returns>true Wenn der <see cref="T:System.Windows.Controls.Button" /> angezeigt wird, andernfalls gedrückten false.</returns>
    </member>
    <member name="P:Microsoft.Windows.Themes.DataGridHeaderBorder.IsClickable">
      <summary>Ruft ab oder legt einen Wert, der angibt, ob der Header geklickt werden kann.</summary>
      <returns>true Wenn der Header geklickt werden kann; andernfalls false. Der registrierte Standardwert ist true. Weitere Informationen dazu, was den Wert beeinflussen können, finden Sie unter <see cref="T:System.Windows.DependencyProperty" />.</returns>
    </member>
    <member name="P:Microsoft.Windows.Themes.DataGridHeaderBorder.IsHovered">
      <summary>Ruft ab oder legt einen Wert, der angibt, ob der Header angezeigt wird, als ob der Mauszeiger darüber bewegt wird.</summary>
      <returns>true Wenn der Header wird angezeigt, als ob der Mauszeiger darüber bewegt wird. andernfalls false. Der registrierte Standardwert ist false. Weitere Informationen dazu, was den Wert beeinflussen können, finden Sie unter <see cref="T:System.Windows.DependencyProperty" />.</returns>
    </member>
    <member name="P:Microsoft.Windows.Themes.DataGridHeaderBorder.IsPressed">
      <summary>Ruft ab oder legt einen Wert, der angibt, ob der Header gedrückt angezeigt wird.</summary>
      <returns>true Wenn der Header wird gedrückt angezeigt. andernfalls false. Der registrierte Standardwert ist false. Weitere Informationen dazu, was den Wert beeinflussen können, finden Sie unter <see cref="T:System.Windows.DependencyProperty" />.</returns>
    </member>
    <member name="P:Microsoft.Windows.Themes.DataGridHeaderBorder.IsSelected">
      <summary>Ruft ab oder legt einen Wert, der angibt, ob der Header ausgewählt angezeigt wird.</summary>
      <returns>true Wenn der Header angezeigt wird ausgewählt. andernfalls false. Der registrierte Standardwert ist false. Weitere Informationen dazu, was den Wert beeinflussen können, finden Sie unter <see cref="T:System.Windows.DependencyProperty" />.</returns>
    </member>
    <member name="P:Microsoft.Windows.Themes.DataGridHeaderBorder.Orientation">
      <summary>Ruft ab oder legt fest, ob der Header in der vertikaler Richtung als einen Spaltenheader oder in horizontaler Richtung als Zeilenheader gerendert wird.</summary>
      <returns>Einer der Enumerationswerte, der die Richtung angibt, wird der Header gerendert. Der registrierte Standardwert ist <see cref="F:System.Windows.Controls.Orientation.Vertical" />. Weitere Informationen dazu, was den Wert beeinflussen können, finden Sie unter <see cref="T:System.Windows.DependencyProperty" />.</returns>
    </member>
    <member name="P:Microsoft.Windows.Themes.DataGridHeaderBorder.SeparatorBrush">
      <summary>Ruft ab oder legt den Pinsel, der die Trennung zwischen Headern zeichnet.</summary>
      <returns>Der Pinsel, der die Trennung zwischen Headern zeichnet. Der registrierte Standardwert ist null. Weitere Informationen dazu, was den Wert beeinflussen können, finden Sie unter <see cref="T:System.Windows.DependencyProperty" />.</returns>
    </member>
    <member name="P:Microsoft.Windows.Themes.DataGridHeaderBorder.SeparatorVisibility">
      <summary>Ruft ab oder legt den Wert, der angibt, ob die Trennung zwischen Headern sichtbar ist.</summary>
      <returns>Einer der Enumerationswerte, der angibt, ob die <see cref="P:Microsoft.Windows.Themes.DataGridHeaderBorder.SeparatorBrush" /> sichtbar ist. Der registrierte Standardwert ist <see cref="F:System.Windows.Visibility.Visible" />. Weitere Informationen dazu, was den Wert beeinflussen können, finden Sie unter <see cref="T:System.Windows.DependencyProperty" />.</returns>
    </member>
    <member name="P:Microsoft.Windows.Themes.DataGridHeaderBorder.SortDirection">
      <summary>Ruft ab oder legt die Sortierreihenfolge für den Header.</summary>
      <returns>Einer der Enumerationswerte, der die Richtung angibt, die Spalte sortiert wird. Der registrierte Standardwert ist null. Weitere Informationen dazu, was den Wert beeinflussen können, finden Sie unter <see cref="T:System.Windows.DependencyProperty" />.</returns>
    </member>
    <member name="P:Microsoft.Windows.Themes.PlatformCulture.FlowDirection">
      <summary>Ruft einen Wert, der angibt, ob die Richtung der primären Advance links nach rechts, rechts-nach-links oder oben-nach-unten werden.</summary>
      <returns>Einer der Enumerationswerte.</returns>
    </member>
    <member name="P:Microsoft.Windows.Themes.ScrollChrome.HasOuterBorder">
      <summary>Ruft ab oder legt einen Wert, der angibt, ob die <see cref="T:System.Windows.Controls.Primitives.ScrollBar" /> mit einem weißen äußeren Rahmen gerendert wird.</summary>
      <returns>true Wenn die <see cref="T:System.Windows.Controls.Primitives.ScrollBar" /> rendert mit einem weißen äußeren Rahmen; andernfalls false.</returns>
    </member>
    <member name="P:Microsoft.Windows.Themes.ScrollChrome.Padding">
      <summary>Ruft ab oder legt einen Wert, der den Abstand zwischen beschreibt, eine <see cref="T:System.Windows.Controls.Primitives.ScrollBar" /> und seiner untergeordneten Elemente.</summary>
      <returns>Ein <see cref="T:System.Windows.Thickness" /> Wert, der den Abstand zwischen beschreibt eine <see cref="T:System.Windows.Controls.Primitives.ScrollBar" /> und seiner untergeordneten Elemente.</returns>
    </member>
    <member name="P:Microsoft.Windows.Themes.ScrollChrome.RenderMouseOver">
      <summary>Ruft ab oder legt einen Wert, der angibt, ob die <see cref="T:System.Windows.Controls.Primitives.ScrollBar" /> scheint, als ob der Mauszeiger darüber befindet.</summary>
      <returns>true Wenn der <see cref="T:System.Windows.Controls.Primitives.ScrollBar" /> angezeigt wird, als würde die Maus darüber; andernfalls false.</returns>
    </member>
    <member name="P:Microsoft.Windows.Themes.ScrollChrome.RenderPressed">
      <summary>Ruft ab oder legt einen Wert, der angibt, ob die <see cref="T:System.Windows.Controls.Primitives.ScrollBar" /> wird gedrückt angezeigt.</summary>
      <returns>true Wenn der <see cref="T:System.Windows.Controls.Primitives.ScrollBar" /> angezeigt wird, andernfalls gedrückten false.</returns>
    </member>
    <member name="P:Microsoft.Windows.Themes.ScrollChrome.ScrollGlyph">
      <summary>Ruft ab oder legt die Farbe fest, die <see cref="T:Microsoft.Windows.Themes.ScrollGlyph" /> für die <see cref="T:Microsoft.Windows.Themes.ScrollChrome" />.</summary>
      <returns>Ein Wert in der Enumeration.</returns>
    </member>
    <member name="P:Microsoft.Windows.Themes.SystemDropShadowChrome.Color">
      <summary>Ruft ab oder legt die vom Schlagschatten verwendete Farbe.</summary>
      <returns>Die Farbe.</returns>
    </member>
    <member name="P:Microsoft.Windows.Themes.SystemDropShadowChrome.CornerRadius">
      <summary>Ruft ab oder legt die Radien der Ecken eines Rechtecks.</summary>
      <returns>Die Radien der Ecken eines Rechtecks.</returns>
    </member>
    <member name="T:Microsoft.Windows.Themes.BulletChrome">
      <summary>Erstellt das themenspezifischen Aussehen für Windows Presentation Foundation (WPF) <see cref="P:System.Windows.Controls.Primitives.BulletDecorator.Bullet" /> Elemente.  Ein <see cref="P:System.Windows.Controls.Primitives.BulletDecorator.Bullet" /> definiert die Darstellung von <see cref="T:System.Windows.Controls.CheckBox" /> und <see cref="T:System.Windows.Controls.RadioButton" /> Elemente.</summary>
    </member>
    <member name="T:Microsoft.Windows.Themes.ButtonChrome">
      <summary>Erstellt das themenspezifischen Aussehen für Microsoft .NET Framework <see cref="T:System.Windows.Controls.Button" /> Elemente. </summary>
    </member>
    <member name="T:Microsoft.Windows.Themes.DataGridHeaderBorder">
      <summary>Erstellt das Design aussehen für Header in .NET Framework 4.5 <see cref="T:System.Windows.Controls.DataGrid" />.</summary>
    </member>
    <member name="T:Microsoft.Windows.Themes.PlatformCulture">
      <summary>Stellt kulturspezifische Informationen anhand der Microsoft .NET Framework System Designs.</summary>
    </member>
    <member name="T:Microsoft.Windows.Themes.ProgressBarBrushConverter">
      <summary>Erstellt die <see cref="T:System.Windows.Media.Brush" /> zum Zeichnen der <see cref="T:System.Windows.Controls.ProgressBar" />.</summary>
    </member>
    <member name="T:Microsoft.Windows.Themes.ScrollChrome">
      <summary>Erstellt das themenspezifischen Aussehen für Microsoft .NET Framework <see cref="T:System.Windows.Controls.Primitives.ScrollBar" /> Elemente. </summary>
    </member>
    <member name="T:Microsoft.Windows.Themes.ScrollGlyph">
      <summary>Beschreibt die Symbole zur Darstellung der <see cref="T:System.Windows.Controls.Primitives.Thumb" />.</summary>
    </member>
    <member name="F:Microsoft.Windows.Themes.ScrollGlyph.None">
      <summary>Es wird kein Symbol verwendet.</summary>
    </member>
    <member name="F:Microsoft.Windows.Themes.ScrollGlyph.LeftArrow">
      <summary>Ein Pfeilsymbol, das nach rechts.</summary>
    </member>
    <member name="F:Microsoft.Windows.Themes.ScrollGlyph.RightArrow">
      <summary>Ein Pfeilsymbol, das nach rechts.</summary>
    </member>
    <member name="F:Microsoft.Windows.Themes.ScrollGlyph.UpArrow">
      <summary>Ein Pfeilsymbol, das nach oben.</summary>
    </member>
    <member name="F:Microsoft.Windows.Themes.ScrollGlyph.DownArrow">
      <summary>Ein Pfeilsymbol, das nach unten zeigender Pfeil.</summary>
    </member>
    <member name="F:Microsoft.Windows.Themes.ScrollGlyph.VerticalGripper">
      <summary>Ein vertikales Ziehpunktsymbol.</summary>
    </member>
    <member name="F:Microsoft.Windows.Themes.ScrollGlyph.HorizontalGripper">
      <summary> ein horizontales Ziehpunktsymbol.</summary>
    </member>
    <member name="T:Microsoft.Windows.Themes.SystemDropShadowChrome">
      <summary>Erstellt ein Design aussehen für Schatteneffekte.</summary>
    </member>
  </members>
</doc>