﻿<?xml version="1.0" encoding="utf-8"?>
<doc>
  <assembly>
    <name>PresentationFramework.Classic</name>
  </assembly>
  <members>
    <member name="F:Microsoft.Windows.Themes.ClassicBorderDecorator.BackgroundProperty">
      <summary>Bezeichnet die <see cref="P:Microsoft.Windows.Themes.ClassicBorderDecorator.Background" />-Abhängigkeitseigenschaft.</summary>
      <returns>Der Bezeichner für die <see cref="P:Microsoft.Windows.Themes.ButtonChrome.Background" />-Abhängigkeitseigenschaft.</returns>
    </member>
    <member name="F:Microsoft.Windows.Themes.ClassicBorderDecorator.BorderBrushProperty">
      <summary>Bezeichnet die <see cref="P:Microsoft.Windows.Themes.ClassicBorderDecorator.BorderBrush" />-Abhängigkeitseigenschaft.</summary>
      <returns>Der Bezeichner für die <see cref="P:Microsoft.Windows.Themes.ButtonChrome.BorderBrush" />-Abhängigkeitseigenschaft.</returns>
    </member>
    <member name="F:Microsoft.Windows.Themes.ClassicBorderDecorator.BorderStyleProperty">
      <summary>Bezeichnet die <see cref="P:Microsoft.Windows.Themes.ClassicBorderDecorator.BorderStyle" />-Abhängigkeitseigenschaft.</summary>
      <returns>Der Bezeichner für die <see cref="P:Microsoft.Windows.Themes.ClassicBorderDecorator.BorderStyle" />-Abhängigkeitseigenschaft.</returns>
    </member>
    <member name="F:Microsoft.Windows.Themes.ClassicBorderDecorator.BorderThicknessProperty">
      <summary>Bezeichnet die <see cref="P:Microsoft.Windows.Themes.ClassicBorderDecorator.BorderThickness" />-Abhängigkeitseigenschaft.</summary>
      <returns>Der Bezeichner für die <see cref="P:Microsoft.Windows.Themes.ClassicBorderDecorator.BorderThickness" />-Abhängigkeitseigenschaft.</returns>
    </member>
    <member name="F:Microsoft.Windows.Themes.DataGridHeaderBorder.IsClickableProperty">
      <summary>Bezeichnet die <see cref="P:Microsoft.Windows.Themes.DataGridHeaderBorder.IsClickable" />-Abhängigkeitseigenschaft.</summary>
      <returns>Der Bezeichner für die <see cref="P:Microsoft.Windows.Themes.DataGridHeaderBorder.IsClickable" />-Abhängigkeitseigenschaft.</returns>
    </member>
    <member name="F:Microsoft.Windows.Themes.DataGridHeaderBorder.IsHoveredProperty">
      <summary>Bezeichnet die <see cref="P:Microsoft.Windows.Themes.DataGridHeaderBorder.IsHovered" />-Abhängigkeitseigenschaft.</summary>
      <returns>Der Bezeichner für die <see cref="P:Microsoft.Windows.Themes.DataGridHeaderBorder.IsHovered" />-Abhängigkeitseigenschaft.</returns>
    </member>
    <member name="F:Microsoft.Windows.Themes.DataGridHeaderBorder.IsPressedProperty">
      <summary>Bezeichnet die <see cref="P:Microsoft.Windows.Themes.DataGridHeaderBorder.IsPressed" />-Abhängigkeitseigenschaft.</summary>
      <returns>Der Bezeichner für die <see cref="P:Microsoft.Windows.Themes.DataGridHeaderBorder.IsPressed" />-Abhängigkeitseigenschaft.</returns>
    </member>
    <member name="F:Microsoft.Windows.Themes.DataGridHeaderBorder.IsSelectedProperty">
      <summary>Bezeichnet die <see cref="P:Microsoft.Windows.Themes.DataGridHeaderBorder.IsSelected" />-Abhängigkeitseigenschaft.</summary>
      <returns>Der Bezeichner für die <see cref="P:Microsoft.Windows.Themes.DataGridHeaderBorder.IsSelected" />-Abhängigkeitseigenschaft.</returns>
    </member>
    <member name="F:Microsoft.Windows.Themes.DataGridHeaderBorder.OrientationProperty">
      <summary>Bezeichnet die <see cref="P:Microsoft.Windows.Themes.DataGridHeaderBorder.Orientation" />-Abhängigkeitseigenschaft.</summary>
      <returns>Der Bezeichner für die <see cref="P:Microsoft.Windows.Themes.DataGridHeaderBorder.Orientation" />-Abhängigkeitseigenschaft.</returns>
    </member>
    <member name="F:Microsoft.Windows.Themes.DataGridHeaderBorder.SeparatorBrushProperty">
      <summary>Bezeichnet die <see cref="P:Microsoft.Windows.Themes.DataGridHeaderBorder.SeparatorBrush" />-Abhängigkeitseigenschaft.</summary>
      <returns>Der Bezeichner für die <see cref="P:Microsoft.Windows.Themes.DataGridHeaderBorder.SeparatorBrush" />-Abhängigkeitseigenschaft.</returns>
    </member>
    <member name="F:Microsoft.Windows.Themes.DataGridHeaderBorder.SeparatorVisibilityProperty">
      <summary>Bezeichnet die <see cref="P:Microsoft.Windows.Themes.DataGridHeaderBorder.SeparatorVisibility" />-Abhängigkeitseigenschaft.</summary>
      <returns>Der Bezeichner für die <see cref="P:Microsoft.Windows.Themes.DataGridHeaderBorder.SeparatorVisibility" />-Abhängigkeitseigenschaft.</returns>
    </member>
    <member name="F:Microsoft.Windows.Themes.DataGridHeaderBorder.SortDirectionProperty">
      <summary>Bezeichnet die <see cref="P:Microsoft.Windows.Themes.DataGridHeaderBorder.SortDirection" />-Abhängigkeitseigenschaft.</summary>
      <returns>Der Bezeichner für die <see cref="P:Microsoft.Windows.Themes.DataGridHeaderBorder.SortDirection" />-Abhängigkeitseigenschaft.</returns>
    </member>
    <member name="F:Microsoft.Windows.Themes.SystemDropShadowChrome.ColorProperty">
      <summary>Bezeichnet die <see cref="P:Microsoft.Windows.Themes.SystemDropShadowChrome.Color" />-Abhängigkeitseigenschaft.</summary>
      <returns>Der Bezeichner für die <see cref="P:Microsoft.Windows.Themes.SystemDropShadowChrome.Color" />-Abhängigkeitseigenschaft.</returns>
    </member>
    <member name="F:Microsoft.Windows.Themes.SystemDropShadowChrome.CornerRadiusProperty">
      <summary>Bezeichnet die <see cref="P:Microsoft.Windows.Themes.SystemDropShadowChrome.CornerRadius" />-Abhängigkeitseigenschaft.</summary>
      <returns>Der Bezeichner für die <see cref="P:Microsoft.Windows.Themes.SystemDropShadowChrome.CornerRadius" />-Abhängigkeitseigenschaft.</returns>
    </member>
    <member name="M:Microsoft.Windows.Themes.ClassicBorderDecorator.#ctor">
      <summary>Initialisiert eine neue Instanz der <see cref="T:Microsoft.Windows.Themes.ClassicBorderDecorator" />-Klasse.</summary>
    </member>
    <member name="M:Microsoft.Windows.Themes.DataGridHeaderBorder.#ctor">
      <summary>Initialisiert eine neue Instanz der <see cref="T:Microsoft.Windows.Themes.DataGridHeaderBorder" />-Klasse.</summary>
    </member>
    <member name="M:Microsoft.Windows.Themes.ProgressBarBrushConverter.#ctor">
      <summary>Initialisiert eine neue Instanz der <see cref="T:Microsoft.Windows.Themes.ProgressBarBrushConverter" />-Klasse.</summary>
    </member>
    <member name="M:Microsoft.Windows.Themes.ProgressBarBrushConverter.Convert(System.Object[],System.Type,System.Object,System.Globalization.CultureInfo)">
      <summary>Erstellt die <see cref="T:System.Windows.Media.DrawingBrush" /> für die <see cref="T:System.Windows.Controls.ProgressBar" />.</summary>
      <param name="values">ForegroundBrush, IsIndeterminate, Indikator Breite, Höhe Indikator nachverfolgen BreiteDie <see cref="T:System.Windows.Media.Brush" /> zum der <see cref="P:System.Windows.Controls.Control.Foreground" /> von der <see cref="T:System.Windows.Controls.ProgressBar" />, die Boolean, der angibt, ob die <see cref="P:System.Windows.Controls.ProgressBar.IsIndeterminate" /> ist true, die <see cref="T:System.Double" /> definieren die <see cref="P:System.Windows.FrameworkElement.Width" /> des Indikators, und die <see cref="T:System.Double" /> definieren die <see cref="P:System.Windows.FrameworkElement.Height" /> des Indikators, und die <see cref="T:System.Double" /> definieren die Breite des der <see cref="T:System.Windows.Controls.Primitives.Track" />.</param>
      <param name="targetType">Dieser Parameter wird nicht verwendet.</param>
      <param name="parameter">Dieser Parameter wird nicht verwendet.</param>
      <param name="culture">Dieser Parameter wird nicht verwendet.</param>
      <returns>Der <see cref="T:System.Windows.Media.DrawingBrush" /> für den <see cref="T:System.Windows.Controls.ProgressBar" />.</returns>
    </member>
    <member name="M:Microsoft.Windows.Themes.ProgressBarBrushConverter.ConvertBack(System.Object,System.Type[],System.Object,System.Globalization.CultureInfo)">
      <summary>Nicht implementiert.</summary>
      <param name="value">Dieser Parameter wird nicht verwendet.</param>
      <param name="targetTypes">Dieser Parameter wird nicht verwendet.</param>
      <param name="parameter">Dieser Parameter wird nicht verwendet.</param>
      <param name="culture">Dieser Parameter wird nicht verwendet.</param>
      <returns>null.</returns>
    </member>
    <member name="M:Microsoft.Windows.Themes.SystemDropShadowChrome.#ctor">
      <summary>Initialisiert eine neue Instanz der <see cref="T:Microsoft.Windows.Themes.SystemDropShadowChrome" />-Klasse.</summary>
    </member>
    <member name="P:Microsoft.Windows.Themes.ClassicBorderDecorator.Background">
      <summary>Ruft ab oder legt den Pinsel, der zum Ausfüllen des Elements verwendet.</summary>
      <returns>Der Pinsel, der zum Ausfüllen des Elements verwendet wird.</returns>
    </member>
    <member name="P:Microsoft.Windows.Themes.ClassicBorderDecorator.BorderBrush">
      <summary>Ruft ab oder legt den Pinsel verwendet, um den äußeren Rahmen des Elements gezeichnet werden soll.</summary>
      <returns>Der Pinsel, der äußere Rahmen des Elements gezeichnet.</returns>
    </member>
    <member name="P:Microsoft.Windows.Themes.ClassicBorderDecorator.BorderStyle">
      <summary>Ruft ab oder legt den <see cref="T:Microsoft.Windows.Themes.ClassicBorderStyle" /> zum Zeichnen des Rahmens des Elements verwendet.</summary>
      <returns>Die <see cref="T:Microsoft.Windows.Themes.ClassicBorderStyle" /> zum Zeichnen des Rahmens des Elements verwendet.</returns>
    </member>
    <member name="P:Microsoft.Windows.Themes.ClassicBorderDecorator.BorderThickness">
      <summary>Ruft ab oder legt die Breite des Rahmens fest.</summary>
      <returns>Die Breite des Rahmens.</returns>
    </member>
    <member name="P:Microsoft.Windows.Themes.ClassicBorderDecorator.ClassicBorderBrush">
      <summary>Ruft den Pinsel ab, die zum Zeichnen des Rahmens ab.</summary>
      <returns>Der Pinsel zum Zeichnen des Rahmens.</returns>
    </member>
    <member name="P:Microsoft.Windows.Themes.DataGridHeaderBorder.IsClickable">
      <summary>Ruft ab oder legt einen Wert, der angibt, ob der Header geklickt werden kann.</summary>
      <returns>true Wenn der Header geklickt werden kann; andernfalls false. Der registrierte Standardwert ist true. Weitere Informationen dazu, was den Wert beeinflussen können, finden Sie unter <see cref="T:System.Windows.DependencyProperty" />.</returns>
    </member>
    <member name="P:Microsoft.Windows.Themes.DataGridHeaderBorder.IsHovered">
      <summary>Ruft ab oder legt einen Wert, der angibt, ob der Header angezeigt wird, als ob der Mauszeiger darüber bewegt wird.</summary>
      <returns>true Wenn der Header wird angezeigt, als ob der Mauszeiger darüber bewegt wird. andernfalls false. Der registrierte Standardwert ist false. Weitere Informationen dazu, was den Wert beeinflussen können, finden Sie unter <see cref="T:System.Windows.DependencyProperty" />.</returns>
    </member>
    <member name="P:Microsoft.Windows.Themes.DataGridHeaderBorder.IsPressed">
      <summary>Ruft ab oder legt einen Wert, der angibt, ob der Header gedrückt angezeigt wird.</summary>
      <returns>true Wenn der Header wird gedrückt angezeigt. andernfalls false. Der registrierte Standardwert ist false. Weitere Informationen dazu, was den Wert beeinflussen können, finden Sie unter <see cref="T:System.Windows.DependencyProperty" />.</returns>
    </member>
    <member name="P:Microsoft.Windows.Themes.DataGridHeaderBorder.IsSelected">
      <summary>Ruft ab oder legt einen Wert, der angibt, ob der Header ausgewählt angezeigt wird.</summary>
      <returns>true Wenn der Header angezeigt wird ausgewählt. andernfalls false. Der registrierte Standardwert ist false. Weitere Informationen dazu, was den Wert beeinflussen können, finden Sie unter <see cref="T:System.Windows.DependencyProperty" />.</returns>
    </member>
    <member name="P:Microsoft.Windows.Themes.DataGridHeaderBorder.Orientation">
      <summary>Ruft ab oder legt fest, ob der Header in der vertikaler Richtung als einen Spaltenheader oder in horizontaler Richtung als Zeilenheader gerendert wird.</summary>
      <returns>Einer der Enumerationswerte, der die Richtung angibt, wird der Header gerendert. Der registrierte Standardwert ist <see cref="F:System.Windows.Controls.Orientation.Vertical" />. Weitere Informationen dazu, was den Wert beeinflussen können, finden Sie unter <see cref="T:System.Windows.DependencyProperty" />.</returns>
    </member>
    <member name="P:Microsoft.Windows.Themes.DataGridHeaderBorder.SeparatorBrush">
      <summary>Ruft ab oder legt den Pinsel, der die Trennung zwischen Headern zeichnet.</summary>
      <returns>Der Pinsel, der die Trennung zwischen Headern zeichnet. Der registrierte Standardwert ist null. Weitere Informationen dazu, was den Wert beeinflussen können, finden Sie unter <see cref="T:System.Windows.DependencyProperty" />.</returns>
    </member>
    <member name="P:Microsoft.Windows.Themes.DataGridHeaderBorder.SeparatorVisibility">
      <summary>Ruft ab oder legt den Wert, der angibt, ob die Trennung zwischen Headern sichtbar ist.</summary>
      <returns>Einer der Enumerationswerte, der angibt, ob die <see cref="P:Microsoft.Windows.Themes.DataGridHeaderBorder.SeparatorBrush" /> sichtbar ist. Der registrierte Standardwert ist <see cref="F:System.Windows.Visibility.Visible" />. Weitere Informationen dazu, was den Wert beeinflussen können, finden Sie unter <see cref="T:System.Windows.DependencyProperty" />.</returns>
    </member>
    <member name="P:Microsoft.Windows.Themes.DataGridHeaderBorder.SortDirection">
      <summary>Ruft ab oder legt die Sortierreihenfolge für den Header.</summary>
      <returns>Einer der Enumerationswerte, der die Richtung angibt, die Spalte sortiert wird. Der registrierte Standardwert ist null. Weitere Informationen dazu, was den Wert beeinflussen können, finden Sie unter <see cref="T:System.Windows.DependencyProperty" />.</returns>
    </member>
    <member name="P:Microsoft.Windows.Themes.PlatformCulture.FlowDirection">
      <summary>Ruft einen Wert, der angibt, ob die Richtung der primären Advance links nach rechts, rechts-nach-links oder oben-nach-unten werden.</summary>
      <returns>Einer der Enumerationswerte.</returns>
    </member>
    <member name="P:Microsoft.Windows.Themes.SystemDropShadowChrome.Color">
      <summary>Ruft ab oder legt die vom Schlagschatten verwendete Farbe.</summary>
      <returns>Die Farbe.</returns>
    </member>
    <member name="P:Microsoft.Windows.Themes.SystemDropShadowChrome.CornerRadius">
      <summary>Ruft ab oder legt die Radien der Ecken eines Rechtecks.</summary>
      <returns>Die Radien der Ecken eines Rechtecks.</returns>
    </member>
    <member name="T:Microsoft.Windows.Themes.ClassicBorderDecorator">
      <summary>Erstellt das themenspezifischen Aussehen für <see cref="T:System.Windows.Controls.Decorator" /> -Typen für die Verwendung mit dem Design Classic.</summary>
    </member>
    <member name="T:Microsoft.Windows.Themes.ClassicBorderStyle">
      <summary>Besonderheiten der Typ des <see cref="T:System.Windows.Controls.Border" /> zu zeichnen.</summary>
    </member>
    <member name="F:Microsoft.Windows.Themes.ClassicBorderStyle.None">
      <summary>Kein Rahmen.</summary>
    </member>
    <member name="F:Microsoft.Windows.Themes.ClassicBorderStyle.Raised">
      <summary>Zum <see cref="T:System.Windows.Controls.Button" /> Elemente in ihrem normalen Zustand.</summary>
    </member>
    <member name="F:Microsoft.Windows.Themes.ClassicBorderStyle.RaisedPressed">
      <summary>Zum <see cref="T:System.Windows.Controls.Button" /> Elemente im gedrückten Zustand.</summary>
    </member>
    <member name="F:Microsoft.Windows.Themes.ClassicBorderStyle.RaisedFocused">
      <summary>Zum <see cref="T:System.Windows.Controls.Button" /> Elemente, die über den Tastaturfokus oder werden standardmäßig <see cref="T:System.Windows.Controls.Button" />.</summary>
    </member>
    <member name="F:Microsoft.Windows.Themes.ClassicBorderStyle.Sunken">
      <summary>Zum <see cref="T:System.Windows.Controls.ListBox" />, <see cref="T:System.Windows.Controls.TextBox" />, und <see cref="T:System.Windows.Controls.CheckBox" />.</summary>
    </member>
    <member name="F:Microsoft.Windows.Themes.ClassicBorderStyle.Etched">
      <summary>Zum <see cref="T:System.Windows.Controls.GroupBox" />.</summary>
    </member>
    <member name="F:Microsoft.Windows.Themes.ClassicBorderStyle.HorizontalLine">
      <summary>Zum horizontalen <see cref="T:System.Windows.Controls.Separator" />.</summary>
    </member>
    <member name="F:Microsoft.Windows.Themes.ClassicBorderStyle.VerticalLine">
      <summary>Verwendet für vertikale <see cref="T:System.Windows.Controls.Separator" />.</summary>
    </member>
    <member name="F:Microsoft.Windows.Themes.ClassicBorderStyle.TabRight">
      <summary>Zum <see cref="T:System.Windows.Controls.TabItem" />.</summary>
    </member>
    <member name="F:Microsoft.Windows.Themes.ClassicBorderStyle.TabTop">
      <summary>Zum <see cref="T:System.Windows.Controls.TabItem" />.</summary>
    </member>
    <member name="F:Microsoft.Windows.Themes.ClassicBorderStyle.TabLeft">
      <summary>Zum <see cref="T:System.Windows.Controls.TabItem" />.</summary>
    </member>
    <member name="F:Microsoft.Windows.Themes.ClassicBorderStyle.TabBottom">
      <summary>Zum <see cref="T:System.Windows.Controls.TabItem" />.</summary>
    </member>
    <member name="F:Microsoft.Windows.Themes.ClassicBorderStyle.ThinRaised">
      <summary>Für die oberste Ebene verwendet <see cref="T:System.Windows.Controls.MenuItem" /> Wenn die Maus oder ein anderes Eingabegerät darauf zeigt.</summary>
    </member>
    <member name="F:Microsoft.Windows.Themes.ClassicBorderStyle.ThinPressed">
      <summary>Für die oberste Ebene verwendet <see cref="T:System.Windows.Controls.MenuItem" /> im gedrückten Zustand.</summary>
    </member>
    <member name="F:Microsoft.Windows.Themes.ClassicBorderStyle.AltRaised">
      <summary>Verwendet für die <see cref="T:System.Windows.Controls.Primitives.Thumb" /> auf einem <see cref="T:System.Windows.Controls.Primitives.ScrollBar" /> im normalen Zustand.</summary>
    </member>
    <member name="F:Microsoft.Windows.Themes.ClassicBorderStyle.AltPressed">
      <summary>Verwendet für die <see cref="T:System.Windows.Controls.Primitives.Thumb" /> auf eine <see cref="T:System.Windows.Controls.Primitives.ScrollBar" /> im gedrückten Zustand.</summary>
    </member>
    <member name="F:Microsoft.Windows.Themes.ClassicBorderStyle.RadioButton">
      <summary>Ein <see cref="T:System.Windows.Controls.RadioButton" /> Rahmen.</summary>
    </member>
    <member name="T:Microsoft.Windows.Themes.DataGridHeaderBorder">
      <summary>Erstellt das Design aussehen für Header in .NET Framework 4.5 <see cref="T:System.Windows.Controls.DataGrid" />.</summary>
    </member>
    <member name="T:Microsoft.Windows.Themes.PlatformCulture">
      <summary>Stellt kulturspezifische Informationen anhand der Microsoft .NET Framework System Designs.</summary>
    </member>
    <member name="T:Microsoft.Windows.Themes.ProgressBarBrushConverter">
      <summary>Erstellt die <see cref="T:System.Windows.Media.Brush" /> zum Zeichnen der <see cref="T:System.Windows.Controls.ProgressBar" />.</summary>
    </member>
    <member name="T:Microsoft.Windows.Themes.SystemDropShadowChrome">
      <summary>Erstellt ein Design aussehen für Schatteneffekte.</summary>
    </member>
  </members>
</doc>