﻿<?xml version="1.0" encoding="utf-8"?>
<doc>
  <assembly>
    <name>PresentationBuildTasks</name>
  </assembly>
  <members>
    <member name="M:Microsoft.Build.Tasks.Windows.FileClassifier.#ctor">
      <summary>Initialisiert eine neue Instanz der <see cref="T:Microsoft.Build.Tasks.Windows.FileClassifier" />-Klasse.</summary>
    </member>
    <member name="M:Microsoft.Build.Tasks.Windows.FileClassifier.Execute">
      <summary>Eine Aufgabe ausgeführt.</summary>
      <returns>true Wenn die Aufgabe erfolgreich ausgeführt. andernfalls false.</returns>
    </member>
    <member name="M:Microsoft.Build.Tasks.Windows.GenerateTemporaryTargetAssembly.#ctor">
      <summary>Initialisiert eine neue Instanz der <see cref="T:Microsoft.Build.Tasks.Windows.GenerateTemporaryTargetAssembly" />-Klasse.</summary>
    </member>
    <member name="M:Microsoft.Build.Tasks.Windows.GenerateTemporaryTargetAssembly.Execute">
      <summary>Eine Aufgabe ausgeführt.</summary>
      <returns>true Wenn die Aufgabe erfolgreich ausgeführt. andernfalls false.</returns>
    </member>
    <member name="M:Microsoft.Build.Tasks.Windows.GetWinFXPath.#ctor">
      <summary>Initialisiert eine neue Instanz der <see cref="T:Microsoft.Build.Tasks.Windows.GetWinFXPath" />-Klasse.</summary>
    </member>
    <member name="M:Microsoft.Build.Tasks.Windows.GetWinFXPath.Execute">
      <summary>Eine Aufgabe ausgeführt.</summary>
      <returns>true Wenn die Aufgabe erfolgreich ausgeführt. andernfalls false.</returns>
    </member>
    <member name="M:Microsoft.Build.Tasks.Windows.MarkupCompilePass1.#ctor">
      <summary>Initialisiert eine neue Instanz der <see cref="T:Microsoft.Build.Tasks.Windows.MarkupCompilePass1" />-Klasse.</summary>
    </member>
    <member name="M:Microsoft.Build.Tasks.Windows.MarkupCompilePass1.Execute">
      <summary>Eine Aufgabe ausgeführt.</summary>
      <returns>true Wenn die Aufgabe erfolgreich ausgeführt. andernfalls false.</returns>
    </member>
    <member name="M:Microsoft.Build.Tasks.Windows.MarkupCompilePass2.#ctor">
      <summary>Initialisiert eine neue Instanz der <see cref="T:Microsoft.Build.Tasks.Windows.MarkupCompilePass2" />-Klasse.</summary>
    </member>
    <member name="M:Microsoft.Build.Tasks.Windows.MarkupCompilePass2.Execute">
      <summary>Eine Aufgabe ausgeführt.</summary>
      <returns>true Wenn die Aufgabe erfolgreich ausgeführt. andernfalls false.</returns>
    </member>
    <member name="M:Microsoft.Build.Tasks.Windows.MergeLocalizationDirectives.#ctor">
      <summary>Initialisiert eine neue Instanz der <see cref="T:Microsoft.Build.Tasks.Windows.MergeLocalizationDirectives" />-Klasse.</summary>
    </member>
    <member name="M:Microsoft.Build.Tasks.Windows.MergeLocalizationDirectives.Execute">
      <summary>Eine Aufgabe ausgeführt.</summary>
      <returns>true Wenn die Aufgabe erfolgreich ausgeführt. andernfalls false.</returns>
    </member>
    <member name="M:Microsoft.Build.Tasks.Windows.ResourcesGenerator.#ctor">
      <summary>Initialisiert eine neue Instanz der <see cref="T:Microsoft.Build.Tasks.Windows.ResourcesGenerator" />-Klasse.</summary>
    </member>
    <member name="M:Microsoft.Build.Tasks.Windows.ResourcesGenerator.Execute">
      <summary>Eine Aufgabe ausgeführt.</summary>
      <returns>true Wenn die Aufgabe erfolgreich ausgeführt. andernfalls false.</returns>
    </member>
    <member name="M:Microsoft.Build.Tasks.Windows.UidManager.#ctor">
      <summary>Initialisiert eine neue Instanz der <see cref="T:Microsoft.Build.Tasks.Windows.UidManager" />-Klasse.</summary>
    </member>
    <member name="M:Microsoft.Build.Tasks.Windows.UidManager.Execute">
      <summary>Eine Aufgabe ausgeführt.</summary>
      <returns>true Wenn die Aufgabe erfolgreich ausgeführt. andernfalls false.</returns>
    </member>
    <member name="M:Microsoft.Build.Tasks.Windows.UpdateManifestForBrowserApplication.#ctor">
      <summary>Initialisiert eine neue Instanz der <see cref="T:Microsoft.Build.Tasks.Windows.UpdateManifestForBrowserApplication" />-Klasse.</summary>
    </member>
    <member name="M:Microsoft.Build.Tasks.Windows.UpdateManifestForBrowserApplication.Execute">
      <summary>Eine Aufgabe ausgeführt.</summary>
      <returns>true Wenn die Aufgabe erfolgreich ausgeführt. andernfalls false.</returns>
    </member>
    <member name="P:Microsoft.Build.Tasks.Windows.FileClassifier.CLREmbeddedResource">
      <summary>Ruft ab oder legt die Ausgabe Elementliste für die CLR-Ressourcen, die in der Hauptassembly gespeichert werden.</summary>
      <returns>Die Ausgabe der Elementliste für die CLR-Ressourcen, die in der Hauptassembly gespeichert werden.</returns>
    </member>
    <member name="P:Microsoft.Build.Tasks.Windows.FileClassifier.CLRResourceFiles">
      <summary>Ruft ab oder legt die CLR-Ressourcenliste-Datei.</summary>
      <returns>Die Liste der CLR-Ressource-Datei.</returns>
    </member>
    <member name="P:Microsoft.Build.Tasks.Windows.FileClassifier.CLRSatelliteEmbeddedResource">
      <summary>Ruft ab oder legt die Ausgabe Elementliste für die CLR-Ressourcen, die in der Satellitenassembly gespeichert werden.</summary>
      <returns>Die Ausgabe der Elementliste für die CLR-Ressourcen, die in der Satellitenassembly gespeichert werden.</returns>
    </member>
    <member name="P:Microsoft.Build.Tasks.Windows.FileClassifier.Culture">
      <summary>Ruft ab oder legt die Kultur des Builds fest.</summary>
      <returns>Die Kultur des Builds oder null wenn der Build nicht lokalisierbar ist.</returns>
    </member>
    <member name="P:Microsoft.Build.Tasks.Windows.FileClassifier.MainEmbeddedFiles">
      <summary>Ruft ab oder legt nicht lokalisierbare Ressourcen, die in die Main-Assembly eingebettet werden.</summary>
      <returns>Nicht lokalisierbare Ressourcen, die in der Main-Assembly eingebettet werden sollen.</returns>
    </member>
    <member name="P:Microsoft.Build.Tasks.Windows.FileClassifier.OutputType">
      <summary>Ruft ab oder legt den Ausgabetyp der Assembly fest.</summary>
      <returns>Der Ausgabetyp der Assembly.  "Exe" oder "Dll" möglich.</returns>
    </member>
    <member name="P:Microsoft.Build.Tasks.Windows.FileClassifier.SatelliteEmbeddedFiles">
      <summary>Ruft ab oder legt die lokalisierbaren Dateien an, die in die Satellitenassembly für die Kultur eingebettet sind, die durch angegeben ist die <see cref="P:Microsoft.Build.Tasks.Windows.FileClassifier.Culture" /> Eigenschaft.</summary>
      <returns>Die lokalisierbaren Dateien an, die in die Satellitenassembly für die Kultur eingebettet sind, die durch angegeben ist die <see cref="P:Microsoft.Build.Tasks.Windows.FileClassifier.Culture" /> Eigenschaft.</returns>
    </member>
    <member name="P:Microsoft.Build.Tasks.Windows.FileClassifier.SourceFiles">
      <summary>Ruft ab oder legt die Liste der Elemente, die klassifiziert werden.</summary>
      <returns>Die Liste der Elemente, die klassifiziert werden.</returns>
    </member>
    <member name="P:Microsoft.Build.Tasks.Windows.GenerateTemporaryTargetAssembly.AssemblyName">
      <summary>Ruft ab oder legt den kurzen Namen der Assembly, die für ein Projekt generiert wird, ist auch der Name der Zielassembly, die vorübergehend generiert wird.</summary>
      <returns>Der kurze Name der Assembly, die für ein Projekt generiert wird, ist auch der Name der Zielassembly, die vorübergehend generiert wird.</returns>
    </member>
    <member name="P:Microsoft.Build.Tasks.Windows.GenerateTemporaryTargetAssembly.CompileTargetName">
      <summary>Ruft ab oder legt den Namen der MS Build-Ziel, mit der Assembly von Quellcodedateien zu generieren.</summary>
      <returns>Der Name der MS Build-Ziel die Assembly aus Quellcodedateien generiert.</returns>
    </member>
    <member name="P:Microsoft.Build.Tasks.Windows.GenerateTemporaryTargetAssembly.CompileTypeName">
      <summary>Ruft ab oder legt der Name des entsprechenden Elements die von verwalteten Compileraufgabe akzeptiert werden kann.</summary>
      <returns>Der Name der entsprechenden Element die von verwalteten Compileraufgabe akzeptiert werden kann.</returns>
    </member>
    <member name="P:Microsoft.Build.Tasks.Windows.GenerateTemporaryTargetAssembly.CurrentProject">
      <summary>Ruft ab oder legt den vollständigen Pfad der aktuellen Datei.</summary>
      <returns>Der vollständige Pfad der aktuellen Datei.</returns>
    </member>
    <member name="P:Microsoft.Build.Tasks.Windows.GenerateTemporaryTargetAssembly.GeneratedCodeFiles">
      <summary>Ruft ab oder legt eine Liste generierter Codedateien.</summary>
      <returns>Eine Liste der generierten Codedateien.  Dies kann 0 Elemente haben.</returns>
    </member>
    <member name="P:Microsoft.Build.Tasks.Windows.GenerateTemporaryTargetAssembly.IntermediateOutputPath">
      <summary>Ruft ab oder legt das Verzeichnis, dem die temporäre Zielassembly generiert wird.</summary>
      <returns>Das Verzeichnis, dem die temporäre Zielassembly generiert wird.</returns>
    </member>
    <member name="P:Microsoft.Build.Tasks.Windows.GenerateTemporaryTargetAssembly.MSBuildBinPath">
      <summary>Ruft ab oder legt den Binärpfad MS Build.</summary>
      <returns>Der binäre MS Build-Pfad.</returns>
    </member>
    <member name="P:Microsoft.Build.Tasks.Windows.GenerateTemporaryTargetAssembly.ReferencePath">
      <summary>Ruft ab oder legt eine Liste der Verweisassemblys aufgelöst.</summary>
      <returns>Eine Liste der Verweisassemblys aufgelöst.</returns>
    </member>
    <member name="P:Microsoft.Build.Tasks.Windows.GenerateTemporaryTargetAssembly.ReferencePathTypeName">
      <summary>Ruft oder legt den Elementnamen die Referenz in verwalteten Compileraufgabe beibehalten verwendet wird.</summary>
      <returns>Der Elementname, der verwendet wird, um die Verweisliste in verwalteten Compileraufgabe zu halten.</returns>
    </member>
    <member name="P:Microsoft.Build.Tasks.Windows.GetWinFXPath.WinFXNativePath">
      <summary>Ruft ab oder legt den Pfad für die systemeigene WinFX-Laufzeit fest.</summary>
      <returns>Der Pfad für systemeigene WinFX-Laufzeit.</returns>
    </member>
    <member name="P:Microsoft.Build.Tasks.Windows.GetWinFXPath.WinFXPath">
      <summary>Ruft ab oder legt den Pfad für die WinFX-Laufzeit fest.</summary>
      <returns>Der Pfad für die WinFX-Laufzeit.</returns>
    </member>
    <member name="P:Microsoft.Build.Tasks.Windows.GetWinFXPath.WinFXWowPath">
      <summary>Ruft ab oder legt den Pfad für die WoW WinFX-Laufzeit fest.</summary>
      <returns>Der Pfad für die WoW WinFX-Laufzeit.</returns>
    </member>
    <member name="P:Microsoft.Build.Tasks.Windows.MarkupCompilePass1.AllGeneratedFiles">
      <summary>Ruft ab oder legt eine Liste der Dateien, die durch den Markupcompiler generiert werden.</summary>
      <returns>Eine Liste der Dateien, die durch den Markupcompiler generiert werden.</returns>
    </member>
    <member name="P:Microsoft.Build.Tasks.Windows.MarkupCompilePass1.AlwaysCompileMarkupFilesInSeparateDomain">
      <summary>Ruft ab oder legt einen Wert, der angibt, ob die Kompilierung in der zweiten Anwendungsdomäne ausgeführt.</summary>
      <returns>true um die Kompilierung im zweiten Anwendungsdomäne ausgeführt werden. andernfalls false.</returns>
    </member>
    <member name="P:Microsoft.Build.Tasks.Windows.MarkupCompilePass1.ApplicationMarkup">
      <summary>Ruft ab oder legt den Namen der Anwendungsdefinition XAML Datei.</summary>
      <returns>Der Name der Anwendungsdefinition XAML Datei.</returns>
    </member>
    <member name="P:Microsoft.Build.Tasks.Windows.MarkupCompilePass1.AssembliesGeneratedDuringBuild">
      <summary>Ruft ab oder legt eine Liste der Verweisassemblys, die bei der Erstellung ändern.</summary>
      <returns>Die Liste der Verweisassemblys, die bei der Erstellung ändern.</returns>
    </member>
    <member name="P:Microsoft.Build.Tasks.Windows.MarkupCompilePass1.AssemblyName">
      <summary>Ruft ab oder legt den kurzen Namen der Assembly, die für dieses Projekt generiert wird.</summary>
      <returns>Der kurze Name der Assembly, die für dieses Projekt generiert werden.</returns>
    </member>
    <member name="P:Microsoft.Build.Tasks.Windows.MarkupCompilePass1.AssemblyPublicKeyToken">
      <summary>Ruft ab oder legt das Token des öffentliche Schlüssels der Assembly.</summary>
      <returns>Das öffentliche Schlüsseltoken der Assembly.</returns>
    </member>
    <member name="P:Microsoft.Build.Tasks.Windows.MarkupCompilePass1.AssemblyVersion">
      <summary>Ruft die Version der Assembly ab oder legt sie fest.</summary>
      <returns>Die Version der Assembly.</returns>
    </member>
    <member name="P:Microsoft.Build.Tasks.Windows.MarkupCompilePass1.ContentFiles">
      <summary>Ruft ab oder legt eine Liste loser Inhaltsdateien.</summary>
      <returns>Eine Liste der lose Inhaltsdateien.</returns>
    </member>
    <member name="P:Microsoft.Build.Tasks.Windows.MarkupCompilePass1.DefineConstants">
      <summary>Ruft ab oder legt einen Wert, der angibt, ob der aktuelle Wert der DefineConstants wird beibehalten.</summary>
      <returns>Gibt an, ob der aktuelle Wert der DefineConstants wird beibehalten, die wirkt sich auf Ziel Generieren der Assembly, wenn dieser Parameter geändert wird, kann die öffentliche API in der Zielassembly geändert werden und die Kompilierung der XAML Dateien, die auf lokale Typen verweisen, beeinträchtigt werden.</returns>
    </member>
    <member name="P:Microsoft.Build.Tasks.Windows.MarkupCompilePass1.ExtraBuildControlFiles">
      <summary>Ruft ab oder legt eine Liste der Dateien, die steuern, ob eine Wiederherstellung wird ausgelöst, wenn die <see cref="T:Microsoft.Build.Tasks.Windows.MarkupCompilePass1" /> Vorgang wiederholen, eine Wiederherstellung wird ausgelöst, wenn eine dieser Dateien von Änderungen.</summary>
      <returns>Eine Liste der Dateien, die steuern, ob eine Wiederherstellung wird ausgelöst, wenn die <see cref="T:Microsoft.Build.Tasks.Windows.MarkupCompilePass1" /> Vorgang wiederholen, eine Wiederherstellung wird ausgelöst, wenn eine dieser Dateien von Änderungen.</returns>
    </member>
    <member name="P:Microsoft.Build.Tasks.Windows.MarkupCompilePass1.GeneratedBamlFiles">
      <summary>Ruft ab oder legt den generierten binary XAML (BAML) Dateien.</summary>
      <returns>Die generierte binary XAML (BAML) Dateien.</returns>
    </member>
    <member name="P:Microsoft.Build.Tasks.Windows.MarkupCompilePass1.GeneratedCodeFiles">
      <summary>Ruft ab oder legt die Liste der generierten verwalteten Codedateien.</summary>
      <returns>Die Liste der generierten verwalteten Codedateien.</returns>
    </member>
    <member name="P:Microsoft.Build.Tasks.Windows.MarkupCompilePass1.GeneratedLocalizationFiles">
      <summary>Ruft ab oder legt die generierte Lokalisierungsdatei für jede lokalisierbare XAML Datei.</summary>
      <returns>Die generierte Lokalisierungsdatei für jede lokalisierbare XAML Datei.</returns>
    </member>
    <member name="P:Microsoft.Build.Tasks.Windows.MarkupCompilePass1.HostInBrowser">
      <summary>Ruft ab oder legt einen Wert, der angibt, ob die generierte Assembly ist eine XAML-Browseranwendung (XBAP).</summary>
      <returns>true Wenn die generierte Assembly ist eine XAML-Browseranwendung (XBAP)andernfalls false.</returns>
    </member>
    <member name="P:Microsoft.Build.Tasks.Windows.MarkupCompilePass1.IsRunningInVisualStudio">
      <summary>Ruft ab oder legt einen Wert, der angibt, ob der Task in Visual Studio ausgeführt wird.</summary>
      <returns>true Wenn die Aufgabe in Visual Studio ausgeführt wird; andernfalls false.</returns>
    </member>
    <member name="P:Microsoft.Build.Tasks.Windows.MarkupCompilePass1.KnownReferencePaths">
      <summary>Ruft ab oder legt die Pfaden der Assemblys verwiesen wird, die während des Verfahrens Build nicht ändern.</summary>
      <returns>Die Pfade der Assemblys verwiesen wird, die während des Verfahrens Build nicht ändern.</returns>
    </member>
    <member name="P:Microsoft.Build.Tasks.Windows.MarkupCompilePass1.Language">
      <summary>Ruft ab oder legt die verwaltete Sprache, die der Compiler unterstützt.</summary>
      <returns>Die verwalteten Sprache, die der Compiler unterstützt. Gültige Werte sind C#-, VB, und C++.</returns>
    </member>
    <member name="P:Microsoft.Build.Tasks.Windows.MarkupCompilePass1.LanguageSourceExtension">
      <summary>Ruft ab oder legt die Erweiterung, die das die Erweiterung der generierten verwalteten Codedatei angefügt wird.</summary>
      <returns>Die Erweiterung, die die Erweiterung der generierten angefügt verwalteten Code.</returns>
    </member>
    <member name="P:Microsoft.Build.Tasks.Windows.MarkupCompilePass1.LocalizationDirectivesToLocFile">
      <summary>Ruft ab oder legt einen Wert, der angibt, wie Lokalisierungsinformationen für jede generiert Extensible Application Markup Language (XAML) Datei.</summary>
      <returns>Ein Wert, der angibt, wie Lokalisierungsinformationen für jede generiert Extensible Application Markup Language (XAML) Datei. Gültige Werte sind keine, CommentsOnly, und alle.</returns>
    </member>
    <member name="P:Microsoft.Build.Tasks.Windows.MarkupCompilePass1.OutputPath">
      <summary>Ruft ab oder legt den Speicherort der generierten Codedateien.</summary>
      <returns>Der Speicherort der generierten Codedateien.</returns>
    </member>
    <member name="P:Microsoft.Build.Tasks.Windows.MarkupCompilePass1.OutputType">
      <summary>Ruft ab oder legt den Ausgabetyp der Assembly fest.</summary>
      <returns>Der Typ der Assembly, die von einem Projekt generiert wird. Gültige Werte sind Winexe, Exe, Bibliothek, und Netmodule.</returns>
    </member>
    <member name="P:Microsoft.Build.Tasks.Windows.MarkupCompilePass1.PageMarkup">
      <summary>Ruft ab oder legt eine Liste der XAML Dateien zu verarbeiten.</summary>
      <returns>Eine Liste der XAML Dateien zu verarbeiten.</returns>
    </member>
    <member name="P:Microsoft.Build.Tasks.Windows.MarkupCompilePass1.References">
      <summary>Ruft ab oder legt die Verweise der Assembly.</summary>
      <returns>Die Verweise der Assembly.</returns>
    </member>
    <member name="P:Microsoft.Build.Tasks.Windows.MarkupCompilePass1.RequirePass2ForMainAssembly">
      <summary>Ruft ab oder legt einen Wert, der angibt, ob das Projekt enthält nicht lokalisierbare XAML Dateien, die auf lokale Typen verweisen, die in die Hauptassembly eingebettet sind.</summary>
      <returns>true Wenn das Projekt nicht lokalisierbare enthält XAML Dateien, die lokale Typen verweisen, die in die Haupt-Assembly eingebettet sind; andernfalls sind false.</returns>
    </member>
    <member name="P:Microsoft.Build.Tasks.Windows.MarkupCompilePass1.RequirePass2ForSatelliteAssembly">
      <summary>Ruft ab oder legt einen Wert, der angibt, ob das Projekt enthält lokalisierbare XAML Dateien, die auf lokale Typen verweisen, die in der Satellitenassembly eingebettet sind.</summary>
      <returns>true Wenn das p-Projekt lokalisierbare enthält XAML Dateien, die auf lokale Typen verweisen, die in die Satellitenassembly eingebettet ist, andernfalls false.</returns>
    </member>
    <member name="P:Microsoft.Build.Tasks.Windows.MarkupCompilePass1.RootNamespace">
      <summary>Ruft ab oder legt den Stamm-Namespace, der Klassen im Projekt.</summary>
      <returns>Der Stammnamespace der Klassen innerhalb des Projekts.</returns>
    </member>
    <member name="P:Microsoft.Build.Tasks.Windows.MarkupCompilePass1.SourceCodeFiles">
      <summary>Ruft ab oder legt der Liste für die Quelle-Code für das aktuelle Projekt.</summary>
      <returns>Der Codeliste Quelle für das aktuelle Projekt.</returns>
    </member>
    <member name="P:Microsoft.Build.Tasks.Windows.MarkupCompilePass1.SplashScreen">
      <summary>Ruft ab oder legt das Bild des Begrüßungsbildschirms vor der anwendungsinitialisierung angezeigt werden.</summary>
      <returns>Das Bild des Begrüßungsbildschirms.</returns>
    </member>
    <member name="P:Microsoft.Build.Tasks.Windows.MarkupCompilePass1.UICulture">
      <summary>Ruft ab oder legt einen Wert, der angibt, welche Kultur Satellitenassembly generierten enthält binary XAML (BAML) Dateien.</summary>
      <returns>Ein Wert, der angibt, welche Kultur Satellitenassembly generierten aufnimmt binary XAML (BAML) Dateien.</returns>
    </member>
    <member name="P:Microsoft.Build.Tasks.Windows.MarkupCompilePass1.XamlDebuggingInformation">
      <summary>Ruft ab oder legt einen Wert, der angibt, ob die Diagnoseinformationen generiert und in die kompilierte enthalten XAML um Debuggen zu unterstützen.</summary>
      <returns>true Wenn Diagnoseinformationen generiert und in die kompilierte enthalten XAML um das Debuggen zu unterstützen, andernfalls false.</returns>
    </member>
    <member name="P:Microsoft.Build.Tasks.Windows.MarkupCompilePass2.AlwaysCompileMarkupFilesInSeparateDomain">
      <summary>Ruft ab oder legt einen Wert, der angibt, ob die Kompilierung in der zweiten Anwendungsdomäne ausgeführt.</summary>
      <returns>true um die Kompilierung im zweiten Anwendungsdomäne ausgeführt werden. andernfalls false.</returns>
    </member>
    <member name="P:Microsoft.Build.Tasks.Windows.MarkupCompilePass2.AssembliesGeneratedDuringBuild">
      <summary>Ruft ab oder legt eine Liste der Verweisassemblys, die bei der Erstellung ändern.</summary>
      <returns>Die Liste der Verweisassemblys, die bei der Erstellung ändern.</returns>
    </member>
    <member name="P:Microsoft.Build.Tasks.Windows.MarkupCompilePass2.AssemblyName">
      <summary>Ruft ab oder legt den kurzen Namen der Assembly, die für dieses Projekt generiert wird.</summary>
      <returns>Der kurze Name der Assembly, die für dieses Projekt generiert werden.</returns>
    </member>
    <member name="P:Microsoft.Build.Tasks.Windows.MarkupCompilePass2.GeneratedBaml">
      <summary>Ruft ab oder legt den generierten binary XAML (BAML) Dateien.</summary>
      <returns>Die generierte binary XAML (BAML) Dateien.</returns>
    </member>
    <member name="P:Microsoft.Build.Tasks.Windows.MarkupCompilePass2.KnownReferencePaths">
      <summary>Ruft ab oder legt die Pfaden der Assemblys verwiesen wird, die während des Verfahrens Build nicht ändern.</summary>
      <returns>Die Pfade der Assemblys verwiesen wird, die während des Verfahrens Build nicht ändern.</returns>
    </member>
    <member name="P:Microsoft.Build.Tasks.Windows.MarkupCompilePass2.Language">
      <summary>Ruft ab oder legt die verwaltete Sprache, die der Compiler unterstützt.</summary>
      <returns>Die verwalteten Sprache, die der Compiler unterstützt. Gültige Werte sind C#-, VB, JScript, und C++.</returns>
    </member>
    <member name="P:Microsoft.Build.Tasks.Windows.MarkupCompilePass2.LocalizationDirectivesToLocFile">
      <summary>Ruft ab oder legt einen Wert, der angibt, wie Lokalisierungsinformationen für jede generiert Extensible Application Markup Language (XAML) Datei.</summary>
      <returns>Ein Wert, der angibt, wie Lokalisierungsinformationen für jede generiert Extensible Application Markup Language (XAML) Datei. Gültige Werte sind keine, CommentsOnly, und alle.</returns>
    </member>
    <member name="P:Microsoft.Build.Tasks.Windows.MarkupCompilePass2.OutputPath">
      <summary>Ruft ab oder legt den Speicherort der generierten Codedateien.</summary>
      <returns>Der Speicherort der generierten Codedateien.</returns>
    </member>
    <member name="P:Microsoft.Build.Tasks.Windows.MarkupCompilePass2.OutputType">
      <summary>Ruft ab oder legt den Ausgabetyp der Assembly fest.</summary>
      <returns>Der Typ der Assembly, die von einem Projekt generiert wird. Gültige Werte sind Winexe, Exe, Bibliothek, und Netmodule.</returns>
    </member>
    <member name="P:Microsoft.Build.Tasks.Windows.MarkupCompilePass2.References">
      <summary>Ruft ab oder legt die Verweise der Assembly.</summary>
      <returns>Die Verweise der Assembly.</returns>
    </member>
    <member name="P:Microsoft.Build.Tasks.Windows.MarkupCompilePass2.RootNamespace">
      <summary>Ruft ab oder legt den Stamm-Namespace, der Klassen im Projekt.</summary>
      <returns>Der Stammnamespace der Klassen innerhalb des Projekts.</returns>
    </member>
    <member name="P:Microsoft.Build.Tasks.Windows.MarkupCompilePass2.XamlDebuggingInformation">
      <summary>Ruft ab oder legt einen Wert, der angibt, ob die Diagnoseinformationen generiert und in die kompilierte enthalten XAML um Debuggen zu unterstützen.</summary>
      <returns>true Wenn Diagnoseinformationen generiert und in die kompilierte enthalten XAML um das Debuggen zu unterstützen, andernfalls false.</returns>
    </member>
    <member name="P:Microsoft.Build.Tasks.Windows.MergeLocalizationDirectives.GeneratedLocalizationFiles">
      <summary>Ruft ab oder legt die Liste der Lokalisierung Direktiven Dateien für einzelne Dateien in XAML Binärformat.</summary>
      <returns>Die Liste der Dateien mit Richtlinien für einzelne Dateien in XAML Binärformat.</returns>
    </member>
    <member name="P:Microsoft.Build.Tasks.Windows.MergeLocalizationDirectives.OutputFile">
      <summary>Ruft ab oder legt den Ausgabepfad der Assembly kompilierte Lokalisierung-Direktiven.</summary>
      <returns>Der Ausgabepfad der Assembly kompilierte Lokalisierung-Direktiven.</returns>
    </member>
    <member name="P:Microsoft.Build.Tasks.Windows.ResourcesGenerator.OutputPath">
      <summary>Ruft ab oder legt den Pfad des Ausgabeverzeichnisses fest.</summary>
    </member>
    <member name="P:Microsoft.Build.Tasks.Windows.ResourcesGenerator.OutputResourcesFile">
      <summary>Ruft ab oder legt den Pfad und Namen der generierten RESOURCES-Datei.</summary>
      <returns>Der Pfad und Name der generierten RESOURCES-Datei. Wenn der Pfad nicht um einen absoluten Pfad ist, wird die RESOURCES-Datei relativ zum Stammverzeichnis des Projekts generiert.</returns>
    </member>
    <member name="P:Microsoft.Build.Tasks.Windows.ResourcesGenerator.ResourceFiles">
      <summary>Ruft ab oder legt eine oder mehrere Ressourcen in die generierte RESOURCES-Datei eingebettet.</summary>
      <returns>Eine oder mehrere Ressourcen in die generierte RESOURCES-Datei eingebettet.</returns>
    </member>
    <member name="P:Microsoft.Build.Tasks.Windows.UidManager.IntermediateDirectory">
      <summary>Ruft ab oder legt das Verzeichnis, das mit der Sicherung der XAML Dateien, die vom angegebenen die <see cref="P:Microsoft.Build.Tasks.Windows.UidManager.MarkupFiles" /> Eigenschaft.</summary>
      <returns>Das Verzeichnis, das mit der Sicherung der XAML Dateien, die vom angegebenen die <see cref="P:Microsoft.Build.Tasks.Windows.UidManager.MarkupFiles" /> Eigenschaft.</returns>
    </member>
    <member name="P:Microsoft.Build.Tasks.Windows.UidManager.MarkupFiles">
      <summary>Ruft ab oder legt die Quelle XAML Dateien für das Überprüfen, aktualisieren oder Entfernen der UID hinzu.</summary>
      <returns>Die Quelle XAML Dateien für das Überprüfen, aktualisieren oder Entfernen der UID hinzu.</returns>
    </member>
    <member name="P:Microsoft.Build.Tasks.Windows.UidManager.Task">
      <summary>Ruft ab oder legt die UID-Verwaltungsaufgabe aus, der Sie ausführen möchten. Gültige Optionen sind überprüfen, Update, oder Entfernen.</summary>
      <returns>Die UID-Verwaltungsaufgabe, die Sie ausführen möchten. Gültige Optionen sind überprüfen, Update, oder Entfernen.</returns>
    </member>
    <member name="P:Microsoft.Build.Tasks.Windows.UpdateManifestForBrowserApplication.ApplicationManifest">
      <summary>Ruft ab oder legt den Pfad und Namen der Manifestdatei der Anwendung, die Sie hinzufügen möchten die &lt;hostInBrowser /&gt; Element.</summary>
      <returns>Der Pfad und Name der Anwendung manifest-Datei, die Sie hinzufügen möchten die &lt;hostInBrowser /&gt; Element.</returns>
    </member>
    <member name="P:Microsoft.Build.Tasks.Windows.UpdateManifestForBrowserApplication.HostInBrowser">
      <summary>Ruft einen Wert, der angibt, ob das Anwendungsmanifest enthalten ändern die &lt; HostInBrowser / &gt; Element.</summary>
      <returns>true So ändern Sie das Anwendungsmanifest enthalten die &lt; HostInBrowser / &gt; Element ist, andernfalls false.</returns>
    </member>
    <member name="T:Microsoft.Build.Tasks.Windows.FileClassifier">
      <summary>Implementiert die FileClassifer Aufgabe. Verwenden der FileClassifer Element in der Projektdatei erstellen und Ausführen dieser Aufgabe. Informationen über Verwendung und Parameter finden Sie unter FileClassifier Task.</summary>
    </member>
    <member name="T:Microsoft.Build.Tasks.Windows.GenerateTemporaryTargetAssembly">
      <summary>Implementiert die GenerateTemporaryTargetAssembly Aufgabe. Verwenden der GenerateTemporaryTargetAssembly Element in der Projektdatei erstellen und Ausführen dieser Aufgabe. Informationen über Verwendung und Parameter finden Sie unter GenerateTemporaryTargetAssembly Task.</summary>
    </member>
    <member name="T:Microsoft.Build.Tasks.Windows.GetWinFXPath">
      <summary>Implementiert die GetWinFXPath Aufgabe. Verwenden der GetWinFXPath Element in der Projektdatei erstellen und Ausführen dieser Aufgabe. Informationen über Verwendung und Parameter finden Sie unter GetWinFXPath Task.</summary>
    </member>
    <member name="T:Microsoft.Build.Tasks.Windows.MarkupCompilePass1">
      <summary>Implementiert die MarkupCompilePass1 Aufgabe. Verwenden der MarkupCompilePass1 Element in der Projektdatei erstellen und Ausführen dieser Aufgabe. Informationen über Verwendung und Parameter finden Sie unter MarkupCompilePass1 Task.</summary>
    </member>
    <member name="T:Microsoft.Build.Tasks.Windows.MarkupCompilePass2">
      <summary>Implementiert die MarkupCompilePass2 Aufgabe. Verwenden der MarkupCompilePass2 Element in der Projektdatei erstellen und Ausführen dieser Aufgabe. Informationen über Verwendung und Parameter finden Sie unter MarkupCompilePass2 Task.</summary>
    </member>
    <member name="T:Microsoft.Build.Tasks.Windows.MergeLocalizationDirectives">
      <summary>Implementiert die MergeLocalizationDirectives Aufgabe. Verwenden der MergeLocalizationDirectives Element in der Projektdatei erstellen und Ausführen dieser Aufgabe. Informationen über Verwendung und Parameter finden Sie unter MergeLocalizationDirectives Task.</summary>
    </member>
    <member name="T:Microsoft.Build.Tasks.Windows.ResourcesGenerator">
      <summary>Implementiert die ResourcesGenerator Aufgabe. Verwenden der ResourcesGenerator Element in der Projektdatei erstellen und Ausführen dieser Aufgabe. Informationen über Verwendung und Parameter finden Sie unter ResourcesGenerator Task.</summary>
    </member>
    <member name="T:Microsoft.Build.Tasks.Windows.UidManager">
      <summary>Implementiert die UidManager Aufgabe. Verwenden der UidManager Element in der Projektdatei erstellen und Ausführen dieser Aufgabe. Informationen über Verwendung und Parameter finden Sie unter UidManager Task.</summary>
    </member>
    <member name="T:Microsoft.Build.Tasks.Windows.UpdateManifestForBrowserApplication">
      <summary>Implementiert die UpdateManifestForBrowserApplication Aufgabe. Verwenden der UpdateManifestForBrowserApplication Element in der Projektdatei erstellen und Ausführen dieser Aufgabe. Informationen über Verwendung und Parameter finden Sie unter UpdateManifestForBrowserApplication Task.</summary>
    </member>
  </members>
</doc>