﻿<?xml version="1.0" encoding="utf-8"?>
<doc>
  <assembly>
    <name>sysglobl</name>
  </assembly>
  <members>
    <member name="M:System.Globalization.CultureAndRegionInfoBuilder.#ctor(System.String,System.Globalization.CultureAndRegionModifiers)">
      <summary>Initialisiert eine neue Instanz der <see cref="T:System.Globalization.CultureAndRegionInfoBuilder" />-Klasse.</summary>
      <param name="cultureName">Der Name einer Kultur.</param>
      <param name="flags">Einer der <see cref="T:System.Globalization.CultureAndRegionModifiers" />-Werte, der angibt, ob das neue <see cref="T:System.Globalization.CultureAndRegionInfoBuilder" />-Objekt eine neutrale Kultur ist, eine vorhandene Kultur und ein vorhandenes Land oder eine vorhandene Region ersetzt oder eine neue Kultur ist.</param>
      <exception cref="T:System.ArgumentNullException">
        <paramref name="cultureName" /> ist null.</exception>
      <exception cref="T:System.ArgumentException">
        <paramref name="cultureName" /> ist eine leere Zeichenfolge ("").- oder - <paramref name="cultureName" /> enthält Zeichen als "0" bis "9", "a" bis "Z", "A" bis "Z", Bindestrich (-) oder Unterstrich (_).- oder - <paramref name="cultureName" /> enthält Bindestriche (-), um die Komponenten zu trennen, aber mindestens eine von der <paramref name="prefix" />, <paramref name="language" />, <paramref name="region" />, oder <paramref name="suffix" /> Komponenten nicht vorhanden ist. D. h. sind mindestens zwei Bindestriche benachbart.- oder - <paramref name="cultureName" /> ist länger als 84 Zeichen.- oder - <paramref name="cultureName" /> enthält Bindestriche, um die Komponenten zu trennen, aber mindestens eine der Komponenten ist länger als 8 Zeichen lang sein.- oder - <paramref name="cultureName" /> enthält einen führenden oder nachfolgenden Bindestrich (-) oder Unterstrich (_).- oder - <paramref name="cultureName" /> Gibt alternative Sortierreihenfolgen anstelle einer .NET Framework-Kultur eine Kultur an. Z. B. <paramref name="culturenName" /> "de-De_phoneb", eine Kultur, die Zeichenfolgen sortiert, wie in einem deutschen Telefonbuch statt "de-DE", die Kultur für Deutsch (Deutschland) angezeigt wird.- oder - <paramref name="flags" /> enthält eine ungültige Kombination von <see cref="T:System.Globalization.CultureAndRegionModifiers" /> Werte.- oder - <paramref name="flags" /> enthält <see cref="F:System.Globalization.CultureAndRegionModifiers.Replacement" /> oder <see cref="F:System.Globalization.CultureAndRegionModifiers.Neutral" /> und <paramref name="cultureName" /> Gibt eine Kultur an, die nicht gefunden wird.- oder - <paramref name="flags" /> enthält <see cref="F:System.Globalization.CultureAndRegionModifiers.Replacement" /> und <paramref name="cultureName" /> Gibt eine vom Benutzer erstellte benutzerdefinierte Kultur an, die nicht mit .NET Framework ausgelieferte Kultur ersetzt.- oder - <paramref name="flags" /> enthält <see cref="F:System.Globalization.CultureAndRegionModifiers.Neutral" /> und <paramref name="cultureName" /> Gibt eine Kultur an, die keine neutrale Kultur ist.- oder - <paramref name="flags" /> enthält <see cref="F:System.Globalization.CultureAndRegionModifiers.Neutral" /> und <paramref name="cultureName" /> Gibt eine vom Benutzer erstellte benutzerdefinierte Kultur an, eine bestimmte Kultur geliefert mit .NET Framework ersetzt.</exception>
    </member>
    <member name="M:System.Globalization.CultureAndRegionInfoBuilder.CreateFromLdml(System.String)">
      <summary>Rekonstruiert ein <see cref="T:System.Globalization.CultureAndRegionInfoBuilder" />-Objekt aus einer angegebenen XML-Datei, die eine Darstellung des Objekts enthält.</summary>
      <param name="xmlFileName">Der Name einer Datei, die die XML-Darstellung eines <see cref="T:System.Globalization.CultureAndRegionInfoBuilder" />-Objekts enthält.</param>
      <returns>Ein neues Objekt, das den unter dem <paramref name="xmlFileName" />-Parameter gespeicherten Informationen entspricht.</returns>
      <exception cref="T:System.ArgumentNullException">
        <paramref name="xmlFileName" /> ist null.</exception>
      <exception cref="T:System.ArgumentException">
        <paramref name="xmlFileName" /> ist eine leere Zeichenfolge (""), oder ungültige Datei oder Pfad.</exception>
      <exception cref="T:System.Xml.XmlException">Die Daten in <paramref name="xmlFileName" /> ist kein gültiges XML-Format.- oder - E/a-Fehler beim Zugriff auf <paramref name="xmlFileName" />.</exception>
      <exception cref="T:System.Xml.Schema.XmlSchemaValidationException">Die Daten in <paramref name="xmlFileName" /> ist kein gültiges LDML-Format.</exception>
    </member>
    <member name="M:System.Globalization.CultureAndRegionInfoBuilder.LoadDataFromCultureInfo(System.Globalization.CultureInfo)">
      <summary>Legt die Eigenschaften des aktuellen <see cref="T:System.Globalization.CultureAndRegionInfoBuilder" />-Objekts mit den entsprechenden Eigenschaften des angegebenen <see cref="T:System.Globalization.CultureInfo" />-Objekts fest.</summary>
      <param name="culture">Das Objekt, dessen Eigenschaften verwendet werden.</param>
      <exception cref="T:System.ArgumentNullException">
        <paramref name="culture" /> ist null.</exception>
    </member>
    <member name="M:System.Globalization.CultureAndRegionInfoBuilder.LoadDataFromRegionInfo(System.Globalization.RegionInfo)">
      <summary>Legt die Eigenschaften des aktuellen <see cref="T:System.Globalization.CultureAndRegionInfoBuilder" />-Objekts mit den entsprechenden Eigenschaften des angegebenen <see cref="T:System.Globalization.RegionInfo" />-Objekts fest.</summary>
      <param name="region">Das Objekt, dessen Eigenschaften verwendet werden.</param>
      <exception cref="T:System.ArgumentNullException">
        <paramref name="region" /> ist null.</exception>
      <exception cref="T:System.ArgumentException">Land-/Region kann nicht festgelegt werden, da die aktuelle <see cref="T:System.Globalization.CultureAndRegionInfoBuilder" /> -Objekt eine neutrale Kultur angibt.</exception>
    </member>
    <member name="M:System.Globalization.CultureAndRegionInfoBuilder.Register">
      <summary>Behält das aktuelle <see cref="T:System.Globalization.CultureAndRegionInfoBuilder" />-Objekt als benutzerdefinierte Kultur auf dem lokalen Computer bei und macht diese Kultur für Anwendungen verfügbar. Erfordert Administratorberechtigungen.</summary>
      <exception cref="T:System.InvalidOperationException">Die benutzerdefinierte Kultur ist bereits registriert.- oder - Die aktuelle <see cref="T:System.Globalization.CultureAndRegionInfoBuilder" /> Objekt besitzt eine Eigenschaft, die festgelegt werden muss, bevor die Kultur registriert werden kann. Alle Kulturen, neutrale oder spezifische müssen <see cref="P:System.Globalization.CultureAndRegionInfoBuilder.TextInfo" /> und <see cref="P:System.Globalization.CultureAndRegionInfoBuilder.CompareInfo" /> festgelegt. Bestimmte Kulturen müssen <see cref="P:System.Globalization.CultureAndRegionInfoBuilder.NumberFormat" />, <see cref="P:System.Globalization.CultureAndRegionInfoBuilder.GregorianDateTimeFormat" />, und <see cref="P:System.Globalization.CultureAndRegionInfoBuilder.AvailableCalendars" /> festgelegt.Diese Methode löst außerdem <see cref="T:System.InvalidOperationException" /> sind keine definiert die folgenden Eigenschaften:<see cref="P:System.Globalization.CultureAndRegionInfoBuilder.CultureEnglishName" /><see cref="P:System.Globalization.CultureAndRegionInfoBuilder.CultureNativeName" /><see cref="P:System.Globalization.CultureAndRegionInfoBuilder.CurrencyEnglishName" /><see cref="P:System.Globalization.CultureAndRegionInfoBuilder.CurrencyNativeName" /><see cref="P:System.Globalization.CultureAndRegionInfoBuilder.ISOCurrencySymbol" /><see cref="P:System.Globalization.CultureAndRegionInfoBuilder.Parent" /><see cref="P:System.Globalization.CultureAndRegionInfoBuilder.RegionEnglishName" /><see cref="P:System.Globalization.CultureAndRegionInfoBuilder.RegionNativeName" /><see cref="P:System.Globalization.CultureAndRegionInfoBuilder.ThreeLetterISOLanguageName" /><see cref="P:System.Globalization.CultureAndRegionInfoBuilder.ThreeLetterISORegionName" /><see cref="P:System.Globalization.CultureAndRegionInfoBuilder.ThreeLetterWindowsLanguageName" /><see cref="P:System.Globalization.CultureAndRegionInfoBuilder.ThreeLetterWindowsRegionName" /><see cref="P:System.Globalization.CultureAndRegionInfoBuilder.TwoLetterISOLanguageName" /><see cref="P:System.Globalization.CultureAndRegionInfoBuilder.TwoLetterISORegionName" /></exception>
      <exception cref="T:System.ArgumentOutOfRangeException">Ein <see cref="T:System.Globalization.CultureAndRegionInfoBuilder" /> -Objekteigenschaft übersteigt die maximale Länge oder Wert.</exception>
      <exception cref="T:System.UnauthorizedAccessException">Benutzer nicht über Administratorberechtigungen verfügen.</exception>
    </member>
    <member name="M:System.Globalization.CultureAndRegionInfoBuilder.Save(System.String)">
      <summary>Schreibt eine XML-Darstellung des aktuellen <see cref="T:System.Globalization.CultureAndRegionInfoBuilder" />-Objekts in die angegebene Datei.</summary>
      <param name="filename">Der Name einer Datei, die die XML-Darstellung dieser benutzerdefinierten Kultur enthalten soll.</param>
      <exception cref="T:System.ArgumentNullException">
        <paramref name="filename" /> ist null.</exception>
      <exception cref="T:System.ArgumentException">
        <paramref name="filename" /> ist eine leere Zeichenfolge ("").</exception>
      <exception cref="T:System.ArgumentOutOfRangeException">Der Wert einer Eigenschaft einer <see cref="T:System.Globalization.DateTimeFormatInfo" />, <see cref="T:System.Globalization.TextInfo" />, oder <see cref="T:System.Globalization.NumberFormatInfo" /> Objekt in der aktuellen <see cref="T:System.Globalization.CultureAndRegionInfoBuilder" /> Objekt ist ungültig.</exception>
    </member>
    <member name="M:System.Globalization.CultureAndRegionInfoBuilder.Unregister(System.String)">
      <summary>Löscht eine benutzerdefinierte Kultur vom lokalen Computer.</summary>
      <param name="cultureName">Der Name der zu löschenden benutzerdefinierten Kultur.</param>
      <exception cref="T:System.InvalidOperationException">
        <paramref name="cultureName" /> ist eine übergeordnete Kultur oder die Konsole GUI-Kultur einer abhängigen Kultur.</exception>
      <exception cref="T:System.UnauthorizedAccessException">Der Benutzer nicht über Administratorrechte verfügen.</exception>
      <exception cref="T:System.ArgumentException">
        <paramref name="cultureName" /> Gibt eine Kultur an, die nicht gefunden wird.</exception>
    </member>
    <member name="P:System.Globalization.CultureAndRegionInfoBuilder.AvailableCalendars">
      <summary>Ruft ein Array von Kalendern ab, die von diesem <see cref="T:System.Globalization.CultureAndRegionInfoBuilder" />-Objekt unterstützt werden, oder legt dieses fest.</summary>
      <returns>Ein Array von Kalendern.</returns>
      <exception cref="T:System.ArgumentNullException">In einem Set-Vorgang ist der zugewiesene Array null, oder ein Element des zugewiesenen Arrays ist null.</exception>
      <exception cref="T:System.NotSupportedException">Diese Eigenschaft wird für neutrale Kulturen nicht unterstützt.- oder - In einem Set-Vorgang das zugewiesene Array enthält <see cref="T:System.Globalization.PersianCalendar" />, <see cref="T:System.Globalization.TaiwanLunisolarCalendar" />, <see cref="T:System.Globalization.KoreanLunisolarCalendar" />, <see cref="T:System.Globalization.JapaneseLunisolarCalendar" />, <see cref="T:System.Globalization.ChineseLunisolarCalendar" />, oder <see cref="T:System.Globalization.JulianCalendar" />.- oder - In einem Set-Vorgang enthält das zugewiesene Array einen benutzerdefinierten Kalender.</exception>
    </member>
    <member name="P:System.Globalization.CultureAndRegionInfoBuilder.CompareInfo">
      <summary>Ruft das <see cref="T:System.Globalization.CompareInfo" />-Objekt ab, in dem festgelegt wird, wie Zeichenfolgen für die Kultur verglichen werden, oder legt dieses fest.</summary>
      <returns>Das <see cref="T:System.Globalization.CompareInfo" />-Objekt, in dem festgelegt wird, wie Zeichenfolgen für die Kultur verglichen werden.</returns>
      <exception cref="T:System.ArgumentNullException">In einem Set-Vorgang der zugewiesene Wert ist null.</exception>
      <exception cref="T:System.NotSupportedException">Dieser benutzerdefinierten Kultur ist eine Überschreibung einer integrierten Kultur.</exception>
    </member>
    <member name="P:System.Globalization.CultureAndRegionInfoBuilder.ConsoleFallbackUICulture">
      <summary>Ruft die bei einer ungeeigneten Standard-GUI-Kultur geeignete alternative GUI-Kultur für Konsolenanwendungen ab oder legt diese fest.</summary>
      <returns>Eine alternative Kultur, die zum Lesen und Anzeigen von Texten auf der Konsole verwendet wird.</returns>
      <exception cref="T:System.ArgumentException">In einem Set-Vorgang, in dem die angegebene Kultur kein null, die <see cref="P:System.Globalization.CultureAndRegionInfoBuilder.ConsoleFallbackUICulture" /> -Eigenschaft der angegebenen Kultur entspricht nicht der angegebenen Kultur.</exception>
    </member>
    <member name="P:System.Globalization.CultureAndRegionInfoBuilder.CultureEnglishName">
      <summary>Ruft den englischen Kulturnamen ab oder legt diesen fest.</summary>
      <returns>Der englische Kulturname.</returns>
      <exception cref="T:System.ArgumentNullException">Der Wert in einer festgelegten Operation ist null.</exception>
      <exception cref="T:System.ArgumentOutOfRangeException">Die Länge des Werts in einem Set-Vorgang wird nicht zwischen 0 und darf höchstens 79 Zeichen liegen.</exception>
    </member>
    <member name="P:System.Globalization.CultureAndRegionInfoBuilder.CultureName">
      <summary>Ruft den Namen der Kultur ab, die erstellt wird.</summary>
      <returns>Der Name der Kultur des aktuellen <see cref="T:System.Globalization.CultureAndRegionInfoBuilder" />-Objekts.</returns>
    </member>
    <member name="P:System.Globalization.CultureAndRegionInfoBuilder.CultureNativeName">
      <summary>Ruft den Kulturnamen im Format und der Sprache ab, das bzw. die in der Kultur für die Anzeige festgelegt sind, oder legt diesen fest.</summary>
      <returns>Der Kulturname im Format und in der Sprache, das bzw. die in der Kultur für die Anzeige festgelegt sind.</returns>
      <exception cref="T:System.ArgumentNullException">Der Wert in einer festgelegten Operation ist null.</exception>
      <exception cref="T:System.ArgumentOutOfRangeException">Die Länge des Werts in einem Set-Vorgang wird nicht zwischen 0 und darf höchstens 79 Zeichen liegen.</exception>
    </member>
    <member name="P:System.Globalization.CultureAndRegionInfoBuilder.CultureTypes">
      <summary>Ruft den <see cref="T:System.Globalization.CultureTypes" />-Wert ab, mit dem die durch das aktuelle <see cref="T:System.Globalization.CultureAndRegionInfoBuilder" />-Objekt dargestellte Kultur beschrieben wird.</summary>
      <returns>Einer der <see cref="T:System.Globalization.CultureTypes" />-Werte.</returns>
    </member>
    <member name="P:System.Globalization.CultureAndRegionInfoBuilder.CurrencyEnglishName">
      <summary>Ruft den englischen Namen der Währung ab, die in dem Land oder der Region verwendet wird, die durch das aktuelle <see cref="T:System.Globalization.CultureAndRegionInfoBuilder" />-Objekt dargestellt wird, oder legt diesen Namen fest.</summary>
      <returns>Der englische Name der in dieser Region verwendeten Währung.</returns>
      <exception cref="T:System.ArgumentNullException">Der Wert in einer festgelegten Operation ist null.</exception>
      <exception cref="T:System.ArgumentException">Der Wert in einem Set-Vorgang ist eine leere Zeichenfolge ("").</exception>
      <exception cref="T:System.NotSupportedException">Die aktuelle <see cref="T:System.Globalization.CultureAndRegionInfoBuilder" /> -Objekt eine neutrale Kultur ist.</exception>
    </member>
    <member name="P:System.Globalization.CultureAndRegionInfoBuilder.CurrencyNativeName">
      <summary>Ruft den systemeigenen Namen der Währung ab, die in dem Land oder der Region verwendet wird, die durch das aktuelle <see cref="T:System.Globalization.CultureAndRegionInfoBuilder" />-Objekt dargestellt wird, oder legt diesen Namen fest.</summary>
      <returns>Der Name der Währung, die in dem Land oder der Region verwendet wird, die durch das aktuelle <see cref="T:System.Globalization.CultureAndRegionInfoBuilder" />-Objekt dargestellt wird und in der Sprache formatiert ist, die dem entsprechenden Landes-/Regionalcode nach ISO 3166 zugeordnet ist.</returns>
      <exception cref="T:System.ArgumentNullException">Der Wert in einer festgelegten Operation ist null.</exception>
      <exception cref="T:System.ArgumentException">Der Wert in einem Set-Vorgang ist eine leere Zeichenfolge ("").</exception>
      <exception cref="T:System.NotSupportedException">Die aktuelle <see cref="T:System.Globalization.CultureAndRegionInfoBuilder" /> -Objekt eine neutrale Kultur ist.</exception>
    </member>
    <member name="P:System.Globalization.CultureAndRegionInfoBuilder.GeoId">
      <summary>Ruft eine eindeutige Identifikationsnummer für eine geographische Region, ein Land, eine Stadt oder einen Ort ab oder legt diese fest.</summary>
      <returns>Eine 32-Bit-Zahl mit Vorzeichen, die einen geographischen Ort eindeutig identifiziert.</returns>
      <exception cref="T:System.NotSupportedException">Die aktuelle <see cref="T:System.Globalization.CultureAndRegionInfoBuilder" /> -Objekt definiert eine neutrale Kultur.</exception>
    </member>
    <member name="P:System.Globalization.CultureAndRegionInfoBuilder.GregorianDateTimeFormat">
      <summary>Ruft ein <see cref="T:System.Globalization.DateTimeFormatInfo" />-Objekt ab, das das Format von Datumsangaben und Uhrzeiten nach dem gregorianischen Kalender definiert, oder legt dieses fest.</summary>
      <returns>Ein <see cref="T:System.Globalization.DateTimeFormatInfo" />-Objekt.</returns>
      <exception cref="T:System.ArgumentNullException">Der Wert in einer festgelegten Operation ist null.</exception>
      <exception cref="T:System.ArgumentOutOfRangeException">Eine Eigenschaft des Werts in einem Set-Vorgang zurückgegebenen einen Ungültiger Eigenschaftswert.</exception>
      <exception cref="T:System.NotSupportedException">Die aktuelle <see cref="T:System.Globalization.CultureAndRegionInfoBuilder" /> -Objekt eine neutrale Kultur ist.</exception>
    </member>
    <member name="P:System.Globalization.CultureAndRegionInfoBuilder.IetfLanguageTag">
      <summary>Ruft einen nach RFC 4646, "Tags for the Identification of Languages", formatierten Kulturnamen ab oder legt diesen fest.</summary>
      <returns>Ein nach RFC 4646 formatierter Kulturname.</returns>
      <exception cref="T:System.ArgumentNullException">In einem Set-Vorgang ist der Wert null.</exception>
      <exception cref="T:System.ArgumentOutOfRangeException">In einem Set-Vorgang ist die Länge des Werts nicht zwischen 1 und 84 Zeichen.</exception>
      <exception cref="T:System.ArgumentException">In einem Set-Vorgang eine Komponente des Werts angegebene Name ist leer oder länger als 8 Zeichen lang sein, nicht mit einem alphanumerischen Zeichen oder der Bindestrich (-) oder der Name enthält einen führenden oder nachfolgenden Bindestrich.</exception>
    </member>
    <member name="P:System.Globalization.CultureAndRegionInfoBuilder.IsMetric">
      <summary>Ruft einen Wert ab, der angibt, ob für Maßeinheiten in dem Land bzw. der Region das metrische System verwendet wird, oder legt diesen fest.</summary>
      <returns>true, wenn in dem Land oder der Region für Maßeinheiten das metrische System verwendet wird, andernfalls false.</returns>
      <exception cref="T:System.NotSupportedException">Dieser Vorgang ist nicht gültig für eine neutrale Kultur.</exception>
    </member>
    <member name="P:System.Globalization.CultureAndRegionInfoBuilder.ISOCurrencySymbol">
      <summary>Ruft das aus drei Zeichen bestehende, dem Land bzw. der Region nach ISO 4217 zugeordnete Währungssymbol ab.</summary>
      <returns>Das aus drei Zeichen bestehende, dem Land bzw. der Region nach ISO 4217 zugeordnete Währungssymbol.</returns>
      <exception cref="T:System.NotSupportedException">Dies ist eine neutrale Kultur.</exception>
      <exception cref="T:System.ArgumentNullException">In einem Set-Vorgang ist der Wert null.</exception>
      <exception cref="T:System.ArgumentOutOfRangeException">In einem Set-Vorgang ist der Wert von 0 bis 8 Zeichen lang sein.</exception>
    </member>
    <member name="P:System.Globalization.CultureAndRegionInfoBuilder.IsRightToLeft">
      <summary>Ruft die vorherrschende Schreibrichtung der Textzeilen im Schriftsystem ab, das dem aktuellen <see cref="T:System.Globalization.CultureAndRegionInfoBuilder" />-Objekt zugeordnet ist, oder legt diese fest.</summary>
      <returns>true, wenn die vorherrschende Schreibrichtung der Textzeilen im aktuellen Schriftsystem von rechts nach links ist, andernfalls false.</returns>
    </member>
    <member name="P:System.Globalization.CultureAndRegionInfoBuilder.KeyboardLayoutId">
      <summary>Ruft den Bezeichner für das aktive Eingabegebietsschema ab oder legt diesen fest.</summary>
      <returns>Eine 32-Bit-Zahl mit Vorzeichen, die einen Bezeichner für das Eingabegebietsschema angibt.</returns>
      <exception cref="T:System.ArgumentOutOfRangeException">In einem Set-Vorgang ist der Wert 0 (null).</exception>
    </member>
    <member name="P:System.Globalization.CultureAndRegionInfoBuilder.LCID">
      <summary>Ruft den Kulturbezeichner für das aktuelle <see cref="T:System.Globalization.CultureAndRegionInfoBuilder" />-Objekt ab.</summary>
      <returns>Der Kulturbezeichner für das aktuelle <see cref="T:System.Globalization.CultureAndRegionInfoBuilder" />-Objekt.</returns>
    </member>
    <member name="P:System.Globalization.CultureAndRegionInfoBuilder.NumberFormat">
      <summary>Ruft ein <see cref="T:System.Globalization.NumberFormatInfo" />-Objekt ab, das das für die Kultur spezifische Format zum Anzeigen von Zahlen, Währungen und Prozentsätzen definiert, oder legt dieses fest.</summary>
      <returns>Ein <see cref="T:System.Globalization.NumberFormatInfo" />-Objekt, das das für die Kultur spezifische Format zum Anzeigen von Zahlen, Währungen und Prozentsätzen definiert.</returns>
      <exception cref="T:System.ArgumentNullException">Der Wert in einer festgelegten Operation ist null.</exception>
      <exception cref="T:System.NotSupportedException">Dieser Vorgang ist nicht gültig für eine neutrale Kultur.</exception>
      <exception cref="T:System.ArgumentOutOfRangeException">Die Spezifikation für eine Zahl, Währung oder Percent-Eigenschaft für diese Kultur enthält zu viele Ziffern oder liegt außerhalb des Bereichs.</exception>
    </member>
    <member name="P:System.Globalization.CultureAndRegionInfoBuilder.Parent">
      <summary>Ruft das <see cref="T:System.Globalization.CultureInfo" />-Objekt ab, das die übergeordnete Kultur der aktuellen benutzerdefinierten Kultur darstellt, oder legt dieses fest.</summary>
      <returns>Das <see cref="T:System.Globalization.CultureInfo" />-Objekt, das die übergeordnete Kultur der aktuellen benutzerdefinierten Kultur darstellt.</returns>
      <exception cref="T:System.InvalidOperationException">In einem Set-Vorgang kann der Wert für die Kultur gefunden werden. Möglicherweise ist der zugewiesene Wert eine nicht registrierte benutzerdefinierte Kultur.</exception>
      <exception cref="T:System.ArgumentNullException">In einem Set-Vorgang ist der Wert null.</exception>
      <exception cref="T:System.ArgumentException">In einem Set-Vorgang der Vorgänger der aktuellen Kultur durchlaufen werden, kann die invariante Kultur innerhalb von 10 Vorgängergenerationen gefunden werden.- oder -  In einem Set-Vorgang wurde ein Zirkelverweis ermittelt: der zugewiesene Wert ist ein Vorgänger der aktuellen benutzerdefinierten Kultur.</exception>
    </member>
    <member name="P:System.Globalization.CultureAndRegionInfoBuilder.RegionEnglishName">
      <summary>Ruft den vollständigen englischen Namen des Landes bzw. der Region ab oder legt diesen fest.</summary>
      <returns>Der vollständige Name des Landes bzw. der Region auf Englisch.</returns>
      <exception cref="T:System.NotSupportedException">Dieser Vorgang ist nicht gültig für eine neutrale Kultur.</exception>
      <exception cref="T:System.ArgumentNullException">Der Wert in einer festgelegten Operation ist null.</exception>
      <exception cref="T:System.ArgumentOutOfRangeException">Die Länge des Werts in einem Set-Vorgang wird nicht zwischen 0 und darf höchstens 79 Zeichen liegen.</exception>
    </member>
    <member name="P:System.Globalization.CultureAndRegionInfoBuilder.RegionName">
      <summary>Ruft den Namen des Landes bzw. der Region für das aktuelle <see cref="T:System.Globalization.CultureAndRegionInfoBuilder" />-Objekt ab.</summary>
      <returns>Der Name des Landes bzw. der Region für das aktuelle <see cref="T:System.Globalization.CultureAndRegionInfoBuilder" />-Objekt.</returns>
      <exception cref="T:System.NotSupportedException">Dieser Vorgang ist nicht gültig für eine neutrale Kultur.</exception>
    </member>
    <member name="P:System.Globalization.CultureAndRegionInfoBuilder.RegionNativeName">
      <summary>Ruft den vollständigen Namen des Landes bzw. der Region ab, der örtlich in dieser benutzerdefinierten Kultur verwendet wird, oder legt diesen fest.</summary>
      <returns>Der örtlich verwendete Name des Landes bzw. der Region.</returns>
      <exception cref="T:System.NotSupportedException">Dieser Vorgang ist nicht gültig für eine neutrale Kultur.</exception>
      <exception cref="T:System.ArgumentNullException">Der Wert in einer festgelegten Operation ist null.</exception>
      <exception cref="T:System.ArgumentOutOfRangeException">Die Länge des Werts in einem Set-Vorgang wird nicht zwischen 1 und 79 Zeichen betragen.</exception>
    </member>
    <member name="P:System.Globalization.CultureAndRegionInfoBuilder.TextInfo">
      <summary>Ruft das <see cref="T:System.Globalization.TextInfo" />-Objekt ab, das das dieser benutzerdefinierten Kultur zugeordnete Schriftsystem definiert, oder legt dieses fest.</summary>
      <returns>Das Objekt, das das dieser benutzerdefinierten Kultur zugeordnete Schriftsystem definiert.</returns>
      <exception cref="T:System.NotSupportedException">Dieser Vorgang wird für Ersatzkulturen nicht unterstützt.</exception>
      <exception cref="T:System.ArgumentNullException">Der Wert in einer festgelegten Operation ist null.</exception>
      <exception cref="T:System.ArgumentOutOfRangeException">Die Anzahl der Zeichen in einem Listentrennzeichen wird nicht zwischen 0 und 3 liegen.</exception>
    </member>
    <member name="P:System.Globalization.CultureAndRegionInfoBuilder.ThreeLetterISOLanguageName">
      <summary>Ruft den aus drei Buchstaben bestehenden Code nach ISO 639-2 für die Sprache dieser benutzerdefinierten Kultur ab oder legt diesen fest.</summary>
      <returns>Der aus drei Buchstaben bestehende Code nach ISO 639-2 für die Sprache des aktuellen <see cref="T:System.Globalization.CultureInfo" />-Objekts.</returns>
      <exception cref="T:System.ArgumentNullException">Der Wert in einer festgelegten Operation ist null.</exception>
      <exception cref="T:System.ArgumentOutOfRangeException">Die Länge des Werts in einem Set-Vorgang wird nicht zwischen 1 und 8 Zeichen lang sein.</exception>
      <exception cref="T:System.ArgumentException">Der Wert in einem Set-Vorgang enthält ein Zeichen, die nicht im Bereich von "a", "Z", "A" bis "Z" oder "0" bis "9".</exception>
    </member>
    <member name="P:System.Globalization.CultureAndRegionInfoBuilder.ThreeLetterISORegionName">
      <summary>Ruft den aus drei Buchstaben bestehenden Code nach ISO 3166 für das Land bzw. die Region ab oder legt diesen fest.</summary>
      <returns>Der in ISO 3166 definierte, aus drei Buchstaben bestehende Code für das Land bzw. die Region.</returns>
      <exception cref="T:System.ArgumentNullException">Der Wert in einer festgelegten Operation ist null.</exception>
      <exception cref="T:System.ArgumentOutOfRangeException">Die Länge des Werts in einem Set-Vorgang wird nicht zwischen 1 und 8 Zeichen lang sein.</exception>
      <exception cref="T:System.ArgumentException">Der Wert in einem Set-Vorgang enthält ein Zeichen, die nicht im Bereich von "a", "Z", "A" bis "Z" oder "0" bis "9".</exception>
    </member>
    <member name="P:System.Globalization.CultureAndRegionInfoBuilder.ThreeLetterWindowsLanguageName">
      <summary>Ruft den aus drei Buchstaben bestehenden Code für die Sprache ab, wie er in der Windows-API definiert ist, oder legt diesen fest.</summary>
      <returns>Der aus drei Buchstaben bestehenden Code für die Sprache, wie er in der Windows-API definiert ist.</returns>
      <exception cref="T:System.ArgumentNullException">Der Wert in einer festgelegten Operation ist null.</exception>
      <exception cref="T:System.ArgumentOutOfRangeException">Die Länge des Werts in einem Set-Vorgang wird nicht zwischen 1 und 8 Zeichen lang sein.</exception>
      <exception cref="T:System.ArgumentException">Der Wert in einem Set-Vorgang enthält ein Zeichen, die nicht im Bereich von "a", "Z", "A" bis "Z" oder "0" bis "9".</exception>
      <exception cref="T:System.NotSupportedException">In einem Set-Vorgang wird die aktuelle benutzerdefinierte Kultur eine Kultur.</exception>
    </member>
    <member name="P:System.Globalization.CultureAndRegionInfoBuilder.ThreeLetterWindowsRegionName">
      <summary>Ruft den aus drei Buchstaben bestehenden Code ab, der von Windows dem Land bzw. der Region zugeordnet wird, das bzw. die durch die aktuelle benutzerdefinierte Kultur dargestellt wird, oder legt diesen fest.</summary>
      <returns>Der aus drei Buchstaben bestehende Code, der von Windows dem Land bzw. der Region zugeordnet wird, das bzw. die durch dieses <see cref="T:System.Globalization.CultureAndRegionInfoBuilder" />-Objekt dargestellt wird.</returns>
      <exception cref="T:System.ArgumentNullException">Der Wert in einer festgelegten Operation ist null.</exception>
      <exception cref="T:System.ArgumentOutOfRangeException">Die Länge des Werts in einem Set-Vorgang wird nicht zwischen 1 und 8 Zeichen lang sein.</exception>
      <exception cref="T:System.ArgumentException">Der Wert in einem Set-Vorgang enthält ein Zeichen, die nicht im Bereich von "a", "Z", "A" bis "Z" oder "0" bis "9".</exception>
      <exception cref="T:System.NotSupportedException">In einem Set-Vorgang wird die aktuelle benutzerdefinierte Kultur eine Kultur oder eine neutrale Kultur.</exception>
    </member>
    <member name="P:System.Globalization.CultureAndRegionInfoBuilder.TwoLetterISOLanguageName">
      <summary>Ruft den aus zwei Buchstaben bestehenden Code nach ISO 639-1 für die Sprache des aktuellen <see cref="T:System.Globalization.CultureInfo" />-Objekts ab oder legt diesen fest.</summary>
      <returns>Der aus zwei Buchstaben bestehende Code nach ISO 639-1 für die Sprache des aktuellen <see cref="T:System.Globalization.CultureInfo" />-Objekts.</returns>
      <exception cref="T:System.ArgumentNullException">Der Wert in einer festgelegten Operation ist null.</exception>
      <exception cref="T:System.ArgumentOutOfRangeException">Die Länge des Werts in einem Set-Vorgang wird nicht zwischen 1 und 8 Zeichen lang sein.</exception>
      <exception cref="T:System.ArgumentException">Der Wert in einem Set-Vorgang enthält ein Zeichen, die nicht im Bereich von "a", "Z", "A" bis "Z" oder "0" bis "9".</exception>
    </member>
    <member name="P:System.Globalization.CultureAndRegionInfoBuilder.TwoLetterISORegionName">
      <summary>Ruft den aus zwei Buchstaben bestehenden Code nach ISO 3166 für das Land bzw. die Region ab oder legt diesen fest.</summary>
      <returns>Der in ISO 3166 definierte, aus zwei Buchstaben bestehende Code für das Land oder die Region.</returns>
      <exception cref="T:System.ArgumentNullException">Der Wert in einer festgelegten Operation ist null.</exception>
      <exception cref="T:System.ArgumentOutOfRangeException">Die Länge des Werts in einem Set-Vorgang wird nicht zwischen 1 und 8 Zeichen lang sein.</exception>
      <exception cref="T:System.ArgumentException">Der Wert in einem Set-Vorgang enthält ein Zeichen, die nicht im Bereich von "a", "Z", "A" bis "Z" oder "0" bis "9".</exception>
      <exception cref="T:System.NotSupportedException">In einem Set-Vorgang wird die aktuelle benutzerdefinierte Kultur eine neutrale Kultur.</exception>
    </member>
    <member name="T:System.Globalization.CultureAndRegionInfoBuilder">
      <summary>Definiert eine benutzerdefinierte Kultur, die neu ist oder auf einer anderen Kultur und einem anderen Land oder einer anderen Region basiert. Die benutzerdefinierte Kultur kann auf einem Computer installiert und anschließend von jeder Anwendung verwendet werden, die auf diesem Computer ausgeführt wird. Diese Klasse kann nicht vererbt werden.</summary>
    </member>
    <member name="T:System.Globalization.CultureAndRegionModifiers">
      <summary>Gibt Konstanten an, die ein <see cref="T:System.Globalization.CultureAndRegionInfoBuilder" />-Objekt definieren.</summary>
    </member>
    <member name="F:System.Globalization.CultureAndRegionModifiers.None">
      <summary>Eine bestimmte benutzerdefinierte Ergänzungskultur.</summary>
    </member>
    <member name="F:System.Globalization.CultureAndRegionModifiers.Neutral">
      <summary>Eine neutrale benutzerdefinierte Kultur.</summary>
    </member>
    <member name="F:System.Globalization.CultureAndRegionModifiers.Replacement">
      <summary>Eine benutzerdefinierte Kultur, die eine vorhandene .NET Framework-Kultur oder ein Windows-Gebietsschema ersetzt.</summary>
    </member>
  </members>
</doc>