﻿<?xml version="1.0" encoding="utf-8"?>
<doc>
  <assembly>
    <name>System.Net.Http.WebRequest</name>
  </assembly>
  <members>
    <member name="M:System.Net.Http.WebRequestHandler.#ctor">
      <summary>Initialisiert eine neue Instanz der <see cref="T:System.Net.Http.WebRequestHandler" />-Klasse.</summary>
    </member>
    <member name="P:System.Net.Http.WebRequestHandler.AllowPipelining">
      <summary> Ruft einen Wert ab, der angibt, ob die Anforderung über Pipelineverbindungen zur Internetressource gesendet werden soll, oder legt diesen fest.</summary>
      <returns>Gibt <see cref="T:System.Boolean" />zurück.true, wenn die Anforderung über Pipelineverbindungen gesendet werden soll, andernfalls false. Die Standardeinstellung ist true.</returns>
    </member>
    <member name="P:System.Net.Http.WebRequestHandler.AuthenticationLevel">
      <summary>Ruft ab oder legt einen Wert, der die Authentifizierung und Identitätswechsel verwendet, die für diese Anforderung angibt.</summary>
      <returns>Gibt <see cref="T:System.Net.Security.AuthenticationLevel" />zurück.Eine bitweise Kombination der <see cref="T:System.Net.Security.AuthenticationLevel" />-Werte.  Der Standardwert ist <see cref="F:System.Net.Security.AuthenticationLevel.MutualAuthRequested" />.</returns>
    </member>
    <member name="P:System.Net.Http.WebRequestHandler.CachePolicy">
      <summary>Ruft die Cacherichtlinie für diese Anforderung ab oder legt diese fest.</summary>
      <returns>Gibt <see cref="T:System.Net.Cache.RequestCachePolicy" />zurück.Ein <see cref="T:System.Net.Cache.RequestCachePolicy" />-Objekt, das eine Cacherichtlinie definiert. Die Standardeinstellung ist <see cref="P:System.Net.WebRequest.DefaultCachePolicy" />.</returns>
    </member>
    <member name="P:System.Net.Http.WebRequestHandler.ClientCertificates">
      <summary>Ruft die dieser Anforderung zugeordnete Auflistung von Sicherheitszertifikaten ab oder legt diese fest.</summary>
      <returns>Gibt <see cref="T:System.Security.Cryptography.X509Certificates.X509CertificateCollection" />zurück.Die Auflistung von dieser Anforderung zugeordneten Sicherheitszertifikaten.</returns>
    </member>
    <member name="P:System.Net.Http.WebRequestHandler.ContinueTimeout">
      <summary>Ruft ab oder legt fest, die Zeit in Millisekunden, wartet die Anwendung für 100-vom Server vor dem Hochladen der Daten fortsetzen.</summary>
      <returns>Gibt <see cref="T:System.TimeSpan" />zurück.Die Zeitspanne in Millisekunden, wartet die Anwendung für die 100-vom Server vor dem Hochladen der Daten fortsetzen. Der Standardwert beträgt 350 Millisekunden.</returns>
    </member>
    <member name="P:System.Net.Http.WebRequestHandler.ImpersonationLevel">
      <summary>Ruft die Ebene des Identitätswechsels für die aktuelle Anforderung ab oder legt diese fest.</summary>
      <returns>Gibt <see cref="T:System.Security.Principal.TokenImpersonationLevel" />zurück.Die Ebene des Identitätswechsels für die Anforderung. Die Standardeinstellung ist <see cref="F:System.Security.Principal.TokenImpersonationLevel.Delegation" />.</returns>
    </member>
    <member name="P:System.Net.Http.WebRequestHandler.MaxResponseHeadersLength">
      <summary>Ruft die maximal zulässige Länge der Antwortheader ab oder legt diese fest.</summary>
      <returns>Gibt <see cref="T:System.Int32" />zurück.Die Länge der Antwortheader in KB (1024 Bytes).</returns>
    </member>
    <member name="P:System.Net.Http.WebRequestHandler.ReadWriteTimeout">
      <summary>Ruft ab oder legt einen Timeoutwert in Millisekunden fest, wenn eine Anforderung zum Schreiben oder Lesen einer Antwort von einem Server.</summary>
      <returns>Gibt <see cref="T:System.Int32" />zurück.Die Anzahl von Millisekunden vor dem Timeout für das Schreiben oder Lesen. Der Standardwert ist 300.000 Millisekunden (5 Minuten).</returns>
    </member>
    <member name="P:System.Net.Http.WebRequestHandler.ServerCertificateValidationCallback">
      <summary>Ruft ab oder legt eine Rückrufmethode, um das Serverzertifikat zu überprüfen.</summary>
      <returns>Gibt <see cref="T:System.Net.Security.RemoteCertificateValidationCallback" />zurück.Eine Rückrufmethode zum Überprüfen des Serverzertifikats.</returns>
    </member>
    <member name="P:System.Net.Http.WebRequestHandler.UnsafeAuthenticatedConnectionSharing">
      <summary>Ruft einen Wert ab, der angibt, ob die Freigabe NTLM-authentifizierter Hochgeschwindigkeitsverbindungen zulässig ist, oder legt diesen fest.</summary>
      <returns>Gibt <see cref="T:System.Boolean" />zurück.true, um die authentifizierte Verbindung geöffnet zu halten, andernfalls false.</returns>
    </member>
    <member name="T:System.Net.Http.WebRequestHandler">
      <summary>Bietet Desktop-spezifische Features für Windows Store-apps oder anderen Umgebungen nicht verfügbar sind.</summary>
    </member>
  </members>
</doc>