﻿<?xml version="1.0" encoding="utf-8"?>
<doc>
  <assembly>
    <name>System.Web.Entity</name>
  </assembly>
  <members>
    <member name="E:System.Web.UI.WebControls.EntityDataSource.ContextCreated">
      <summary>Tritt auf, wenn der <see cref="T:System.Web.UI.WebControls.EntityDataSource" /> erstellt wurde der <see cref="T:System.Data.Objects.ObjectContext" /> verwendet, um mit Entitätsdatenobjekten zu arbeiten.</summary>
    </member>
    <member name="E:System.Web.UI.WebControls.EntityDataSource.ContextCreating">
      <summary>Tritt auf, wenn die <see cref="T:System.Web.UI.WebControls.EntityDataSource" /> erstellt die <see cref="T:System.Data.Objects.ObjectContext" /> verwendet, um mit Entitätsdatenobjekten zu arbeiten.</summary>
    </member>
    <member name="E:System.Web.UI.WebControls.EntityDataSource.ContextDisposing">
      <summary>Tritt ein, bevor ein <see cref="T:System.Data.Objects.ObjectContext" /> verworfen.</summary>
    </member>
    <member name="E:System.Web.UI.WebControls.EntityDataSource.Deleted">
      <summary>Tritt auf, nachdem ein Objekt aus der Datenquelle gelöscht wurde.</summary>
    </member>
    <member name="E:System.Web.UI.WebControls.EntityDataSource.Deleting">
      <summary>Tritt auf, bevor ein Objekt aus der Datenquelle gelöscht wird.</summary>
    </member>
    <member name="E:System.Web.UI.WebControls.EntityDataSource.Inserted">
      <summary>Tritt auf, nachdem ein neues Objekt in der Datenquelle erstellt wurde.</summary>
    </member>
    <member name="E:System.Web.UI.WebControls.EntityDataSource.Inserting">
      <summary>Tritt auf, bevor ein neues Objekt in der Datenquelle beibehalten wird.</summary>
    </member>
    <member name="E:System.Web.UI.WebControls.EntityDataSource.QueryCreated">
      <summary>Tritt ein, nachdem der <see cref="T:System.Web.UI.WebControls.EntityDataSource" /> erstellt eine Entity SQL-Abfrage, die während der Konfiguration angegeben wurde die <see cref="T:System.Web.UI.WebControls.EntityDataSource" /> Steuerelement.</summary>
    </member>
    <member name="E:System.Web.UI.WebControls.EntityDataSource.Selected">
      <summary>Tritt auf, nachdem eine Abfrage ausgeführt wurde.</summary>
    </member>
    <member name="E:System.Web.UI.WebControls.EntityDataSource.Selecting">
      <summary>Tritt auf, bevor eine Abfrage erstellt und ausgeführt wird.</summary>
    </member>
    <member name="E:System.Web.UI.WebControls.EntityDataSource.System#Web#DynamicData#IDynamicDataSource#Exception">
      <summary>Tritt auf, wenn die Validierung fehlschlägt, in einer partiellen Methode oder eine Ausnahme ausgelöst wird.</summary>
    </member>
    <member name="E:System.Web.UI.WebControls.EntityDataSource.Updated">
      <summary>Tritt auf, nachdem die Änderungen an einem Objekt mit der Datenquelle gespeichert wurden.</summary>
    </member>
    <member name="E:System.Web.UI.WebControls.EntityDataSource.Updating">
      <summary>Tritt auf, bevor Änderungen an einem Objekt in der Datenquelle gespeichert werden.</summary>
    </member>
    <member name="E:System.Web.UI.WebControls.EntityDataSourceView.ContextCreated">
      <summary>Tritt auf, wenn die <see cref="T:System.Web.UI.WebControls.EntityDataSourceView" /> erstellt die <see cref="T:System.Data.Objects.ObjectContext" /> verwendet, um Daten an Steuerelemente binden.</summary>
    </member>
    <member name="E:System.Web.UI.WebControls.EntityDataSourceView.ContextCreating">
      <summary>Tritt auf, wenn die <see cref="T:System.Web.UI.WebControls.EntityDataSourceView" /> erstellt die <see cref="T:System.Data.Objects.ObjectContext" /> bei der Datenbindung verwendet.</summary>
    </member>
    <member name="E:System.Web.UI.WebControls.EntityDataSourceView.ContextDisposing">
      <summary>Tritt ein, bevor ein <see cref="T:System.Data.Objects.ObjectContext" /> freigegeben wird.</summary>
    </member>
    <member name="E:System.Web.UI.WebControls.EntityDataSourceView.Deleted">
      <summary>Tritt auf, nachdem ein Objekt aus der Datenquelle gelöscht wurde.</summary>
    </member>
    <member name="E:System.Web.UI.WebControls.EntityDataSourceView.Deleting">
      <summary>Tritt auf, bevor ein Objekt aus der Datenquelle gelöscht wird.</summary>
    </member>
    <member name="E:System.Web.UI.WebControls.EntityDataSourceView.Exception">
      <summary>Tritt auf, wenn die Validierung fehlschlägt, in einer partiellen Methode oder eine Ausnahme ausgelöst wird.</summary>
    </member>
    <member name="E:System.Web.UI.WebControls.EntityDataSourceView.Inserted">
      <summary>Tritt auf, nachdem ein neues Objekt in der Datenquelle erstellt wurde.</summary>
    </member>
    <member name="E:System.Web.UI.WebControls.EntityDataSourceView.Inserting">
      <summary>Tritt auf, bevor ein neues Objekt in der Datenquelle beibehalten wird.</summary>
    </member>
    <member name="E:System.Web.UI.WebControls.EntityDataSourceView.QueryCreated">
      <summary>Tritt ein, nachdem der <see cref="T:System.Web.UI.WebControls.EntityDataSource" /> hat eine Entity SQL-Abfrage, die während der Konfiguration angegeben wurde die <see cref="T:System.Web.UI.WebControls.EntityDataSource" /> Steuerelement.</summary>
    </member>
    <member name="E:System.Web.UI.WebControls.EntityDataSourceView.Selected">
      <summary>Tritt auf, nachdem eine Abfrage ausgeführt wurde.</summary>
    </member>
    <member name="E:System.Web.UI.WebControls.EntityDataSourceView.Selecting">
      <summary>Tritt auf, bevor eine Abfrage erstellt und ausgeführt wird.</summary>
    </member>
    <member name="E:System.Web.UI.WebControls.EntityDataSourceView.Updated">
      <summary>Tritt auf, nachdem die Änderungen an einem Objekt mit der Datenquelle gespeichert wurden.</summary>
    </member>
    <member name="E:System.Web.UI.WebControls.EntityDataSourceView.Updating">
      <summary>Tritt auf, bevor Änderungen an einem Objekt in der Datenquelle gespeichert werden.</summary>
    </member>
    <member name="M:System.Web.UI.WebControls.EntityDataSource.#ctor">
      <summary>Initialisiert eine neue Instanz der <see cref="T:System.Web.UI.WebControls.EntityDataSource" />-Klasse.</summary>
    </member>
    <member name="M:System.Web.UI.WebControls.EntityDataSource.#ctor(System.Data.EntityClient.EntityConnection)">
      <summary>Initialisiert eine neue Instanz der der <see cref="T:System.Web.UI.WebControls.EntityDataSource" /> Klasse mit der angegebenen Verbindung.</summary>
      <param name="connection">Ein <see cref="T:System.Data.EntityClient.EntityConnection" /> mit den Entity Data Model (EDM).</param>
    </member>
    <member name="M:System.Web.UI.WebControls.EntityDataSource.CreateView">
      <summary>Erstellt eine neue Instanz der <see cref="T:System.Web.UI.WebControls.EntityDataSourceView" /> der diesem Steuerelement zugeordnet ist.</summary>
      <returns>Ein Objekt, das als Schnittstelle für datengebundene Steuerelemente fungiert.</returns>
    </member>
    <member name="M:System.Web.UI.WebControls.EntityDataSource.GetView(System.String)">
      <summary>Ruft die benannte Datenquellenansicht, das das Datenquellen-Steuerelement zugeordnet ist.</summary>
      <param name="viewName">Der Name der abzurufenden Ansicht. Da die <see cref="T:System.Web.UI.WebControls.EntityDataSource" /> -Steuerelement unterstützt nur die Ansicht <paramref name="viewName" /> wird ignoriert.</param>
      <returns>Die <see cref="T:System.Web.UI.WebControls.EntityDataSourceView" /> zugeordnete der <see cref="T:System.Web.UI.WebControls.EntityDataSource" /> Steuerelement.</returns>
    </member>
    <member name="M:System.Web.UI.WebControls.EntityDataSource.GetViewNames">
      <summary>Ruft eine Auflistung von Namen, die die Liste von Objekten darstellt, die zugeordnet sind die <see cref="T:System.Web.UI.WebControls.EntityDataSource" /> Steuerelement.</summary>
      <returns>Ein <see cref="T:System.Collections.ICollection" /> enthält die Namen der zugeordneten Ansichten der <see cref="T:System.Web.UI.WebControls.EntityDataSource" /> Steuerelement.</returns>
    </member>
    <member name="M:System.Web.UI.WebControls.EntityDataSource.LoadControlState(System.Object)">
      <summary>Lädt den Zustand der beizubehaltenden Eigenschaften im <see cref="T:System.Web.UI.WebControls.EntityDataSource" />-Steuerelement.</summary>
      <param name="savedState">Die <see cref="T:System.Object" /> das Zustandsinformationen enthält.</param>
    </member>
    <member name="M:System.Web.UI.WebControls.EntityDataSource.OnInit(System.EventArgs)">
      <summary>Fügt ein <see cref="E:System.Web.UI.Page.LoadComplete" /> -Ereignishandler, um die <see cref="T:System.Web.UI.Page" /> -Steuerelement, enthält die <see cref="T:System.Web.UI.WebControls.EntityDataSource" /> Steuerelement.</summary>
      <param name="e">Ein <see cref="T:System.EventArgs" /> -Objekt, das Ereignisdaten enthält.</param>
    </member>
    <member name="M:System.Web.UI.WebControls.EntityDataSource.OnUnload(System.EventArgs)">
      <summary>Löst das <see cref="E:System.Web.UI.Control.Unload" />-Ereignis aus.</summary>
      <param name="e">Ein <see cref="T:System.EventArgs" /> -Objekt, das Ereignisdaten enthält.</param>
    </member>
    <member name="M:System.Web.UI.WebControls.EntityDataSource.SaveControlState">
      <summary>Speichert den Zustand der beizubehaltenden Eigenschaften im <see cref="T:System.Web.UI.WebControls.EntityDataSource" />-Steuerelement.</summary>
      <returns>Die <see cref="T:System.Object" /> das Zustandsinformationen enthält.</returns>
    </member>
    <member name="M:System.Web.UI.WebControls.EntityDataSource.System#Web#UI#WebControls#IQueryableDataSource#RaiseViewChanged">
      <summary>Benachrichtigt das datengebundene Steuerelement, das ein Parameterobjekt geändert hat und das datengebundene Steuerelement, aktualisiert werden muss.</summary>
    </member>
    <member name="M:System.Web.UI.WebControls.EntityDataSource.TrackViewState">
      <summary>Nachverfolgen von Änderungen am Ansichtszustand des Serversteuerelements verursacht, damit sie in des Serversteuerelements gespeichert werden können <see cref="T:System.Web.UI.StateBag" /> Objekt. Auf dieses Objekt kann über die <see cref="P:System.Web.UI.Control.ViewState" />-Eigenschaft zugegriffen werden.</summary>
    </member>
    <member name="M:System.Web.UI.WebControls.EntityDataSourceValidationException.#ctor">
      <summary>Erstellt eine neue Instanz der <see cref="T:System.Web.UI.WebControls.EntityDataSourceValidationException" /> -Klasse mit einer vom System gelieferten Meldung, die den Fehler beschreibt.</summary>
    </member>
    <member name="M:System.Web.UI.WebControls.EntityDataSourceValidationException.#ctor(System.String)">
      <summary>Erstellt eine neue Instanz der <see cref="T:System.Web.UI.WebControls.EntityDataSourceValidationException" /> -Klasse mit einer angegebenen Meldung, die den Fehler beschreibt.</summary>
      <param name="message">Die Meldung, in der die Ausnahme beschrieben wird Der Aufrufer dieses Konstruktors muss sicherstellen, dass diese Zeichenfolge für die aktuelle Systemkultur lokalisiert wurde.</param>
    </member>
    <member name="M:System.Web.UI.WebControls.EntityDataSourceValidationException.#ctor(System.String,System.Exception)">
      <summary>Erstellt eine neue Instanz der <see cref="T:System.Web.UI.WebControls.EntityDataSourceValidationException" /> -Klasse mit einer angegebenen Fehlermeldung und einem Verweis auf die innere Ausnahme, die Ursache dieser Ausnahme ist.</summary>
      <param name="message">Die Meldung, in der die Ausnahme beschrieben wird Der Aufrufer dieses Konstruktors muss sicherstellen, dass diese Zeichenfolge für die aktuelle Systemkultur lokalisiert wurde.</param>
      <param name="innerException">Die Ausnahme, die die Ursache der aktuellen Ausnahme ist. Wenn der <paramref name="innerException" />-Parameter nicht null ist, wird die aktuelle Ausnahme in einem catch-Block ausgelöst, der die innere Ausnahme behandelt.</param>
    </member>
    <member name="M:System.Web.UI.WebControls.EntityDataSourceView.#ctor(System.Web.UI.WebControls.EntityDataSource,System.String)">
      <summary>Initialisiert eine neue Instanz der der <see cref="T:System.Web.UI.WebControls.EntityDataSourceView" /> Klasse, die den angegebenen <see cref="T:System.Web.UI.WebControls.EntityDataSource" /> -Steuerelement als Besitzer der aktuellen Ansicht.</summary>
      <param name="owner">Datenquellen-Steuerelement, das das <see cref="T:System.Web.UI.WebControls.EntityDataSourceView" /> Objekt zugeordnet ist.</param>
      <param name="viewName">Ein eindeutiger Name für die Datenquellenansicht innerhalb des Bereichs des Datenquellen-Steuerelements, die er besitzt.</param>
    </member>
    <member name="M:System.Web.UI.WebControls.EntityDataSourceView.ExecuteDelete(System.Collections.IDictionary,System.Collections.IDictionary)">
      <summary>Führt einen Löschvorgang aus.</summary>
      <param name="keys">Die Schlüssel der Entität, die gelöscht werden.</param>
      <param name="oldValues">Die Werte der Entität, die gelöscht werden.</param>
      <returns>Die Anzahl der Zeilen, die gelöscht werden soll; Andernfalls ist -1, wenn der Vorgang fehlschlägt oder die Anzahl nicht bekannt.</returns>
    </member>
    <member name="M:System.Web.UI.WebControls.EntityDataSourceView.ExecuteInsert(System.Collections.IDictionary)">
      <summary>Führt einen Einfügevorgang aus.</summary>
      <param name="values">Die Werte der Entität, die eingefügt werden soll.</param>
      <returns>Die Anzahl der eingefügten Zeilen; Andernfalls ist -1, wenn der Vorgang fehlschlägt oder die Anzahl nicht bekannt.</returns>
    </member>
    <member name="M:System.Web.UI.WebControls.EntityDataSourceView.ExecuteSelect(System.Web.UI.DataSourceSelectArguments)">
      <summary>Führt einen Auswahlvorgang.</summary>
      <param name="arguments">Die Auswahlvorgangsargumente.</param>
      <returns>Das Ergebnis des Auswählen-Vorgangs.</returns>
    </member>
    <member name="M:System.Web.UI.WebControls.EntityDataSourceView.ExecuteUpdate(System.Collections.IDictionary,System.Collections.IDictionary,System.Collections.IDictionary)">
      <summary>Führt einen Aktualisierungsvorgang aus.</summary>
      <param name="keys">Die Schlüssel der Entität, die aktualisiert werden.</param>
      <param name="values">Die neuen Werte der Entität, die aktualisiert werden.</param>
      <param name="oldValues">Die alten Werte der Entität, die aktualisiert werden.</param>
      <returns>Die Anzahl der Zeilen, die aktualisiert werden sollen; Andernfalls ist -1, wenn der Vorgang fehlschlägt oder die Anzahl nicht bekannt.</returns>
    </member>
    <member name="M:System.Web.UI.WebControls.EntityDataSourceView.GetViewSchema">
      <summary>Gibt eine Tabelle darstellt, die die <see cref="T:System.Web.UI.WebControls.EntityDataSourceView" />.</summary>
      <returns>Eine Tabelle die Eigenschaften enthält der <see cref="T:System.Web.UI.WebControls.EntityDataSourceView" />.</returns>
    </member>
    <member name="M:System.Web.UI.WebControls.EntityDataSourceView.System#Web#UI#IStateManager#LoadViewState(System.Object)">
      <summary>Stellt Sie den zuvor gespeicherten Ansichtszustand für die Datenquellenansicht wieder her.</summary>
      <param name="savedState">Die <see cref="T:System.Web.UI.WebControls.EntityDataSourceView" /> Steuerelementzustand wiederherstellen.</param>
    </member>
    <member name="M:System.Web.UI.WebControls.EntityDataSourceView.System#Web#UI#IStateManager#SaveViewState">
      <summary>Speichert den Ansichtszustand für die <see cref="T:System.Web.UI.WebControls.EntityDataSourceView" /> Steuerelement seit dem Zeitpunkt, der die Seite an den Server zurückgesendet wurde.</summary>
      <returns>Das Objekt, das die Änderungen an der <see cref="T:System.Web.UI.WebControls.EntityDataSourceView" /> Ansichtszustand des Steuerelements, oder null (Nothing in Visual Basic), wenn es kein Ansichtszustand zugeordnet ist.</returns>
    </member>
    <member name="M:System.Web.UI.WebControls.EntityDataSourceView.System#Web#UI#IStateManager#TrackViewState">
      <summary>Zum Anzeigen der Verläufe Zustandsänderungen.</summary>
    </member>
    <member name="P:System.Web.UI.WebControls.EntityDataSource.AutoGenerateOrderByClause">
      <summary>Ruft ab oder legt einen Wert, der angibt, ob die <see cref="T:System.Web.UI.WebControls.EntityDataSource" /> -Steuerelement erstellt dynamisch eine ORDER BY-Klausel basierend auf Werten in der <see cref="P:System.Data.WebControls.EntityDataSource.OrderByParameters" /> Auflistung.</summary>
      <returns>true Wenn die <see cref="T:System.Web.UI.WebControls.EntityDataSource" /> -Steuerelement die ORDER BY-Klausel erstellt, andernfalls false. Der Standardwert ist false.</returns>
      <exception cref="T:System.InvalidOperationException">Wenn die <see cref="P:System.Web.UI.WebControls.EntityDataSource.AutoGenerateOrderByClause" /> Eigenschaft auf festgelegt ist true und die <see cref="P:System.Web.UI.WebControls.EntityDataSource.OrderBy" /> -Eigenschaft ist nicht null.</exception>
    </member>
    <member name="P:System.Web.UI.WebControls.EntityDataSource.AutoGenerateWhereClause">
      <summary>Ruft ab oder legt einen Wert, der angibt, ob die <see cref="T:System.Web.UI.WebControls.EntityDataSource" /> -Steuerelement dynamisch erstellt eine WHERE-Klausel, die basierend auf Werten, die gemäß der <see cref="P:System.Web.UI.WebControls.EntityDataSource.WhereParameters" /> Auflistung.</summary>
      <returns>true Wenn die <see cref="T:System.Web.UI.WebControls.EntityDataSource" /> -Steuerelement die WHERE-Klausel erstellt, andernfalls false. Der Standardwert ist false.</returns>
      <exception cref="T:System.InvalidOperationException">Wenn die <see cref="P:System.Web.UI.WebControls.EntityDataSource.AutoGenerateWhereClause" /> Eigenschaft auf festgelegt ist true und die <see cref="P:System.Web.UI.WebControls.EntityDataSource.Where" /> -Eigenschaft ist nicht null.</exception>
    </member>
    <member name="P:System.Web.UI.WebControls.EntityDataSource.AutoPage">
      <summary>Ruft ab oder legt einen Wert, der angibt, ob die <see cref="T:System.Web.UI.WebControls.EntityDataSource" /> Navigation durch Datenabschnitte zur Laufzeit unterstützt.</summary>
      <returns>true Wenn der Benutzer die Daten seitenweise anzeigen kann andernfalls false. Der Standardwert ist true.</returns>
    </member>
    <member name="P:System.Web.UI.WebControls.EntityDataSource.AutoSort">
      <summary>Ruft ab oder legt einen Wert, der angibt, ob die <see cref="T:System.Web.UI.WebControls.EntityDataSource" /> -Steuerelement unterstützt das Sortieren der Daten zur Laufzeit.</summary>
      <returns>true Wenn der Benutzer die Daten sortieren kann andernfalls false. Der Standardwert ist true.</returns>
    </member>
    <member name="P:System.Web.UI.WebControls.EntityDataSource.CommandParameters">
      <summary>Ruft die Parameterauflistung für die Abfrage.</summary>
      <returns>Ein <see cref="T:System.Web.UI.WebControls.ParameterCollection" /> enthält die Parameter, die an den Abfragebefehl übergeben werden.</returns>
    </member>
    <member name="P:System.Web.UI.WebControls.EntityDataSource.CommandText">
      <summary>Ruft ab oder legt einen Entity SQL-Befehl, der die Abfrage definiert.</summary>
      <returns>Ein string -Wert, der die Entity SQL-Abfrage ist.</returns>
    </member>
    <member name="P:System.Web.UI.WebControls.EntityDataSource.ConnectionString">
      <summary>Ruft ab oder legt die Verbindungszeichenfolge, die zum Ausführen der Abfrage verwendet wird.</summary>
      <returns>Die Verbindungszeichenfolge für die Abfrage.</returns>
    </member>
    <member name="P:System.Web.UI.WebControls.EntityDataSource.ContextType">
      <summary>Ruft ab oder legt den typisierten <see cref="T:System.Data.Objects.ObjectContext" /> anhand der <see cref="T:System.Web.UI.WebControls.EntityDataSource" /> Steuerelement.</summary>
      <returns>Ein Objekt, das von abgeleitet ist <see cref="T:System.Data.Objects.ObjectContext" />.</returns>
    </member>
    <member name="P:System.Web.UI.WebControls.EntityDataSource.ContextTypeName">
      <summary>Ruft ab oder legt den vollqualifizierten Namen des typisierten <see cref="T:System.Data.Objects.ObjectContext" /> wird, durch die <see cref="T:System.Web.UI.WebControls.EntityDataSource" /> Steuerelement.</summary>
      <returns>Ein <see cref="T:System.String" /> den vollqualifizierten Namen des Typs.</returns>
    </member>
    <member name="P:System.Web.UI.WebControls.EntityDataSource.DefaultContainerName">
      <summary>Ruft den Standardcontainernamen ab oder legt diesen fest.</summary>
      <returns>Eine <see cref="T:System.String" />, die den Standardcontainernamen darstellt.</returns>
    </member>
    <member name="P:System.Web.UI.WebControls.EntityDataSource.DeleteParameters">
      <summary>Ruft die Auflistung von Parametern, die während eines Löschvorgangs verwendet werden.</summary>
      <returns>Die Parameter, die während eines Löschvorgangs verwendet werden.</returns>
    </member>
    <member name="P:System.Web.UI.WebControls.EntityDataSource.EnableDelete">
      <summary>Ruft ab oder legt einen Wert, der angibt, ob die Objekte gelöscht werden können, durch die <see cref="T:System.Web.UI.WebControls.EntityDataSource" /> Steuerelement.</summary>
      <returns>true Wenn automatische Löschvorgänge aktiviert sind. andernfalls false. Der Standardwert ist false.</returns>
    </member>
    <member name="P:System.Web.UI.WebControls.EntityDataSource.EnableFlattening">
      <summary>Ruft ab oder legt den Wert, der angibt, ob Sie die Wrapper erstellen deaktivieren möchten.</summary>
      <returns>True Wenn die Eigenschaften vereinfacht werden, andernfalls false.</returns>
    </member>
    <member name="P:System.Web.UI.WebControls.EntityDataSource.EnableInsert">
      <summary>Ruft ab oder legt einen Wert, der angibt, ob Objekte können, über hinzugefügt werden die <see cref="T:System.Web.UI.WebControls.EntityDataSource" /> Steuerelement.</summary>
      <returns>true Wenn automatische Einfügevorgänge aktiviert sind. andernfalls false. Der Standardwert ist false.</returns>
    </member>
    <member name="P:System.Web.UI.WebControls.EntityDataSource.EnableUpdate">
      <summary>Ruft ab oder legt einen Wert, der angibt, ob Objekte über geändert werden, können die <see cref="T:System.Web.UI.WebControls.EntityDataSource" /> Steuerelement.</summary>
      <returns>true Wenn automatische Aktualisierungsvorgänge aktiviert sind. andernfalls false. Der Standardwert ist false.</returns>
    </member>
    <member name="P:System.Web.UI.WebControls.EntityDataSource.EntitySetName">
      <summary>Ruft ab oder legt den Namen der Entitätenmenge anhand der <see cref="T:System.Web.UI.WebControls.EntityDataSource" /> Steuerelement.</summary>
      <returns>Der Name der Entitätenmenge.</returns>
    </member>
    <member name="P:System.Web.UI.WebControls.EntityDataSource.EntityTypeFilter">
      <summary>Ruft ab oder legt den Ausdruck, der die Abfrage auf Ergebnisse eines bestimmten abgeleiteten Typs beschränkt.</summary>
      <returns>Der Filterausdruck.</returns>
    </member>
    <member name="P:System.Web.UI.WebControls.EntityDataSource.GroupBy">
      <summary>Ruft ab, oder legt diesen fest Entity SQL-Ausdruck, der angibt, wie die Ergebnisse der Abfrage gruppiert.</summary>
      <returns>Die GROUP BY-Klausel.</returns>
    </member>
    <member name="P:System.Web.UI.WebControls.EntityDataSource.Include">
      <summary>Ruft ab oder legt den Ausdruck, der angibt, die verbundenen Objekte in die Abfrageergebnisse eingeschlossen werden.</summary>
      <returns>Durch Trennzeichen getrennte Liste von Abfragepfaden in den Abfrageergebnissen zurückgegeben werden soll.</returns>
    </member>
    <member name="P:System.Web.UI.WebControls.EntityDataSource.InsertParameters">
      <summary>Ruft die Auflistung von Parametern, die während eines Einfügevorgangs verwendet werden.</summary>
      <returns>Die Parameter, die während eines Einfügevorgangs verwendet werden.</returns>
    </member>
    <member name="P:System.Web.UI.WebControls.EntityDataSource.OrderBy">
      <summary>Ruft ab oder legt die Entity SQL-Ausdruck, der angibt, wie die Abfrageergebnisse sortiert.</summary>
      <returns>Die ORDER BY-Klausel.</returns>
    </member>
    <member name="P:System.Web.UI.WebControls.EntityDataSource.OrderByParameters">
      <summary>Ruft die Auflistung von Parametern, die zum Erstellen der ORDER BY-Klausel verwendet werden.</summary>
      <returns>Die Parameter, die zum Erstellen der ORDER BY-Klausel verwendet werden.</returns>
    </member>
    <member name="P:System.Web.UI.WebControls.EntityDataSource.Select">
      <summary>Ruft ab der Projektion an, die Eigenschaften in die Abfrageergebnisse eingeschlossen definiert.</summary>
      <returns>Die Parameter, die zum Erstellen der ORDER BY-Klausel verwendet werden.</returns>
      <exception cref="T:System.InvalidOperationException">Wenn die <see cref="P:System.Web.UI.WebControls.EntityDataSource.Select" /> -Eigenschaft gibt eine Abfrageprojektion und den Wert der <see cref="P:System.Web.UI.WebControls.EntityDataSource.EnableUpdate" />, <see cref="P:System.Web.UI.WebControls.EntityDataSource.EnableDelete" />, oder <see cref="P:System.Web.UI.WebControls.EntityDataSource.EnableInsert" /> ist true.</exception>
    </member>
    <member name="P:System.Web.UI.WebControls.EntityDataSource.SelectParameters">
      <summary>Ruft die Auflistung von Parametern, die zum Erstellen der Projektion verwendet werden.</summary>
      <returns>Die Parameter, die zum Erstellen der Projektion verwendet werden.</returns>
    </member>
    <member name="P:System.Web.UI.WebControls.EntityDataSource.StoreOriginalValuesInViewState">
      <summary>Ruft ab oder legt einen Wert, der angibt, ob die Daten aus der Datenquelle gespeichert werden sollen, im Ansichtszustand, um sicherzustellen, dass die Daten nicht von einem anderen Prozess geändert wurden, bevor sie aktualisiert oder gelöscht wird.</summary>
      <returns>true Wenn die Werte in der Ansicht zu speichernden befindet. andernfalls false. Der Standardwert ist true.</returns>
    </member>
    <member name="P:System.Web.UI.WebControls.EntityDataSource.UpdateParameters">
      <summary>Ruft die Auflistung von Parametern, die während einer Aktualisierung verwendet werden.</summary>
      <returns>Die Parameter, die während einer Aktualisierung verwendet werden.</returns>
    </member>
    <member name="P:System.Web.UI.WebControls.EntityDataSource.Where">
      <summary>Ruft ab, oder legt diesen fest Entity SQL-Ausdruck, der angibt, wie die Ergebnisse der Abfrage gefiltert.</summary>
      <returns>Die WHERE-Klausel.</returns>
    </member>
    <member name="P:System.Web.UI.WebControls.EntityDataSource.WhereParameters">
      <summary>Ruft die Auflistung von Parametern, die zum Erstellen der WHERE-Klausel verwendet werden.</summary>
      <returns>Die Parameter, die zum Erstellen der WHERE-Klausel verwendet werden.</returns>
    </member>
    <member name="P:System.Web.UI.WebControls.EntityDataSourceChangedEventArgs.Context">
      <summary>Ruft die <see cref="T:System.Data.Objects.ObjectContext" /> von der Datenquelle verwendet.</summary>
      <returns>Der Kontext, der von der Datenquelle verwendet wird.</returns>
    </member>
    <member name="P:System.Web.UI.WebControls.EntityDataSourceChangedEventArgs.Entity">
      <summary>Ruft das Objekt, das hinzugefügt, geändert oder aktualisiert wurde.</summary>
      <returns>Eine <see cref="T:System.Object" /> die Entität.</returns>
    </member>
    <member name="P:System.Web.UI.WebControls.EntityDataSourceChangedEventArgs.Exception">
      <summary>Ruft die Ausnahme, die während der Insert, Update oder Delete-Vorgang ausgelöst wurde.</summary>
      <returns>Die Ausnahme, wenn ein Fehler aufgetreten ist; andernfalls null Verweis (Nothing in Visual Basic).</returns>
    </member>
    <member name="P:System.Web.UI.WebControls.EntityDataSourceChangedEventArgs.ExceptionHandled">
      <summary>Ruft ab oder legt einen Wert, der angibt, ob die Ausnahme behandelt wurde und dass es nicht erneut ausgelöst werden soll.</summary>
      <returns>true Wenn die Ausnahme verarbeitet wurde. andernfalls false.</returns>
    </member>
    <member name="P:System.Web.UI.WebControls.EntityDataSourceChangingEventArgs.Context">
      <summary>Ruft die <see cref="T:System.Data.Objects.ObjectContext" /> von der Datenquelle verwendet.</summary>
      <returns>Der Objektkontext, der von der Datenquelle verwendet wird.</returns>
    </member>
    <member name="P:System.Web.UI.WebControls.EntityDataSourceChangingEventArgs.Entity">
      <summary>Ruft das Objekt hinzugefügt, geändert oder aktualisiert.</summary>
      <returns>Eine <see cref="T:System.Object" /> die Entität.</returns>
    </member>
    <member name="P:System.Web.UI.WebControls.EntityDataSourceChangingEventArgs.Exception">
      <summary>Ruft die Ausnahme, die ausgelöst wurde, während die Daten validiert wurden, vor dem Einfügen, aktualisieren oder löschen.</summary>
      <returns>Die Ausnahme, wenn ein Fehler aufgetreten ist; andernfalls ein null Verweis (Nothing in Visual Basic).</returns>
    </member>
    <member name="P:System.Web.UI.WebControls.EntityDataSourceChangingEventArgs.ExceptionHandled">
      <summary>Ruft ab oder legt einen Wert, der angibt, ob die Ausnahme behandelt wurde und dass es nicht erneut ausgelöst werden soll.</summary>
      <returns>true Wenn die Ausnahme verarbeitet wurde. andernfalls false.</returns>
    </member>
    <member name="P:System.Web.UI.WebControls.EntityDataSourceContextCreatedEventArgs.Context">
      <summary>Ruft die <see cref="T:System.Data.Objects.ObjectContext" /> von der Datenquelle verwendet.</summary>
      <returns>Der Objektkontext, der von der Datenquelle verwendet wird.</returns>
    </member>
    <member name="P:System.Web.UI.WebControls.EntityDataSourceContextCreatingEventArgs.Context">
      <summary>Ruft die <see cref="T:System.Data.Objects.ObjectContext" /> die von der Datenquelle verwendet wird.</summary>
      <returns>Der Objektkontext, der von der Datenquelle verwendet wird.</returns>
    </member>
    <member name="P:System.Web.UI.WebControls.EntityDataSourceContextDisposingEventArgs.Context">
      <summary>Ruft die <see cref="T:System.Data.Objects.ObjectContext" /> von der Datenquelle verwendet.</summary>
      <returns>Der Objektkontext, der von der Datenquelle verwendet wird.</returns>
    </member>
    <member name="P:System.Web.UI.WebControls.EntityDataSourceSelectedEventArgs.Context">
      <summary>Ruft die <see cref="T:System.Data.Objects.ObjectContext" /> von der Datenquelle verwendet.</summary>
      <returns>Der Kontext, der von der Datenquelle verwendet wird.</returns>
    </member>
    <member name="P:System.Web.UI.WebControls.EntityDataSourceSelectedEventArgs.Exception">
      <summary>Ruft die Ausnahme, die während der Abfrage ausgelöst wurde.</summary>
      <returns>Die Ausnahme, wenn ein Fehler aufgetreten ist; andernfalls null Verweis (Nothing in Visual Basic).</returns>
    </member>
    <member name="P:System.Web.UI.WebControls.EntityDataSourceSelectedEventArgs.ExceptionHandled">
      <summary>Ruft ab oder legt einen Wert, der angibt, ob die Ausnahme behandelt wurde und dass es nicht erneut ausgelöst werden soll.</summary>
      <returns>true Wenn die Ausnahme verarbeitet wurde. andernfalls false.</returns>
    </member>
    <member name="P:System.Web.UI.WebControls.EntityDataSourceSelectedEventArgs.Results">
      <summary>Ruft die von der Abfrage zurückgegebenen Objekte.</summary>
      <returns>Die Objekte, die von der Abfrage zurückgegeben wird.</returns>
    </member>
    <member name="P:System.Web.UI.WebControls.EntityDataSourceSelectedEventArgs.SelectArguments">
      <summary>Ruft die Werte, die bestimmen, wie die Daten zurückgegeben werden.</summary>
      <returns>Ein Objekt, das enthält Werte, um zu bestimmen, wie die Daten zurückgegeben werden.</returns>
    </member>
    <member name="P:System.Web.UI.WebControls.EntityDataSourceSelectedEventArgs.TotalRowCount">
      <summary>Ruft die Gesamtzahl der von der Abfrage zurückgegebenen Objekte ab.</summary>
      <returns>Die Gesamtanzahl der Objekte zurückgegeben.</returns>
    </member>
    <member name="P:System.Web.UI.WebControls.EntityDataSourceSelectingEventArgs.DataSource">
      <summary>Ruft die <see cref="T:System.Web.UI.WebControls.EntityDataSource" /> -Instanz ausgelöste der <see cref="E:System.Web.UI.WebControls.EntityDataSource.Selecting" /> Ereignis.</summary>
      <returns>Die Datenquelle, die ausgelöst, die <see cref="E:System.Web.UI.WebControls.EntityDataSource.Selecting" /> Ereignis.</returns>
    </member>
    <member name="P:System.Web.UI.WebControls.EntityDataSourceSelectingEventArgs.SelectArguments">
      <summary>Ruft die Werte, die bestimmen, wie die Daten zurückgegeben werden.</summary>
      <returns>Ein Objekt, das enthält Werte, um zu bestimmen, wie die Daten zurückgegeben werden.</returns>
    </member>
    <member name="P:System.Web.UI.WebControls.EntityDataSourceValidationException.System#Web#DynamicData#IDynamicValidatorException#InnerExceptions">
      <summary>Ruft die Ausnahmen, die auftreten, wenn Sie einen neuen oder bearbeiteten Datenfelds an.</summary>
      <returns>Eine Auflistung, die alle Ausnahmen enthält, die aufgetreten sind.</returns>
    </member>
    <member name="P:System.Web.UI.WebControls.EntityDataSourceView.CanDelete">
      <summary>Ruft einen Wert ab, der angibt, ob das <see cref="T:System.Web.UI.WebControls.EntityDataSourceView" />-Objekt, das dem aktuellen <see cref="T:System.Web.UI.WebControls.EntityDataSource" />-Steuerelement zugeordnet ist, den Löschvorgang unterstützt.</summary>
      <returns>true, wenn der Vorgang unterstützt wird, andernfalls false.</returns>
    </member>
    <member name="P:System.Web.UI.WebControls.EntityDataSourceView.CanInsert">
      <summary>Ruft einen Wert ab, der angibt, ob das <see cref="T:System.Web.UI.WebControls.EntityDataSourceView" />-Objekt, das dem aktuellen <see cref="T:System.Web.UI.WebControls.EntityDataSource" />-Steuerelement zugeordnet ist, den Einfügevorgang unterstützt.</summary>
      <returns>true, wenn der Vorgang unterstützt wird, andernfalls false.</returns>
    </member>
    <member name="P:System.Web.UI.WebControls.EntityDataSourceView.CanPage">
      <summary>Ruft einen Wert, der angibt, ob die <see cref="T:System.Web.UI.WebControls.EntityDataSourceView" /> -Objekt, das die aktuelle zugeordnet ist <see cref="T:System.Web.UI.WebControls.EntityDataSource" /> -Steuerelement unterstützt das Paging der abgerufenen Daten.</summary>
      <returns>true, wenn der Vorgang unterstützt wird, andernfalls false.</returns>
    </member>
    <member name="P:System.Web.UI.WebControls.EntityDataSourceView.CanRetrieveTotalRowCount">
      <summary>Ruft einen Wert, der angibt, ob die <see cref="T:System.Web.UI.WebControls.EntityDataSourceView" /> -Objekt, das die aktuelle zugeordnet ist <see cref="T:System.Web.UI.WebControls.EntityDataSource" /> -Steuerelement unterstützt das Abrufen der Gesamtanzahl der Datenzeilen, zusätzlich zum Abrufen der Daten.</summary>
      <returns>true, wenn der Vorgang unterstützt wird, andernfalls false.</returns>
    </member>
    <member name="P:System.Web.UI.WebControls.EntityDataSourceView.CanSort">
      <summary>Ruft einen Wert, der angibt, ob die <see cref="T:System.Web.UI.WebControls.EntityDataSourceView" /> -Objekt, das die aktuelle zugeordnet ist <see cref="T:System.Web.UI.WebControls.EntityDataSource" /> Steuerelement eine sortierte Ansicht der abgerufenen Daten unterstützt.</summary>
      <returns>true, wenn der Vorgang unterstützt wird, andernfalls false.</returns>
    </member>
    <member name="P:System.Web.UI.WebControls.EntityDataSourceView.CanUpdate">
      <summary>Ruft einen Wert ab, der angibt, ob das <see cref="T:System.Web.UI.WebControls.EntityDataSourceView" />-Objekt, das dem aktuellen <see cref="T:System.Web.UI.WebControls.EntityDataSource" />-Steuerelement zugeordnet ist, den Aktualisierungsvorgang unterstützt.</summary>
      <returns>true, wenn der Vorgang unterstützt wird, andernfalls false.</returns>
    </member>
    <member name="P:System.Web.UI.WebControls.EntityDataSourceView.System#Web#UI#IStateManager#IsTrackingViewState">
      <summary>Ruft einen Wert, der angibt, ob die <see cref="T:System.Web.UI.WebControls.EntityDataSourceView" /> Objekt speichert Änderungen an seinem Ansichtszustand.</summary>
      <returns>true Wenn die Datenquellensicht werden markiert, um dessen Zustand zu speichern; andernfalls false.</returns>
    </member>
    <member name="T:System.Web.UI.WebControls.EntityDataSource">
      <summary>Stellt ein Entity Data Model (EDM) für datengebundene Steuerelemente in einer ASP.NET-Anwendung dar.</summary>
    </member>
    <member name="T:System.Web.UI.WebControls.EntityDataSourceChangedEventArgs">
      <summary>Stellt Daten für das <see cref="E:System.Web.UI.WebControls.EntityDataSource.Inserted" />-Ereignis, das <see cref="E:System.Web.UI.WebControls.EntityDataSource.Updated" />-Ereignis und das <see cref="E:System.Web.UI.WebControls.EntityDataSource.Deleted" />-Ereignis bereit.</summary>
    </member>
    <member name="T:System.Web.UI.WebControls.EntityDataSourceChangingEventArgs">
      <summary>Stellt Daten für das <see cref="E:System.Web.UI.WebControls.EntityDataSource.Inserting" />-Ereignis, das <see cref="E:System.Web.UI.WebControls.EntityDataSource.Updating" />-Ereignis und das <see cref="E:System.Web.UI.WebControls.EntityDataSource.Deleting" />-Ereignis bereit.</summary>
    </member>
    <member name="T:System.Web.UI.WebControls.EntityDataSourceContextCreatedEventArgs">
      <summary>Stellt Daten für das <see cref="E:System.Web.UI.WebControls.EntityDataSource.ContextCreated" />-Ereignis bereit.</summary>
    </member>
    <member name="T:System.Web.UI.WebControls.EntityDataSourceContextCreatingEventArgs">
      <summary>Stellt Daten für das <see cref="E:System.Web.UI.WebControls.EntityDataSource.ContextCreating" />-Ereignis bereit.</summary>
    </member>
    <member name="T:System.Web.UI.WebControls.EntityDataSourceContextDisposingEventArgs">
      <summary>Stellt Daten für das <see cref="E:System.Web.UI.WebControls.EntityDataSource.ContextDisposing" />-Ereignis bereit.</summary>
    </member>
    <member name="T:System.Web.UI.WebControls.EntityDataSourceSelectedEventArgs">
      <summary>Stellt Daten für das <see cref="E:System.Web.UI.WebControls.EntityDataSource.Selected" />-Ereignis bereit.</summary>
    </member>
    <member name="T:System.Web.UI.WebControls.EntityDataSourceSelectingEventArgs">
      <summary>Stellt Daten für das <see cref="E:System.Web.UI.WebControls.EntityDataSource.Selecting" />-Ereignis bereit.</summary>
    </member>
    <member name="T:System.Web.UI.WebControls.EntityDataSourceValidationException">
      <summary>Stellt Fehler dar, die beim Überprüfen der Eigenschaften einer dynamischen Datenquelle auftreten.</summary>
    </member>
    <member name="T:System.Web.UI.WebControls.EntityDataSourceView">
      <summary>Unterstützt das <see cref="T:System.Web.UI.WebControls.EntityDataSource" />-Steuerelement und stellt eine Schnittstelle für datengebundene Steuerelemente zum Ausführen von Abfragen und anderen Vorgängen mit Entitätsdaten bereit.</summary>
    </member>
  </members>
</doc>