﻿<?xml version="1.0" encoding="utf-8"?>
<doc>
  <assembly>
    <name>System.Configuration.Install</name>
  </assembly>
  <members>
    <member name="E:System.Configuration.Install.Installer.AfterInstall">
      <summary>Tritt ein, nachdem die <see cref="M:System.Configuration.Install.Installer.Install(System.Collections.IDictionary)" />-Methoden aller in der <see cref="P:System.Configuration.Install.Installer.Installers" />-Eigenschaft enthaltenen Installationsprogramme ausgeführt wurden.</summary>
    </member>
    <member name="E:System.Configuration.Install.Installer.AfterRollback">
      <summary>Tritt ein, nachdem ein Rollback aller Installationen der Installationsprogramme in der <see cref="P:System.Configuration.Install.Installer.Installers" />-Eigenschaft ausgeführt wurde.</summary>
    </member>
    <member name="E:System.Configuration.Install.Installer.AfterUninstall">
      <summary>Tritt ein, nachdem alle Installationsprogramme in der <see cref="P:System.Configuration.Install.Installer.Installers" />-Eigenschaft ihre jeweiligen Deinstallationsvorgänge ausgeführt haben.</summary>
    </member>
    <member name="E:System.Configuration.Install.Installer.BeforeInstall">
      <summary>Tritt ein, bevor die <see cref="M:System.Configuration.Install.Installer.Install(System.Collections.IDictionary)" />-Methode aller in der Auflistung der Installationsprogramme enthaltenen Installationsprogramme ausgeführt worden ist.</summary>
    </member>
    <member name="E:System.Configuration.Install.Installer.BeforeRollback">
      <summary>Tritt ein, bevor ein Rollback der Installationsprogramme in der <see cref="P:System.Configuration.Install.Installer.Installers" />-Eigenschaft ausgeführt wird.</summary>
    </member>
    <member name="E:System.Configuration.Install.Installer.BeforeUninstall">
      <summary>Tritt ein, bevor die Installationsprogramme in der <see cref="P:System.Configuration.Install.Installer.Installers" />-Eigenschaft ihre jeweiligen Deinstallationsvorgänge ausführen.</summary>
    </member>
    <member name="E:System.Configuration.Install.Installer.Committed">
      <summary>Tritt ein, nachdem alle Installationsprogramme in der <see cref="P:System.Configuration.Install.Installer.Installers" />-Eigenschaft ein Commit für ihre Installationen ausgeführt haben.</summary>
    </member>
    <member name="E:System.Configuration.Install.Installer.Committing">
      <summary>Tritt ein, bevor die Installationsprogramme in der <see cref="P:System.Configuration.Install.Installer.Installers" />-Eigenschaft ein Commit für ihre Installationen ausführen.</summary>
    </member>
    <member name="M:System.Configuration.Install.AssemblyInstaller.#ctor">
      <summary>Initialisiert eine neue Instanz der <see cref="T:System.Configuration.Install.AssemblyInstaller" />-Klasse.</summary>
    </member>
    <member name="M:System.Configuration.Install.AssemblyInstaller.#ctor(System.Reflection.Assembly,System.String[])">
      <summary>Initialisiert eine neue Instanz der <see cref="T:System.Configuration.Install.AssemblyInstaller" /> -Klasse und gibt die zu installierende Assembly und die Befehlszeile verwenden Sie beim Erstellen eines neuen <see cref="T:System.Configuration.Install.InstallContext" /> Objekt.</summary>
      <param name="assembly">Die <see cref="T:System.Reflection.Assembly" /> installieren.</param>
      <param name="commandLine">Die Befehlszeile verwenden Sie beim Erstellen eines neuen <see cref="T:System.Configuration.Install.InstallContext" /> -Objekt für die Installation der Assembly. Dies kann ein null-Wert sein.</param>
    </member>
    <member name="M:System.Configuration.Install.AssemblyInstaller.#ctor(System.String,System.String[])">
      <summary>Initialisiert eine neue Instanz der <see cref="T:System.Configuration.Install.AssemblyInstaller" /> -Klasse und gibt sowohl den Dateinamen der Assembly, die installiert und die Befehlszeile verwenden Sie beim Erstellen eines neuen <see cref="T:System.Configuration.Install.InstallContext" /> -Objekt für die Installation der Assembly.</summary>
      <param name="fileName">Der Dateiname der Assembly, die installiert werden soll.</param>
      <param name="commandLine">Die Befehlszeile verwenden Sie beim Erstellen eines neuen <see cref="T:System.Configuration.Install.InstallContext" /> -Objekt für die Installation der Assembly. Dies kann ein null-Wert sein.</param>
    </member>
    <member name="M:System.Configuration.Install.AssemblyInstaller.CheckIfInstallable(System.String)">
      <summary>Überprüft, um festzustellen, ob die angegebene Assembly installiert werden kann.</summary>
      <param name="assemblyName">Die Assembly, in der nach Installationsprogrammen gesucht werden soll.</param>
      <exception cref="T:System.Exception">Die angegebene Assembly kann nicht installiert werden.</exception>
    </member>
    <member name="M:System.Configuration.Install.AssemblyInstaller.Commit(System.Collections.IDictionary)">
      <summary>Schließt die Installationstransaktion ab.</summary>
      <param name="savedState">Eine <see cref="T:System.Collections.IDictionary" /> die den Zustand des Computers enthält, nachdem alle Installationsprogramme in der Auflistung der Installationsprogramme ausgeführt wurden.</param>
      <exception cref="T:System.ArgumentException">Der <paramref name="savedState" />-Parameter ist null.- oder -  Die gespeicherten Zustand <see cref="T:System.Collections.IDictionary" /> ist möglicherweise beschädigt.- oder -  Eine Datei konnte nicht gefunden werden.</exception>
      <exception cref="T:System.Exception">Fehler bei der <see cref="E:System.Configuration.Install.Installer.Committing" /> -Ereignishandler eines der Installationsprogramme in der Auflistung.- oder -  Fehler bei der <see cref="E:System.Configuration.Install.Installer.Committed" /> -Ereignishandler eines der Installationsprogramme in der Auflistung.- oder -  Eine Ausnahme ist aufgetreten, während die <see cref="M:System.Configuration.Install.AssemblyInstaller.Commit(System.Collections.IDictionary)" /> Phase der Installation. Die Ausnahme wird ignoriert, und die Installation wird fortgesetzt. Allerdings kann die Anwendung nicht ordnungsgemäß nach Abschluss der Installation.- oder -  Installationsprogrammtypen in einer Assembly nicht gefunden.- oder -  Eine Instanz eines der Installationsprogrammtypen konnte nicht erstellt werden.</exception>
      <exception cref="T:System.Configuration.Install.InstallException">Eine Ausnahme ist aufgetreten, während die <see cref="M:System.Configuration.Install.AssemblyInstaller.Commit(System.Collections.IDictionary)" /> Phase der Installation. Die Ausnahme wird ignoriert, und die Installation wird fortgesetzt. Allerdings kann die Anwendung nicht ordnungsgemäß nach Abschluss der Installation.</exception>
    </member>
    <member name="M:System.Configuration.Install.AssemblyInstaller.Install(System.Collections.IDictionary)">
      <summary>Führt die Installation aus.</summary>
      <param name="savedState">Ein <see cref="T:System.Collections.IDictionary" />-Objekt, in dem die zum Ausführen eines Commit-, Rollback- oder Deinstallationsvorgangs erforderlichen Daten gespeichert werden.</param>
      <exception cref="T:System.ArgumentException">Der <paramref name="savedState" />-Parameter ist null.- oder -  Eine Datei konnte nicht gefunden werden.</exception>
      <exception cref="T:System.Exception">Eine Ausnahme ist in der <see cref="E:System.Configuration.Install.Installer.BeforeInstall" /> -Ereignishandler eines der Installationsprogramme in der Auflistung.- oder -  Eine Ausnahme ist in der <see cref="E:System.Configuration.Install.Installer.AfterInstall" /> -Ereignishandler eines der Installationsprogramme in der Auflistung.- oder -  Installationsprogrammtypen in einer Assembly nicht gefunden.- oder -  Eine Instanz eines der Installationsprogrammtypen konnte nicht erstellt werden.</exception>
    </member>
    <member name="M:System.Configuration.Install.AssemblyInstaller.Rollback(System.Collections.IDictionary)">
      <summary>Versetzt den Computer in den Zustand vor der Installation geändert.</summary>
      <param name="savedState">Ein <see cref="T:System.Collections.IDictionary" />-Objekt, das Informationen über den Zustand enthält, in dem sich der Computer vor der Installation befand.</param>
      <exception cref="T:System.ArgumentException">Der <paramref name="savedState" />-Parameter ist null.- oder -  Die gespeicherten Zustand <see cref="T:System.Collections.IDictionary" /> ist möglicherweise beschädigt.- oder -  Eine Datei konnte nicht gefunden werden.</exception>
      <exception cref="T:System.Exception">Eine Ausnahme ist in der <see cref="E:System.Configuration.Install.Installer.BeforeRollback" /> -Ereignishandler eines der Installationsprogramme in der Auflistung.- oder -  Eine Ausnahme ist in der <see cref="E:System.Configuration.Install.Installer.AfterRollback" /> -Ereignishandler eines der Installationsprogramme in der Auflistung.- oder -  Eine Ausnahme ist aufgetreten, während die <see cref="M:System.Configuration.Install.AssemblyInstaller.Rollback(System.Collections.IDictionary)" /> Phase der Installation. Die Ausnahme wird ignoriert, und der Rollback wird fortgesetzt. Allerdings kann der Computer nicht vollständig in ihren ursprünglichen Zustand zurückgesetzt werden nach Abschluss des Rollbacks.- oder -  Installationsprogrammtypen in einer Assembly nicht gefunden.- oder -  Eine Instanz eines der Installationsprogrammtypen konnte nicht erstellt werden.</exception>
      <exception cref="T:System.Configuration.Install.InstallException">Eine Ausnahme ist aufgetreten, während die <see cref="M:System.Configuration.Install.AssemblyInstaller.Rollback(System.Collections.IDictionary)" /> Phase der Installation. Die Ausnahme wird ignoriert, und der Rollback wird fortgesetzt. Allerdings kann der Computer nicht vollständig in ihren ursprünglichen Zustand zurückgesetzt werden nach Abschluss des Rollbacks.</exception>
    </member>
    <member name="M:System.Configuration.Install.AssemblyInstaller.Uninstall(System.Collections.IDictionary)">
      <summary>Entfernt eine Installation.</summary>
      <param name="savedState">Eine <see cref="T:System.Collections.IDictionary" /> die den ursprünglichen Zustand des Computers enthält.</param>
      <exception cref="T:System.ArgumentException">Die gespeicherten Zustand <see cref="T:System.Collections.IDictionary" /> ist möglicherweise beschädigt.- oder -  Eine Datei konnte nicht gefunden werden.</exception>
      <exception cref="T:System.Exception">Fehler bei der <see cref="E:System.Configuration.Install.Installer.BeforeUninstall" /> -Ereignishandler eines der Installationsprogramme in der Auflistung.- oder -  Fehler bei der <see cref="E:System.Configuration.Install.Installer.AfterUninstall" /> -Ereignishandler eines der Installationsprogramme in der Auflistung.- oder -  Während der Deinstallation ist eine Ausnahme aufgetreten. Die Ausnahme wird ignoriert, und die Deinstallation wird fortgesetzt. Nach Abschluss die Deinstallation die Anwendung jedoch möglicherweise nicht vollständig deinstalliert.- oder -  Installationsprogrammtypen in einer Assembly nicht gefunden.- oder -  Eine Instanz eines der Installationsprogrammtypen konnte nicht erstellt werden.- oder -  Eine Datei konnte nicht gelöscht werden.</exception>
      <exception cref="T:System.Configuration.Install.InstallException">Während der Deinstallation ist eine Ausnahme aufgetreten. Die Ausnahme wird ignoriert, und die Deinstallation wird fortgesetzt. Nach Abschluss die Deinstallation die Anwendung jedoch möglicherweise nicht vollständig deinstalliert.</exception>
    </member>
    <member name="M:System.Configuration.Install.ComponentInstaller.#ctor">
      <summary>Initialisiert eine neue Instanz der <see cref="T:System.Configuration.Install.ComponentInstaller" />-Klasse.</summary>
    </member>
    <member name="M:System.Configuration.Install.ComponentInstaller.CopyFromComponent(System.ComponentModel.IComponent)">
      <summary>Ruft beim Überschreiben in einer abgeleiteten Klasse der Installation kopiert alle Eigenschaften, die benötigt werden aus der angegebenen Komponente.</summary>
      <param name="component">Die Komponente, aus dem kopiert werden soll.</param>
    </member>
    <member name="M:System.Configuration.Install.ComponentInstaller.IsEquivalentInstaller(System.Configuration.Install.ComponentInstaller)">
      <summary>Bestimmt, ob das angegebene Installationsprogramm dasselbe Objekt wie dieses Installationsprogramm installiert.</summary>
      <param name="otherInstaller">Das Installationsprogramm für den Vergleich.</param>
      <returns>true Wenn dieses Installationsprogramm und der durch angegeben der <paramref name="otherInstaller" /> Parameter dasselbe Objekt installieren, andernfalls false.</returns>
    </member>
    <member name="M:System.Configuration.Install.IManagedInstaller.ManagedInstall(System.String,System.Int32)">
      <summary>Führt eine verwaltete Installation.</summary>
      <param name="commandLine">Die Befehlszeile, die die Installation angibt.</param>
      <param name="hInstall">Das Handle für die Installation.</param>
      <returns>Der Rückgabecode für installutil.exe. Eine erfolgreiche Installation gibt 0 zurück. Andere Werte zeigen einen Fehler an.</returns>
    </member>
    <member name="M:System.Configuration.Install.InstallContext.#ctor">
      <summary>Initialisiert eine neue Instanz der <see cref="T:System.Configuration.Install.InstallContext" />-Klasse.</summary>
    </member>
    <member name="M:System.Configuration.Install.InstallContext.#ctor(System.String,System.String[])">
      <summary>Initialisiert eine neue Instanz der <see cref="T:System.Configuration.Install.InstallContext" /> -Klasse und erstellt eine Protokolldatei für die Installation.</summary>
      <param name="logFilePath">Der Pfad zur Protokolldatei für diese Installation oder null Wenn keine Protokolldatei erstellt werden soll.</param>
      <param name="commandLine">Die Parameter in der Befehlszeile eingegeben, wenn das Installationsprogramm ausgeführt oder null Wenn keine eingegeben wurden.</param>
    </member>
    <member name="M:System.Configuration.Install.InstallContext.IsParameterTrue(System.String)">
      <summary>Bestimmt, ob der angegebene Befehlszeilenparameter ist true.</summary>
      <param name="paramName">Der Name des der Befehlszeilenparameter überprüfen.</param>
      <returns>true Wenn der angegebene Parameter festgelegt ist, auf "Ja", "true", "1" oder eine leere Zeichenfolge (""); andernfalls false.</returns>
    </member>
    <member name="M:System.Configuration.Install.InstallContext.LogMessage(System.String)">
      <summary>Schreibt eine Meldung an, an die Konsole und in die Protokolldatei für die Installation.</summary>
      <param name="message">Die zu schreibende Meldung.</param>
    </member>
    <member name="M:System.Configuration.Install.InstallContext.ParseCommandLine(System.String[])">
      <summary>Liest die Befehlszeilenparameter in ein Zeichenfolgenwörterbuch.</summary>
      <param name="args">Ein Array, das die Befehlszeilenparameter enthält.</param>
      <returns>Ein <see cref="T:System.Collections.Specialized.StringDictionary" /> das die analysierten Befehlszeilenparameter enthält.</returns>
    </member>
    <member name="M:System.Configuration.Install.Installer.#ctor">
      <summary>Initialisiert eine neue Instanz der <see cref="T:System.Configuration.Install.Installer" />-Klasse.</summary>
    </member>
    <member name="M:System.Configuration.Install.Installer.Commit(System.Collections.IDictionary)">
      <summary>Schließt beim Überschreiben in einer abgeleiteten Klasse die Installationstransaktion ab.</summary>
      <param name="savedState">Ein <see cref="T:System.Collections.IDictionary" />-Objekt mit dem Zustand, in dem der Computer sich nach dem Ausführen aller in der Auflistung enthaltenen Installationsprogramme befindet.</param>
      <exception cref="T:System.ArgumentException">Der <paramref name="savedState" />-Parameter ist null.- oder -  Die gespeicherten Zustand <see cref="T:System.Collections.IDictionary" /> ist möglicherweise beschädigt.</exception>
      <exception cref="T:System.Configuration.Install.InstallException">Eine Ausnahme ist aufgetreten, während die <see cref="M:System.Configuration.Install.Installer.Commit(System.Collections.IDictionary)" /> Phase der Installation. Diese Ausnahme wird ignoriert, und die Installation wird fortgesetzt. Allerdings kann die Anwendung nicht ordnungsgemäß, nachdem die Installation abgeschlossen ist.</exception>
    </member>
    <member name="M:System.Configuration.Install.Installer.Install(System.Collections.IDictionary)">
      <summary>Führt beim Überschreiben in einer abgeleiteten Klasse die Installation aus.</summary>
      <param name="stateSaver">Ein <see cref="T:System.Collections.IDictionary" />-Objekt, in dem die zum Ausführen eines Commit-, Rollback- oder Deinstallationsvorgangs erforderlichen Daten gespeichert werden.</param>
      <exception cref="T:System.ArgumentException">Der <paramref name="stateSaver" />-Parameter ist null.</exception>
      <exception cref="T:System.Exception">Eine Ausnahme ist in der <see cref="E:System.Configuration.Install.Installer.BeforeInstall" /> -Ereignishandler eines der Installationsprogramme in der Auflistung.- oder -  Eine Ausnahme ist in der <see cref="E:System.Configuration.Install.Installer.AfterInstall" /> -Ereignishandler eines der Installationsprogramme in der Auflistung.</exception>
    </member>
    <member name="M:System.Configuration.Install.Installer.OnAfterInstall(System.Collections.IDictionary)">
      <summary>Löst das <see cref="E:System.Configuration.Install.Installer.AfterInstall" />-Ereignis aus.</summary>
      <param name="savedState">Ein <see cref="T:System.Collections.IDictionary" />-Objekt mit dem Zustand, in dem sich der Computer befindet, nachdem alle Installationsprogramme in der <see cref="P:System.Configuration.Install.Installer.Installers" />-Eigenschaft die Installation abgeschlossen haben.</param>
    </member>
    <member name="M:System.Configuration.Install.Installer.OnAfterRollback(System.Collections.IDictionary)">
      <summary>Löst das <see cref="E:System.Configuration.Install.Installer.AfterRollback" />-Ereignis aus.</summary>
      <param name="savedState">Ein <see cref="T:System.Collections.IDictionary" />-Objekt mit dem Zustand, in dem sich der Computer befindet, nachdem ein Rollback der Installation aller in der <see cref="P:System.Configuration.Install.Installer.Installers" />-Eigenschaft enthaltenen Installationsprogramme ausgeführt wurde.</param>
    </member>
    <member name="M:System.Configuration.Install.Installer.OnAfterUninstall(System.Collections.IDictionary)">
      <summary>Löst das <see cref="E:System.Configuration.Install.Installer.AfterUninstall" />-Ereignis aus.</summary>
      <param name="savedState">Ein <see cref="T:System.Collections.IDictionary" />-Objekt mit dem Zustand, in dem sich der Computer befindet, nachdem alle Installationsprogramme in der <see cref="P:System.Configuration.Install.Installer.Installers" />-Eigenschaft deinstalliert wurden.</param>
    </member>
    <member name="M:System.Configuration.Install.Installer.OnBeforeInstall(System.Collections.IDictionary)">
      <summary>Löst das <see cref="E:System.Configuration.Install.Installer.BeforeInstall" />-Ereignis aus.</summary>
      <param name="savedState">Ein <see cref="T:System.Collections.IDictionary" />-Objekt mit dem Zustand, in dem sich der Computer befindet, bevor die Installationsprogramme in der <see cref="P:System.Configuration.Install.Installer.Installers" />-Eigenschaft installiert werden. Dieses <see cref="T:System.Collections.IDictionary" />-Objekt sollte zu diesem Zeitpunkt leer sein.</param>
    </member>
    <member name="M:System.Configuration.Install.Installer.OnBeforeRollback(System.Collections.IDictionary)">
      <summary>Löst das <see cref="E:System.Configuration.Install.Installer.BeforeRollback" />-Ereignis aus.</summary>
      <param name="savedState">Ein <see cref="T:System.Collections.IDictionary" />-Objekt mit dem Zustand, in dem sich der Computer befindet, bevor ein Rollback aller in der <see cref="P:System.Configuration.Install.Installer.Installers" />-Eigenschaft enthaltenen Installationsprogramme ausgeführt wird.</param>
    </member>
    <member name="M:System.Configuration.Install.Installer.OnBeforeUninstall(System.Collections.IDictionary)">
      <summary>Löst das <see cref="E:System.Configuration.Install.Installer.BeforeUninstall" />-Ereignis aus.</summary>
      <param name="savedState">Ein <see cref="T:System.Collections.IDictionary" />-Objekt mit dem Zustand, in dem sich der Computer befindet, bevor die Installationen der Installationsprogramme in der <see cref="P:System.Configuration.Install.Installer.Installers" />-Eigenschaft deinstalliert werden.</param>
    </member>
    <member name="M:System.Configuration.Install.Installer.OnCommitted(System.Collections.IDictionary)">
      <summary>Löst das <see cref="E:System.Configuration.Install.Installer.Committed" />-Ereignis aus.</summary>
      <param name="savedState">Ein <see cref="T:System.Collections.IDictionary" />-Objekt mit dem Zustand, in dem der Computer sich befindet, nachdem alle Installationsprogramme in der <see cref="P:System.Configuration.Install.Installer.Installers" />-Eigenschaft ausgeführt wurden.</param>
    </member>
    <member name="M:System.Configuration.Install.Installer.OnCommitting(System.Collections.IDictionary)">
      <summary>Löst das <see cref="E:System.Configuration.Install.Installer.Committing" />-Ereignis aus.</summary>
      <param name="savedState">Ein <see cref="T:System.Collections.IDictionary" />-Objekt mit dem Zustand, in dem sich der Computer befindet, bevor für die Installationsprogramme in der <see cref="P:System.Configuration.Install.Installer.Installers" />-Eigenschaft ein Commit ausgeführt wird.</param>
    </member>
    <member name="M:System.Configuration.Install.Installer.Rollback(System.Collections.IDictionary)">
      <summary>Stellt beim Überschreiben in einer abgeleiteten Klasse den Zustand wieder her, in dem sich der Computer vor der Installation befand.</summary>
      <param name="savedState">Ein <see cref="T:System.Collections.IDictionary" />-Objekt, das Informationen über den Zustand enthält, in dem sich der Computer vor der Installation befand.</param>
      <exception cref="T:System.ArgumentException">Der <paramref name="savedState" />-Parameter ist null.- oder -  Die gespeicherten Zustand <see cref="T:System.Collections.IDictionary" /> ist möglicherweise beschädigt.</exception>
      <exception cref="T:System.Configuration.Install.InstallException">Eine Ausnahme ist aufgetreten, während die <see cref="M:System.Configuration.Install.Installer.Rollback(System.Collections.IDictionary)" /> Phase der Installation. Diese Ausnahme wird ignoriert, und der Rollback wird fortgesetzt. Allerdings kann der Computer nicht vollständig in ihren ursprünglichen Zustand zurückgesetzt werden nach Abschluss des Rollbacks.</exception>
    </member>
    <member name="M:System.Configuration.Install.Installer.Uninstall(System.Collections.IDictionary)">
      <summary>Entfernt beim Überschreiben in einer abgeleiteten Klasse eine Installation.</summary>
      <param name="savedState">Ein <see cref="T:System.Collections.IDictionary" />-Objekt mit Informationen über den Zustand, in dem sich der Computer nach Abschluss der Installation befindet.</param>
      <exception cref="T:System.ArgumentException">Die gespeicherten Zustand <see cref="T:System.Collections.IDictionary" /> ist möglicherweise beschädigt.</exception>
      <exception cref="T:System.Configuration.Install.InstallException">Während der Deinstallation ist eine Ausnahme aufgetreten. Diese Ausnahme wird ignoriert, und die Deinstallation wird fortgesetzt. Nach Abschluss der Deinstallation die Anwendung jedoch möglicherweise nicht vollständig deinstalliert.</exception>
    </member>
    <member name="M:System.Configuration.Install.InstallerCollection.Add(System.Configuration.Install.Installer)">
      <summary>Diese Auflistung von Installationsprogrammen hinzugefügt das angegebene Installationsprogramm.</summary>
      <param name="value">Eine <see cref="T:System.Configuration.Install.Installer" /> die das Installationsprogramm darstellt, in der Auflistung hinzu.</param>
      <returns>Der nullbasierte Index des hinzugefügten Installationsprogramms.</returns>
    </member>
    <member name="M:System.Configuration.Install.InstallerCollection.AddRange(System.Configuration.Install.Installer[])">
      <summary>Diese Auflistung hinzugefügt das angegebene Array von Installationsprogrammen.</summary>
      <param name="value">Ein Array vom Typ <see cref="T:System.Configuration.Install.Installer" /> darstellt, die Installationsprogramme in dieser Auflistung hinzu.</param>
    </member>
    <member name="M:System.Configuration.Install.InstallerCollection.AddRange(System.Configuration.Install.InstallerCollection)">
      <summary>Diese Auflistung hinzugefügt die angegebene Auflistung von Installationsprogrammen.</summary>
      <param name="value">Ein <see cref="T:System.Configuration.Install.InstallerCollection" /> darstellt, die Installationsprogramme in dieser Auflistung hinzu.</param>
    </member>
    <member name="M:System.Configuration.Install.InstallerCollection.Contains(System.Configuration.Install.Installer)">
      <summary>Bestimmt, ob das angegebene Installationsprogramm in der Auflistung enthalten ist.</summary>
      <param name="value">Ein <see cref="T:System.Configuration.Install.Installer" /> das das zu suchende Installationsprogramm darstellt.</param>
      <returns>true Wenn das angegebene Installationsprogramm in dieser Auflistung ist. andernfalls false.</returns>
    </member>
    <member name="M:System.Configuration.Install.InstallerCollection.CopyTo(System.Configuration.Install.Installer[],System.Int32)">
      <summary>Kopiert die Elemente aus der Auflistung in ein Array, beginnend am angegebenen Index.</summary>
      <param name="array">Das Array, in das kopiert werden soll.</param>
      <param name="index">Der Index des Arrays, an dem die Auflistung eingefügt werden soll.</param>
    </member>
    <member name="M:System.Configuration.Install.InstallerCollection.IndexOf(System.Configuration.Install.Installer)">
      <summary>Bestimmt den Index eines bestimmten Installationsprogramms in der Auflistung.</summary>
      <param name="value">Die <see cref="T:System.Configuration.Install.Installer" />, die in der Auflistung gesucht werden soll.</param>
      <returns>Der nullbasierte Index des Installationsprogramms in der Auflistung.</returns>
    </member>
    <member name="M:System.Configuration.Install.InstallerCollection.Insert(System.Int32,System.Configuration.Install.Installer)">
      <summary>Fügt das angegebene Installationsprogramm am angegebenen Index in die Auflistung ein.</summary>
      <param name="index">Der nullbasierte Index, an dem das Installationsprogramm eingefügt werden soll.</param>
      <param name="value">Der einzufügende <see cref="T:System.Configuration.Install.Installer" />.</param>
    </member>
    <member name="M:System.Configuration.Install.InstallerCollection.OnInsert(System.Int32,System.Object)">
      <summary>Führt zusätzliche benutzerdefinierte Prozesse aus, bevor ein neues Installationsprogramm in der Auflistung eingefügt wird.</summary>
      <param name="index">Der nullbasierte Index, an dem eingefügt <paramref name="value" />.</param>
      <param name="value">Der neue Wert des Installationsprogramms am <paramref name="index" />.</param>
    </member>
    <member name="M:System.Configuration.Install.InstallerCollection.OnRemove(System.Int32,System.Object)">
      <summary>Führt zusätzliche benutzerdefinierte Prozesse aus, bevor ein Installationsprogramm aus der Auflistung entfernt wird.</summary>
      <param name="index">Der nullbasierte Index, an dem <paramref name="value" /> befinden.</param>
      <param name="value">Das Installationsprogramm von zu entfernenden <paramref name="index" />.</param>
    </member>
    <member name="M:System.Configuration.Install.InstallerCollection.OnSet(System.Int32,System.Object,System.Object)">
      <summary>Führt zusätzliche benutzerdefinierte Prozesse aus, bevor ein vorhandenes Installationsprogramm auf einen neuen Wert festgelegt wird.</summary>
      <param name="index">Der nullbasierte Index, an dem ersetzt <paramref name="oldValue" />.</param>
      <param name="oldValue">Der Wert, der durch Ersetzen <paramref name="newValue." /></param>
      <param name="newValue">Der neue Wert des Installationsprogramms am <paramref name="index" />.</param>
    </member>
    <member name="M:System.Configuration.Install.InstallerCollection.Remove(System.Configuration.Install.Installer)">
      <summary>Entfernt den angegebenen <see cref="T:System.Configuration.Install.Installer" /> aus der Auflistung.</summary>
      <param name="value">Ein <see cref="T:System.Configuration.Install.Installer" /> das das zu entfernende Installationsprogramm darstellt.</param>
    </member>
    <member name="M:System.Configuration.Install.InstallEventArgs.#ctor">
      <summary>Initialisiert eine neue Instanz von der <see cref="T:System.Configuration.Install.InstallEventArgs" /> -Klasse und lässt die <see cref="P:System.Configuration.Install.InstallEventArgs.SavedState" /> -Eigenschaft leer.</summary>
    </member>
    <member name="M:System.Configuration.Install.InstallEventArgs.#ctor(System.Collections.IDictionary)">
      <summary>Initialisiert eine neue Instanz von der <see cref="T:System.Configuration.Install.InstallEventArgs" /> -Klasse und gibt den Wert für die <see cref="P:System.Configuration.Install.InstallEventArgs.SavedState" /> Eigenschaft.</summary>
      <param name="savedState">Ein <see cref="T:System.Collections.IDictionary" /> das den aktuellen Zustand der Installation darstellt.</param>
    </member>
    <member name="M:System.Configuration.Install.InstallException.#ctor">
      <summary>Initialisiert eine neue Instanz der <see cref="T:System.Configuration.Install.InstallException" />-Klasse.</summary>
    </member>
    <member name="M:System.Configuration.Install.InstallException.#ctor(System.Runtime.Serialization.SerializationInfo,System.Runtime.Serialization.StreamingContext)">
      <summary>Initialisiert eine neue Instanz der <see cref="T:System.Configuration.Install.InstallException" />-Klasse mit serialisierten Daten.</summary>
      <param name="info">Die <see cref="T:System.Runtime.Serialization.SerializationInfo" />, die die serialisierten Objektdaten für die ausgelöste Ausnahme enthält.</param>
      <param name="context">Der <see cref="T:System.Runtime.Serialization.StreamingContext" />, der die Kontextinformationen über die Quelle oder das Ziel enthält.</param>
    </member>
    <member name="M:System.Configuration.Install.InstallException.#ctor(System.String)">
      <summary>Initialisiert eine neue Instanz der <see cref="T:System.Configuration.Install.InstallException" /> -Klasse und gibt die Meldung an den Benutzer angezeigt.</summary>
      <param name="message">Die Meldung, die dem Benutzer angezeigt wird.</param>
    </member>
    <member name="M:System.Configuration.Install.InstallException.#ctor(System.String,System.Exception)">
      <summary>Initialisiert eine neue Instanz der <see cref="T:System.Configuration.Install.InstallException" /> -Klasse und gibt die Meldung angezeigt, die für den Benutzer und einen Verweis auf die innere Ausnahme, die Ursache dieser Ausnahme ist.</summary>
      <param name="message">Die Meldung, die dem Benutzer angezeigt wird.</param>
      <param name="innerException">Die Ausnahme, die die Ursache der aktuellen Ausnahme ist. Wenn der <paramref name="innerException" />-Parameter nicht null ist, wird die aktuelle Ausnahme in einem catch-Block ausgelöst, der die innere Ausnahme behandelt.</param>
    </member>
    <member name="M:System.Configuration.Install.ManagedInstallerClass.#ctor">
      <summary>Initialisiert eine neue Instanz der <see cref="T:System.Configuration.Install.ManagedInstallerClass" />-Klasse.</summary>
    </member>
    <member name="M:System.Configuration.Install.ManagedInstallerClass.InstallHelper(System.String[])">
      <summary>Behandelt die Funktionalität der Installutil.exe (Installer Tool).</summary>
      <param name="args">Die Argumente, die an das Installer-Tool übergeben werden.</param>
    </member>
    <member name="M:System.Configuration.Install.ManagedInstallerClass.System#Configuration#Install#IManagedInstaller#ManagedInstall(System.String,System.Int32)">
      <summary>Eine Beschreibung dieses Elements finden Sie unter <see cref="M:System.Configuration.Install.IManagedInstaller.ManagedInstall(System.String,System.Int32)" />.</summary>
      <param name="argString">Die Befehlszeile installieren.</param>
      <param name="hInstall">Das Handle für die Installation.</param>
      <returns>Der Rückgabecode für installutil.exe. Eine erfolgreiche Installation gibt 0 zurück. Andere Werte zeigen einen Fehler an.</returns>
    </member>
    <member name="M:System.Configuration.Install.TransactedInstaller.#ctor">
      <summary>Initialisiert eine neue Instanz der <see cref="T:System.Configuration.Install.TransactedInstaller" />-Klasse.</summary>
    </member>
    <member name="M:System.Configuration.Install.TransactedInstaller.Install(System.Collections.IDictionary)">
      <summary>Führt die Installation aus.</summary>
      <param name="savedState">Ein <see cref="T:System.Collections.IDictionary" /> in dem diese Methode speichert Informationen zum Ausführen eines Commit-, Rollback- oder Deinstallationsvorgangs.</param>
      <exception cref="T:System.ArgumentException">Der <paramref name="savedState" />-Parameter ist null.</exception>
      <exception cref="T:System.Exception">Die Installation ist fehlgeschlagen und wird zurückgesetzt.</exception>
    </member>
    <member name="M:System.Configuration.Install.TransactedInstaller.Uninstall(System.Collections.IDictionary)">
      <summary>Entfernt eine Installation.</summary>
      <param name="savedState">Eine <see cref="T:System.Collections.IDictionary" /> die den Zustand des Computers nach Abschluss der Installation enthält.</param>
    </member>
    <member name="M:System.Diagnostics.EventLogInstaller.#ctor">
      <summary>Initialisiert eine neue Instanz der <see cref="T:System.Diagnostics.EventLogInstaller" />-Klasse.</summary>
    </member>
    <member name="M:System.Diagnostics.EventLogInstaller.CopyFromComponent(System.ComponentModel.IComponent)">
      <summary>Kopiert die Eigenschaftswerte einer <see cref="T:System.Diagnostics.EventLog" /> Komponente, die bei der Installation für ein Ereignisprotokoll erforderlich sind.</summary>
      <param name="component">Ein <see cref="T:System.ComponentModel.IComponent" /> für die Verwendung als Vorlage für die <see cref="T:System.Diagnostics.EventLogInstaller" />.</param>
      <exception cref="T:System.ArgumentException">Die angegebene Komponente ist ein <see cref="T:System.Diagnostics.EventLog" />.- oder -  Die <see cref="P:System.Diagnostics.EventLog.Log" /> oder <see cref="P:System.Diagnostics.EventLog.Source" /> -Eigenschaft der angegebenen Komponente ist entweder null oder leer.</exception>
    </member>
    <member name="M:System.Diagnostics.EventLogInstaller.Install(System.Collections.IDictionary)">
      <summary>Führt die Installation und die Ereignisprotokollinformationen in die Registrierung geschrieben.</summary>
      <param name="stateSaver">Ein <see cref="T:System.Collections.IDictionary" /> verwendet, um die zum Ausführen eines Rollback- oder Deinstallationsvorgangs erforderlichen Daten gespeichert.</param>
      <exception cref="T:System.PlatformNotSupportedException">Die Plattform, die das Installationsprogramm verwenden möchte, ist nicht Windows NT 4.0 oder höher.</exception>
      <exception cref="T:System.ArgumentException">Der Name gemäß der <see cref="P:System.Diagnostics.EventLogInstaller.Source" />  Eigenschaft wurde bereits für ein anderes Ereignisprotokoll registriert.</exception>
    </member>
    <member name="M:System.Diagnostics.EventLogInstaller.IsEquivalentInstaller(System.Configuration.Install.ComponentInstaller)">
      <summary>Bestimmt, ob das Installationsprogramm und ein anderes angegebenes Installationsprogramm auf dieselbe Quelle verweisen.</summary>
      <param name="otherInstaller">Das Installationsprogramm für den Vergleich.</param>
      <returns>true Wenn dieses Installationsprogramm und der durch angegeben der <paramref name="otherInstaller" /> Parameter installieren oder deinstallieren die gleiche Quelle würden, andernfalls false.</returns>
    </member>
    <member name="M:System.Diagnostics.EventLogInstaller.Rollback(System.Collections.IDictionary)">
      <summary>Versetzt den Computer in den Zustand, in dem Sie sich vor der Installation durch Rollback der Ereignisprotokollinformationen, die von der Installationsprozedur in die Registrierung geschrieben wurden.</summary>
      <param name="savedState">Ein <see cref="T:System.Collections.IDictionary" />-Objekt, das Informationen über den Zustand enthält, in dem sich der Computer vor der Installation befand.</param>
    </member>
    <member name="M:System.Diagnostics.EventLogInstaller.Uninstall(System.Collections.IDictionary)">
      <summary>Entfernt eine Installation durch Entfernen der Ereignisprotokollinformationen aus der Registrierung.</summary>
      <param name="savedState">Ein <see cref="T:System.Collections.IDictionary" />-Objekt, das Informationen über den Zustand enthält, in dem sich der Computer vor der Installation befand.</param>
    </member>
    <member name="M:System.Diagnostics.PerformanceCounterInstaller.#ctor">
      <summary>Initialisiert eine neue Instanz der <see cref="T:System.Diagnostics.PerformanceCounterInstaller" />-Klasse.</summary>
    </member>
    <member name="M:System.Diagnostics.PerformanceCounterInstaller.CopyFromComponent(System.ComponentModel.IComponent)">
      <summary>Kopiert alle Eigenschaften aus der angegebenen Komponente, die erforderlich sind, bei der Installation für einen Leistungsindikator.</summary>
      <param name="component">Die Komponente, aus dem kopiert werden soll.</param>
      <exception cref="T:System.ArgumentException">Die angegebene Komponente ist eine <see cref="T:System.Diagnostics.PerformanceCounter" />.- oder -  Der angegebene <see cref="T:System.Diagnostics.PerformanceCounter" /> ist unvollständig.- oder -  Mehrere Leistungsindikatoren in verschiedenen Kategorien versuchen, installiert werden.</exception>
    </member>
    <member name="M:System.Diagnostics.PerformanceCounterInstaller.Install(System.Collections.IDictionary)">
      <summary>Führt die Installation aus.</summary>
      <param name="stateSaver">Ein <see cref="T:System.Collections.IDictionary" /> wird, speichern Sie die benötigten Informationen zum Ausführen eines Commit-, Rollback- oder Deinstallationsvorgangs.</param>
    </member>
    <member name="M:System.Diagnostics.PerformanceCounterInstaller.Rollback(System.Collections.IDictionary)">
      <summary>Versetzt den Computer in den Zustand vor der Installation geändert.</summary>
      <param name="savedState">Ein <see cref="T:System.Collections.IDictionary" />-Objekt, das Informationen über den Zustand enthält, in dem sich der Computer vor der Installation befand.</param>
    </member>
    <member name="M:System.Diagnostics.PerformanceCounterInstaller.Uninstall(System.Collections.IDictionary)">
      <summary>Entfernt eine Installation.</summary>
      <param name="savedState">Eine <see cref="T:System.Collections.IDictionary" /> die den ursprünglichen Zustand des Computers enthält.</param>
    </member>
    <member name="P:System.Configuration.Install.AssemblyInstaller.Assembly">
      <summary>Ruft ab oder legt die Assembly installieren.</summary>
      <returns>Ein <see cref="T:System.Reflection.Assembly" /> der die zu installierende Assembly definiert.</returns>
      <exception cref="T:System.ArgumentNullException">Der Eigenschaftswert ist null.</exception>
    </member>
    <member name="P:System.Configuration.Install.AssemblyInstaller.CommandLine">
      <summary>Ruft ab oder legt die Befehlszeile verwenden Sie beim Erstellen eines neuen <see cref="T:System.Configuration.Install.InstallContext" /> -Objekt für die Installation der Assembly.</summary>
      <returns>Ein Array vom Typ <see cref="T:System.String" /> das die Befehlszeile verwenden Sie beim Erstellen eines neuen darstellt <see cref="T:System.Configuration.Install.InstallContext" /> -Objekt für die Installation der Assembly.</returns>
    </member>
    <member name="P:System.Configuration.Install.AssemblyInstaller.HelpText">
      <summary>Ruft den Hilfetext für alle in der entsprechenden Auflistung enthaltenen Installationsprogramme ab.</summary>
      <returns>Der Hilfetext für alle Installationsprogramme in der entsprechenden Auflistung, einschließlich der Beschreibung der Funktionsweise der einzelnen Installationsprogramme und die Befehlszeilenoptionen (für das Installationsprogramm), die übergeben werden können und die Installationsprogramme.</returns>
    </member>
    <member name="P:System.Configuration.Install.AssemblyInstaller.Path">
      <summary>Ruft ab oder legt den Pfad der zu installierenden Assembly.</summary>
      <returns>Der Pfad der Assembly, die installiert werden soll.</returns>
    </member>
    <member name="P:System.Configuration.Install.AssemblyInstaller.UseNewContext">
      <summary>Ruft ab oder legt einen Wert, der angibt, ob zum Erstellen eines neuen <see cref="T:System.Configuration.Install.InstallContext" /> -Objekt für die Installation der Assembly.</summary>
      <returns>true Wenn ein neues <see cref="T:System.Configuration.Install.InstallContext" /> Objekt muss für die Installation der Assembly erstellt, andernfalls false. Die Standardeinstellung ist true.</returns>
    </member>
    <member name="P:System.Configuration.Install.InstallContext.Parameters">
      <summary>Ruft die Befehlszeilenparameter, die beim Ausführen von InstallUtil.exe eingegeben wurden.</summary>
      <returns>Ein <see cref="T:System.Collections.Specialized.StringDictionary" /> die die Befehlszeilenparameter, die beim Ausführen der Installationsdatei eingegeben wurden darstellt.</returns>
    </member>
    <member name="P:System.Configuration.Install.Installer.Context">
      <summary>Ruft Informationen über die derzeitige Installation ab oder legt diese fest.</summary>
      <returns>Ein <see cref="T:System.Configuration.Install.InstallContext" />, der Informationen über die derzeitige Installation enthält.</returns>
    </member>
    <member name="P:System.Configuration.Install.Installer.HelpText">
      <summary>Ruft den Hilfetext für alle in der entsprechenden Auflistung enthaltenen Installationsprogramme ab.</summary>
      <returns>Der Hilfetext für alle Installationsprogramme in der entsprechenden Auflistung, einschließlich der Beschreibung der vom jeweiligen Installationsprogramm ausgeführten Vorgänge sowie der Befehlszeilenoptionen für das Installationsprogramm (z. B. InstallUtil.exe), die an das Programm übergeben und von diesem verarbeitet werden können.</returns>
      <exception cref="T:System.NullReferenceException">Eine in der Auflistung der Installationsprogramme enthaltenen Installationsprogramme gibt ein null-Verweis anstelle von Hilfetext an. Eine wahrscheinliche Ursache dieser Ausnahme ist, dass ein Feld enthält den Hilfetext definiert ist, jedoch nicht initialisiert.</exception>
    </member>
    <member name="P:System.Configuration.Install.Installer.Installers">
      <summary>Ruft die Auflistung von Installationsprogrammen ab, die dieses Installationsprogramm enthält.</summary>
      <returns>Eine <see cref="T:System.Configuration.Install.InstallerCollection" />-Instanz, die die Auflistung von Installationsprogrammen enthält, die mit diesem Installationsprogramm verbunden sind.</returns>
    </member>
    <member name="P:System.Configuration.Install.Installer.Parent">
      <summary>Ruft das Installationsprogramm ab, das die Auflistung mit diesem Installationsprogramm enthält, oder legt dieses fest.</summary>
      <returns>Ein <see cref="T:System.Configuration.Install.Installer" />-Objekt, das die Auflistung enthält, zu der diese Instanz gehört, oder null, wenn diese Instanz nicht zu einer Auflistung gehört.</returns>
    </member>
    <member name="P:System.Configuration.Install.InstallerCollection.Item(System.Int32)">
      <summary>Ruft ab oder legt ein Installationsprogramm am angegebenen Index.</summary>
      <param name="index">Der nullbasierte Index des Installationsprogramms zum Abrufen oder festlegen.</param>
      <returns>Ein <see cref="T:System.Configuration.Install.Installer" /> der das Installationsprogramm am angegebenen Index darstellt.</returns>
    </member>
    <member name="P:System.Configuration.Install.InstallEventArgs.SavedState">
      <summary>Ruft eine <see cref="T:System.Collections.IDictionary" /> die den aktuellen Zustand der Installation darstellt.</summary>
      <returns>Ein <see cref="T:System.Collections.IDictionary" /> das den aktuellen Zustand der Installation darstellt.</returns>
    </member>
    <member name="P:System.Diagnostics.EventLogInstaller.CategoryCount">
      <summary>Ruft ab oder legt die Anzahl der Kategorien in der Kategorie-Ressourcendatei.</summary>
      <returns>Die Anzahl der Kategorien in der Kategorie-Ressourcendatei. Der Standardwert ist 0 (null).</returns>
    </member>
    <member name="P:System.Diagnostics.EventLogInstaller.CategoryResourceFile">
      <summary>Ruft ab oder legt den Pfad der Ressourcendatei, die Kategoriezeichenfolgen für die Quelle enthält.</summary>
      <returns>Der Pfad der Kategorieressourcendatei. Der Standardwert ist eine leere Zeichenfolge ("").</returns>
    </member>
    <member name="P:System.Diagnostics.EventLogInstaller.Log">
      <summary>Ruft ab oder legt den Namen des Protokolls an die Quelle festgelegt werden soll.</summary>
      <returns>Der Name des Protokolls. Dies kann die Anwendung, System oder ein benutzerdefinierter Protokollname sein. Der Standardwert ist eine leere Zeichenfolge ("").</returns>
    </member>
    <member name="P:System.Diagnostics.EventLogInstaller.MessageResourceFile">
      <summary>Ruft ab oder legt den Pfad der Ressourcendatei, die Nachricht Formatieren von Zeichenfolgen für die Quelle enthält.</summary>
      <returns>Der Pfad der Meldungsressourcendatei. Der Standardwert ist eine leere Zeichenfolge ("").</returns>
    </member>
    <member name="P:System.Diagnostics.EventLogInstaller.ParameterResourceFile">
      <summary>Ruft ab oder legt den Pfad der Ressourcendatei, die Meldung Parameterzeichenfolgen für die Quelle enthält.</summary>
      <returns>Der Pfad der Meldungsressourcendatei der Parameter. Der Standardwert ist eine leere Zeichenfolge ("").</returns>
    </member>
    <member name="P:System.Diagnostics.EventLogInstaller.Source">
      <summary>Ruft ab oder legt den Quellnamen für das Protokoll zu registrieren.</summary>
      <returns>Der Name, der im Ereignisprotokoll als Quelle für Einträge registriert werden soll. Der Standardwert ist eine leere Zeichenfolge ("").</returns>
    </member>
    <member name="P:System.Diagnostics.EventLogInstaller.UninstallAction">
      <summary>Ruft ab oder legt einen Wert, der angibt, ob die Installutil.exe (Installer Tool) sollten das Ereignisprotokoll löschen oder lassen Sie es in dem Zustand bei der Deinstallation.</summary>
      <returns>Eines der <see cref="T:System.Configuration.Install.UninstallAction" /> Werte, der angibt, welchem Zustand das Ereignisprotokoll bei lassen die <see cref="T:System.Diagnostics.EventLog" /> deinstalliert wird. Die Standardeinstellung ist Remove.</returns>
      <exception cref="T:System.ComponentModel.InvalidEnumArgumentException">
        <see cref="P:System.Diagnostics.EventLogInstaller.UninstallAction" /> enthält einen ungültigen Wert. Die einzigen gültigen Werte für diese Eigenschaft sind Remove und NoAction.</exception>
    </member>
    <member name="P:System.Diagnostics.PerformanceCounterInstaller.CategoryHelp">
      <summary>Ruft ab oder legt die beschreibende Meldung für den Leistungsindikator.</summary>
      <returns>Die beschreibende Meldung für den Leistungsindikator.</returns>
      <exception cref="T:System.ArgumentNullException">Der Wert wird auf null festgelegt.</exception>
    </member>
    <member name="P:System.Diagnostics.PerformanceCounterInstaller.CategoryName">
      <summary>Ruft ab oder legt den Namen der Leistungskategorie für den Leistungsindikator.</summary>
      <returns>Den Namen der Leistungskategorie für den Leistungsindikator.</returns>
      <exception cref="T:System.ArgumentNullException">Der Wert wird auf null festgelegt.</exception>
      <exception cref="T:System.ArgumentException">Der Wert ist kein gültiger Kategoriename.</exception>
    </member>
    <member name="P:System.Diagnostics.PerformanceCounterInstaller.CategoryType">
      <summary>Ruft ab oder legt den Typ der Leistungsindikatorkategorie.</summary>
      <returns>Einer der <see cref="T:System.Diagnostics.PerformanceCounterCategoryType" />-Werte.</returns>
      <exception cref="T:System.ComponentModel.InvalidEnumArgumentException">Der Wert ist ein <see cref="T:System.Diagnostics.PerformanceCounterCategoryType" />.</exception>
    </member>
    <member name="P:System.Diagnostics.PerformanceCounterInstaller.Counters">
      <summary>Ruft eine Auflistung von Daten, die die zu installierenden Zähler betrifft.</summary>
      <returns>Ein <see cref="T:System.Diagnostics.CounterCreationDataCollection" /> Namen, Hilfe Nachrichten und Typen der Leistungsindikatoren für die Installation enthält.</returns>
    </member>
    <member name="P:System.Diagnostics.PerformanceCounterInstaller.UninstallAction">
      <summary>Ruft einen Wert, der angibt, ob der Leistungsindikator entfernt werden sollen, bei der Deinstallation.</summary>
      <returns>Einer der <see cref="T:System.Configuration.Install.UninstallAction" />-Werte. Die Standardeinstellung ist Remove.</returns>
      <exception cref="T:System.ComponentModel.InvalidEnumArgumentException">Der Wert ist ein <see cref="T:System.Configuration.Install.UninstallAction" />.</exception>
    </member>
    <member name="T:System.Configuration.Install.AssemblyInstaller">
      <summary>Lädt eine Assembly und führt alle Installationsprogramme darin.</summary>
    </member>
    <member name="T:System.Configuration.Install.ComponentInstaller">
      <summary>Gibt ein Installationsprogramm, die Eigenschaften einer Komponente für die Verwendung bei der Installation kopiert.</summary>
    </member>
    <member name="T:System.Configuration.Install.IManagedInstaller">
      <summary>Stellt eine Schnittstelle für ein verwaltetes Installationsprogramm bereit.</summary>
    </member>
    <member name="T:System.Configuration.Install.InstallContext">
      <summary>Informationen über die derzeitige Installation enthält.</summary>
    </member>
    <member name="T:System.Configuration.Install.Installer">
      <summary>Stellt die Grundlage für benutzerdefinierte Installationen bereit.</summary>
    </member>
    <member name="T:System.Configuration.Install.InstallerCollection">
      <summary>Enthält eine Auflistung der Installationsprogramme, die während einer Installation ausgeführt werden sollen.</summary>
    </member>
    <member name="T:System.Configuration.Install.InstallEventArgs">
      <summary>Stellt Daten für die Ereignisse: <see cref="E:System.Configuration.Install.Installer.BeforeInstall" />, <see cref="E:System.Configuration.Install.Installer.AfterInstall" />, <see cref="E:System.Configuration.Install.Installer.Committing" />, <see cref="E:System.Configuration.Install.Installer.Committed" />, <see cref="E:System.Configuration.Install.Installer.BeforeRollback" />, <see cref="E:System.Configuration.Install.Installer.AfterRollback" />, <see cref="E:System.Configuration.Install.Installer.BeforeUninstall" />, <see cref="E:System.Configuration.Install.Installer.AfterUninstall" />.</summary>
    </member>
    <member name="T:System.Configuration.Install.InstallEventHandler">
      <summary>Stellt die Methode für die Behandlung der <see cref="E:System.Configuration.Install.Installer.BeforeInstall" />, <see cref="E:System.Configuration.Install.Installer.AfterInstall" />, <see cref="E:System.Configuration.Install.Installer.Committing" />, <see cref="E:System.Configuration.Install.Installer.Committed" />, <see cref="E:System.Configuration.Install.Installer.BeforeRollback" />, <see cref="E:System.Configuration.Install.Installer.AfterRollback" />, <see cref="E:System.Configuration.Install.Installer.BeforeUninstall" />, oder <see cref="E:System.Configuration.Install.Installer.AfterUninstall" /> -Ereignis einer <see cref="T:System.Configuration.Install.Installer" />.</summary>
      <param name="sender">Die Quelle des Ereignisses.</param>
      <param name="e">Ein <see cref="T:System.Configuration.Install.InstallEventArgs" />, das die Ereignisdaten enthält.</param>
    </member>
    <member name="T:System.Configuration.Install.InstallException">
      <summary>Die Ausnahme, die ausgelöst wird, wenn während der Commit-, Rollback- oder Deinstallationsphase einer Installation ein Fehler auftritt.</summary>
    </member>
    <member name="T:System.Configuration.Install.ManagedInstallerClass">
      <summary>Stellt eine verwaltete Installation dar.</summary>
    </member>
    <member name="T:System.Configuration.Install.TransactedInstaller">
      <summary>Definiert ein Installationsprogramm, das entweder vollständig erfolgreich ausgeführt oder schlägt fehl, und den Computer im ursprünglichen Zustand lässt.</summary>
    </member>
    <member name="T:System.Configuration.Install.UninstallAction">
      <summary>Gibt an, welche Aktion ein Installationsprogramm während einer Deinstallation ausführen soll.</summary>
    </member>
    <member name="F:System.Configuration.Install.UninstallAction.Remove">
      <summary>Die vom Installationsprogramm erstellte Ressource wird entfernt.</summary>
    </member>
    <member name="F:System.Configuration.Install.UninstallAction.NoAction">
      <summary>Bewirkt, dass die Ressource, die vom Installationsprogramm als erstellt werden.</summary>
    </member>
    <member name="T:System.Diagnostics.EventLogInstaller">
      <summary>Ermöglicht das Installieren und Konfigurieren eines Ereignisprotokolls, das Ihrer Anwendung aus liest oder schreibt bei der Ausführung.</summary>
    </member>
    <member name="T:System.Diagnostics.PerformanceCounterInstaller">
      <summary>Gibt ein Installationsprogramm für die <see cref="T:System.Diagnostics.PerformanceCounter" /> Komponente.</summary>
    </member>
  </members>
</doc>