﻿<?xml version="1.0" encoding="utf-8"?>
<doc>
  <assembly>
    <name>System.Device</name>
  </assembly>
  <members>
    <member name="E:System.Device.Location.CivicAddressResolver.ResolveAddressCompleted">
      <summary>Tritt auf, wenn die Adressauflösung initiiert durch einen Aufruf von <see cref="M:System.Device.Location.CivicAddressResolver.ResolveAddressAsync(System.Device.Location.GeoCoordinate)" /> abgeschlossen ist.</summary>
    </member>
    <member name="E:System.Device.Location.GeoCoordinateWatcher.PositionChanged">
      <summary>Gibt an, dass der Längen- oder Breitengrad der Positionsdaten geändert hat.</summary>
    </member>
    <member name="E:System.Device.Location.GeoCoordinateWatcher.StatusChanged">
      <summary>Gibt an, dass der Status der <see cref="T:System.Device.Location.GeoCoordinateWatcher" /> Objekt wurde geändert.</summary>
    </member>
    <member name="E:System.Device.Location.GeoCoordinateWatcher.System#ComponentModel#INotifyPropertyChanged#PropertyChanged">
      <summary>Gibt an, dass die <see cref="P:System.Device.Location.GeoCoordinateWatcher.Status" /> -Eigenschaft, die <see cref="P:System.Device.Location.GeoCoordinateWatcher.Position" /> -Eigenschaft oder die <see cref="P:System.Device.Location.GeoCoordinateWatcher.Permission" /> -Eigenschaft geändert hat.</summary>
    </member>
    <member name="E:System.Device.Location.GeoCoordinateWatcher.System#Device#Location#IGeoPositionWatcher{System#Device#Location#GeoCoordinate}#PositionChanged">
      <summary>Gibt an, dass die Positionsdaten geändert hat.</summary>
    </member>
    <member name="E:System.Device.Location.GeoCoordinateWatcher.System#Device#Location#IGeoPositionWatcher{System#Device#Location#GeoCoordinate}#StatusChanged">
      <summary>Gibt an, dass der Status des Anbieters Speicherort geändert hat.</summary>
    </member>
    <member name="E:System.Device.Location.ICivicAddressResolver.ResolveAddressCompleted">
      <summary>Tritt auf, wenn eine asynchrone Anforderung mit <see cref="M:System.Device.Location.ICivicAddressResolver.ResolveAddressAsync(System.Device.Location.GeoCoordinate)" /> zum Auflösen einer Längen-in eine Adresse abgeschlossen ist.</summary>
    </member>
    <member name="E:System.Device.Location.IGeoPositionWatcher`1.PositionChanged">
      <summary>Tritt ein, wenn die <see cref="P:System.Device.Location.IGeoPositionWatcher`1.Position" />-Eigenschaft geändert wurde.</summary>
    </member>
    <member name="E:System.Device.Location.IGeoPositionWatcher`1.StatusChanged">
      <summary>Tritt ein, wenn sich die <see cref="P:System.Device.Location.IGeoPositionWatcher`1.Status" />-Eigenschaft ändert.</summary>
    </member>
    <member name="F:System.Device.Location.CivicAddress.Unknown">
      <summary>Stellt eine <see cref="T:System.Device.Location.CivicAddress" /> die keine Daten enthält.</summary>
    </member>
    <member name="F:System.Device.Location.GeoCoordinate.Unknown">
      <summary>Stellt ein <see cref="T:System.Device.Location.GeoCoordinate" /> -Objekt mit unbekannten Breiten-und Längengrad.</summary>
    </member>
    <member name="M:System.Device.Location.CivicAddress.#ctor">
      <summary>Initialisiert eine neue Instanz der <see cref="T:System.Device.Location.CivicAddress" />-Klasse.</summary>
    </member>
    <member name="M:System.Device.Location.CivicAddress.#ctor(System.String,System.String,System.String,System.String,System.String,System.String,System.String,System.String)">
      <summary>Initialisiert eine neue Instanz der <see cref="T:System.Device.Location.CivicAddress" /> -Klasse mit Adressinformationen.</summary>
      <param name="addressLine1">Eine Zeichenfolge, die die erste Zeile der Postanschrift, die enthält.</param>
      <param name="addressLine2">Eine Zeichenfolge mit der zweiten Zeile der Anschrift.</param>
      <param name="building">Eine Zeichenfolge mit dem Erstellen von Namen oder die Nummer.</param>
      <param name="city">Eine Zeichenfolge, die die Stadt enthält.</param>
      <param name="countryRegion">Eine Zeichenfolge, die das Land oder die Region enthält.</param>
      <param name="floorLevel">Eine Zeichenfolge, die die Etage enthält.</param>
      <param name="postalCode">Eine Zeichenfolge mit der Postleitzahl.</param>
      <param name="stateProvince">Eine Zeichenfolge mit des Bundeslands oder Kantons.</param>
      <exception cref="T:System.ArgumentException">Mindestens ein Parameter muss eine nicht leere Zeichenfolge sein.</exception>
    </member>
    <member name="M:System.Device.Location.CivicAddressResolver.#ctor">
      <summary>Initialisiert eine neue Instanz der <see cref="T:System.Device.Location.CivicAddressResolver" />-Klasse.</summary>
    </member>
    <member name="M:System.Device.Location.CivicAddressResolver.ResolveAddress(System.Device.Location.GeoCoordinate)">
      <summary>Synchron löst eine Adresse von einem Speicherort, der anhand von Längen- und Breitengraden. Dieser Aufruf wird die Ausführung des aufrufenden Threads blockiert, während die Adresse aufgelöst wird.</summary>
      <param name="coordinate">Die <see cref="T:System.Device.Location.GeoCoordinate" /> mit der Position in eine Anschrift aufgelöst.</param>
      <returns>Die Adresse, die aufgelöst wird der <paramref name="coordinate" /> Parameter.<see cref="F:System.Device.Location.CivicAddress.Unknown" /> wird zurückgegeben, wenn die Adresse nicht aufgelöst werden kann.</returns>
      <exception cref="T:System.ArgumentNullException">
        <paramref name="coordinate" /> ist null.</exception>
      <exception cref="T:System.ArgumentException">
        <paramref name="coordinate" /> enthält keine gültige Breite und Länge.</exception>
    </member>
    <member name="M:System.Device.Location.CivicAddressResolver.ResolveAddressAsync(System.Device.Location.GeoCoordinate)">
      <summary>Löst eine Adresse asynchron in eine Adresse, die auf Breiten- und Längenkoordinaten basieren. Der Aufruf wird die Ausführung des aufrufenden Threads nicht blockiert, während die Adresse aufgelöst wird.</summary>
      <param name="coordinate">Die <see cref="T:System.Device.Location.GeoCoordinate" /> mit der Position in eine Anschrift aufgelöst.</param>
      <exception cref="T:System.ArgumentNullException">
        <paramref name="coordinate" /> ist null.</exception>
      <exception cref="T:System.ArgumentException">
        <paramref name="coordinate" /> enthält keine gültige Breite und Länge.</exception>
    </member>
    <member name="M:System.Device.Location.GeoCoordinate.#ctor">
      <summary>Initialisiert eine neue Instanz der <see cref="T:System.Device.Location.GeoCoordinate" /> die keine Datenfelder festgelegt wurde.</summary>
    </member>
    <member name="M:System.Device.Location.GeoCoordinate.#ctor(System.Double,System.Double)">
      <summary>Initialisiert eine neue Instanz der <see cref="T:System.Device.Location.GeoCoordinate" /> -Klasse aus Breiten- und Längengrad.</summary>
      <param name="latitude">Die Breite des Speicherorts. Kann zwischen-90,0 und 90,0 liegen.</param>
      <param name="longitude">Der Längengrad des Standorts. Kann zwischen-180,0 und 180,0 liegen.</param>
      <exception cref="T:System.ArgumentOutOfRangeException">Längen- oder Breitengrad liegt außerhalb des Bereichs.</exception>
    </member>
    <member name="M:System.Device.Location.GeoCoordinate.#ctor(System.Double,System.Double,System.Double)">
      <summary>Initialisiert eine neue Instanz der <see cref="T:System.Device.Location.GeoCoordinate" /> -Klasse aus Breite, Länge und Höhe.</summary>
      <param name="latitude">Breitengrad. Kann zwischen-90,0 und 90,0 liegen.</param>
      <param name="longitude">Längengrad. Kann zwischen-180,0 und 180,0 liegen</param>
      <param name="altitude">Die Höhe in Meter. Möglicherweise negativ, 0, positiv oder <see cref="F:System.Double.NaN" />, falls unbekannt.</param>
      <exception cref="T:System.ArgumentOutOfRangeException">
        <paramref name="latitude" />, <paramref name="longitude" />, oder <paramref name="altitude" /> liegt außerhalb des Bereichs.</exception>
    </member>
    <member name="M:System.Device.Location.GeoCoordinate.#ctor(System.Double,System.Double,System.Double,System.Double,System.Double,System.Double,System.Double)">
      <summary>Initialisiert eine neue Instanz der der <see cref="T:System.Device.Location.GeoCoordinate" /> Klasse von Breitengrad, Längengrad, Höhe, horizontaler Genauigkeit, vertikaler Genauigkeit, Geschwindigkeit und Kurs.</summary>
      <param name="latitude">Die Breite des Speicherorts. Kann zwischen-90,0 und 90,0 liegen.</param>
      <param name="longitude">Der Längengrad des Standorts. Kann zwischen-180,0 und 180,0 liegen.</param>
      <param name="altitude">Die Höhe in Meter. Möglicherweise negativ, 0, positiv oder <see cref="F:System.Double.NaN" />, falls unbekannt.</param>
      <param name="horizontalAccuracy">Die Genauigkeit der Breiten- und Längengrad-Koordinaten in Meter. Muss größer als oder gleich 0 sein. Wenn der Wert 0 für diesen Konstruktor bereitgestellt wird die <see cref="P:System.Device.Location.GeoCoordinate.HorizontalAccuracy" /> Eigenschaftensatz zu <see cref="F:System.Double.NaN" />.</param>
      <param name="verticalAccuracy">Die Genauigkeit der Höhe in Meter. Muss größer als oder gleich 0 sein. Wenn der Wert 0 für diesen Konstruktor bereitgestellt wird die <see cref="P:System.Device.Location.GeoCoordinate.VerticalAccuracy" /> Eigenschaftensatz zu <see cref="F:System.Double.NaN" />.</param>
      <param name="speed">Die Geschwindigkeit in Meter pro Sekunde. Möglicherweise negativ, 0, positiv oder <see cref="F:System.Double.NaN" />, falls unbekannt.  Eine negative Geschwindigkeit kann darauf hinweisen, in umgekehrter Reihenfolge verschieben.</param>
      <param name="course">Die Richtung des anstelle der Ausrichtung. Dieser Parameter wird in Grad relativ zum einschlagen gemessen. Muss zwischen 0 und 360,0 liegen oder <see cref="F:System.Double.NaN" />.</param>
      <exception cref="T:System.ArgumentOutOfRangeException">
        <paramref name="latitude" />, <paramref name="longitude" />, <paramref name="horizontalAccuracy" />, <paramref name="verticalAccuracy," /> oder <paramref name="course" /> liegt außerhalb des Bereichs.</exception>
    </member>
    <member name="M:System.Device.Location.GeoCoordinate.Equals(System.Device.Location.GeoCoordinate)">
      <summary>Bestimmt, ob die <see cref="T:System.Device.Location.GeoCoordinate" /> -Objekts ist gleichbedeutend mit dem Parameter.</summary>
      <param name="other">Die <see cref="T:System.Device.Location.GeoCoordinate" /> auf das aufrufende Objekt zu vergleichende Objekt.</param>
      <returns>true Wenn die <see cref="T:System.Device.Location.GeoCoordinate" /> Objekte gleich sind, andernfalls false.</returns>
    </member>
    <member name="M:System.Device.Location.GeoCoordinate.Equals(System.Object)">
      <summary>Bestimmt, ob ein angegebenes <see cref="T:System.Device.Location.GeoCoordinate" /> ist gleich der aktuellen <see cref="T:System.Device.Location.GeoCoordinate" />, basiert ausschließlich auf Breiten- und Längenkoordinaten.</summary>
      <param name="obj">Das zu vergleichende Objekt die <see cref="T:System.Device.Location.GeoCoordinate" /> an.</param>
      <returns>true, wenn die <see cref="T:System.Device.Location.GeoCoordinate" /> Objekte gleich sind, andernfalls false.</returns>
    </member>
    <member name="M:System.Device.Location.GeoCoordinate.GetDistanceTo(System.Device.Location.GeoCoordinate)">
      <summary>Gibt den Abstand zwischen den Breiten- und Längengrad, die von diesem angegeben werden <see cref="T:System.Device.Location.GeoCoordinate" /> und einer anderen angegebenen <see cref="T:System.Device.Location.GeoCoordinate" />.</summary>
      <param name="other">Die <see cref="T:System.Device.Location.GeoCoordinate" /> für den Speicherort für die Entfernung berechnet werden soll.</param>
      <returns>Der Abstand zwischen den zwei Koordinaten in Meter.</returns>
    </member>
    <member name="M:System.Device.Location.GeoCoordinate.GetHashCode">
      <summary>Fungiert als Hashfunktion für die <see cref="T:System.Device.Location.GeoCoordinate" />.</summary>
      <returns>Ein Hashcode für die aktuelle <see cref="T:System.Device.Location.GeoCoordinate" />.</returns>
    </member>
    <member name="M:System.Device.Location.GeoCoordinate.op_Equality(System.Device.Location.GeoCoordinate,System.Device.Location.GeoCoordinate)">
      <summary>Bestimmt, ob zwei <see cref="T:System.Device.Location.GeoCoordinate" /> Objekte beziehen sich auf den gleichen Speicherort.</summary>
      <param name="left">Der erste zu vergleichende <see cref="T:System.Device.Location.GeoCoordinate" />.</param>
      <param name="right">Der zweite zu vergleichende <see cref="T:System.Device.Location.GeoCoordinate" />.</param>
      <returns>true, wenn die <see cref="T:System.Device.Location.GeoCoordinate" /> Objekte hängen entspricht, andernfalls werden false.</returns>
    </member>
    <member name="M:System.Device.Location.GeoCoordinate.op_Inequality(System.Device.Location.GeoCoordinate,System.Device.Location.GeoCoordinate)">
      <summary>Bestimmt, ob zwei <see cref="T:System.Device.Location.GeoCoordinate" /> -Objekte, die an unterschiedlichen Standorten entsprechen.</summary>
      <param name="left">Der erste zu vergleichende <see cref="T:System.Device.Location.GeoCoordinate" />.</param>
      <param name="right">Der zweite zu vergleichende <see cref="T:System.Device.Location.GeoCoordinate" />.</param>
      <returns>true, wenn die <see cref="T:System.Device.Location.GeoCoordinate" /> Objekte werden bestimmt werden, andernfalls false.</returns>
    </member>
    <member name="M:System.Device.Location.GeoCoordinate.ToString">
      <summary>Gibt eine Zeichenfolge, die die Breiten- und Längenkoordinaten enthält.</summary>
      <returns>Eine Zeichenfolge, die den Breiten- und Längengrad, getrennt durch ein Komma enthält.</returns>
    </member>
    <member name="M:System.Device.Location.GeoCoordinateWatcher.#ctor">
      <summary>Initialisiert eine neue Instanz der <see cref="T:System.Device.Location.GeoCoordinateWatcher" /> mit den Standardeinstellungen für die Genauigkeit.</summary>
    </member>
    <member name="M:System.Device.Location.GeoCoordinateWatcher.#ctor(System.Device.Location.GeoPositionAccuracy)">
      <summary>Initialisiert eine neue Instanz der <see cref="T:System.Device.Location.GeoCoordinateWatcher" />, Genauigkeitsstufe angegeben.</summary>
      <param name="desiredAccuracy">
        <see cref="T:System.Device.Location.GeoLocationAccuracy" /> das die angeforderte Genauigkeitsstufe des Anbieters Speicherort angibt.Eine Genauigkeit von <see cref="F:System.Device.Location.GeoPositionAccuracy.High" /> kann die Leistung beeinträchtigen und muss angegeben werden, wenn nur hoher Genauigkeit erforderlich ist.</param>
    </member>
    <member name="M:System.Device.Location.GeoCoordinateWatcher.Dispose">
      <summary>Gibt alle von der aktuellen Instanz der <see cref="T:System.Device.Location.GeoCoordinateWatcher" />-Klasse verwendeten Ressourcen frei.</summary>
    </member>
    <member name="M:System.Device.Location.GeoCoordinateWatcher.Dispose(System.Boolean)">
      <summary>Gibt alle von der aktuellen Instanz der <see cref="T:System.Device.Location.GeoCoordinateWatcher" />-Klasse verwendeten Ressourcen frei.</summary>
      <param name="disposing">true, um sowohl verwaltete als auch nicht verwaltete Ressourcen freizugeben, false, um ausschließlich nicht verwaltete Ressourcen freizugeben.</param>
    </member>
    <member name="M:System.Device.Location.GeoCoordinateWatcher.Finalize">
      <summary>Gibt Ressourcen frei und führt andere Bereinigungsvorgänge aus, bevor die <see cref="T:System.Device.Location.GeoCoordinateWatcher" /> durch die Garbagecollection wieder zugänglich gemacht wird.</summary>
    </member>
    <member name="M:System.Device.Location.GeoCoordinateWatcher.OnPositionChanged(System.Device.Location.GeoPositionChangedEventArgs{System.Device.Location.GeoCoordinate})">
      <summary>Wird aufgerufen, wenn ein <see cref="E:System.Device.Location.GeoCoordinateWatcher.PositionChanged" /> Ereignis auftritt.</summary>
      <param name="e">Ein <see cref="T:System.Device.Location.GeoPositionChangedEventArgs`1" />  -Objekt, das den neuen Speicherort enthält.</param>
    </member>
    <member name="M:System.Device.Location.GeoCoordinateWatcher.OnPositionStatusChanged(System.Device.Location.GeoPositionStatusChangedEventArgs)">
      <summary>Wird aufgerufen, wenn ein <see cref="E:System.Device.Location.GeoCoordinateWatcher.StatusChanged" />   Ereignis auftritt.</summary>
      <param name="e">Ein <see cref="T:System.Device.Location.GeoPositionStatusChangedEventArgs" />  -Objekt, das den neuen Status enthält.</param>
    </member>
    <member name="M:System.Device.Location.GeoCoordinateWatcher.OnPropertyChanged(System.String)">
      <summary>Wird aufgerufen, wenn eine Eigenschaft der <see cref="T:System.Device.Location.GeoCoordinateWatcher" /> ändert.</summary>
      <param name="propertyName">Der Name der geänderten Eigenschaft.</param>
    </member>
    <member name="M:System.Device.Location.GeoCoordinateWatcher.Start">
      <summary>Initiiert die Erfassung von Daten aus der aktuellen. Diese Methode ermöglicht die <see cref="E:System.Device.Location.GeoCoordinateWatcher.PositionChanged" /> Ereignisse und ermöglicht den Zugriff auf die <see cref="P:System.Device.Location.GeoCoordinateWatcher.Position" /> Eigenschaft.</summary>
    </member>
    <member name="M:System.Device.Location.GeoCoordinateWatcher.Start(System.Boolean)">
      <summary>Initiiert die Erfassung von Daten aus der aktuellen. Diese Methode ermöglicht die <see cref="E:System.Device.Location.GeoCoordinateWatcher.PositionChanged" /> Ereignisse und ermöglicht den Zugriff auf die <see cref="P:System.Device.Location.GeoCoordinateWatcher.Position" /> Eigenschaft.</summary>
      <param name="suppressPermissionPrompt">true Das Dialogfeld für Berechtigungen unterdrückt werden sollen; false das Dialogfeld für Berechtigungen optional angezeigt werden soll, wenn noch keine Berechtigungen gewährt wurden.</param>
    </member>
    <member name="M:System.Device.Location.GeoCoordinateWatcher.Stop">
      <summary>Beendet die <see cref="T:System.Device.Location.GeoCoordinateWatcher" /> von Positionsdaten und Ereignisse.</summary>
    </member>
    <member name="M:System.Device.Location.GeoCoordinateWatcher.TryStart(System.Boolean,System.TimeSpan)">
      <summary>Initiiert die Erfassung von Daten vom aktuellen. Diese Methode wird synchron auf.</summary>
      <param name="suppressPermissionPrompt">true Das Dialogfeld für Berechtigungen unterdrückt werden sollen; false das Dialogfeld für Berechtigungen angezeigt.</param>
      <param name="timeout">Zeit in Millisekunden zu warten, bis die Speicherortanbieter, bevor ein Timeout zu starten.</param>
      <returns>true Wenn die Datenerfassung innerhalb des angegebenen Zeitraums gestartet wird <paramref name="timeout" />andernfalls false.</returns>
    </member>
    <member name="M:System.Device.Location.GeoPosition`1.#ctor">
      <summary>Initialisiert eine neue Instanz der <see cref="T:System.Device.Location.GeoPosition`1" />-Klasse.</summary>
    </member>
    <member name="M:System.Device.Location.GeoPosition`1.#ctor(System.DateTimeOffset,`0)">
      <summary>Initialisiert eine neue Instanz der <see cref="T:System.Device.Location.GeoPosition`1" /> -Klasse mit einem Zeitstempel und einer Position.</summary>
      <param name="timestamp">Die Zeit, die die Positionsdaten abgerufen wurden.</param>
      <param name="position">Die Daten für den Ort zum Initialisieren der <see cref="T:System.Device.Location.GeoPosition`1" /> Objekt.</param>
    </member>
    <member name="M:System.Device.Location.GeoPositionChangedEventArgs`1.#ctor(System.Device.Location.GeoPosition{`0})">
      <summary>Initialisiert eine neue Instanz der <see cref="T:System.Device.Location.GeoPositionChangedEventArgs`1" />-Klasse.</summary>
      <param name="position">Die aktualisierte Position.</param>
    </member>
    <member name="M:System.Device.Location.GeoPositionStatusChangedEventArgs.#ctor(System.Device.Location.GeoPositionStatus)">
      <summary>Initialisiert eine neue Instanz der GeoPositionStatusChangedEventArgs-Klasse.</summary>
      <param name="status">Der neue Status.</param>
    </member>
    <member name="M:System.Device.Location.ICivicAddressResolver.ResolveAddress(System.Device.Location.GeoCoordinate)">
      <summary>Löst ein <see cref="T:System.Device.Location.GeoCoordinate" /> synchron in eine Adresse.</summary>
      <param name="coordinate">Der Speicherort der breiten-/Längengrad in eine Adresse aufgelöst.</param>
    </member>
    <member name="M:System.Device.Location.ICivicAddressResolver.ResolveAddressAsync(System.Device.Location.GeoCoordinate)">
      <summary>Initiiert eine Anforderung, einen breiten-/Längengrad Speicherort in eine Adresse aufzulösen.</summary>
      <param name="coordinate">Der Speicherort der breiten-/Längengrad in eine Adresse aufgelöst.</param>
    </member>
    <member name="M:System.Device.Location.IGeoPositionWatcher`1.Start">
      <summary>Initiiert die Erfassung von Positionsdaten.</summary>
    </member>
    <member name="M:System.Device.Location.IGeoPositionWatcher`1.Start(System.Boolean)">
      <summary>Abrufen von Positionsdaten, der angibt, ob ein unterdrückt aufgefordert, Berechtigungen starten. Diese Methode wird synchron auf.</summary>
      <param name="suppressPermissionPrompt">Wenn true, nicht den Benutzer aufzufordern, aktivieren und nur gestartet, wenn Positionsdaten bereits aktiviert ist.Wenn false, kann ein Dialogfeld angezeigt, um den Benutzer aufzufordern, Speicherort Sensoren zu ermöglichen, die deaktiviert sind.</param>
    </member>
    <member name="M:System.Device.Location.IGeoPositionWatcher`1.Stop">
      <summary>Beenden Sie das Abrufen von Positionsdaten.</summary>
    </member>
    <member name="M:System.Device.Location.IGeoPositionWatcher`1.TryStart(System.Boolean,System.TimeSpan)">
      <summary>Startet das Abrufen von Positionsdaten und gibt einen Initialisierungstimeout. Diese Methode wird synchron auf.</summary>
      <param name="suppressPermissionPrompt">Wenn true, nicht den Benutzer aufzufordern, aktivieren und nur gestartet, wenn Positionsdaten bereits aktiviert ist.Wenn false, kann ein Dialogfeld angezeigt, um den Benutzer aufzufordern, Speicherort Sensoren zu ermöglichen, die deaktiviert sind.</param>
      <param name="timeout">Die Zeit in Millisekunden, für die Initialisierung abgeschlossen.</param>
      <returns>true Wenn erfolgreich false Wenn Timeout.</returns>
    </member>
    <member name="M:System.Device.Location.ResolveAddressCompletedEventArgs.#ctor(System.Device.Location.CivicAddress,System.Exception,System.Boolean,System.Object)">
      <summary>Initialisiert eine neue Instanz von <see cref="T:System.Device.Location.ResolveAddressCompletedEventArgs" />.</summary>
      <param name="address">Die <see cref="T:System.Device.Location.CivicAddress" /> enthält die Adresse, die von dem Speicherort Längen-/aufgelöst, wenn erfolgreich.</param>
      <param name="error">Das Ausnahmeobjekt für jede Ausnahme, die möglicherweise beim Versuch zum Auflösen der Adresse aufgetreten.</param>
      <param name="cancelled">true Wenn der Vorgang abgebrochen wurde; andernfalls false.</param>
      <param name="userState">Ein Token zum Verfolgen der Anforderung zum Auflösen der Adresse. Möglicherweise null wird nicht verwendet.</param>
    </member>
    <member name="P:System.Device.Location.CivicAddress.AddressLine1">
      <summary>Ruft ab oder legt die erste Zeile der Adresse.</summary>
      <returns>Gibt die erste Zeile der Adresse zurück. Wenn die Daten nicht vorhanden ist, gibt <see cref="F:System.String.Empty" />.</returns>
    </member>
    <member name="P:System.Device.Location.CivicAddress.AddressLine2">
      <summary>Ruft ab oder legt die zweite Zeile der Adresse.</summary>
      <returns>Gibt die zweite Zeile der Adresse zurück. Gibt zurück, wenn die Daten nicht bereitgestellt werden, <see cref="F:System.String.Empty." /></returns>
    </member>
    <member name="P:System.Device.Location.CivicAddress.Building">
      <summary>Ruft ab oder legt fest, das Erstellen von Namen oder die Nummer.</summary>
      <returns>Gibt den Name des Gebäudes oder Anzahl zurück. Wenn die Daten nicht vorhanden ist, gibt <see cref="F:System.String.Empty" />.</returns>
    </member>
    <member name="P:System.Device.Location.CivicAddress.City">
      <summary>Ruft ab oder legt den Namen der Stadt.</summary>
      <returns>Gibt den Namen der Stadt. Wenn die Daten nicht vorhanden ist, gibt <see cref="F:System.String.Empty" />.</returns>
    </member>
    <member name="P:System.Device.Location.CivicAddress.CountryRegion">
      <summary>Ruft ab oder legt fest, das Land oder die Region der Position.</summary>
      <returns>Land oder Region zurückgesetzt. Wenn die Daten nicht vorhanden ist, gibt <see cref="F:System.String.Empty" />.</returns>
    </member>
    <member name="P:System.Device.Location.CivicAddress.FloorLevel">
      <summary>Ruft ab oder legt die Etage des Speicherorts.</summary>
      <returns>Gibt eine Zeichenfolge, die die Etage enthält. Wenn die Daten nicht vorhanden ist, gibt <see cref="F:System.String.Empty" />.</returns>
    </member>
    <member name="P:System.Device.Location.CivicAddress.IsUnknown">
      <summary>Ruft einen Wert, der angibt, ob die <see cref="T:System.Device.Location.CivicAddress" /> Daten enthält.</summary>
      <returns>true Wenn die <see cref="T:System.Device.Location.CivicAddress" /> gleich <see cref="F:System.Device.Location.CivicAddress.Unknown" />ist, andernfalls false.</returns>
    </member>
    <member name="P:System.Device.Location.CivicAddress.PostalCode">
      <summary>Ruft ab oder legt die Postleitzahl des Speicherorts.</summary>
      <returns>Gibt die Postleitzahl der Position zurück. Wenn die Daten nicht vorhanden ist, gibt <see cref="F:System.String.Empty" />.</returns>
    </member>
    <member name="P:System.Device.Location.CivicAddress.StateProvince">
      <summary>Ruft ab oder legt fest, das Bundesland des Speicherorts.</summary>
      <returns>Gibt das Bundesland des Speicherorts. Wenn die Daten nicht vorhanden ist, gibt <see cref="F:System.String.Empty" />.</returns>
    </member>
    <member name="P:System.Device.Location.GeoCoordinate.Altitude">
      <summary>Ruft die Höhe des der <see cref="T:System.Device.Location.GeoCoordinate" />, in Metern.</summary>
      <returns>Die Höhe in Meter.</returns>
    </member>
    <member name="P:System.Device.Location.GeoCoordinate.Course">
      <summary>Ruft ab die Überschrift in Grad relativ zum einschlagen.</summary>
      <returns>Die Überschrift in Grad relativ zum einschlagen.</returns>
      <exception cref="T:System.ArgumentOutOfRangeException">
        <see cref="P:System.Device.Location.GeoCoordinate.Course" /> Wert außerhalb des gültigen Bereichs.</exception>
    </member>
    <member name="P:System.Device.Location.GeoCoordinate.HorizontalAccuracy">
      <summary>Ruft ab oder legt die Genauigkeit der Breiten- und Längenkoordinaten ist die <see cref="T:System.Device.Location.GeoCoordinate" />, in Metern.</summary>
      <returns>Die Genauigkeit der Breiten- und Längenkoordinaten in Metern.</returns>
      <exception cref="T:System.ArgumentOutOfRangeException">
        <see cref="P:System.Device.Location.GeoCoordinate.HorizontalAccuracy" /> Wert außerhalb des gültigen Bereichs.</exception>
    </member>
    <member name="P:System.Device.Location.GeoCoordinate.IsUnknown">
      <summary>Ruft einen Wert, der angibt, ob der <see cref="T:System.Device.Location.GeoCoordinate" /> enthält keine Daten für Längen- oder Breitengrad.</summary>
      <returns>true Wenn die <see cref="T:System.Device.Location.GeoCoordinate" /> keine Längen- oder Breitengrad Daten enthält, andernfalls false.</returns>
    </member>
    <member name="P:System.Device.Location.GeoCoordinate.Latitude">
      <summary>Ruft ab oder legt die Breite des der <see cref="T:System.Device.Location.GeoCoordinate" />.</summary>
      <returns>Die Breite des Speicherorts.</returns>
      <exception cref="T:System.ArgumentOutOfRangeException">
        <see cref="P:System.Device.Location.GeoCoordinate.Latitude" /> Wert außerhalb des gültigen Bereichs.</exception>
    </member>
    <member name="P:System.Device.Location.GeoCoordinate.Longitude">
      <summary>Ruft ab oder legt die Länge der <see cref="T:System.Device.Location.GeoCoordinate" />.</summary>
      <returns>Die Länge.</returns>
      <exception cref="T:System.ArgumentOutOfRangeException">
        <see cref="P:System.Device.Location.GeoCoordinate.Longitude" /> Wert außerhalb des gültigen Bereichs.</exception>
    </member>
    <member name="P:System.Device.Location.GeoCoordinate.Speed">
      <summary>Ruft ab oder legt die Geschwindigkeit in Meter pro Sekunde.</summary>
      <returns>Die Geschwindigkeit in Meter pro Sekunde. Die Geschwindigkeit muss größer als oder gleich 0 (null), oder <see cref="F:System.Double.NaN" />.</returns>
      <exception cref="System.ArgumentOutOfRangeException">
        <see cref="P:System.Device.Location.GeoCoordinate.Speed" /> Wert außerhalb des gültigen Bereichs.</exception>
    </member>
    <member name="P:System.Device.Location.GeoCoordinate.VerticalAccuracy">
      <summary>Ruft ab oder legt die Genauigkeit der Höhe anhand der <see cref="T:System.Device.Location.GeoCoordinate" />, in Metern.</summary>
      <returns>Die Genauigkeit der Höhe in Meter.</returns>
      <exception cref="T:System.ArgumentOutOfRangeException">
        <see cref="P:System.Device.Location.GeoCoordinate.VerticalAccuracy" /> Wert außerhalb des gültigen Bereichs.</exception>
    </member>
    <member name="P:System.Device.Location.GeoCoordinateWatcher.DesiredAccuracy">
      <summary>Die angeforderte Genauigkeitsstufe für die Positionsdaten, die von bereitgestellt werden die <see cref="T:System.Device.Location.GeoCoordinateWatcher" />.</summary>
      <returns>
        <see cref="T:System.Device.Location.GeoPositionAccuracy" />, gibt die angeforderte Genauigkeitsstufe des Anbieters Speicherort an.</returns>
    </member>
    <member name="P:System.Device.Location.GeoCoordinateWatcher.MovementThreshold">
      <summary>Die Entfernung, die verschoben werden muss, in Metern, relativ zu die Koordinate aus der letzten <see cref="E:System.Device.Location.GeoCoordinateWatcher.PositionChanged" /> Ereignis, bevor der Speicherortanbieter einen anderen löst <see cref="E:System.Device.Location.GeoCoordinateWatcher.PositionChanged" /> Ereignis.</summary>
      <returns>Entfernung in Metern.</returns>
    </member>
    <member name="P:System.Device.Location.GeoCoordinateWatcher.Permission">
      <summary>Gibt an, ob der Zugriff auf Standortdaten von Anbietern Speicherort gewährt oder verweigert wurde.</summary>
      <returns>Ein Wert, der angibt, ob die Berechtigung gewährt oder verweigert wurde.</returns>
    </member>
    <member name="P:System.Device.Location.GeoCoordinateWatcher.Position">
      <summary>Ruft die <see cref="T:System.Device.Location.GeoCoordinate" /> Gibt den aktuellen Speicherort an.</summary>
      <returns>Die <see cref="T:System.Device.Location.GeoCoordinate" /> Gibt den aktuellen Speicherort an.</returns>
    </member>
    <member name="P:System.Device.Location.GeoCoordinateWatcher.Status">
      <summary>Ruft den aktuellen Status der <see cref="T:System.Device.Location.GeoCoordinateWatcher" />.</summary>
      <returns>Ein <see cref="T:System.Device.Location.GeoPositionStatus" /> Gibt die Verfügbarkeit von Daten an die <see cref="T:System.Device.Location.GeoCoordinateWatcher" />.</returns>
    </member>
    <member name="P:System.Device.Location.GeoPosition`1.Location">
      <summary>Ruft ab oder legt den Speicherort für die <see cref="T:System.Device.Location.GeoPosition`1" /> Objekt.</summary>
      <returns>Ein Objekt vom Typ T, das die Positionsdaten für enthält, die <see cref="T:System.Device.Location.GeoPosition`1" /> Objekt.</returns>
    </member>
    <member name="P:System.Device.Location.GeoPosition`1.Timestamp">
      <summary>Ruft ab oder legt das Zeitintervall an, wenn die Positionsdaten abgerufen wurden.</summary>
      <returns>Ein <see cref="T:System.DateTimeOffset" /> Wert, der angibt, die die Positionsdaten erstellt wurden.</returns>
    </member>
    <member name="P:System.Device.Location.GeoPositionChangedEventArgs`1.Position">
      <summary>Ruft die dem Ereignis zugeordneten Positionsdaten ab.</summary>
      <returns>Ein <see cref="T:System.Device.Location.GeoPosition`1" /> -Objekt, das die Positionsdaten in enthält, die <see cref="P:System.Device.Location.GeoPosition`1.Location" /> Eigenschaft.</returns>
    </member>
    <member name="P:System.Device.Location.GeoPositionStatusChangedEventArgs.Status">
      <summary>Ruft den aktualisierten Status ab.</summary>
      <returns>Der aktualisierte Status.</returns>
    </member>
    <member name="P:System.Device.Location.IGeoPositionWatcher`1.Position">
      <summary>Ruft die Positionsdaten ab.</summary>
      <returns>Die <see cref="T:System.Device.Location.GeoPosition`1" /> die die Positionsdaten enthält.</returns>
    </member>
    <member name="P:System.Device.Location.IGeoPositionWatcher`1.Status">
      <summary>Ruft den Status der Positionsdaten ab.</summary>
      <returns>Der Status der Positionsdaten.</returns>
    </member>
    <member name="P:System.Device.Location.ResolveAddressCompletedEventArgs.Address">
      <summary>Ruft die <see cref="T:System.Device.Location.CivicAddress" /> zugeordneten der <see cref="E:System.Device.Location.ICivicAddressResolver.ResolveAddressCompleted" /> Ereignis.</summary>
      <returns>Die <see cref="T:System.Device.Location.CivicAddress" /> zugeordneten der <see cref="E:System.Device.Location.ICivicAddressResolver.ResolveAddressCompleted" /> Ereignis. Wenn die Adresse nicht aufgelöst werden konnte, gibt diese Eigenschaft <see cref="F:System.Device.Location.CivicAddress.Unknown" />.</returns>
    </member>
    <member name="T:System.Device.Location.CivicAddress">
      <summary>Stellt eine Adresse dar. Eine Adresse kann Felder wie Straße und Hausnummer, Postleitzahl, Bundesland/Kanton, Land und enthalten sind.</summary>
    </member>
    <member name="T:System.Device.Location.CivicAddressResolver">
      <summary>Stellt Funktionen für eine koordinatenbasierte Position in eine Anschrift aufgelöst.</summary>
    </member>
    <member name="T:System.Device.Location.GeoCoordinate">
      <summary>Stellt einen geografischen Standort, die vom Breiten- und Längengrad bestimmt Koordinaten. Höhe, Genauigkeit, Geschwindigkeit und Kursinformationen ggf..</summary>
    </member>
    <member name="T:System.Device.Location.GeoCoordinateWatcher">
      <summary>Gibt Positionsdaten, die auf Breiten- und Längenkoordinaten basieren.</summary>
    </member>
    <member name="T:System.Device.Location.GeoPosition`1">
      <summary>Enthält Positionsdaten eines durch den Typparameter des angegebenen Typs der <see cref="T:System.Device.Location.GeoPosition`1" /> Klasse.</summary>
      <typeparam name="T">Der Typ der Positionsdaten.</typeparam>
    </member>
    <member name="T:System.Device.Location.GeoPositionAccuracy">
      <summary>Gibt die angeforderte Genauigkeitsstufe für die von der Anwendung verwendeten Positionsdaten an.</summary>
    </member>
    <member name="F:System.Device.Location.GeoPositionAccuracy.Default">
      <summary>Optimieren für Stromversorgung, Leistung und andere Kostenfaktoren.</summary>
    </member>
    <member name="F:System.Device.Location.GeoPositionAccuracy.High">
      <summary>Übermitteln Sie die genauesten Bericht möglich. Dies schließt mithilfe von Diensten mit möglicherweise oder höhere Ebenen der Batterie oder Bandbreite verbraucht.</summary>
    </member>
    <member name="T:System.Device.Location.GeoPositionChangedEventArgs`1">
      <summary>Stellt Daten für das <see cref="E:System.Device.Location.GeoCoordinateWatcher.PositionChanged" />-Ereignis bereit.</summary>
      <typeparam name="T">Der Typ der Positionsdaten in der <see cref="P:System.Device.Location.GeoPosition`1.Location" /> Eigenschaft dieses Ereignisses <see cref="P:System.Device.Location.GeoPositionChangedEventArgs`1.Position" /> Eigenschaft.</typeparam>
    </member>
    <member name="T:System.Device.Location.GeoPositionPermission">
      <summary>Gibt an, ob die aufrufende Anwendung über die Berechtigung zum Zugriff auf Standortdaten verfügt.</summary>
    </member>
    <member name="F:System.Device.Location.GeoPositionPermission.Unknown">
      <summary>Berechtigungen sind nicht bekannt. Dieser Status kann auftreten, während der Initialisierung des Anbieters.</summary>
    </member>
    <member name="F:System.Device.Location.GeoPositionPermission.Granted">
      <summary>Berechtigungen werden gewährt.</summary>
    </member>
    <member name="F:System.Device.Location.GeoPositionPermission.Denied">
      <summary>Speicherort Berechtigungen verweigert werden.</summary>
    </member>
    <member name="T:System.Device.Location.GeoPositionStatus">
      <summary>Gibt an, ob die Speicherort-Anbieters Speicherort Updates zur Verfügung stellen.</summary>
    </member>
    <member name="F:System.Device.Location.GeoPositionStatus.Ready">
      <summary>Ein ist bereit, um neue Daten anzugeben.</summary>
    </member>
    <member name="F:System.Device.Location.GeoPositionStatus.Initializing">
      <summary>Der Speicherortanbieter wird initialisiert.  Beispielsweise hat GPS, die immer noch ein Update abrufen wird dieser Status.</summary>
    </member>
    <member name="F:System.Device.Location.GeoPositionStatus.NoData">
      <summary>Keine Positionsdaten ist von einem Speicherortanbieter verfügbar.</summary>
    </member>
    <member name="F:System.Device.Location.GeoPositionStatus.Disabled">
      <summary>Der Speicherortanbieter ist deaktiviert. Unter Windows 7 ist dies der Fall, wenn die Plattform für Sensoren und durch eine Gruppenrichtlinie deaktiviert wurde.</summary>
    </member>
    <member name="T:System.Device.Location.GeoPositionStatusChangedEventArgs">
      <summary>Enthält Daten für ein GeoPositionStatusChanged-Ereignis.</summary>
    </member>
    <member name="T:System.Device.Location.ICivicAddressResolver">
      <summary>Stellt eine Methode bereit, die bei der Implementierung, löst einen breiten-/Längengrad Speicherort in eine Adresse.</summary>
    </member>
    <member name="T:System.Device.Location.IGeoPositionWatcher`1">
      <summary>Schnittstelle, die zum Bereitstellen von Zugriff auf Standort und des Empfangs Speicherort Updates implementiert werden kann.</summary>
      <typeparam name="T">Der Typ des Objekts, das die Positionsdaten enthält.</typeparam>
    </member>
    <member name="T:System.Device.Location.ResolveAddressCompletedEventArgs">
      <summary>Stellt Daten für das <see cref="E:System.Device.Location.ICivicAddressResolver.ResolveAddressCompleted" />-Ereignis bereit.</summary>
    </member>
  </members>
</doc>