﻿<?xml version="1.0" encoding="utf-8"?>
<doc>
  <assembly>
    <name>System.Data.DataSetExtensions</name>
  </assembly>
  <members>
    <member name="M:System.Data.DataRowComparer`1.Equals(`0,`0)">
      <summary>Vergleicht zwei <see cref="T:System.Data.DataRow" /> Objekte in einer Spalte für Spalte, wertbasierten Vergleich.</summary>
      <param name="leftRow">Das erste zu vergleichende <see cref="T:System.Data.DataRow" />-Objekt.</param>
      <param name="rightRow">Das zweite zu vergleichende <see cref="T:System.Data.DataRow" />-Objekt.</param>
      <returns>true Wenn die beiden <see cref="T:System.Data.DataRow" /> -Objekte über geordnete Mengen von Spaltenwerten, die gleich sind, andernfalls false.</returns>
      <exception cref="T:System.ArgumentNullException">Eine oder beide der Quelle <see cref="T:System.Data.DataRow" /> Objekte sind null.</exception>
    </member>
    <member name="M:System.Data.DataRowComparer`1.GetHashCode(`0)">
      <summary>Gibt einen Hashcode für das angegebene <see cref="T:System.Data.DataRow" /> Objekt.</summary>
      <param name="row">Die <see cref="T:System.Data.DataRow" /> den Hashcode berechnet.</param>
      <returns>Ein <see cref="T:System.Int32" /> Wert, der den Hashcode der Zeile darstellt.</returns>
      <exception cref="T:System.ArgumentException">Die Quelle <see cref="T:System.Data.DataRow" /> Objekte gehört nicht zu einer <see cref="T:System.Data.DataTable" />.</exception>
      <exception cref="T:System.ArgumentNullException">Die Quelle <see cref="T:System.Data.DataRow" /> Objekte null.</exception>
    </member>
    <member name="M:System.Data.DataRowExtensions.Field``1(System.Data.DataRow,System.Data.DataColumn)">
      <summary>Stellt stark typisierten Zugriff auf die einzelnen Spaltenwerte in der angegebenen Zeile. Die <see cref="M:System.Data.DataRowExtensions.Field``1(System.Data.DataRow,System.Data.DataColumn)" /> Methode unterstützt auch auf NULL festlegbare Typen.</summary>
      <param name="row">Die Eingabe <see cref="T:System.Data.DataRow" />, der als fungiert der this -Instanz für die Erweiterungsmethode.</param>
      <param name="column">Die Eingabe <see cref="T:System.Data.DataColumn" /> Objekt, das die Spalte, um den Wert der zurückzugeben angibt.</param>
      <typeparam name="T">Ein generischer Parameter, der den Rückgabetyp der Spalte angibt.</typeparam>
      <returns>Der Wert des Typs <paramref name="T" />, der die <see cref="T:System.Data.DataColumn" /> angegebene <paramref name="column" />.</returns>
      <exception cref="T:System.InvalidCastException">Der Werttyp der zugrunde liegenden Spalte konnte nicht in den Typ, der durch den generischen Parameter angegeben umgewandelt werden <paramref name="T" />.</exception>
      <exception cref="T:System.IndexOutOfRangeException">Die angegebene Spalte <paramref name="column" /> tritt nicht der <see cref="T:System.Data.DataTable" /> der <see cref="T:System.Data.DataRow" /> ist ein Teil.</exception>
      <exception cref="T:System.NullReferenceException">Ein null ein NULL-Wert zugewiesen wurde.</exception>
    </member>
    <member name="M:System.Data.DataRowExtensions.Field``1(System.Data.DataRow,System.Data.DataColumn,System.Data.DataRowVersion)">
      <summary>Stellt stark typisierten Zugriff auf die einzelnen Spaltenwerte in der angegebenen Zeile. Die <see cref="M:System.Data.DataRowExtensions.Field``1(System.Data.DataRow,System.Data.DataColumn,System.Data.DataRowVersion)" /> Methode unterstützt auch auf NULL festlegbare Typen.</summary>
      <param name="row">Die Eingabe <see cref="T:System.Data.DataRow" />, der als fungiert der this -Instanz für die Erweiterungsmethode.</param>
      <param name="column">Die Eingabe <see cref="T:System.Data.DataColumn" /> Objekt, das die Spalte, um den Wert der zurückzugeben angibt.</param>
      <param name="version">Ein <see cref="T:System.Data.DataRowVersion" /> -Enumeration, der die Version des Spaltenwerts zurückgeben, z. B. Current oder Original Version.</param>
      <typeparam name="T">Ein generischer Parameter, der den Rückgabetyp der Spalte angibt.</typeparam>
      <returns>Der Wert des Typs <paramref name="T" />, der die <see cref="T:System.Data.DataColumn" /> angegebene <paramref name="column" /> und <paramref name="version" />.</returns>
      <exception cref="T:System.InvalidCastException">Der Werttyp der zugrunde liegenden Spalte konnte nicht in den Typ, der durch den generischen Parameter angegeben umgewandelt werden <paramref name="T" />.</exception>
      <exception cref="T:System.IndexOutOfRangeException">Die angegebene Spalte <paramref name="column" /> existiert nicht der <see cref="T:System.Data.DataTable" /> der <see cref="T:System.Data.DataRow" /> ist ein Teil.</exception>
      <exception cref="T:System.NullReferenceException">Ein null ein NULL-Wert zugewiesen wurde.</exception>
    </member>
    <member name="M:System.Data.DataRowExtensions.Field``1(System.Data.DataRow,System.Int32)">
      <summary>Stellt stark typisierten Zugriff auf die einzelnen Spaltenwerte in der angegebenen Zeile. Die <see cref="M:System.Data.DataRowExtensions.Field``1(System.Data.DataRow,System.Int32)" /> Methode unterstützt auch auf NULL festlegbare Typen.</summary>
      <param name="row">Die Eingabe <see cref="T:System.Data.DataRow" />, der als fungiert der this -Instanz für die Erweiterungsmethode.</param>
      <param name="columnIndex">Der Spaltenindex.</param>
      <typeparam name="T">Ein generischer Parameter, der den Rückgabetyp der Spalte angibt.</typeparam>
      <returns>Der Wert des Typs <paramref name="T" />, der die <see cref="T:System.Data.DataColumn" /> angegebene <paramref name="columnIndex" />.</returns>
      <exception cref="T:System.InvalidCastException">Der Werttyp der zugrunde liegenden Spalte konnte nicht in den Typ, der durch den generischen Parameter angegeben umgewandelt werden <paramref name="T" />.</exception>
      <exception cref="T:System.IndexOutOfRangeException">Die angegebene Spalte <paramref name="ordinal" /> existiert nicht der <see cref="T:System.Data.DataTable" /> der <see cref="T:System.Data.DataRow" /> ist ein Teil.</exception>
      <exception cref="T:System.NullReferenceException">Ein null ein NULL-Wert zugewiesen wurde.</exception>
    </member>
    <member name="M:System.Data.DataRowExtensions.Field``1(System.Data.DataRow,System.Int32,System.Data.DataRowVersion)">
      <summary>Stellt stark typisierten Zugriff auf die einzelnen Spaltenwerte in der angegebenen Zeile. Die <see cref="M:System.Data.DataRowExtensions.Field``1(System.Data.DataRow,System.Int32,System.Data.DataRowVersion)" /> Methode unterstützt auch auf NULL festlegbare Typen.</summary>
      <param name="row">Die Eingabe <see cref="T:System.Data.DataRow" />, der als fungiert der this -Instanz für die Erweiterungsmethode.</param>
      <param name="columnIndex">Die nullbasierte Ordnungszahl der Spalte, die den Wert zurückzugeben.</param>
      <param name="version">Ein <see cref="T:System.Data.DataRowVersion" /> -Enumeration, der die Version des Spaltenwerts zurückgeben, z. B. Current oder Original Version.</param>
      <typeparam name="T">Ein generischer Parameter, der den Rückgabetyp der Spalte angibt.</typeparam>
      <returns>Der Wert des Typs <paramref name="T" />, der die <see cref="T:System.Data.DataColumn" /> angegebene <paramref name="ordinal" /> und <paramref name="version" />.</returns>
      <exception cref="T:System.InvalidCastException">Der Werttyp der zugrunde liegenden Spalte konnte nicht in den Typ, der durch den generischen Parameter angegeben umgewandelt werden <paramref name="T" />.</exception>
      <exception cref="T:System.IndexOutOfRangeException">Die angegebene Spalte <paramref name="ordinal" /> existiert nicht der <see cref="T:System.Data.DataTable" /> der <see cref="T:System.Data.DataRow" /> ist ein Teil.</exception>
      <exception cref="T:System.NullReferenceException">Ein null ein NULL-Wert zugewiesen wurde.</exception>
    </member>
    <member name="M:System.Data.DataRowExtensions.Field``1(System.Data.DataRow,System.String)">
      <summary>Stellt stark typisierten Zugriff auf die einzelnen Spaltenwerte in der angegebenen Zeile. Die <see cref="M:System.Data.DataRowExtensions.Field``1(System.Data.DataRow,System.String)" /> Methode unterstützt auch auf NULL festlegbare Typen.</summary>
      <param name="row">Die Eingabe <see cref="T:System.Data.DataRow" />, der als fungiert der this -Instanz für die Erweiterungsmethode.</param>
      <param name="columnName">Der Name der Spalte, die den Wert zurückzugeben.</param>
      <typeparam name="T">Ein generischer Parameter, der den Rückgabetyp der Spalte angibt.</typeparam>
      <returns>Der Wert des Typs <paramref name="T" />, der die <see cref="T:System.Data.DataColumn" /> angegebene <paramref name="columnName" />.</returns>
      <exception cref="T:System.InvalidCastException">Der Werttyp der zugrunde liegenden Spalte konnte nicht in den Typ, der durch den generischen Parameter angegeben umgewandelt werden <paramref name="T" />.</exception>
      <exception cref="T:System.IndexOutOfRangeException">Die angegebene Spalte <paramref name="columnName" /> tritt nicht der <see cref="T:System.Data.DataTable" /> der <see cref="T:System.Data.DataRow" /> ist ein Teil.</exception>
      <exception cref="T:System.NullReferenceException">Ein null wurde ein NULL-Wert zugewiesen.</exception>
    </member>
    <member name="M:System.Data.DataRowExtensions.Field``1(System.Data.DataRow,System.String,System.Data.DataRowVersion)">
      <summary>Stellt stark typisierten Zugriff auf die einzelnen Spaltenwerte in der angegebenen Zeile. Die <see cref="M:System.Data.DataRowExtensions.Field``1(System.Data.DataRow,System.String,System.Data.DataRowVersion)" /> Methode unterstützt auch auf NULL festlegbare Typen.</summary>
      <param name="row">Die Eingabe <see cref="T:System.Data.DataRow" />, der als fungiert der this -Instanz für die Erweiterungsmethode.</param>
      <param name="columnName">Der Name der Spalte, die den Wert zurückzugeben.</param>
      <param name="version">Ein <see cref="T:System.Data.DataRowVersion" /> -Enumeration, der die Version des Spaltenwerts zurückgeben, z. B. Current oder Original Version.</param>
      <typeparam name="T">Ein generischer Parameter, der den Rückgabetyp der Spalte angibt.</typeparam>
      <returns>Der Wert des Typs <paramref name="T" />, der die <see cref="T:System.Data.DataColumn" /> angegebene <paramref name="columnName" /> und <paramref name="version" />.</returns>
      <exception cref="T:System.InvalidCastException">Der Werttyp der zugrunde liegenden Spalte konnte nicht in den Typ, der durch den generischen Parameter angegeben umgewandelt werden <paramref name="T" />.</exception>
      <exception cref="T:System.IndexOutOfRangeException">Die angegebene Spalte <paramref name="columnName" /> existiert nicht der <see cref="T:System.Data.DataTable" /> der <see cref="T:System.Data.DataRow" /> ist ein Teil.</exception>
      <exception cref="T:System.NullReferenceException">Ein null ein NULL-Wert zugewiesen wurde.</exception>
    </member>
    <member name="M:System.Data.DataRowExtensions.SetField``1(System.Data.DataRow,System.Data.DataColumn,``0)">
      <summary>Legt einen neuen Wert für die angegebene Spalte in der <see cref="T:System.Data.DataRow" />. Die <see cref="M:System.Data.DataRowExtensions.SetField``1(System.Data.DataRow,System.Data.DataColumn,``0)" /> Methode unterstützt auch auf NULL festlegbare Typen.</summary>
      <param name="row">Die Eingabe <see cref="T:System.Data.DataRow" />, der als fungiert der this -Instanz für die Erweiterungsmethode.</param>
      <param name="column">Die Eingabe <see cref="T:System.Data.DataColumn" /> Gibt an, welcher Zeilenwert abgerufen.</param>
      <param name="value">Der neue Zeilenwert für die angegebene Spalte vom Typ <paramref name="T" />.</param>
      <typeparam name="T">Ein generischer Parameter, der den Wert der Spalte angibt.</typeparam>
      <exception cref="T:System.ArgumentException">Die angegebene Spalte <paramref name="column" /> wurde nicht gefunden.</exception>
      <exception cref="T:System.ArgumentNullException">Die <paramref name="column" /> ist null.</exception>
      <exception cref="T:System.Data.DeletedRowInaccessibleException">Tritt auf, wenn Sie versuchen, einen Wert für eine gelöschte Zeile festzulegen.</exception>
      <exception cref="T:System.InvalidCastException">Der Werttyp der zugrunde liegenden Spalte konnte nicht in den Typ, der durch den generischen Parameter angegeben umgewandelt werden <paramref name="T" />.</exception>
    </member>
    <member name="M:System.Data.DataRowExtensions.SetField``1(System.Data.DataRow,System.Int32,``0)">
      <summary>Legt einen neuen Wert für die angegebene Spalte in der <see cref="T:System.Data.DataRow" /> die Methode aufgerufen wird. Die <see cref="M:System.Data.DataRowExtensions.SetField``1(System.Data.DataRow,System.Int32,``0)" /> Methode unterstützt auch auf NULL festlegbare Typen.</summary>
      <param name="row">Die Eingabe <see cref="T:System.Data.DataRow" />, der als fungiert der this -Instanz für die Erweiterungsmethode.</param>
      <param name="columnIndex">Die nullbasierte Ordnungszahl der Spalte, die den Wert festlegen.</param>
      <param name="value">Der neue Zeilenwert für die angegebene Spalte vom Typ <paramref name="T" />.</param>
      <typeparam name="T">Ein generischer Parameter, der den Wert der Spalte angibt.</typeparam>
      <exception cref="T:System.Data.DeletedRowInaccessibleException">Tritt auf, wenn Sie versuchen, einen Wert für eine gelöschte Zeile festzulegen.</exception>
      <exception cref="T:System.IndexOutOfRangeException">Die <paramref name="ordinal" /> Argument liegt außerhalb des Bereichs.</exception>
      <exception cref="T:System.InvalidCastException">Der Werttyp der zugrunde liegenden Spalte konnte nicht in den Typ, der durch den generischen Parameter angegeben umgewandelt <paramref name="T" />.</exception>
    </member>
    <member name="M:System.Data.DataRowExtensions.SetField``1(System.Data.DataRow,System.String,``0)">
      <summary>Legt einen neuen Wert für die angegebene Spalte in der <see cref="T:System.Data.DataRow" />. Die <see cref="M:System.Data.DataRowExtensions.SetField``1(System.Data.DataRow,System.String,``0)" /> Methode unterstützt auch auf NULL festlegbare Typen.</summary>
      <param name="row">Die Eingabe <see cref="T:System.Data.DataRow" />, der als fungiert der this -Instanz für die Erweiterungsmethode.</param>
      <param name="columnName">Der Name der Spalte, die den Wert festlegen.</param>
      <param name="value">Der neue Zeilenwert für die angegebene Spalte vom Typ <paramref name="T" />.</param>
      <typeparam name="T">Ein generischer Parameter, der den Wert der Spalte angibt.</typeparam>
      <exception cref="T:System.ArgumentException">Die angegebene Spalte <paramref name="columnName" /> wurde nicht gefunden.</exception>
      <exception cref="T:System.Data.DeletedRowInaccessibleException">Tritt auf, wenn Sie versuchen, einen Wert für eine gelöschte Zeile festzulegen.</exception>
      <exception cref="T:System.InvalidCastException">Der Werttyp der zugrunde liegenden Spalte konnte nicht in den Typ, der durch den generischen Parameter angegeben umgewandelt werden <paramref name="T" />.</exception>
    </member>
    <member name="M:System.Data.DataTableExtensions.AsDataView(System.Data.DataTable)">
      <summary>Erstellt und gibt ein LINQ-aktiviertes <see cref="T:System.Data.DataView" /> Objekt.</summary>
      <param name="table">Die Quelle <see cref="T:System.Data.DataTable" /> aus der der LINQ-aktivierte <see cref="T:System.Data.DataView" /> wird erstellt.</param>
      <returns>Ein LINQ-aktiviertes <see cref="T:System.Data.DataView" /> Objekt.</returns>
    </member>
    <member name="M:System.Data.DataTableExtensions.AsDataView``1(System.Data.EnumerableRowCollection{``0})">
      <summary>Erstellt und gibt ein LINQ-aktiviertes <see cref="T:System.Data.DataView" /> Objekt, darstellt, die LINQ to DataSet Abfrage.</summary>
      <param name="source">Die Quelle LINQ to DataSet Quellabfrage, aus der der LINQ-aktivierte <see cref="T:System.Data.DataView" /> wird erstellt.</param>
      <typeparam name="T">Der Typ der Objekte in der Quelle Sequenz, in der Regel <see cref="T:System.Data.DataRow" />.</typeparam>
      <returns>Ein LINQ-aktiviertes <see cref="T:System.Data.DataView" /> Objekt.</returns>
    </member>
    <member name="M:System.Data.DataTableExtensions.AsEnumerable(System.Data.DataTable)">
      <summary>Gibt ein <see cref="T:System.Collections.Generic.IEnumerable`1" /> Objekt, in dem der generische Parameter <paramref name="T" /> ist <see cref="T:System.Data.DataRow" />. Dieses Objekt kann verwendet werden, einem LINQ -Ausdruck oder.</summary>
      <param name="source">Die Quelle <see cref="T:System.Data.DataTable" /> zu aufzählbar.</param>
      <returns>Ein <see cref="T:System.Collections.Generic.IEnumerable`1" /> Objekt, in dem der generische Parameter <paramref name="T" /> ist <see cref="T:System.Data.DataRow" />.</returns>
      <exception cref="T:System.ArgumentNullException">Die Quelle <see cref="T:System.Data.DataTable" /> ist null.</exception>
    </member>
    <member name="M:System.Data.DataTableExtensions.CopyToDataTable``1(System.Collections.Generic.IEnumerable{``0})">
      <summary>Gibt eine <see cref="T:System.Data.DataTable" /> enthält Kopien der <see cref="T:System.Data.DataRow" /> Objekte, wenn ein <see cref="T:System.Collections.Generic.IEnumerable`1" /> Objekt, in dem der generische Parameter <paramref name="T" /> ist <see cref="T:System.Data.DataRow" />.</summary>
      <param name="source">Die Quelle <see cref="T:System.Collections.Generic.IEnumerable`1" /> Sequenz.</param>
      <typeparam name="T">Der Typ der Objekte in der Quelle Sequenz, in der Regel <see cref="T:System.Data.DataRow" />.</typeparam>
      <returns>Ein <see cref="T:System.Data.DataTable" /> enthält die Eingabesequenz als den Typ der <see cref="T:System.Data.DataRow" /> Objekte.</returns>
      <exception cref="T:System.ArgumentNullException">Die Quelle <see cref="T:System.Collections.Generic.IEnumerable`1" /> Sequenz ist null eine neue Tabelle erstellt werden kann.</exception>
      <exception cref="T:System.InvalidOperationException">Ein <see cref="T:System.Data.DataRow" /> im Quell-Sequenz ist ein Status von <see cref="F:System.Data.DataRowState.Deleted" />.Die Quellsequenz enthält keine <see cref="T:System.Data.DataRow" /> Objekte.Ein <see cref="T:System.Data.DataRow" /> im Quell-Sequenz ist null.</exception>
    </member>
    <member name="M:System.Data.DataTableExtensions.CopyToDataTable``1(System.Collections.Generic.IEnumerable{``0},System.Data.DataTable,System.Data.LoadOption)">
      <summary>Kopien <see cref="T:System.Data.DataRow" /> Objekte im angegebenen <see cref="T:System.Data.DataTable" />, wenn ein <see cref="T:System.Collections.Generic.IEnumerable`1" /> Objekt, in dem der generische Parameter <paramref name="T" /> ist <see cref="T:System.Data.DataRow" />.</summary>
      <param name="source">Die Quelle <see cref="T:System.Collections.Generic.IEnumerable`1" /> Sequenz.</param>
      <param name="table">Der Ziel-<see cref="T:System.Data.DataTable" />.</param>
      <param name="options">Ein <see cref="T:System.Data.LoadOption" /> Enumeration, der angibt, die <see cref="T:System.Data.DataTable" /> Optionen laden.</param>
      <typeparam name="T">Der Typ der Objekte in der Quelle Sequenz, in der Regel <see cref="T:System.Data.DataRow" />.</typeparam>
      <exception cref="T:System.ArgumentException">Die kopierte <see cref="T:System.Data.DataRow" /> Objekte passen nicht das Schema des Ziels <see cref="T:System.Data.DataTable" />.</exception>
      <exception cref="T:System.ArgumentNullException">Die Quelle <see cref="T:System.Collections.Generic.IEnumerable`1" /> Sequenz ist null oder das Ziel <see cref="T:System.Data.DataTable" /> ist null.</exception>
      <exception cref="T:System.InvalidOperationException">Ein <see cref="T:System.Data.DataRow" /> im Quell-Sequenz ist ein Status von <see cref="F:System.Data.DataRowState.Deleted" />.Die Quellsequenz enthält keine <see cref="T:System.Data.DataRow" /> Objekte.Ein <see cref="T:System.Data.DataRow" /> im Quell-Sequenz ist null.</exception>
    </member>
    <member name="M:System.Data.DataTableExtensions.CopyToDataTable``1(System.Collections.Generic.IEnumerable{``0},System.Data.DataTable,System.Data.LoadOption,System.Data.FillErrorEventHandler)">
      <summary>Kopien <see cref="T:System.Data.DataRow" /> Objekte im angegebenen <see cref="T:System.Data.DataTable" />, wenn ein <see cref="T:System.Collections.Generic.IEnumerable`1" /> Objekt, in dem der generische Parameter <paramref name="T" /> ist <see cref="T:System.Data.DataRow" />.</summary>
      <param name="source">Die Quelle <see cref="T:System.Collections.Generic.IEnumerable`1" /> Sequenz.</param>
      <param name="table">Der Ziel-<see cref="T:System.Data.DataTable" />.</param>
      <param name="options">Ein <see cref="T:System.Data.LoadOption" /> Enumeration, der angibt, die <see cref="T:System.Data.DataTable" /> Optionen laden.</param>
      <param name="errorHandler">Ein <see cref="T:System.Data.FillErrorEventHandler" /> -Delegat, der die Methode darstellt, die einen Fehler behandelt.</param>
      <typeparam name="T">Der Typ der Objekte in der Quelle Sequenz, in der Regel <see cref="T:System.Data.DataRow" />.</typeparam>
      <exception cref="T:System.ArgumentException">Die kopierte <see cref="T:System.Data.DataRow" /> Objekte passen nicht das Schema des Ziels <see cref="T:System.Data.DataTable" />.</exception>
      <exception cref="T:System.ArgumentNullException">Die Quelle <see cref="T:System.Collections.Generic.IEnumerable`1" /> Sequenz ist null oder das Ziel <see cref="T:System.Data.DataTable" /> ist null.</exception>
      <exception cref="T:System.InvalidOperationException">Ein <see cref="T:System.Data.DataRow" /> im Quell-Sequenz ist ein Status von <see cref="F:System.Data.DataRowState.Deleted" />.- oder - Die Quellsequenz enthält keine <see cref="T:System.Data.DataRow" /> Objekte.- oder - Ein <see cref="T:System.Data.DataRow" /> im Quell-Sequenz ist null.</exception>
    </member>
    <member name="M:System.Data.EnumerableRowCollection.System#Collections#IEnumerable#GetEnumerator">
      <summary>Gibt einen Enumerator für die Auflistung der <see cref="T:System.Data.DataRow" /> Objekte. Diese API unterstützt die .NET Framework-Infrastruktur und ist nicht für eine direkte Verwendung aus dem Code vorgesehen.</summary>
      <returns>Eine <see cref="T:System.Collections.IEnumerator" /> die verwendet werden kann, durchlaufen Sie die Auflistung der <see cref="T:System.Data.DataRow" /> Objekte.</returns>
    </member>
    <member name="M:System.Data.EnumerableRowCollection`1.GetEnumerator">
      <summary>Gibt einen Enumerator für die Auflistung der enthaltenen Zeilenobjekte zurück. Diese API unterstützt die .NET Framework-Infrastruktur und ist nicht für eine direkte Verwendung aus dem Code vorgesehen.</summary>
      <returns>Eine stark typisierte <see cref="T:System.Collections.Generic.IEnumerator`1" /> die verwendet werden kann, durchlaufen Sie die Auflistung der <paramref name="TRow" /> Objekte.</returns>
    </member>
    <member name="M:System.Data.EnumerableRowCollection`1.System#Collections#IEnumerable#GetEnumerator">
      <summary>Gibt einen Enumerator für die Auflistung der <see cref="T:System.Data.DataRow" /> Objekte. Diese API unterstützt die .NET Framework-Infrastruktur und ist nicht für eine direkte Verwendung aus dem Code vorgesehen.</summary>
      <returns>Eine <see cref="T:System.Collections.IEnumerator" /> die verwendet werden kann, durchlaufen Sie die Auflistung der <see cref="T:System.Data.DataRow" /> Objekte.</returns>
    </member>
    <member name="M:System.Data.EnumerableRowCollectionExtensions.Cast``1(System.Data.EnumerableRowCollection)">
      <summary>Konvertiert die Elemente einer <see cref="T:System.Data.EnumerableRowCollection" /> in den angegebenen Typ. Diese API unterstützt die .NET Framework-Infrastruktur und ist nicht für eine direkte Verwendung vom Code aus vorgesehen.</summary>
      <param name="source">Die <see cref="T:System.Data.EnumerableRowCollection" /> die die zu konvertierenden Elemente enthält.</param>
      <typeparam name="TResult">Der Typ der Elemente der Quelle konvertiert.</typeparam>
      <returns>Ein <see cref="T:System.Data.EnumerableRowCollection" /> enthält jedes Element der Quellsequenz in den angegebenen Typ konvertiert.</returns>
      <exception cref="T:System.ArgumentNullException">
        <paramref name="source" /> ist null.</exception>
      <exception cref="T:System.InvalidCastException">Ein Element in der Sequenz kann nicht umgewandelt werden, um den Typ <paramref name="TResult" />.</exception>
    </member>
    <member name="M:System.Data.EnumerableRowCollectionExtensions.OrderBy``2(System.Data.EnumerableRowCollection{``0},System.Func{``0,``1})">
      <summary>Sortiert die Zeilen einer <see cref="T:System.Data.EnumerableRowCollection" /> in aufsteigender Reihenfolge nach dem angegebenen Schlüssel. Diese API unterstützt die .NET Framework-Infrastruktur und ist nicht für eine direkte Verwendung vom Code aus vorgesehen.</summary>
      <param name="source">Ein <see cref="T:System.Data.EnumerableRowCollection" /> enthält die <see cref="T:System.Data.DataRow" /> Elemente sortiert werden soll.</param>
      <param name="keySelector">Eine Funktion zum Extrahieren eines Schlüssels aus einem Element.</param>
      <typeparam name="TRow">Der Typ der Zeilenelemente in <paramref name="source" />, in der Regel <see cref="T:System.Data.DataRow" />.</typeparam>
      <typeparam name="TKey">Der Typ des von <paramref name="keySelector" /> zurückgegebenen Schlüssels.</typeparam>
      <returns>Ein <see cref="T:System.Data.OrderedEnumerableRowCollection`1" /> dessen Elemente nach dem angegebenen Schlüssel sortiert werden.</returns>
    </member>
    <member name="M:System.Data.EnumerableRowCollectionExtensions.OrderBy``2(System.Data.EnumerableRowCollection{``0},System.Func{``0,``1},System.Collections.Generic.IComparer{``1})">
      <summary>Sortiert die Zeilen einer <see cref="T:System.Data.EnumerableRowCollection" /> in aufsteigender Reihenfolge nach dem angegebenen Schlüssel und Vergleich. Diese API unterstützt die .NET Framework-Infrastruktur und ist nicht für eine direkte Verwendung vom Code aus vorgesehen.</summary>
      <param name="source">Ein <see cref="T:System.Data.EnumerableRowCollection" /> enthält die <see cref="T:System.Data.DataRow" /> Elemente sortiert werden soll.</param>
      <param name="keySelector">Eine Funktion zum Extrahieren eines Schlüssels aus einem Element.</param>
      <param name="comparer">Ein <see cref="T:System.Collections.Generic.IComparer`1" /> zum Vergleichen von Schlüsseln.</param>
      <typeparam name="TRow">Der Typ der Zeilenelemente in <paramref name="source" />, in der Regel <see cref="T:System.Data.DataRow" />.</typeparam>
      <typeparam name="TKey">Der Typ des von <paramref name="keySelector" /> zurückgegebenen Schlüssels.</typeparam>
      <returns>Ein <see cref="T:System.Data.OrderedEnumerableRowCollection`1" /> dessen Elemente nach dem angegebenen Schlüssel und Vergleich sortiert werden.</returns>
    </member>
    <member name="M:System.Data.EnumerableRowCollectionExtensions.OrderByDescending``2(System.Data.EnumerableRowCollection{``0},System.Func{``0,``1})">
      <summary>Sortiert die Zeilen einer <see cref="T:System.Data.EnumerableRowCollection" /> in absteigender Reihenfolge nach dem angegebenen Schlüssel. Diese API unterstützt die .NET Framework-Infrastruktur und ist nicht für eine direkte Verwendung vom Code aus vorgesehen.</summary>
      <param name="source">Ein <see cref="T:System.Data.EnumerableRowCollection" /> enthält die <see cref="T:System.Data.DataRow" /> Elemente sortiert werden soll.</param>
      <param name="keySelector">Eine Funktion zum Extrahieren eines Schlüssels aus einem Element.</param>
      <typeparam name="TRow">Der Typ der Zeilenelemente in <paramref name="source" />, in der Regel <see cref="T:System.Data.DataRow" />.</typeparam>
      <typeparam name="TKey">Der Typ des von <paramref name="keySelector" /> zurückgegebenen Schlüssels.</typeparam>
      <returns>Ein <see cref="T:System.Data.OrderedEnumerableRowCollection`1" /> dessen Elemente nach dem angegebenen Schlüssel sortiert werden.</returns>
    </member>
    <member name="M:System.Data.EnumerableRowCollectionExtensions.OrderByDescending``2(System.Data.EnumerableRowCollection{``0},System.Func{``0,``1},System.Collections.Generic.IComparer{``1})">
      <summary>Sortiert die Zeilen einer <see cref="T:System.Data.EnumerableRowCollection" /> in absteigender Reihenfolge nach dem angegebenen Schlüssel und Vergleich. Diese API unterstützt die .NET Framework-Infrastruktur und ist nicht für eine direkte Verwendung vom Code aus vorgesehen.</summary>
      <param name="source">Ein <see cref="T:System.Data.EnumerableRowCollection" /> enthält die <see cref="T:System.Data.DataRow" /> Elemente sortiert werden soll.</param>
      <param name="keySelector">Eine Funktion zum Extrahieren eines Schlüssels aus einem Element.</param>
      <param name="comparer">Ein <see cref="T:System.Collections.Generic.IComparer`1" /> zum Vergleichen von Schlüsseln.</param>
      <typeparam name="TRow">Der Typ der Zeilenelemente in <paramref name="source" />, in der Regel <see cref="T:System.Data.DataRow" />.</typeparam>
      <typeparam name="TKey">Der Typ des von <paramref name="keySelector" /> zurückgegebenen Schlüssels.</typeparam>
      <returns>Ein <see cref="T:System.Data.OrderedEnumerableRowCollection`1" /> dessen Elemente nach dem angegebenen Schlüssel und Vergleich sortiert werden.</returns>
    </member>
    <member name="M:System.Data.EnumerableRowCollectionExtensions.Select``2(System.Data.EnumerableRowCollection{``0},System.Func{``0,``1})">
      <summary>Projiziert jedes Element einer <see cref="T:System.Data.EnumerableRowCollection`1" /> in ein neues Format. Diese API unterstützt die .NET Framework-Infrastruktur und ist nicht für eine direkte Verwendung vom Code aus vorgesehen.</summary>
      <param name="source">Ein <see cref="T:System.Data.EnumerableRowCollection`1" /> enthält die <see cref="T:System.Data.DataRow" /> Elemente, die eine Transformationsfunktion aufgerufen, die nach Funktion.</param>
      <param name="selector">Eine Transformationsfunktion, die auf jedes Element angewendet werden soll.</param>
      <typeparam name="TRow">Der Typ der Zeilenelemente in <paramref name="source" />, in der Regel <see cref="T:System.Data.DataRow" />.</typeparam>
      <typeparam name="S">Der Typ, der <paramref name="TRow" /> umgewandelt werden.</typeparam>
      <returns>Ein <see cref="T:System.Data.EnumerableRowCollection`1" /> dessen Elemente das Ergebnis des Aufrufs einer Transformationsfunktion für jedes Element der sind <paramref name="source" />.</returns>
    </member>
    <member name="M:System.Data.EnumerableRowCollectionExtensions.ThenBy``2(System.Data.OrderedEnumerableRowCollection{``0},System.Func{``0,``1})">
      <summary>Führt eine sekundäre Sortierung der Zeilen einer <see cref="T:System.Data.EnumerableRowCollection" /> in aufsteigender Reihenfolge nach dem angegebenen Schlüssel. Diese API unterstützt die .NET Framework-Infrastruktur und ist nicht für eine direkte Verwendung vom Code aus vorgesehen.</summary>
      <param name="source">Ein <see cref="T:System.Data.EnumerableRowCollection" /> enthält die <see cref="T:System.Data.DataRow" /> Elemente sortiert werden soll.</param>
      <param name="keySelector">Eine Funktion zum Extrahieren eines Schlüssels aus einem Element.</param>
      <typeparam name="TRow">Der Typ der Zeilenelemente in <paramref name="source" />, in der Regel <see cref="T:System.Data.DataRow" />.</typeparam>
      <typeparam name="TKey">Der Typ des von <paramref name="keySelector" /> zurückgegebenen Schlüssels.</typeparam>
      <returns>Ein <see cref="T:System.Data.OrderedEnumerableRowCollection`1" /> dessen Elemente nach dem angegebenen Schlüssel sortiert werden.</returns>
    </member>
    <member name="M:System.Data.EnumerableRowCollectionExtensions.ThenBy``2(System.Data.OrderedEnumerableRowCollection{``0},System.Func{``0,``1},System.Collections.Generic.IComparer{``1})">
      <summary>Führt eine sekundäre Sortierung der Zeilen einer <see cref="T:System.Data.EnumerableRowCollection" /> in aufsteigender Reihenfolge nach dem angegebenen Schlüssel und Vergleich. Diese API unterstützt die .NET Framework-Infrastruktur und ist nicht für eine direkte Verwendung vom Code aus vorgesehen.</summary>
      <param name="source">Ein <see cref="T:System.Data.EnumerableRowCollection" /> enthält die <see cref="T:System.Data.DataRow" /> Elemente sortiert werden soll.</param>
      <param name="keySelector">Eine Funktion zum Extrahieren eines Schlüssels aus einem Element.</param>
      <param name="comparer">Ein <see cref="T:System.Collections.Generic.IComparer`1" /> zum Vergleichen von Schlüsseln.</param>
      <typeparam name="TRow">Der Typ der Zeilenelemente in <paramref name="source" />, in der Regel <see cref="T:System.Data.DataRow" />.</typeparam>
      <typeparam name="TKey">Der Typ des von <paramref name="keySelector" /> zurückgegebenen Schlüssels.</typeparam>
      <returns>Ein <see cref="T:System.Data.OrderedEnumerableRowCollection`1" /> dessen Elemente nach dem angegebenen Schlüssel und Vergleich sortiert werden.</returns>
    </member>
    <member name="M:System.Data.EnumerableRowCollectionExtensions.ThenByDescending``2(System.Data.OrderedEnumerableRowCollection{``0},System.Func{``0,``1})">
      <summary>Führt eine sekundäre Sortierung der Zeilen einer <see cref="T:System.Data.EnumerableRowCollection" /> in absteigender Reihenfolge nach dem angegebenen Schlüssel. Diese API unterstützt die .NET Framework-Infrastruktur und ist nicht für eine direkte Verwendung vom Code aus vorgesehen.</summary>
      <param name="source">Ein <see cref="T:System.Data.EnumerableRowCollection" /> enthält die <see cref="T:System.Data.DataRow" /> Elemente sortiert werden soll.</param>
      <param name="keySelector">Eine Funktion zum Extrahieren eines Schlüssels aus einem Element.</param>
      <typeparam name="TRow">Der Typ der Zeilenelemente in <paramref name="source" />, in der Regel <see cref="T:System.Data.DataRow" />.</typeparam>
      <typeparam name="TKey">Der Typ des von <paramref name="keySelector" /> zurückgegebenen Schlüssels.</typeparam>
      <returns>Ein <see cref="T:System.Data.OrderedEnumerableRowCollection`1" /> dessen Elemente nach dem angegebenen Schlüssel sortiert werden.</returns>
    </member>
    <member name="M:System.Data.EnumerableRowCollectionExtensions.ThenByDescending``2(System.Data.OrderedEnumerableRowCollection{``0},System.Func{``0,``1},System.Collections.Generic.IComparer{``1})">
      <summary>Führt eine sekundäre Sortierung der Zeilen einer <see cref="T:System.Data.EnumerableRowCollection" /> in absteigender Reihenfolge nach dem angegebenen Schlüssel und Vergleich. Diese API unterstützt die .NET Framework-Infrastruktur und ist nicht für eine direkte Verwendung vom Code aus vorgesehen.</summary>
      <param name="source">Ein <see cref="T:System.Data.EnumerableRowCollection" /> enthält die <see cref="T:System.Data.DataRow" /> Elemente sortiert werden soll.</param>
      <param name="keySelector">Eine Funktion zum Extrahieren eines Schlüssels aus einem Element.</param>
      <param name="comparer">Ein <see cref="T:System.Collections.Generic.IComparer`1" /> zum Vergleichen von Schlüsseln.</param>
      <typeparam name="TRow">Der Typ der Zeilenelemente in <paramref name="source" />, in der Regel <see cref="T:System.Data.DataRow" />.</typeparam>
      <typeparam name="TKey">Der Typ des von <paramref name="keySelector" /> zurückgegebenen Schlüssels.</typeparam>
      <returns>Ein <see cref="T:System.Data.OrderedEnumerableRowCollection`1" /> dessen Elemente nach dem angegebenen Schlüssel und Vergleich sortiert werden.</returns>
    </member>
    <member name="M:System.Data.EnumerableRowCollectionExtensions.Where``1(System.Data.EnumerableRowCollection{``0},System.Func{``0,System.Boolean})">
      <summary>Filtert eine Sequenz von Zeilen auf Grundlage des angegebenen Prädikats. Diese API unterstützt die .NET Framework-Infrastruktur und ist nicht für eine direkte Verwendung vom Code aus vorgesehen.</summary>
      <param name="source">Ein <see cref="T:System.Data.EnumerableRowCollection" /> enthält die <see cref="T:System.Data.DataRow" /> Elemente gefiltert.</param>
      <param name="predicate">Eine Funktion, mit der jedes Element auf eine Bedingung überprüft wird.</param>
      <typeparam name="TRow">Der Typ der Zeilenelemente in <paramref name="source" />, in der Regel <see cref="T:System.Data.DataRow" />.</typeparam>
      <returns>Ein <see cref="T:System.Data.OrderedEnumerableRowCollection`1" /> enthält die Zeilen aus der Eingabesequenz, die die Bedingung erfüllen.</returns>
    </member>
    <member name="M:System.Data.TypedTableBase`1.#ctor">
      <summary>Initialisiert eine neue <see cref="T:System.Data.TypedTableBase'1" />. Diese Methode unterstützt das typisierte<see cref="T:System.Data.DataTable" /> Objekt Generieren von Visual Studio und XSD.exe .NET Framework Tool. Dieser Typ kann nicht direkt aus dem Code verwendet werden.</summary>
    </member>
    <member name="M:System.Data.TypedTableBase`1.#ctor(System.Runtime.Serialization.SerializationInfo,System.Runtime.Serialization.StreamingContext)">
      <summary>Initialisiert eine neue <see cref="T:System.Data.TypedTableBase'1" />. Diese Methode unterstützt das typisierte<see cref="T:System.Data.DataTable" /> Objekt Generieren von Visual Studio und XSD.exe .NET Framework Tool. Diese Methode ist nicht direkt aus dem Code verwendet werden.</summary>
      <param name="info">Ein <see cref="T:System.Runtime.Serialization.SerializationInfo" /> das Daten zum Erstellen des Objekts enthält.</param>
      <param name="context">Der Streamingkontext für das deserialisierte Objekt.</param>
    </member>
    <member name="M:System.Data.TypedTableBase`1.Cast``1">
      <summary>Konvertiert die Elemente einer <see cref="T:System.Data.TypedTableBase`1" /> in den angegebenen Typ. Diese Methode unterstützt das typisierte <see cref="T:System.Data.DataTable" /> Objekt Generieren von Visual Studio und XSD.exe .NET Framework Tool. Diese Methode ist nicht direkt aus dem Code verwendet werden.</summary>
      <returns>Ein <see cref="T:System.Data.EnumerableRowCollection" /> enthält jedes Element der Quellsequenz in den angegebenen Typ konvertiert.</returns>
    </member>
    <member name="M:System.Data.TypedTableBase`1.GetEnumerator">
      <summary>Gibt einen Enumerator für die typisierte<see cref="T:System.Data.DataRow" />. Diese Methode unterstützt das typisierte<see cref="T:System.Data.DataTable" /> Objekt Generieren von Visual Studio und XSD.exe .NET Framework Tool. Diese Methode ist nicht direkt aus dem Code verwendet werden.</summary>
      <returns>Ein Objekt, das die <see cref="T:System.Collections.Generic.IEnumerator`1" />-Schnittstelle implementiert.</returns>
    </member>
    <member name="M:System.Data.TypedTableBase`1.System#Collections#IEnumerable#GetEnumerator">
      <summary>Gibt einen Enumerator für die typisierte<see cref="T:System.Data.DataRow" />. Diese Methode unterstützt das typisierte<see cref="T:System.Data.DataTable" /> Objekt Generieren von Visual Studio und XSD.exe .NET Framework Tool. Diese Methode ist nicht direkt aus dem Code verwendet werden.</summary>
      <returns>Ein Objekt, das die <see cref="T:System.Collections.Generic.IEnumerator`1" />-Schnittstelle implementiert.</returns>
    </member>
    <member name="M:System.Data.TypedTableBaseExtensions.AsEnumerable``1(System.Data.TypedTableBase{``0})">
      <summary>Listet die Elemente der Datenzeile von der <see cref="T:System.Data.TypedTableBase`1" /> und gibt ein <see cref="T:System.Data.EnumerableRowCollection`1" /> -Objekt, in dem der generische Parameter <paramref name="T" /> ist <see cref="T:System.Data.DataRow" />. Dieses Objekt kann verwendet werden, einem LINQ -Ausdruck oder. </summary>
      <param name="source">Die Quelle <see cref="T:System.Data.TypedTableBase`1" /> zu aufzählbar.</param>
      <typeparam name="TRow">Der Typ, die Elemente der Datenquelle, die konvertiert werden soll.</typeparam>
      <returns>Ein <see cref="T:System.Data.EnumerableRowCollection`1" /> Objekt, in dem der generische Parameter <paramref name="T" /> ist <see cref="T:System.Data.DataRow" />.</returns>
    </member>
    <member name="M:System.Data.TypedTableBaseExtensions.ElementAtOrDefault``1(System.Data.TypedTableBase{``0},System.Int32)">
      <summary>Gibt das Element einer angegebenen Zeile in einer Sequenz oder einen Standardwert zurück, ist die Zeile außerhalb des zulässigen Bereichs.</summary>
      <param name="source">Ein aufzählbares Objekt um ein Element zurückgegeben.</param>
      <param name="index">Der auf 0 (null) basierende Index des abzurufenden Elements.</param>
      <typeparam name="TRow">Der Typ der Elemente oder der Zeile.</typeparam>
      <returns>Das Element in einer angegebenen Zeile in einer Sequenz.</returns>
    </member>
    <member name="M:System.Data.TypedTableBaseExtensions.OrderBy``2(System.Data.TypedTableBase{``0},System.Func{``0,``1})">
      <summary>Sortiert die Zeilen einer <see cref="T:System.Data.TypedTableBase`1" /> in aufsteigender Reihenfolge nach dem angegebenen Schlüssel.</summary>
      <param name="source">Ein <see cref="T:System.Data.TypedTableBase`1" /> enthält die <see cref="T:System.Data.DataRow" /> Elemente sortiert werden soll.</param>
      <param name="keySelector">Eine Funktion zum Extrahieren eines Schlüssels aus einem Element.</param>
      <typeparam name="TRow">Der Typ der Zeilenelemente in <paramref name="source" />, in der Regel <see cref="T:System.Data.DataRow" />.</typeparam>
      <typeparam name="TKey">Der Typ des von <paramref name="keySelector" /> zurückgegebenen Schlüssels.</typeparam>
      <returns>Ein <see cref="T:System.Data.OrderedEnumerableRowCollection`1" /> dessen Elemente nach dem angegebenen Schlüssel sortiert werden.</returns>
    </member>
    <member name="M:System.Data.TypedTableBaseExtensions.OrderBy``2(System.Data.TypedTableBase{``0},System.Func{``0,``1},System.Collections.Generic.IComparer{``1})">
      <summary>Sortiert die Zeilen einer <see cref="T:System.Data.TypedTableBase`1" /> in aufsteigender Reihenfolge nach dem angegebenen Schlüssel und Vergleich.</summary>
      <param name="source">Ein <see cref="T:System.Data.TypedTableBase`1" /> enthält die <see cref="T:System.Data.DataRow" /> Elemente sortiert werden soll.</param>
      <param name="keySelector">Eine Funktion zum Extrahieren eines Schlüssels aus einem Element.</param>
      <param name="comparer">Ein <see cref="T:System.Collections.Generic.IComparer`1" /> zum Vergleichen von Schlüsseln.</param>
      <typeparam name="TRow">Der Typ der Zeilenelemente in <paramref name="source" />, in der Regel <see cref="T:System.Data.DataRow" />.</typeparam>
      <typeparam name="TKey">Der Typ des von <paramref name="keySelector" /> zurückgegebenen Schlüssels.</typeparam>
      <returns>Ein <see cref="T:System.Data.OrderedEnumerableRowCollection`1" /> dessen Elemente nach dem angegebenen Schlüssel und Vergleich sortiert werden.</returns>
    </member>
    <member name="M:System.Data.TypedTableBaseExtensions.OrderByDescending``2(System.Data.TypedTableBase{``0},System.Func{``0,``1})">
      <summary>Sortiert die Zeilen einer <see cref="T:System.Data.TypedTableBase`1" /> in absteigender Reihenfolge nach dem angegebenen Schlüssel.</summary>
      <param name="source">Ein <see cref="T:System.Data.TypedTableBase`1" /> enthält die <see cref="T:System.Data.DataRow" /> Elemente sortiert werden soll.</param>
      <param name="keySelector">Eine Funktion zum Extrahieren eines Schlüssels aus einem Element.</param>
      <typeparam name="TRow">Der Typ der Zeilenelemente in <paramref name="source" />, in der Regel <see cref="T:System.Data.DataRow" />.</typeparam>
      <typeparam name="TKey">Der Typ des von <paramref name="keySelector" /> zurückgegebenen Schlüssels.</typeparam>
      <returns>Ein <see cref="T:System.Data.OrderedEnumerableRowCollection`1" /> dessen Elemente nach dem angegebenen Schlüssel sortiert werden.</returns>
    </member>
    <member name="M:System.Data.TypedTableBaseExtensions.OrderByDescending``2(System.Data.TypedTableBase{``0},System.Func{``0,``1},System.Collections.Generic.IComparer{``1})">
      <summary>Sortiert die Zeilen einer <see cref="T:System.Data.TypedTableBase`1" /> in absteigender Reihenfolge nach dem angegebenen Schlüssel und Vergleich.</summary>
      <param name="source">Ein <see cref="T:System.Data.TypedTableBase`1" /> enthält die <see cref="T:System.Data.DataRow" /> Elemente sortiert werden soll.</param>
      <param name="keySelector">Eine Funktion zum Extrahieren eines Schlüssels aus einem Element.</param>
      <param name="comparer">Ein <see cref="T:System.Collections.Generic.IComparer`1" /> zum Vergleichen von Schlüsseln.</param>
      <typeparam name="TRow">Der Typ der Zeilenelemente in <paramref name="source" />, in der Regel <see cref="T:System.Data.DataRow" />.</typeparam>
      <typeparam name="TKey">Der Typ des von <paramref name="keySelector" /> zurückgegebenen Schlüssels.</typeparam>
      <returns>Ein <see cref="T:System.Data.OrderedEnumerableRowCollection`1" /> dessen Elemente nach dem angegebenen Schlüssel und Vergleich sortiert werden.</returns>
    </member>
    <member name="M:System.Data.TypedTableBaseExtensions.Select``2(System.Data.TypedTableBase{``0},System.Func{``0,``1})">
      <summary>Projiziert jedes Element einer <see cref="T:System.Data.TypedTableBase`1" /> in ein neues Format.</summary>
      <param name="source">Ein <see cref="T:System.Data.TypedTableBase`1" /> enthält die <see cref="T:System.Data.DataRow" /> Elemente, die eine Transformationsfunktion aufgerufen, die nach Funktion.</param>
      <param name="selector">Eine Transformationsfunktion, die auf jedes Element angewendet.</param>
      <typeparam name="TRow">Der Typ der Zeilenelemente in <paramref name="source" />, <see cref="T:System.Data.DataRow" />.</typeparam>
      <returns>Ein <see cref="T:System.Data.EnumerableRowCollection`1" /> dessen Elemente das Ergebnis des Aufrufs einer Transformationsfunktion für jedes Element der sind <paramref name="source" />.</returns>
    </member>
    <member name="M:System.Data.TypedTableBaseExtensions.Where``1(System.Data.TypedTableBase{``0},System.Func{``0,System.Boolean})">
      <summary>Filtert eine Sequenz von Zeilen auf Grundlage des angegebenen Prädikats.</summary>
      <param name="source">Ein <see cref="T:System.Data.TypedTableBase`1" /> enthält die <see cref="T:System.Data.DataRow" /> Elemente gefiltert.</param>
      <param name="predicate">Eine Funktion, mit der jedes Element auf eine Bedingung überprüft wird.</param>
      <typeparam name="TRow">Der Typ der Zeilenelemente in <paramref name="source" />, <see cref="T:System.Data.DataRow" />.</typeparam>
      <returns>Ein <see cref="T:System.Data.OrderedEnumerableRowCollection`1" /> enthält die Zeilen aus der Eingabesequenz, die die Bedingung erfüllen.</returns>
    </member>
    <member name="P:System.Data.DataRowComparer.Default">
      <summary>Ruft eine Singletoninstanz des <see cref="T:System.Data.DataRowComparer`1" />. Diese Eigenschaft ist schreibgeschützt.</summary>
      <returns>Eine Instanz einer <see cref="T:System.Data.DataRowComparer`1" />.</returns>
    </member>
    <member name="P:System.Data.DataRowComparer`1.Default">
      <summary>Ruft eine Singletoninstanz des <see cref="T:System.Data.DataRowComparer`1" />. Diese Eigenschaft ist schreibgeschützt.</summary>
      <returns>Eine Instanz einer <see cref="T:System.Data.DataRowComparer`1" />.</returns>
    </member>
    <member name="T:System.Data.DataRowComparer">
      <summary>Gibt eine Singletoninstanz der <see cref="T:System.Data.DataRowComparer`1" /> Klasse.</summary>
    </member>
    <member name="T:System.Data.DataRowComparer`1">
      <summary>Vergleicht zwei <see cref="T:System.Data.DataRow" /> Objekte auf Äquivalenz mit Vergleich.</summary>
      <typeparam name="TRow">Der Typ der Objekte in der Regel verglichen werden <see cref="T:System.Data.DataRow" />.</typeparam>
    </member>
    <member name="T:System.Data.DataRowExtensions">
      <summary>Definiert die Erweiterungsmethoden der <see cref="T:System.Data.DataRow" /> Klasse. Dies ist eine statische Klasse.</summary>
    </member>
    <member name="T:System.Data.DataTableExtensions">
      <summary>Definiert die Erweiterungsmethoden der <see cref="T:System.Data.DataTable" /> Klasse.<see cref="T:System.Data.DataTableExtensions" /> ist eine statische Klasse.</summary>
    </member>
    <member name="T:System.Data.EnumerableRowCollection">
      <summary>Stellt eine Auflistung von <see cref="T:System.Data.DataRow" /> vom zurückgegebenen Objekte einer LINQ to DataSet Abfrage. Diese API unterstützt die .NET Framework-Infrastruktur und ist nicht für eine direkte Verwendung aus dem Code vorgesehen. </summary>
    </member>
    <member name="T:System.Data.EnumerableRowCollection`1">
      <summary>Stellt eine Auflistung von <see cref="T:System.Data.DataRow" /> Objekte, die von einer Abfrage zurückgegeben. Diese API unterstützt die .NET Framework-Infrastruktur und ist nicht für eine direkte Verwendung vom Code aus vorgesehen.</summary>
      <typeparam name="TRow">Der Typ der Objekte in der Quelle Sequenz, in der Regel <see cref="T:System.Data.DataRow" />.</typeparam>
    </member>
    <member name="T:System.Data.EnumerableRowCollectionExtensions">
      <summary>Enthält die Erweiterungsmethoden für Auflistungsklassen Zeile Daten. Diese API unterstützt die .NET Framework-Infrastruktur und ist nicht für eine direkte Verwendung aus dem Code vorgesehen.</summary>
    </member>
    <member name="T:System.Data.OrderedEnumerableRowCollection`1">
      <summary>Diese API unterstützt die .NET Framework-Infrastruktur und ist nicht für eine direkte Verwendung aus dem Code vorgesehen. Stellt eine Auflistung von sortierten <see cref="T:System.Data.DataRow" /> Objekte, die von einer Abfrage zurückgegeben.</summary>
      <typeparam name="TRow">Der Typ der Objekte in der Quelle Sequenz, in der Regel <see cref="T:System.Data.DataRow" />.</typeparam>
    </member>
    <member name="T:System.Data.TypedTableBase`1">
      <summary>Dieser Typ wird als Basisklasse für die typisierte <see cref="T:System.Data.DataTable" />-Objektgenerierung durch Visual Studio und das .NET Framework-Tool „XSD.exe“ verwendet, und er ist nicht für die direkte Verwendung im Code vorgesehen.</summary>
      <typeparam name="T">Der Typ der Objekte in der von der Tabelle dargestellten Quellsequenz, meist <see cref="T:System.Data.DataRow" />.</typeparam>
    </member>
    <member name="T:System.Data.TypedTableBaseExtensions">
      <summary>Enthält die Erweiterungsmethoden für die <see cref="T:System.Data.TypedTableBase`1" /> Klasse.</summary>
    </member>
  </members>
</doc>