﻿<?xml version="1.0" encoding="utf-8"?>
<doc>
  <assembly>
    <name>System.Runtime.Serialization.Formatters.Soap</name>
  </assembly>
  <members>
    <member name="M:System.Runtime.Serialization.Formatters.Soap.SoapFormatter.#ctor">
      <summary>Initialisiert eine neue Instanz der <see cref="T:System.Runtime.Serialization.Formatters.Soap.SoapFormatter" />-Klasse mit Standardeigenschaftswerten.</summary>
    </member>
    <member name="M:System.Runtime.Serialization.Formatters.Soap.SoapFormatter.#ctor(System.Runtime.Serialization.ISurrogateSelector,System.Runtime.Serialization.StreamingContext)">
      <summary>Initialisiert eine neue Instanz der <see cref="T:System.Runtime.Serialization.Formatters.Soap.SoapFormatter" />-Klasse mit den angegebenen <see cref="T:System.Runtime.Serialization.ISurrogateSelector" /> und dem angegebenen <see cref="T:System.Runtime.Serialization.StreamingContext" />.</summary>
      <param name="selector">Die <see cref="T:System.Runtime.Serialization.ISurrogateSelector" /> mit der neuen Instanz von <see cref="T:System.Runtime.Serialization.Formatters.Soap.SoapFormatter" />. Kann null sein.</param>
      <param name="context">Die <see cref="T:System.Runtime.Serialization.StreamingContext" /> die die Quelle und das Ziel der Serialisierung enthält. Wenn der <paramref name="context" /> -Parameter ist null, und klicken Sie dann die <see cref="P:System.Runtime.Serialization.Formatters.Soap.SoapFormatter.Context" /> standardmäßig <see cref="F:System.Runtime.Serialization.StreamingContextStates.CrossMachine" />.</param>
    </member>
    <member name="M:System.Runtime.Serialization.Formatters.Soap.SoapFormatter.Deserialize(System.IO.Stream)">
      <summary>Deserialisiert die Daten auf den angegebenen Stream und rekonstruiert das Diagramm von Objekten.</summary>
      <param name="serializationStream">Der Stream, der die zu deserialisierenden Daten enthält.</param>
      <returns>Das oberste Objekt des deserialisierten Diagramms (Stamm).</returns>
      <exception cref="T:System.ArgumentNullException">
        <paramref name="serializationStream" /> ist null.</exception>
    </member>
    <member name="M:System.Runtime.Serialization.Formatters.Soap.SoapFormatter.Deserialize(System.IO.Stream,System.Runtime.Remoting.Messaging.HeaderHandler)">
      <summary>Deserialisiert den Stream in ein Objektdiagramm, wobei sämtliche Header im betreffenden Stream behandelt werden die angegebenen <see cref="T:System.Runtime.Remoting.Messaging.HeaderHandler" />.</summary>
      <param name="serializationStream">Der Stream, der die zu deserialisierenden Daten enthält.</param>
      <param name="handler">Delegat, der im Stream gefundenen Header zu behandeln. Kann null sein.</param>
      <returns>Das oberste Objekt des deserialisierten Diagramms (Stamm).</returns>
      <exception cref="T:System.ArgumentNullException">
        <paramref name="serializationStream" /> ist null.</exception>
      <exception cref="T:System.Runtime.Serialization.SerializationException">
        <paramref name="serializationStream" /> Suchvorgänge unterstützt, und seine Länge ist 0.</exception>
    </member>
    <member name="M:System.Runtime.Serialization.Formatters.Soap.SoapFormatter.Serialize(System.IO.Stream,System.Object)">
      <summary>Serialisiert ein Objekt oder Objektdiagramm mit dem angegebenen Stamm in den angegebenen <see cref="T:System.IO.Stream" />.</summary>
      <param name="serializationStream">Der Stream, in den das Formatierungsprogramm die zu serialisierenden Daten schreibt.</param>
      <param name="graph">Das Objekt, oder den Stamm des Objektdiagramms serialisiert. Alle untergeordneten Objekte dieses Stammobjekts werden automatisch serialisiert.</param>
      <exception cref="T:System.ArgumentNullException">
        <paramref name="serializationStream" /> ist null.</exception>
    </member>
    <member name="M:System.Runtime.Serialization.Formatters.Soap.SoapFormatter.Serialize(System.IO.Stream,System.Object,System.Runtime.Remoting.Messaging.Header[])">
      <summary>Serialisiert ein Objekt oder Objektdiagramm mit dem angegebenen Stamm in den angegebenen <see cref="T:System.IO.Stream" /> im SOAP-Remoteprozeduraufruf (RPC)-Format.</summary>
      <param name="serializationStream">Der Stream, in den das Formatierungsprogramm die zu serialisierenden Daten schreibt.</param>
      <param name="graph">Das Objekt oder der Stamm des Objektdiagramms serialisiert werden soll. Alle untergeordneten Objekte dieses Stammobjekts werden automatisch serialisiert.</param>
      <param name="headers">Remoting-Header in die Serialisierung eingeschlossen. Kann null sein.</param>
      <exception cref="T:System.ArgumentNullException">
        <paramref name="serializationStream" /> ist null.</exception>
    </member>
    <member name="P:System.Runtime.Serialization.Formatters.Soap.SoapFormatter.AssemblyFormat">
      <summary>Ruft ab oder legt das Verhalten des Deserialisierungsprogramms bezüglich suchen und Laden von Assemblys.</summary>
      <returns>Eines der <see cref="T:System.Runtime.Serialization.Formatters.FormatterAssemblyStyle" /> -Werte, der das Deserialisierungsverhalten angibt.</returns>
    </member>
    <member name="P:System.Runtime.Serialization.Formatters.Soap.SoapFormatter.Binder">
      <summary>Ruft ab oder legt die <see cref="T:System.Runtime.Serialization.SerializationBinder" /> die Bindung eines serialisierten Objekts an einen Typ steuert.</summary>
      <returns>Die <see cref="T:System.Runtime.Serialization.SerializationBinder" /> verwendet, die mit diesem <see cref="T:System.Runtime.Serialization.Formatters.Soap.SoapFormatter" />.</returns>
    </member>
    <member name="P:System.Runtime.Serialization.Formatters.Soap.SoapFormatter.Context">
      <summary>Ruft ab oder legt die <see cref="T:System.Runtime.Serialization.StreamingContext" /> verwendet, die mit diesem <see cref="T:System.Runtime.Serialization.Formatters.Soap.SoapFormatter" />.</summary>
      <returns>Die <see cref="T:System.Runtime.Serialization.StreamingContext" /> verwendet, die mit diesem <see cref="T:System.Runtime.Serialization.Formatters.Soap.SoapFormatter" />.</returns>
    </member>
    <member name="P:System.Runtime.Serialization.Formatters.Soap.SoapFormatter.FilterLevel">
      <summary>Ruft ab oder legt die <see cref="T:System.Runtime.Serialization.Formatters.TypeFilterLevel" /> der automatischen Deserialisierung für .NET Framework Remoting.</summary>
      <returns>Die <see cref="T:System.Runtime.Serialization.Formatters.TypeFilterLevel" /> die die aktuelle Ebene der automatischen Deserialisierung darstellt.</returns>
    </member>
    <member name="P:System.Runtime.Serialization.Formatters.Soap.SoapFormatter.SurrogateSelector">
      <summary>Ruft ab oder legt die <see cref="T:System.Runtime.Serialization.SurrogateSelector" /> Steuerelemente Ersetzung während der Serialisierung und Deserialisierung eingeben.</summary>
      <returns>Die <see cref="T:System.Runtime.Serialization.SurrogateSelector" /> verwendet, die mit diesem <see cref="T:System.Runtime.Serialization.Formatters.Soap.SoapFormatter" />.</returns>
    </member>
    <member name="P:System.Runtime.Serialization.Formatters.Soap.SoapFormatter.TopObject">
      <summary>Ruft ab oder legt die <see cref="T:System.Runtime.Serialization.Formatters.ISoapMessage" /> in die das oberste SOAP-Objekt deserialisiert wird.</summary>
      <returns>Die <see cref="T:System.Runtime.Serialization.Formatters.ISoapMessage" /> in die das oberste SOAP-Objekt deserialisiert wird.</returns>
    </member>
    <member name="P:System.Runtime.Serialization.Formatters.Soap.SoapFormatter.TypeFormat">
      <summary>Ruft ab oder legt das Format, in dem eine Beschreibung der Typ im serialisierten Stream angeordnet werden.</summary>
      <returns>Das Format, in der Beschreibung im serialisierten Stream angeordnet werden.</returns>
    </member>
    <member name="T:System.Runtime.Serialization.Formatters.Soap.SoapFormatter">
      <summary>Serialisiert und deserialisiert ein Objekt oder ein ganzes Diagramm verbundener Objekte im SOAP-Format.</summary>
    </member>
  </members>
</doc>