﻿<?xml version="1.0" encoding="utf-8"?>
<doc>
  <assembly>
    <name>System.ServiceModel.Channels</name>
  </assembly>
  <members>
    <member name="M:System.ServiceModel.Channels.ByteStreamMessage.CreateMessage(System.ArraySegment{System.Byte})">
      <summary>Erstellt eine Byte-Stream-Nachricht unter Verwendung der angegebenen Pufferdaten.</summary>
      <param name="buffer">Der Puffer, das Daten für die Nachricht erstellt werden.</param>
      <returns>Ein <see cref="T:System.ServiceModel.Channels.Message" />-Objekt für die erstellte Meldung.</returns>
    </member>
    <member name="M:System.ServiceModel.Channels.ByteStreamMessage.CreateMessage(System.ArraySegment{System.Byte},System.ServiceModel.Channels.BufferManager)">
      <summary>Erstellt eine Byte-Stream-Nachricht unter Verwendung der angegebenen Puffer und Puffer-Manager.</summary>
      <param name="buffer">Der Puffer, das Daten für die Nachricht erstellt werden.</param>
      <param name="bufferManager">Die <see cref="T:System.ServiceModel.Channels.BufferManager" /> verwaltet die Puffer, der die Nachricht erstellt wird.</param>
      <returns>Ein <see cref="T:System.ServiceModel.Channels.Message" />-Objekt für die erstellte Meldung.</returns>
    </member>
    <member name="M:System.ServiceModel.Channels.ByteStreamMessage.CreateMessage(System.IO.Stream)">
      <summary>Erstellt eine Byte-Stream-Nachricht mit dem angegebenen Stream.</summary>
      <param name="stream">Der Datenstrom verwendet, um die Nachricht zu erstellen.</param>
      <returns>Ein <see cref="T:System.ServiceModel.Channels.Message" />-Objekt für die erstellte Meldung.</returns>
    </member>
    <member name="M:System.ServiceModel.Channels.ByteStreamMessageEncodingBindingElement.#ctor">
      <summary>Initialisiert eine neue Instanz der <see cref="T:System.ServiceModel.Channels.ByteStreamMessageEncodingBindingElement" />-Klasse.</summary>
    </member>
    <member name="M:System.ServiceModel.Channels.ByteStreamMessageEncodingBindingElement.#ctor(System.Xml.XmlDictionaryReaderQuotas)">
      <summary>Initialisiert eine neue Instanz der <see cref="T:System.ServiceModel.Channels.ByteStreamMessageEncodingBindingElement" />-Klasse mit dem angegebenen Kontingent.</summary>
      <param name="quota">Die Beschränkungen der Komplexität von XML-Meldungen, die von Endpunkten verarbeitet werden können, die mit diesem Bindungselement konfiguriert werden.</param>
    </member>
    <member name="M:System.ServiceModel.Channels.ByteStreamMessageEncodingBindingElement.BuildChannelFactory``1(System.ServiceModel.Channels.BindingContext)">
      <summary>Erstellt den Kanalfactorystapel auf dem Client, der einen angegebenen Kanaltyp für einen angegebenen Kontext erstellt.</summary>
      <param name="context">Der Bindungskontext für den Kanal.</param>
      <typeparam name="TChannel">Der Kanaltyp, der von der Kanalfactory erzeugt wird.</typeparam>
      <returns>Eine Kanalfactory vom Typ <paramref name="TChannel" /> für den angegebenen Kontext.</returns>
    </member>
    <member name="M:System.ServiceModel.Channels.ByteStreamMessageEncodingBindingElement.BuildChannelListener``1(System.ServiceModel.Channels.BindingContext)">
      <summary>Erstellt den Kanallistener auf dem Dienst, der einen festgelegten Kanaltyp für einen bestimmten Kontext akzeptiert.</summary>
      <param name="context">Der Bindungskontext für den Listener.</param>
      <typeparam name="TChannel">Der Kanaltyp, den der Kanallistener akzeptiert.</typeparam>
      <returns>Ein Kanallistener vom Typ <paramref name="TChannel" /> für den angegebenen Kontext.</returns>
    </member>
    <member name="M:System.ServiceModel.Channels.ByteStreamMessageEncodingBindingElement.CanBuildChannelFactory``1(System.ServiceModel.Channels.BindingContext)">
      <summary>Gibt einen Wert zurück, der angibt, ob die aktuelle Bindung eine Factory für einen angegebenen Kanaltyp und Kontext erstellen kann.</summary>
      <param name="context">Der Bindungskontext für den Kanal.</param>
      <typeparam name="TChannel">Der Kanaltyp, der von der Kanalfactory erzeugt wird.</typeparam>
      <returns>true, wenn der angegebene Kanalfactorystapel auf dem Dienst erstellt werden kann, andernfalls false.</returns>
    </member>
    <member name="M:System.ServiceModel.Channels.ByteStreamMessageEncodingBindingElement.CanBuildChannelListener``1(System.ServiceModel.Channels.BindingContext)">
      <summary>Gibt einen Wert zurück, der angibt, ob die aktuelle Bindung einen Listener für einen angegebenen Typ von Kanal und Kontext erstellen kann.</summary>
      <param name="context">Der Bindungskontext für den Listener.</param>
      <typeparam name="TChannel">Der Kanaltyp, den der Kanallistener akzeptiert.</typeparam>
      <returns>true, wenn der angegebene Kanallistenerstapel auf dem Dienst erstellt werden kann, andernfalls false.</returns>
    </member>
    <member name="M:System.ServiceModel.Channels.ByteStreamMessageEncodingBindingElement.Clone">
      <summary>Erstellt ein neues, aus dem aktuellen Objekt initialisiertes <see cref="T:System.ServiceModel.Channels.ByteStreamMessageEncodingBindingElement" />-Objekt.</summary>
      <returns>Ein Bindungselement mit Eigenschaftswerten, die denen des aktuellen Elements entsprechen.</returns>
    </member>
    <member name="M:System.ServiceModel.Channels.ByteStreamMessageEncodingBindingElement.CreateMessageEncoderFactory">
      <summary>Erstellt eine Factory für Bytestream-Nachrichtenencoder, die die SOAP- und WS-Adressierungsversionen und die Zeichencodierung, die vom aktuellen Codierungsbindungselement festgelegt wurden, verwenden.</summary>
      <returns>Die von diesem Bindungselement erstellte Nachrichtenencoderfactory.</returns>
    </member>
    <member name="M:System.ServiceModel.Channels.ByteStreamMessageEncodingBindingElement.ShouldSerializeMessageVersion">
      <summary>Gibt einen Wert zurück, der angibt, ob die <see cref="P:System.ServiceModel.Channels.ByteStreamMessageEncodingBindingElement.MessageVersion" />-Eigenschaft ihren Standardwert geändert hat und serialisiert werden soll.</summary>
      <returns>false.</returns>
    </member>
    <member name="M:System.ServiceModel.Channels.ByteStreamMessageEncodingBindingElement.ShouldSerializeReaderQuotas">
      <summary>Gibt einen Wert zurück, der angibt, ob die <see cref="P:System.ServiceModel.Channels.ByteStreamMessageEncodingBindingElement.ReaderQuotas" />-Eigenschaft ihren Standardwert geändert hat und serialisiert werden soll.</summary>
      <returns>true, wenn der <see cref="P:System.ServiceModel.Channels.ByteStreamMessageEncodingBindingElement.ReaderQuotas" />-Eigenschaftswert serialisiert werden soll, andernfalls false.</returns>
    </member>
    <member name="M:System.ServiceModel.Channels.HttpRequestMessageExtensionMethods.ToMessage(System.Net.Http.HttpRequestMessage)">
      <summary> Erstellt eine <see cref="T:System.ServiceModel.Channels.Message" /> -Instanz aus einer <see cref="T:System.Net.Http.HttpRequestMessage" /> Instanz.</summary>
      <param name="httpRequestMessage">Die <see cref="T:System.Net.Http.HttpRequestMessage" /> aus dem Erstellen der <see cref="T:System.ServiceModel.Channels.Message" /> Instanz.</param>
      <returns>Die neue <see cref="T:System.ServiceModel.Channels.Message" />-Instanz.</returns>
    </member>
    <member name="M:System.ServiceModel.Channels.HttpResponseMessageExtensionMethods.ToMessage(System.Net.Http.HttpResponseMessage)">
      <summary> Erstellt eine <see cref="T:System.ServiceModel.Channels.Message" /> -Instanz aus einer <see cref="T:System.Net.Http.HttpResponseMessage" /> Instanz.</summary>
      <param name="httpResponseMessage">Die <see cref="T:System.Net.Http.HttpResponseMessage" /> aus dem Erstellen der <see cref="T:System.ServiceModel.Channels.Message" /> Instanz.</param>
      <returns>Die neue <see cref="T:System.ServiceModel.Channels.Message" />-Instanz.</returns>
    </member>
    <member name="M:System.ServiceModel.Channels.MessageExtensionMethods.ToHttpRequestMessage(System.ServiceModel.Channels.Message)">
      <summary> Erstellt eine <see cref="T:System.Net.Http.HttpRequestMessage" /> -Instanz aus einer <see cref="T:System.ServiceModel.Channels.Message" /> Instanz.</summary>
      <param name="message">Die <see cref="T:System.ServiceModel.Channels.Message" /> Instanz aus dem erhalten der <see cref="T:System.Net.Http.HttpRequestMessage" /> Instanz.</param>
      <returns>Die <see cref="T:System.Net.Http.HttpRequestMessage" />-Instanz.</returns>
    </member>
    <member name="M:System.ServiceModel.Channels.MessageExtensionMethods.ToHttpResponseMessage(System.ServiceModel.Channels.Message)">
      <summary> Erstellt eine <see cref="T:System.Net.Http.HttpResponseMessage" /> -Instanz aus einer <see cref="T:System.ServiceModel.Channels.Message" /> Instanz.</summary>
      <param name="message">Die <see cref="T:System.ServiceModel.Channels.Message" /> Instanz aus dem erhalten der <see cref="T:System.Net.Http.HttpResponseMessage" /> Instanz.</param>
      <returns>Die <see cref="T:System.Net.Http.HttpResponseMessage" />-Instanz.</returns>
    </member>
    <member name="M:System.ServiceModel.Channels.NetworkInterfaceMessageProperty.#ctor(System.Int32)">
      <summary>Initialisiert eine neue Instanz der <see cref="T:System.ServiceModel.Channels.NetworkInterfaceMessageProperty" /> -Klasse mit einer angegebenen Schnittstellenindex.</summary>
      <param name="interfaceIndex">Der Index des angegebenen Schnittstelle.</param>
    </member>
    <member name="M:System.ServiceModel.Channels.NetworkInterfaceMessageProperty.AddTo(System.ServiceModel.Channels.Message)">
      <summary>Gibt eine Meldung in den Eigenschaften der Nachricht hinzufügen.</summary>
      <param name="message">Die Nachricht hinzufügen.</param>
    </member>
    <member name="M:System.ServiceModel.Channels.NetworkInterfaceMessageProperty.AddTo(System.ServiceModel.Channels.MessageProperties)">
      <summary>Gibt eine Eigenschaft die Nachrichteneigenschaften hinzu.</summary>
      <param name="properties">Die Eigenschaften hinzufügen.</param>
    </member>
    <member name="M:System.ServiceModel.Channels.NetworkInterfaceMessageProperty.TryGet(System.ServiceModel.Channels.Message,System.ServiceModel.Channels.NetworkInterfaceMessageProperty@)">
      <summary>Versucht, die NetworkInterfaceMessageProperty aus den Eigenschaften einer angegebenen Nachricht abzurufen.</summary>
      <param name="message">Die Nachricht aus der Nachrichteneigenschaften für die Netzwerkschnittstellen abgerufen werden sollen.</param>
      <param name="property">Die Methode gibt true zurück, NetworkInterfaceMessageProperty enthält eine NetworkInterfaceMessageProperty, die der Meldung zugeordnet ist.</param>
      <returns>True Wenn ein Wert für die NetworkInterfaceMessageproperty aus der Nachricht abgerufen wird; andernfalls false.</returns>
    </member>
    <member name="M:System.ServiceModel.Channels.NetworkInterfaceMessageProperty.TryGet(System.ServiceModel.Channels.MessageProperties,System.ServiceModel.Channels.NetworkInterfaceMessageProperty@)">
      <summary>Versucht, die NetworkInterfaceMessageProperty aus einer angegebenen Auflistung von Nachrichteneigenschaften abzurufen.</summary>
      <param name="properties">Aus der Netzwerkschnittstellen Nachrichteneigenschaften MessageProperties sind abgerufen werden sollen.</param>
      <param name="property">Die Methode gibt true zurück, NetworkInterfaceMessageProperty enthält eine NetworkInterfaceMessageProperty, die den Eigenschaften zugeordnet ist.</param>
      <returns>True Wenn ein Wert für die NetworkInterfaceMessageProperty aus den Eigenschaften abgerufen wird; andernfalls false.</returns>
    </member>
    <member name="M:System.ServiceModel.Channels.UdpRetransmissionSettings.#ctor">
      <summary>Initialisiert eine neue Instanz der <see cref="T:System.ServiceModel.Channels.UdpRetransmissionSettings" />-Klasse.</summary>
    </member>
    <member name="M:System.ServiceModel.Channels.UdpRetransmissionSettings.#ctor(System.Int32,System.Int32)">
      <summary>Initialisiert eine neue Instanz der <see cref="T:System.ServiceModel.Channels.UdpRetransmissionSettings" /> -Klasse mit angegebenen maximalen Unicast erneut Zähler und maximale multicast Übertragungsversuche Zähler.</summary>
      <param name="maxUnicastRetransmitCount">Die maximale Unicast erneut Count.</param>
      <param name="maxMulticastRetransmitCount">Die Anzahl der Übertragungsversuche für maximale multicast.</param>
    </member>
    <member name="M:System.ServiceModel.Channels.UdpRetransmissionSettings.#ctor(System.Int32,System.Int32,System.TimeSpan,System.TimeSpan,System.TimeSpan)">
      <summary>Initialisiert eine neue Instanz der <see cref="T:System.ServiceModel.Channels.UdpRetransmissionSettings" /> -Klasse mit angegebenen maximalen Unicast Count und maximale multicast Übertragungsversuche Count, Verzögerung Untergrenze, Obergrenze für die Verzögerung und maximale Verzögerung pro Übertragung zu übertragen.</summary>
      <param name="maxUnicastRetransmitCount">Die maximale Unicast erneut Count.</param>
      <param name="maxMulticastRetransmitCount">Die Anzahl der Übertragungsversuche für maximale multicast.</param>
      <param name="delayLowerBound">Die untere Grenze Verzögerung.</param>
      <param name="delayUpperBound">Die obere Grenze Verzögerung.</param>
      <param name="maxDelayPerRetransmission">Die maximale Verzögerung pro Übertragung.</param>
    </member>
    <member name="M:System.ServiceModel.Channels.UdpRetransmissionSettings.ShouldSerializeDelayLowerBound">
      <summary>Gibt an, ob die Einstellungen des UDP-Übertragung die untere Grenze Verzögerung serialisiert werden soll.</summary>
      <returns>True Wenn die Einstellungen des UDP-Übertragung die untere Grenze Verzögerung serialisiert werden soll; andernfalls false.</returns>
    </member>
    <member name="M:System.ServiceModel.Channels.UdpRetransmissionSettings.ShouldSerializeDelayUpperBound">
      <summary>Gibt an, ob die Einstellungen des UDP-Übertragung die Obergrenze Verzögerung serialisiert werden soll.</summary>
      <returns>True Wenn die Einstellungen des UDP-Übertragung die Obergrenze Verzögerung serialisiert werden soll; andernfalls false.</returns>
    </member>
    <member name="M:System.ServiceModel.Channels.UdpRetransmissionSettings.ShouldSerializeMaxDelayPerRetransmission">
      <summary>Gibt an, ob die Einstellungen des UDP-Übertragung die maximale Verzögerung pro Übertragung serialisiert werden soll.</summary>
      <returns>True Wenn die Einstellungen des UDP-Übertragung die maximale Verzögerung pro Übertragung serialisiert werden soll; andernfalls false.</returns>
    </member>
    <member name="M:System.ServiceModel.Channels.UdpTransportBindingElement.#ctor">
      <summary>Initialisiert eine neue Instanz der <see cref="T:System.ServiceModel.Channels.UdpTransportBindingElement" />-Klasse.</summary>
    </member>
    <member name="M:System.ServiceModel.Channels.UdpTransportBindingElement.BuildChannelFactory``1(System.ServiceModel.Channels.BindingContext)">
      <summary>Initialisiert eine Kanalfactory zum Erstellen von Kanälen eines bestimmten Typs aus dem Bindungskontext.</summary>
      <param name="context">
        <see cref="T:System.ServiceModel.Channels.BindingContext" />, der den Kontext für das Bindungselement bereitstellt.</param>
      <typeparam name="TChannel">Der Typ des Kanals, der von der Factory erstellt wird.</typeparam>
      <returns>Die<see cref="T:System.ServiceModel.Channels.IChannelFactory`1" /> des Typs <paramref name="TChannel" /> vom Kontext initialisiert wurde.</returns>
    </member>
    <member name="M:System.ServiceModel.Channels.UdpTransportBindingElement.BuildChannelListener``1(System.ServiceModel.Channels.BindingContext)">
      <summary>Initialisiert einen Kanallistener, der Kanäle eines bestimmten Typs aus dem Bindungskontext annimmt.</summary>
      <param name="context">
        <see cref="T:System.ServiceModel.Channels.BindingContext" />, der den Kontext für das Bindungselement bereitstellt.</param>
      <typeparam name="TChannel">Der Kanaltyp, den der Kanallistener akzeptiert.</typeparam>
      <returns>Die <see cref="T:System.ServiceModel.Channels.IChannelListener`1" /> des Typs <paramref name="TChannel" /> vom Kontext initialisiert wurde.</returns>
    </member>
    <member name="M:System.ServiceModel.Channels.UdpTransportBindingElement.CanBuildChannelFactory``1(System.ServiceModel.Channels.BindingContext)">
      <summary>Gibt einen Wert zurück, der angibt, ob das Bindungselement eine Kanalfactory für einen bestimmten Typ von Kanälen erstellen kann.</summary>
      <param name="context">Die <see cref="T:System.ServiceModel.Channels.BindingContext" /> der Kontext für das Bindungselement bereitstellt.</param>
      <typeparam name="TChannel">Der Kanaltyp, der von der Kanalfactory erzeugt wird.</typeparam>
      <returns>true, wenn der <see cref="T:System.ServiceModel.Channels.IChannelFactory`1" /> vom Typ <paramref name="TChannel" /> durch das Bindungselement erstellt werden kann, andernfalls false.</returns>
    </member>
    <member name="M:System.ServiceModel.Channels.UdpTransportBindingElement.CanBuildChannelListener``1(System.ServiceModel.Channels.BindingContext)">
      <summary>Gibt einen Wert zurück, der angibt, ob das Bindungselement einen Listener für einen bestimmten Typ von Kanal erstellen kann.</summary>
      <param name="context">Die <see cref="T:System.ServiceModel.Channels.BindingContext" /> der Kontext für das Bindungselement bereitstellt.</param>
      <typeparam name="TChannel">Der Kanaltyp, den der Listener akzeptiert.</typeparam>
      <returns>true, wenn der <see cref="T:System.ServiceModel.Channels.IChannelListener`1" /> vom Typ <paramref name="TChannel" /> durch das Bindungselement erstellt werden kann, andernfalls false.</returns>
    </member>
    <member name="M:System.ServiceModel.Channels.UdpTransportBindingElement.Clone">
      <summary>Gibt eine Kopie des bindungselementobjekts zurück.</summary>
      <returns>Ein <see cref="T:System.ServiceModel.Channels.BindingElement" />-Objekt, bei dem es sich um einen tiefen Klon des Originals handelt.</returns>
    </member>
    <member name="M:System.ServiceModel.Channels.UdpTransportBindingElement.GetProperty``1(System.ServiceModel.Channels.BindingContext)">
      <summary>Gibt eine Eigenschaft aus dem angegebenen Bindungskontext zurück.</summary>
      <param name="context">Einen Bindungskontext.</param>
      <typeparam name="T">Der Typ der abzurufenden Eigenschaft.</typeparam>
      <returns>Die Eigenschaft aus dem angegebenen Bindungskontext.</returns>
    </member>
    <member name="M:System.ServiceModel.Channels.UdpTransportBindingElement.ShouldSerializeRetransmissionSettings">
      <summary>Gibt an, ob die erneute Übertragung Einstellungen aus dem Bindungselement serialisiert werden soll.</summary>
      <returns>true Wenn die Übertragung Einstellungen aus dem Bindungselement serialisiert werden soll; andernfalls false.</returns>
    </member>
    <member name="M:System.ServiceModel.Channels.UdpTransportBindingElement.System#ServiceModel#Description#IPolicyExportExtension#ExportPolicy(System.ServiceModel.Description.MetadataExporter,System.ServiceModel.Description.PolicyConversionContext)">
      <summary>Schreibt die benutzerdefinierte Richtlinienassertionen in den Kontext des Bindungselements.</summary>
      <param name="exporter">Das Objekt, das die Metadateninformationen exportiert.</param>
      <param name="context">Die <see cref="T:System.ServiceModel.Description.PolicyConversionContext" /> dass Sie zum Einfügen der benutzerdefinierten Richtlinienassertion verwenden können.</param>
    </member>
    <member name="M:System.ServiceModel.Channels.UdpTransportBindingElement.System#ServiceModel#Description#IWsdlExportExtension#ExportContract(System.ServiceModel.Description.WsdlExporter,System.ServiceModel.Description.WsdlContractConversionContext)">
      <summary>Schreibt die benutzerdefinierte Web Services Description Language (WSDL)-Elemente in die generierte WSDL für einen Vertrag.</summary>
      <param name="exporter">Das Objekt, das die Vertragsinformationen exportiert.</param>
      <param name="context">Der Kontext, der Zuordnungen aus exportierten WSDL-Elementen zur vertragsbeschreibung bereitstellt.</param>
    </member>
    <member name="M:System.ServiceModel.Channels.UdpTransportBindingElement.System#ServiceModel#Description#IWsdlExportExtension#ExportEndpoint(System.ServiceModel.Description.WsdlExporter,System.ServiceModel.Description.WsdlEndpointConversionContext)">
      <summary>Schreibt die benutzerdefinierte Web Services Description Language (WSDL)-Elemente in die generierte WSDL für einen Endpunkt.</summary>
      <param name="exporter">Das Objekt, das die Vertragsinformationen exportiert.</param>
      <param name="context">Der Kontext, der Zuordnungen aus exportierten WSDL-Elementen zur endpunktbeschreibung bereitstellt.</param>
    </member>
    <member name="M:System.ServiceModel.Channels.UdpTransportImporter.#ctor">
      <summary>Initialisiert eine neue Instanz der <see cref="T:System.ServiceModel.Channels.UdpTransportImporter" />-Klasse.</summary>
    </member>
    <member name="M:System.ServiceModel.Channels.UdpTransportImporter.BeforeImport(System.Web.Services.Description.ServiceDescriptionCollection,System.Xml.Schema.XmlSchemaSet,System.Collections.Generic.ICollection{System.Xml.XmlElement})">
      <summary>Stellt den UDP-Transport vor dem Importieren von Metadatendokumenten dar.</summary>
      <param name="wsdlDocuments">Die WSDL-Dokumente.</param>
      <param name="xmlSchemas">Die XML-Schemas.</param>
      <param name="policy">Die Richtlinie.</param>
    </member>
    <member name="M:System.ServiceModel.Channels.UdpTransportImporter.ImportContract(System.ServiceModel.Description.WsdlImporter,System.ServiceModel.Description.WsdlContractConversionContext)">
      <summary>Importe Vertrag, der UDP-Transport-Importer.</summary>
      <param name="importer">Der WSDL-Importer.</param>
      <param name="context">Der Kontext.</param>
    </member>
    <member name="M:System.ServiceModel.Channels.UdpTransportImporter.ImportEndpoint(System.ServiceModel.Description.WsdlImporter,System.ServiceModel.Description.WsdlEndpointConversionContext)">
      <summary>Endpunkt importiert auf den UDP-Transport-Importer.</summary>
      <param name="importer">Der WSDL-Importer.</param>
      <param name="context">Der Kontext.</param>
    </member>
    <member name="M:System.ServiceModel.Channels.UdpTransportImporter.ImportPolicy(System.ServiceModel.Description.MetadataImporter,System.ServiceModel.Description.PolicyConversionContext)">
      <summary>Importiert die Richtlinie an den UDP-Transport-Importer.</summary>
      <param name="importer">Der WSDL-Importer.</param>
      <param name="context">Der Kontext.</param>
    </member>
    <member name="M:System.ServiceModel.Configuration.ByteStreamMessageEncodingElement.#ctor">
      <summary>Initialisiert eine neue Instanz der <see cref="T:System.ServiceModel.Configuration.ByteStreamMessageEncodingElement" />-Klasse.</summary>
    </member>
    <member name="M:System.ServiceModel.Configuration.ByteStreamMessageEncodingElement.ApplyConfiguration(System.ServiceModel.Channels.BindingElement)">
      <summary>Übernimmt den Inhalt eines angegebenen Bindungselements für das aktuelle <see cref="T:System.ServiceModel.Configuration.ByteStreamMessageEncodingElement" />-Objekt.</summary>
      <param name="bindingElement">Das Bindungselement, dessen Einstellungen auf dieses Konfigurationselement angewendet werden sollen.</param>
    </member>
    <member name="M:System.ServiceModel.Configuration.ByteStreamMessageEncodingElement.CopyFrom(System.ServiceModel.Configuration.ServiceModelExtensionElement)">
      <summary>Kopiert den Inhalt des angegebenen Konfigurationsabschnitts in das aktuelle <see cref="T:System.ServiceModel.Configuration.ByteStreamMessageEncodingElement" />-Objekt.</summary>
      <param name="from">Der Inhalt, der kopiert wird.</param>
    </member>
    <member name="M:System.ServiceModel.Configuration.UdpBindingCollectionElement.#ctor">
      <summary>Initialisiert eine neue Instanz der <see cref="T:System.ServiceModel.Configuration.UdpBindingCollectionElement" />-Klasse.</summary>
    </member>
    <member name="M:System.ServiceModel.Configuration.UdpBindingElement.#ctor">
      <summary>Initialisiert eine neue Instanz der <see cref="T:System.ServiceModel.Configuration.UdpBindingElement" />-Klasse.</summary>
    </member>
    <member name="M:System.ServiceModel.Configuration.UdpBindingElement.#ctor(System.String)">
      <summary>Initialisiert eine neue Instanz der <see cref="T:System.ServiceModel.Configuration.UdpBindingElement" /> -Klasse mit angegebenen Namen.</summary>
      <param name="name">Der Name.</param>
    </member>
    <member name="M:System.ServiceModel.Configuration.UdpBindingElement.InitializeFrom(System.ServiceModel.Channels.Binding)">
      <summary>Initialisiert dieses Bindungskonfigurationselement mit dem Inhalt der angegebenen Bindung.</summary>
      <param name="binding">Die verwendete Bindung.</param>
    </member>
    <member name="M:System.ServiceModel.Configuration.UdpBindingElement.OnApplyConfiguration(System.ServiceModel.Channels.Binding)">
      <summary>Wendet die angegebene Bindung, die <see cref="T:System.ServiceModel.Configuration.UdpBindingElement" /> Instanz.</summary>
      <param name="binding">Die anzuwendende Bindung.</param>
    </member>
    <member name="M:System.ServiceModel.Configuration.UdpRetransmissionSettingsElement.#ctor">
      <summary>Initialisiert eine neue Instanz der <see cref="T:System.ServiceModel.Configuration.UdpRetransmissionSettingsElement" />-Klasse.</summary>
    </member>
    <member name="M:System.ServiceModel.Configuration.UdpTransportElement.#ctor">
      <summary>Initialisiert eine neue Instanz der <see cref="T:System.ServiceModel.Configuration.UdpTransportElement" />-Klasse.</summary>
    </member>
    <member name="M:System.ServiceModel.Configuration.UdpTransportElement.ApplyConfiguration(System.ServiceModel.Channels.BindingElement)">
      <summary>Übernimmt die Einstellungen vom angegebenen <see cref="T:System.ServiceModel.Channels.BindingElement" /> für dieses Konfigurationselement.</summary>
      <param name="bindingElement">Das <see cref="T:System.ServiceModel.Channels.BindingElement" />, dessen Einstellungen für dieses Konfigurationselement übernommen werden sollen.</param>
    </member>
    <member name="M:System.ServiceModel.UdpBinding.#ctor">
      <summary>Initialisiert eine neue Instanz der <see cref="T:System.ServiceModel.UdpBinding" />-Klasse.</summary>
    </member>
    <member name="M:System.ServiceModel.UdpBinding.#ctor(System.String)">
      <summary>Initialisiert eine neue Instanz der <see cref="T:System.ServiceModel.UdpBinding" />-Klasse mit einem angegebenen Konfigurationsnamen.</summary>
      <param name="configurationName">Der Konfigurationsname.</param>
    </member>
    <member name="M:System.ServiceModel.UdpBinding.CreateBindingElements">
      <summary>Erstellt eine Auflistung von Bindungselementen.</summary>
      <returns>Eine Auflistung von Bindungselementen.</returns>
    </member>
    <member name="M:System.ServiceModel.UdpBinding.ShouldSerializeReaderQuotas">
      <summary>Gibt einen Wert, der angibt, ob die ReaderQuotas serialisiert werden soll.</summary>
      <returns>True Wenn die ReaderQuotas serialisiert werden soll; andernfalls false.</returns>
    </member>
    <member name="M:System.ServiceModel.UdpBinding.ShouldSerializeTextEncoding">
      <summary>Gibt zurück, ob Einstellungen für die Textcodierung serialisiert werden sollen.</summary>
      <returns>True Wenn die Einstellungen für die textcodierung serialisiert werden soll; andernfalls false.</returns>
    </member>
    <member name="P:System.ServiceModel.Channels.ByteStreamMessageEncodingBindingElement.MessageVersion">
      <summary>Ruft die Versionen der SOAP-Nachricht und WS-Addressing ab, die verwendet oder erwartet werden, bzw. legt diese fest.</summary>
      <returns>Die verwendete oder erwartete Nachrichtenversion.</returns>
    </member>
    <member name="P:System.ServiceModel.Channels.ByteStreamMessageEncodingBindingElement.ReaderQuotas">
      <summary>Ruft Beschränkungen der Komplexität von XML-Nachrichten ab, die von mit diesem Bindungselement konfigurierten Endpunkten verarbeitet werden können, oder legt Beschränkungen fest.</summary>
      <returns>Die Komplexitätseinschränkungen für ausgetauschte SOAP-Nachrichten. Die Standardwerte für diese Einschränkungen werden in den folgenden Hinweisabschnitten angegeben.</returns>
    </member>
    <member name="P:System.ServiceModel.Channels.NetworkInterfaceMessageProperty.InterfaceIndex">
      <summary>Ruft den Wert, der den Index für die Eigenschaft angibt.</summary>
      <returns>Der Wert, der den Index für die Eigenschaft angibt.</returns>
    </member>
    <member name="P:System.ServiceModel.Channels.NetworkInterfaceMessageProperty.Name">
      <summary>Ruft den angegebenen Namen für die Eigenschaft der Netzwerk-Schnittstelle.</summary>
      <returns>Der angegebene Name für die Eigenschaft der Netzwerk-Schnittstelle.</returns>
    </member>
    <member name="P:System.ServiceModel.Channels.UdpRetransmissionSettings.DelayLowerBound">
      <summary>Ruft ab oder legt die Verzögerung für die untere Grenze für die erneute Übertragung-Einstellung.</summary>
      <returns>Die Verzögerung für die untere Grenze für die erneute Übertragung festlegen.</returns>
    </member>
    <member name="P:System.ServiceModel.Channels.UdpRetransmissionSettings.DelayUpperBound">
      <summary>Ruft ab oder legt die Verzögerung für die obere Grenze für die erneute Übertragung-Einstellung.</summary>
      <returns>Die Verzögerung für die obere Grenze für die erneute Übertragung-Einstellung.</returns>
    </member>
    <member name="P:System.ServiceModel.Channels.UdpRetransmissionSettings.MaxDelayPerRetransmission">
      <summary>Ruft ab oder legt die maximale Verzögerung pro Übertragung für die erneute Übertragung Einstellung fest.</summary>
      <returns>Die maximale Verzögerung pro Übertragung für die erneute Übertragung-Einstellung.</returns>
    </member>
    <member name="P:System.ServiceModel.Channels.UdpRetransmissionSettings.MaxMulticastRetransmitCount">
      <summary>Ruft ab oder legt die Anzahl der maximal multicast-Übertragung.</summary>
      <returns>Die Anzahl der maximal multicast-Übertragung.</returns>
    </member>
    <member name="P:System.ServiceModel.Channels.UdpRetransmissionSettings.MaxUnicastRetransmitCount">
      <summary>Ruft ab oder legt die Anzahl der maximal Unicast-Übertragung fest.</summary>
      <returns>Anzahl der maximale Unicast-Übertragung.</returns>
    </member>
    <member name="P:System.ServiceModel.Channels.UdpTransportBindingElement.DuplicateMessageHistoryLength">
      <summary>Ruft ab oder legt die maximale Anzahl der Nachricht Hashes, die von der Bindung verwendet wird, um doppelte Nachrichten zu identifizieren.</summary>
      <returns>Die maximale Anzahl meldungshashes, die von der Bindung verwendet wird, um doppelte Nachrichten zu identifizieren.</returns>
    </member>
    <member name="P:System.ServiceModel.Channels.UdpTransportBindingElement.MaxPendingMessagesTotalSize">
      <summary>Ruft ab oder legt die maximale Anzahl der Nachrichten, die empfangen, jedoch noch nicht aus der Eingabewarteschlange für eine einzelne Channelinstanz entfernt wurden.</summary>
      <returns>Die maximale Anzahl an Meldungen, die zwar empfangen, jedoch noch nicht aus der Eingabewarteschlange einer einzelnen Channelinstanz entfernt wurden.</returns>
    </member>
    <member name="P:System.ServiceModel.Channels.UdpTransportBindingElement.MulticastInterfaceId">
      <summary>Ruft ab oder legt den Netzwerkadapter, der beim Senden und Empfangen von Multicastdatenverkehr auf mehrfach verbesserten Computern verwendet wird.</summary>
      <returns>Der Netzwerkadapter, der beim Senden und Empfangen von Multicastdatenverkehr auf mehrfach verbesserten Computern verwendet wird.</returns>
    </member>
    <member name="P:System.ServiceModel.Channels.UdpTransportBindingElement.RetransmissionSettings">
      <summary>Ruft ab oder legt die UDP-Übertragung-Einstellungen.</summary>
      <returns>Die Einstellungen für den UDP-Übertragung.</returns>
    </member>
    <member name="P:System.ServiceModel.Channels.UdpTransportBindingElement.Scheme">
      <summary>Ruft das URI-Schema für den Transport ab.</summary>
      <returns>Das URI-Schema für den Transport.</returns>
    </member>
    <member name="P:System.ServiceModel.Channels.UdpTransportBindingElement.SocketReceiveBufferSize">
      <summary>Ruft ab oder legt die Empfangspuffergröße auf dem zugrunde liegenden Socket.</summary>
      <returns>Die Empfangspuffergröße auf dem zugrunde liegenden Socket.</returns>
    </member>
    <member name="P:System.ServiceModel.Channels.UdpTransportBindingElement.TimeToLive">
      <summary>Ruft ab oder legt die Anzahl der netzwerksegmenthops.</summary>
      <returns>Die Anzahl der Netzwerksegmenthops.</returns>
    </member>
    <member name="P:System.ServiceModel.Configuration.ByteStreamMessageEncodingElement.BindingElementType">
      <summary>Ruft den Typ des <see cref="T:System.ServiceModel.Channels.ByteStreamMessageEncodingBindingElement" /> ab.</summary>
      <returns>Ein Konfigurationselementtyp.</returns>
    </member>
    <member name="P:System.ServiceModel.Configuration.ByteStreamMessageEncodingElement.ReaderQuotas">
      <summary>Stellt das <see cref="T:System.ServiceModel.Configuration.XmlDictionaryReaderQuotasElement" />-Konfigurationselement dar, das die Beschränkungen für die Komplexität von SOAP-Meldungen definiert, die von mit dieser Codierung konfigurierten Endpunkten verarbeitet werden können.</summary>
      <returns>Ein Konfigurationselement</returns>
    </member>
    <member name="P:System.ServiceModel.Configuration.UdpBindingElement.BindingElementType">
      <summary>Ruft den Typ der Bindung ab.</summary>
      <returns>Der Typ der Bindung.</returns>
    </member>
    <member name="P:System.ServiceModel.Configuration.UdpBindingElement.DuplicateMessageHistoryLength">
      <summary>Ruft ab oder legt den Wert für die maximale Anzahl der Nachrichten in einem UDP-transportkonfigurationselement verwendet Hashes.</summary>
      <returns>Der Wert für die maximale Anzahl meldungshashes, die verwendet werden soll.</returns>
    </member>
    <member name="P:System.ServiceModel.Configuration.UdpBindingElement.MaxBufferPoolSize">
      <summary>Ruft die maximale Größe von Pufferpools ab, die vom Transport verwendet werden, oder legt diese fest.</summary>
      <returns>Die maximale Größe des Pufferpools verwendet.</returns>
    </member>
    <member name="P:System.ServiceModel.Configuration.UdpBindingElement.MaxPendingMessagesTotalSize">
      <summary>Ruft ab oder legt einen Wert, der die Gesamtgröße der Nachrichten angibt, die empfangen, aber noch nicht aus der Eigenschaft in einem UDP-Bindung-Element entfernt wurde.</summary>
      <returns>Die Gesamtgröße der ausstehenden Nachrichten.</returns>
    </member>
    <member name="P:System.ServiceModel.Configuration.UdpBindingElement.MaxReceivedMessageSize">
      <summary>Ruft ab oder legt den Wert für die Größeneigenschaft Maximalgröße empfangener Nachrichten in einem UDP-Bindung-Element.</summary>
      <returns>Der Wert der maximalen empfangene Nachricht Size-Eigenschaft.</returns>
    </member>
    <member name="P:System.ServiceModel.Configuration.UdpBindingElement.MaxRetransmitCount">
      <summary>Ruft ab oder legt die Anzahl der Übertragungsversuche maximale für das UDP-Bindungselement.</summary>
      <returns>Die Anzahl der Übertragungsversuche maximale.</returns>
    </member>
    <member name="P:System.ServiceModel.Configuration.UdpBindingElement.MulticastInterfaceId">
      <summary>Ruft oder legt den Wert des Netzwerkadapters, der verwendet wird, in einem UDP-Bindung-Element.</summary>
      <returns>Der Wert des Netzwerkadapters, der in einem UDP-Bindung-Element verwendet wird.</returns>
    </member>
    <member name="P:System.ServiceModel.Configuration.UdpBindingElement.Properties">
      <summary>Ruft die Eigenschaften mit dem UDP-Bindung ab.</summary>
      <returns>Die Eigenschaften, die die UDP-Binding-Element zugeordnet ist.</returns>
    </member>
    <member name="P:System.ServiceModel.Configuration.UdpBindingElement.ReaderQuotas">
      <summary>Ruft die readerkontingente, die im UDP-Bindungselement verwendet.</summary>
      <returns>Die readerkontingente, die im UDP-Bindungselement verwendet wird.</returns>
    </member>
    <member name="P:System.ServiceModel.Configuration.UdpBindingElement.TextEncoding">
      <summary>Ruft ab, oder legt sie fest, Text-Codierung in die UDP-Bindungselement verwendet.</summary>
      <returns>Text-Codierung verwendet im Bindungselement UDP.</returns>
    </member>
    <member name="P:System.ServiceModel.Configuration.UdpBindingElement.TimeToLive">
      <summary>Ruft ab oder legt die Zeit für das Bindungselement UDP Gültigkeitsdauer fest.</summary>
      <returns>Die Zeit für das Bindungselement UDP-Gültigkeitsdauer.</returns>
    </member>
    <member name="P:System.ServiceModel.Configuration.UdpRetransmissionSettingsElement.DelayLowerBound">
      <summary>Ruft ab oder legt die Verzögerung untere Grenze für die UDP-Übertragung Settings-Element fest.</summary>
      <returns>Die untere Grenze Verzögerung für die UDP-Übertragung Settings-Element.</returns>
    </member>
    <member name="P:System.ServiceModel.Configuration.UdpRetransmissionSettingsElement.DelayUpperBound">
      <summary>Ruft ab oder legt die Verzögerung der Obergrenze für die UDP-Übertragung Settings-Element.</summary>
      <returns>Die obere Grenze Verzögerung für die UDP-Übertragung Settings-Element.</returns>
    </member>
    <member name="P:System.ServiceModel.Configuration.UdpRetransmissionSettingsElement.MaxDelayPerRetransmission">
      <summary>Ruft ab oder legt die maximale Verzögerung pro Übertragung für die UDP-Übertragung Settings-Element fest.</summary>
      <returns>Die maximale Verzögerung für die erneute Übertragung für die UDP-Übertragung Settings-Element.</returns>
    </member>
    <member name="P:System.ServiceModel.Configuration.UdpRetransmissionSettingsElement.MaxMulticastRetransmitCount">
      <summary>Ruft ab oder legt die Anzahl der maximal Multicast für die erneute Übertragung für die UDP-Übertragung Settings-Element.</summary>
      <returns>Die Anzahl der maximal Multicast für die erneute Übertragung.</returns>
    </member>
    <member name="P:System.ServiceModel.Configuration.UdpRetransmissionSettingsElement.MaxUnicastRetransmitCount">
      <summary>Ruft ab oder legt die Anzahl der maximal Unicast für die erneute Übertragung für die UDP-Übertragung Settings-Element.</summary>
      <returns>Die Anzahl der maximal Unicast für die erneute Übertragung für die UDP-Übertragung Settings-Element.</returns>
    </member>
    <member name="P:System.ServiceModel.Configuration.UdpTransportElement.BindingElementType">
      <summary>Ruft das <see cref="T:System.Type" />-Objekt ab, das das benutzerdefinierte Bindungselement darstellt.</summary>
      <returns>Ein <see cref="T:System.Type" />-Objekt, das das benutzerdefinierte Bindungselement darstellt.</returns>
    </member>
    <member name="P:System.ServiceModel.Configuration.UdpTransportElement.DuplicateMessageHistoryLength">
      <summary>Ruft ab oder legt den Wert für die maximale Anzahl der Nachrichten in einem UDP-transportkonfigurationselement verwendet Hashes.</summary>
      <returns>Der Wert für die maximale Anzahl meldungshashes, die verwendet werden soll.</returns>
    </member>
    <member name="P:System.ServiceModel.Configuration.UdpTransportElement.MaxPendingMessagesTotalSize">
      <summary>Ruft ab oder legt den Wert der Größeneigenschaft Maximalgröße empfangener Nachrichten in einem UDP-Transport-Element.</summary>
      <returns>Die maximale Größe einer Nachricht, die von der Bindung verarbeitet werden kann.</returns>
    </member>
    <member name="P:System.ServiceModel.Configuration.UdpTransportElement.MulticastInterfaceId">
      <summary>Ruft einen Wert ab oder legt ihn fest, der den Netzwerkadapter eindeutig identifiziert, der beim Senden und Empfangen von Multicastmeldungen verwendet wird.</summary>
      <returns>Der Wert des Netzwerkadapters, der in einem UDP-Bindung-Element verwendet wird.</returns>
    </member>
    <member name="P:System.ServiceModel.Configuration.UdpTransportElement.RetransmissionSettings">
      <summary>Ruft ab oder legt die erneute Übertragung Einstellungen in der <see cref="T:System.ServiceModel.Configuration.UdpTransportElement" />.</summary>
      <returns>Die erneute Übertragung-Einstellungen verwendet.</returns>
    </member>
    <member name="P:System.ServiceModel.Configuration.UdpTransportElement.SocketReceiveBufferSize">
      <summary>Ruft ab oder legt den Wert der Größe des Empfangspuffers in einem UDP-Transport-Element.</summary>
      <returns>Die Empfangspuffergröße auf dem zugrunde liegenden Socket.</returns>
    </member>
    <member name="P:System.ServiceModel.Configuration.UdpTransportElement.TimeToLive">
      <summary>Ruft ab oder legt die Zeit für das Bindungselement UDP Gültigkeitsdauer fest.</summary>
      <returns>Die Zeit für das Bindungselement UDP-Gültigkeitsdauer.</returns>
    </member>
    <member name="P:System.ServiceModel.UdpBinding.DuplicateMessageHistoryLength">
      <summary>Ruft ab oder legt den Wert der doppelten meldungsverlaufslänge in einem UDP-Bindung-Element fest.</summary>
      <returns>Die maximale Anzahl meldungshashes, die von der Bindung verwendet wird, um doppelte Nachrichten zu identifizieren.</returns>
    </member>
    <member name="P:System.ServiceModel.UdpBinding.MaxBufferPoolSize">
      <summary>Ruft ab oder legt eine maximale Pufferpoolgröße der Bindung zugeordnet.</summary>
      <returns>Eine Zahl, die die Größe eines Pufferpools angibt.</returns>
    </member>
    <member name="P:System.ServiceModel.UdpBinding.MaxPendingMessagesTotalSize">
      <summary>Ruft ab oder legt die maximale Anzahl der Nachrichten, die empfangen, jedoch noch nicht aus der Eingabewarteschlange für eine einzelne Channelinstanz entfernt wurden.</summary>
      <returns>Die maximale Anzahl ausstehender Nachrichten.</returns>
    </member>
    <member name="P:System.ServiceModel.UdpBinding.MaxReceivedMessageSize">
      <summary>Ruft die maximale Größe für eine Nachricht ab, die von der Bindung verarbeitet werden kann, oder legt sie fest.</summary>
      <returns>Die maximale Größe einer Nachricht, die von der Bindung verarbeitet werden kann.</returns>
    </member>
    <member name="P:System.ServiceModel.UdpBinding.MaxRetransmitCount">
      <summary>Ruft ab oder legt die maximale Anzahl der Übertragungsversuche Nachrichten in eine UDP-Bindung.</summary>
      <returns>Die maximale Anzahl der Übertragungsversuche Nachrichten in eine UDP-Bindung.</returns>
    </member>
    <member name="P:System.ServiceModel.UdpBinding.MulticastInterfaceId">
      <summary>Ruft ab oder legt den Wert der Eigenschaft MulticastInterfaceID in eine UDP-Bindung.</summary>
      <returns>Der Netzwerkadapter, der beim Senden und Empfangen von Multicastdatenverkehr auf mehrfach verbesserten Computern verwendet wird.</returns>
    </member>
    <member name="P:System.ServiceModel.UdpBinding.ReaderQuotas">
      <summary>Ruft ab oder legt die readerkontingente fest.</summary>
      <returns>Die readerkontingente.</returns>
    </member>
    <member name="P:System.ServiceModel.UdpBinding.Scheme">
      <summary>Ruft den Schemanamen für diese Bindung ab.</summary>
      <returns>Der Schemaname für diese Bindung.</returns>
    </member>
    <member name="P:System.ServiceModel.UdpBinding.System#ServiceModel#Channels#IBindingRuntimePreferences#ReceiveSynchronously">
      <summary>Ruft einen Wert ab, der angibt, ob eingehende Anforderungen synchron oder asynchron gehandhabt werden.</summary>
      <returns>True Wenn eingehende Anforderungen synchron verarbeitet werden; andernfalls false.</returns>
    </member>
    <member name="P:System.ServiceModel.UdpBinding.TextEncoding">
      <summary>Ruft ab oder legt den Text-Codierung, der für die Bindung verwendet wird.</summary>
      <returns>Der Text-Codierung.</returns>
    </member>
    <member name="P:System.ServiceModel.UdpBinding.TimeToLive">
      <summary>Ruft ab oder legt den Wert der Eigenschaft "TimeToLive" in eine UDP-Bindung fest.</summary>
      <returns>Die Anzahl an Netzwerksegmenthops, die ein Multicastpaket durchlaufen kann.</returns>
    </member>
    <member name="T:System.ServiceModel.Channels.ByteStreamMessage">
      <summary>Stellt eine Nachricht im Stream Byte dar.</summary>
    </member>
    <member name="T:System.ServiceModel.Channels.ByteStreamMessageEncodingBindingElement">
      <summary>Das Bindungselement, das die Nachrichtencodierung als Datenstrom von Bytes angibt und über die Option verfügt, die Zeichencodierung anzugeben.</summary>
    </member>
    <member name="T:System.ServiceModel.Channels.HttpRequestMessageExtensionMethods">
      <summary>Stellt Erweiterungsmethoden für den Zugriff auf Benutzerprinzipalnamen zugeordneten HTTP-Anforderungsnachricht bereit.</summary>
    </member>
    <member name="T:System.ServiceModel.Channels.HttpResponseMessageExtensionMethods">
      <summary> Eine Klasse zum Abrufen von statischen Methoden einer <see cref="T:System.ServiceModel.Channels.Message" /> -Instanz aus einer <see cref="T:System.Net.Http.HttpResponseMessage" /> Instanz.</summary>
    </member>
    <member name="T:System.ServiceModel.Channels.MessageExtensionMethods">
      <summary> Eine Klasse der statische Methoden zum Abrufen von entweder ein <see cref="T:System.Net.Http.HttpRequestMessage" /> oder <see cref="T:System.Net.Http.HttpResponseMessage" /> -Instanz aus einem <see cref="T:System.ServiceModel.Channels.Message" /> Instanz.</summary>
    </member>
    <member name="T:System.ServiceModel.Channels.NetworkInterfaceMessageProperty">
      <summary>Stellt eine Eigenschaft eines Netzwerk-Schnittstelle dar.</summary>
    </member>
    <member name="T:System.ServiceModel.Channels.UdpRetransmissionSettings">
      <summary>Gibt die UDP-Übertragung Einstellungen.</summary>
    </member>
    <member name="T:System.ServiceModel.Channels.UdpTransportBindingElement">
      <summary>Stellt ein Bindungselement für UDP-Transport dar.</summary>
    </member>
    <member name="T:System.ServiceModel.Channels.UdpTransportImporter">
      <summary>Stellt einen UDP-transportimporter.</summary>
    </member>
    <member name="T:System.ServiceModel.Configuration.ByteStreamMessageEncodingElement">
      <summary>Ermöglicht die Bildung eines Konfigurtionselements, das die Einstellungen für eine Bytestreamnachrichtencodierungselement definiert.</summary>
    </member>
    <member name="T:System.ServiceModel.Configuration.UdpBindingCollectionElement">
      <summary>Stellt ein Auflistungselement des UDP-Bindung.</summary>
    </member>
    <member name="T:System.ServiceModel.Configuration.UdpBindingElement">
      <summary>Ein UDP-Bindungselement darstellt.</summary>
    </member>
    <member name="T:System.ServiceModel.Configuration.UdpRetransmissionSettingsElement">
      <summary>Stellt eine UDP-Übertragung Settings-Element.</summary>
    </member>
    <member name="T:System.ServiceModel.Configuration.UdpTransportElement">
      <summary>Stellt ein Konfigurationselement dar, durch den ein Kanal Nachrichten auf UDP-Transport überträgt, wenn es in einer benutzerdefinierten Bindung enthalten ist. Diese Klasse kann nicht vererbt werden.</summary>
    </member>
    <member name="T:System.ServiceModel.UdpBinding">
      <summary>Stellt eine UDP-Bindung dar.</summary>
    </member>
  </members>
</doc>