﻿<?xml version="1.0" encoding="utf-8"?>
<doc>
  <assembly>
    <name>System.ServiceProcess</name>
  </assembly>
  <members>
    <member name="F:System.ServiceProcess.ServiceBase.MaxNameLength">
      <summary>Gibt die maximale Größe für einen Dienstnamen an.</summary>
    </member>
    <member name="M:System.ServiceProcess.Design.ServiceInstallerDialog.#ctor">
      <summary>Initialisiert eine neue Instanz des Dienstkontoformulars.</summary>
    </member>
    <member name="M:System.ServiceProcess.Design.ServiceInstallerDialog.Main">
      <summary>Beginnt die Ausführung der Nachrichtenschleife einer Standardanwendung und zeigt das Dienstkontoformular an.</summary>
    </member>
    <member name="M:System.ServiceProcess.ServiceBase.#ctor">
      <summary>Erstellt eine neue Instanz der <see cref="T:System.ServiceProcess.ServiceBase" />-Klasse.</summary>
    </member>
    <member name="M:System.ServiceProcess.ServiceBase.Dispose(System.Boolean)">
      <summary>Gibt die von der <see cref="T:System.ServiceProcess.ServiceBase" />-Klasse verwendeten Ressourcen (mit Ausnahme des Speichers) frei.</summary>
      <param name="disposing">true, um sowohl verwaltete als auch nicht verwaltete Ressourcen freizugeben, false, um ausschließlich nicht verwaltete Ressourcen freizugeben.</param>
    </member>
    <member name="M:System.ServiceProcess.ServiceBase.OnContinue">
      <summary>Bei Implementierung in einer abgeleiteten Klasse <see cref="M:System.ServiceProcess.ServiceBase.OnContinue" /> ausgeführt wird, wenn ein Befehl weiter vom Service Control Manager (SCM) an den Dienst gesendet wird. Gibt die Aktionen an, wenn ein Dienst normal funktionsfähig wird, nachdem er angehalten wurde.</summary>
    </member>
    <member name="M:System.ServiceProcess.ServiceBase.OnCustomCommand(System.Int32)">
      <summary>Bei Implementierung in einer abgeleiteten Klasse <see cref="M:System.ServiceProcess.ServiceBase.OnCustomCommand(System.Int32)" /> ausgeführt wird, wenn der Service Control Manager (SCM) einen benutzerdefinierten Befehl an den Dienst übergibt. Gibt die Aktionen an, die bei eines Befehls mit der angegebenen Parameter auftreten.</summary>
      <param name="command">Die Befehlsnachricht an den Dienst gesendet.</param>
    </member>
    <member name="M:System.ServiceProcess.ServiceBase.OnPause">
      <summary>Bei Implementierung in einer abgeleiteten Klasse ausgeführt wird, wenn ein Befehl zum Anhalten von Service Control Manager (SCM) an den Dienst gesendet wird. Gibt die Aktionen an, wenn ein Dienst angehalten.</summary>
    </member>
    <member name="M:System.ServiceProcess.ServiceBase.OnPowerEvent(System.ServiceProcess.PowerBroadcastStatus)">
      <summary>Bei Implementierung in einer abgeleiteten Klasse ausgeführt wird, wenn Energiestatus des Computers geändert hat. Dies gilt für Laptops, wenn sie in den angehaltenen Modus wechseln, nicht das Herunterfahren des Systems identisch ist.</summary>
      <param name="powerStatus">Ein <see cref="T:System.ServiceProcess.PowerBroadcastStatus" /> der eine Benachrichtigung des Systems über dessen Energiestatus angibt.</param>
      <returns>Bei Implementierung in einer abgeleiteten Klasse bestimmen die Anforderungen Ihrer Anwendung Wert zurückgeben. Z. B. wenn ein QuerySuspend broadcast Status übergeben wird, könnte Sie die Anwendung, die Abfrage durch Rückgabe abzulehnen false.</returns>
    </member>
    <member name="M:System.ServiceProcess.ServiceBase.OnSessionChange(System.ServiceProcess.SessionChangeDescription)">
      <summary>Wird ausgeführt, wenn ein Änderungsereignis von einer Terminal Server-Sitzung empfangen wird.</summary>
      <param name="changeDescription">Eine Struktur, die den Änderungstyp angibt.</param>
    </member>
    <member name="M:System.ServiceProcess.ServiceBase.OnShutdown">
      <summary>Bei Implementierung in einer abgeleiteten Klasse ausgeführt wird, wenn das System heruntergefahren wird. Gibt an, welche direkt vor dem Herunterfahren des Systems ausgeführt werden soll.</summary>
    </member>
    <member name="M:System.ServiceProcess.ServiceBase.OnStart(System.String[])">
      <summary>Bei Implementierung in einer abgeleiteten Klasse ausgeführt wird, wenn ein Befehl zum Starten von Service Control Manager (SCM) oder das Betriebssystem gestartet wird (für einen Dienst, der automatisch gestartet) an den Dienst gesendet. Gibt die Aktionen an, die beim Starten des Diensts.</summary>
      <param name="args">Der Befehl "Start" übergebenen Daten.</param>
    </member>
    <member name="M:System.ServiceProcess.ServiceBase.OnStop">
      <summary>Bei Implementierung in einer abgeleiteten Klasse ausgeführt wird, wenn ein Befehl zum Beenden von Service Control Manager (SCM) an den Dienst gesendet wird. Gibt die Aktionen an, wenn ein Dienst nicht mehr ausgeführt.</summary>
    </member>
    <member name="M:System.ServiceProcess.ServiceBase.RequestAdditionalTime(System.Int32)">
      <summary>Fordert zusätzliche Zeit für einen ausstehenden Vorgang.</summary>
      <param name="milliseconds">Die angeforderte Zeit in Millisekunden.</param>
      <exception cref="T:System.InvalidOperationException">Der Dienst ist nicht im Status "Ausstehend".</exception>
    </member>
    <member name="M:System.ServiceProcess.ServiceBase.Run(System.ServiceProcess.ServiceBase)">
      <summary>Registriert die ausführbare Datei für einen Dienst mit dem Service Control Manager (SCM).</summary>
      <param name="service">Ein <see cref="T:System.ServiceProcess.ServiceBase" /> gibt Starten eines Diensts an.</param>
      <exception cref="T:System.ArgumentException">
        <paramref name="service" /> ist null.</exception>
    </member>
    <member name="M:System.ServiceProcess.ServiceBase.Run(System.ServiceProcess.ServiceBase[])">
      <summary>Registriert die ausführbare Datei für mehrere Dienste mit Service Control Manager (SCM).</summary>
      <param name="services">Ein Array von ServiceBase-Instanzen, die zu startende Dienste angeben.</param>
      <exception cref="T:System.ArgumentException">Sie haben keine starten ein Diensts angegeben. Das Array ist u. u. null oder leer.</exception>
    </member>
    <member name="M:System.ServiceProcess.ServiceBase.ServiceMainCallback(System.Int32,System.IntPtr)">
      <summary>Registriert den Befehlshandler und startet den Dienst.</summary>
      <param name="argCount">Die Anzahl der Argumente im Argumentarray.</param>
      <param name="argPointer">Eine <see cref="T:System.IntPtr" /> -Struktur, die auf ein Array von Argumenten zeigt.</param>
    </member>
    <member name="M:System.ServiceProcess.ServiceBase.Stop">
      <summary>Beendet den ausgeführten Dienst.</summary>
    </member>
    <member name="M:System.ServiceProcess.ServiceController.#ctor">
      <summary>Initialisiert eine neue Instanz der <see cref="T:System.ServiceProcess.ServiceController" /> -Klasse, die einen bestimmten Dienst zugeordnet ist.</summary>
    </member>
    <member name="M:System.ServiceProcess.ServiceController.#ctor(System.String)">
      <summary>Initialisiert eine neue Instanz der <see cref="T:System.ServiceProcess.ServiceController" /> -Klasse, die einem vorhandenen Dienst auf dem lokalen Computer zugeordnet ist.</summary>
      <param name="name">Der Name, der den Dienst für das System identifiziert. Dies kann auch der Anzeigename für den Dienst sein.</param>
      <exception cref="T:System.ArgumentException">
        <paramref name="name" /> ist ungültig.</exception>
    </member>
    <member name="M:System.ServiceProcess.ServiceController.#ctor(System.String,System.String)">
      <summary>Initialisiert eine neue Instanz der <see cref="T:System.ServiceProcess.ServiceController" /> -Klasse, die einem vorhandenen Dienst auf dem angegebenen Computer zugeordnet ist.</summary>
      <param name="name">Der Name, der den Dienst für das System identifiziert. Dies kann auch der Anzeigename für den Dienst sein.</param>
      <param name="machineName">Der Computer, auf dem sich der Dienst befindet.</param>
      <exception cref="T:System.ArgumentException">
        <paramref name="name" /> ist ungültig.- oder -  <paramref name="machineName" /> ist ungültig.</exception>
    </member>
    <member name="M:System.ServiceProcess.ServiceController.Close">
      <summary>Trennt diese <see cref="T:System.ServiceProcess.ServiceController" /> -Instanz vom Dienst und alle Ressourcen, die die Instanz reserviert wurden freigegeben.</summary>
    </member>
    <member name="M:System.ServiceProcess.ServiceController.Continue">
      <summary>Setzt einen Dienst fort, nachdem dieser angehalten wurde.</summary>
      <exception cref="T:System.ComponentModel.Win32Exception">Beim Zugreifen auf eine System-API ist ein Fehler aufgetreten.</exception>
      <exception cref="T:System.InvalidOperationException">Der Dienst wurde nicht gefunden.</exception>
    </member>
    <member name="M:System.ServiceProcess.ServiceController.Dispose(System.Boolean)">
      <summary>Gibt die von <see cref="T:System.ServiceProcess.ServiceController" /> verwendeten nicht verwalteten Ressourcen und optional die verwalteten Ressourcen frei.</summary>
      <param name="disposing">true, um sowohl verwaltete als auch nicht verwaltete Ressourcen freizugeben, false, um ausschließlich nicht verwaltete Ressourcen freizugeben.</param>
    </member>
    <member name="M:System.ServiceProcess.ServiceController.ExecuteCommand(System.Int32)">
      <summary>Führt einen benutzerdefinierten Befehl für den Dienst aus.</summary>
      <param name="command">Ein von der Anwendung definiertes Befehlsflag, das angibt, welcher benutzerdefinierte Befehl ausgeführt werden soll. Der Wert muss zwischen 128 und einschließlich 256 liegen.</param>
      <exception cref="T:System.ComponentModel.Win32Exception">Beim Zugreifen auf eine System-API ist ein Fehler aufgetreten.</exception>
      <exception cref="T:System.InvalidOperationException">Der Dienst wurde nicht gefunden.</exception>
    </member>
    <member name="M:System.ServiceProcess.ServiceController.GetDevices">
      <summary>Ruft die Gerätetreiberdienste auf dem lokalen Computer ab.</summary>
      <returns>Ein Array vom Typ <see cref="T:System.ServiceProcess.ServiceController" /> in dem jedes Element einem Gerätetreiberdienst auf dem lokalen Computer zugeordnet ist.</returns>
      <exception cref="T:System.ComponentModel.Win32Exception">Beim Zugreifen auf eine System-API ist ein Fehler aufgetreten.</exception>
    </member>
    <member name="M:System.ServiceProcess.ServiceController.GetDevices(System.String)">
      <summary>Ruft die Gerätetreiberdienste auf dem angegebenen Computer ab.</summary>
      <param name="machineName">Der Computer, von dem die Gerätetreiberdienste abgerufen werden soll.</param>
      <returns>Ein Array vom Typ <see cref="T:System.ServiceProcess.ServiceController" /> in dem jedes Element einem Gerätetreiberdienst auf dem angegebenen Computer zugeordnet ist.</returns>
      <exception cref="T:System.ComponentModel.Win32Exception">Beim Zugreifen auf eine System-API ist ein Fehler aufgetreten.</exception>
      <exception cref="T:System.ArgumentException">Die <paramref name="machineName" /> Parameter hat eine ungültige Syntax.</exception>
    </member>
    <member name="M:System.ServiceProcess.ServiceController.GetServices">
      <summary>Ruft alle Dienste auf dem lokalen Computer mit Ausnahme der Gerätetreiberdienste ab.</summary>
      <returns>Ein Array vom Typ <see cref="T:System.ServiceProcess.ServiceController" /> in dem jedes Element einem Dienst auf dem lokalen Computer zugeordnet ist.</returns>
      <exception cref="T:System.ComponentModel.Win32Exception">Beim Zugreifen auf eine System-API ist ein Fehler aufgetreten.</exception>
    </member>
    <member name="M:System.ServiceProcess.ServiceController.GetServices(System.String)">
      <summary>Ruft alle Dienste auf dem angegebenen Computer mit Ausnahme der Gerätetreiberdienste ab.</summary>
      <param name="machineName">Der Computer, dessen Dienste abgerufen werden sollen.</param>
      <returns>Ein Array vom Typ <see cref="T:System.ServiceProcess.ServiceController" /> in dem jedes Element einem Dienst auf dem angegebenen Computer zugeordnet ist.</returns>
      <exception cref="T:System.ComponentModel.Win32Exception">Beim Zugreifen auf eine System-API ist ein Fehler aufgetreten.</exception>
      <exception cref="T:System.ArgumentException">Die <paramref name="machineName" /> Parameter hat eine ungültige Syntax.</exception>
    </member>
    <member name="M:System.ServiceProcess.ServiceController.Pause">
      <summary>Unterbricht die Ausführung eines Diensts.</summary>
      <exception cref="T:System.ComponentModel.Win32Exception">Beim Zugreifen auf eine System-API ist ein Fehler aufgetreten.</exception>
      <exception cref="T:System.InvalidOperationException">Der Dienst wurde nicht gefunden.</exception>
    </member>
    <member name="M:System.ServiceProcess.ServiceController.Refresh">
      <summary>Aktualisiert Eigenschaftswerte durch Zurücksetzen der Eigenschaften auf ihre aktuellen Werte.</summary>
    </member>
    <member name="M:System.ServiceProcess.ServiceController.Start">
      <summary>Startet den Dienst und übergibt dabei keine Argumente.</summary>
      <exception cref="T:System.ComponentModel.Win32Exception">Beim Zugreifen auf eine System-API ist ein Fehler aufgetreten.</exception>
      <exception cref="T:System.InvalidOperationException">Der Dienst wurde nicht gefunden.</exception>
    </member>
    <member name="M:System.ServiceProcess.ServiceController.Start(System.String[])">
      <summary>Startet einen Dienst und übergibt dabei die angegebenen Argumente.</summary>
      <param name="args">Ein Array von Argumenten, die an den Dienst übergeben werden, wenn er gestartet wird.</param>
      <exception cref="T:System.ComponentModel.Win32Exception">Beim Zugreifen auf eine System-API ist ein Fehler aufgetreten.</exception>
      <exception cref="T:System.InvalidOperationException">Der Dienst kann nicht gestartet werden.</exception>
      <exception cref="T:System.ArgumentNullException">
        <paramref name="args" /> ist null.- oder - Ein Member des Arrays ist null.</exception>
    </member>
    <member name="M:System.ServiceProcess.ServiceController.Stop">
      <summary>Beendet diesen Dienst sowie alle Dienste, die von diesem Dienst abhängig sind.</summary>
      <exception cref="T:System.ComponentModel.Win32Exception">Beim Zugreifen auf eine System-API ist ein Fehler aufgetreten.</exception>
      <exception cref="T:System.InvalidOperationException">Der Dienst wurde nicht gefunden.</exception>
    </member>
    <member name="M:System.ServiceProcess.ServiceController.WaitForStatus(System.ServiceProcess.ServiceControllerStatus)">
      <summary>Wartet unbegrenzt, bis der Dienst den angegebenen Zustand annimmt.</summary>
      <param name="desiredStatus">Der Status zu warten.</param>
      <exception cref="T:System.ComponentModel.InvalidEnumArgumentException">Die <paramref name="desiredStatus" /> Parameter ist nicht die Werte gemäß der <see cref="T:System.ServiceProcess.ServiceControllerStatus" /> Enumeration.</exception>
    </member>
    <member name="M:System.ServiceProcess.ServiceController.WaitForStatus(System.ServiceProcess.ServiceControllerStatus,System.TimeSpan)">
      <summary>Wartet, bis der Dienst den angegebenen Status annimmt oder bis das angegebene Timeout abläuft.</summary>
      <param name="desiredStatus">Der Status zu warten.</param>
      <param name="timeout">Ein <see cref="T:System.TimeSpan" /> -Objekt, das die Zeitspanne zu warten, bis der Dienst den angegebenen Status annimmt angibt.</param>
      <exception cref="T:System.ComponentModel.InvalidEnumArgumentException">Die <paramref name="desiredStatus" /> Parameter ist nicht die Werte gemäß der <see cref="T:System.ServiceProcess.ServiceControllerStatus" /> Enumeration.</exception>
      <exception cref="T:System.ServiceProcess.TimeoutException">Der angegebene Wert für den <paramref name="timeout" /> -Parameter abgelaufen ist.</exception>
    </member>
    <member name="M:System.ServiceProcess.ServiceControllerPermission.#ctor">
      <summary>Initialisiert eine neue Instanz der <see cref="T:System.ServiceProcess.ServiceControllerPermission" />-Klasse.</summary>
    </member>
    <member name="M:System.ServiceProcess.ServiceControllerPermission.#ctor(System.Security.Permissions.PermissionState)">
      <summary>Initialisiert eine neue Instanz der <see cref="T:System.ServiceProcess.ServiceControllerPermission" /> -Klasse mit dem angegebenen Zugriff auf Ressourcen.</summary>
      <param name="state">Einer der <see cref="T:System.Security.Permissions.PermissionState" />-Werte.</param>
      <exception cref="T:System.ArgumentException">Der <paramref name="state" />-Parameter ist kein gültiger Wert von <see cref="T:System.Security.Permissions.PermissionState" />.</exception>
    </member>
    <member name="M:System.ServiceProcess.ServiceControllerPermission.#ctor(System.ServiceProcess.ServiceControllerPermissionAccess,System.String,System.String)">
      <summary>Initialisiert eine neue Instanz der <see cref="T:System.ServiceProcess.ServiceControllerPermission" /> -Klasse Zugriff auf die angegebene Berechtigung Zugriffsebenen, den Namen des Computers, auf dem der Dienst befindet, und den kurzen Namen, die den Dienst für das System identifiziert.</summary>
      <param name="permissionAccess">Einer der <see cref="T:System.ServiceProcess.ServiceControllerPermissionAccess" />-Werte.</param>
      <param name="machineName">Der Name des Computers, auf dem der Dienst befindet.</param>
      <param name="serviceName">Der kurze Name, der den Dienst für das System identifiziert.</param>
    </member>
    <member name="M:System.ServiceProcess.ServiceControllerPermission.#ctor(System.ServiceProcess.ServiceControllerPermissionEntry[])">
      <summary>Initialisiert eine neue Instanz der <see cref="T:System.ServiceProcess.ServiceControllerPermission" /> -Klasse mit angegebenen Berechtigungen.</summary>
      <param name="permissionAccessEntries">Ein Array von <see cref="T:System.ServiceProcess.ServiceControllerPermissionEntry" />-Objekten. Die <see cref="P:System.ServiceProcess.ServiceControllerPermission.PermissionEntries" /> -Eigenschaft auf diesen Wert festgelegt ist.</param>
      <exception cref="T:System.ArgumentNullException">
        <paramref name="permissionAccessEntries " />ist null.</exception>
    </member>
    <member name="M:System.ServiceProcess.ServiceControllerPermissionAttribute.#ctor(System.Security.Permissions.SecurityAction)">
      <summary>Initialisiert eine neue Instanz der <see cref="T:System.ServiceProcess.ServiceControllerPermissionAttribute" />-Klasse.</summary>
      <param name="action">Einer der <see cref="T:System.Security.Permissions.SecurityAction" />-Werte.</param>
    </member>
    <member name="M:System.ServiceProcess.ServiceControllerPermissionAttribute.CreatePermission">
      <summary>Erstellt die Berechtigung auf Grundlage der angeforderten Zugriffsebenen, die über festgelegt sind die <see cref="P:System.ServiceProcess.ServiceControllerPermissionAttribute.PermissionAccess" /> -Eigenschaft des Attributs.</summary>
      <returns>Eine <see cref="T:System.Security.IPermission" /> die die erstellte Berechtigung darstellt.</returns>
    </member>
    <member name="M:System.ServiceProcess.ServiceControllerPermissionEntry.#ctor">
      <summary>Initialisiert eine neue Instanz der <see cref="T:System.ServiceProcess.ServiceControllerPermissionEntry" />-Klasse.</summary>
    </member>
    <member name="M:System.ServiceProcess.ServiceControllerPermissionEntry.#ctor(System.ServiceProcess.ServiceControllerPermissionAccess,System.String,System.String)">
      <summary>Initialisiert eine neue Instanz der <see cref="T:System.ServiceProcess.ServiceControllerPermissionEntry" /> -Klasse mit den Zugriffsebenen für die angegebene Berechtigung, den Namen des Computers und einen kurzen Namen, die den Dienst identifiziert.</summary>
      <param name="permissionAccess">Einer der <see cref="T:System.ServiceProcess.ServiceControllerPermissionAccess" />-Werte.</param>
      <param name="machineName">Der Name des Computers, auf dem der Dienst befindet.</param>
      <param name="serviceName">Der kurze Name, der den Dienst für das System identifiziert.</param>
      <exception cref="T:System.ArgumentNullException">
        <paramref name="serviceName" /> ist null.</exception>
      <exception cref="T:System.ArgumentException">
        <paramref name="machineName " />ist ungültig.- oder - <paramref name="serviceName " />ist ungültig.</exception>
    </member>
    <member name="M:System.ServiceProcess.ServiceControllerPermissionEntryCollection.Add(System.ServiceProcess.ServiceControllerPermissionEntry)">
      <summary>Fügt eine angegebene <see cref="T:System.ServiceProcess.ServiceControllerPermissionEntry" /> zu dieser Auflistung.</summary>
      <param name="value">Das hinzuzufügende <see cref="T:System.ServiceProcess.ServiceControllerPermissionEntry" />-Objekt.</param>
      <returns>Der nullbasierte Index des hinzugefügten <see cref="T:System.ServiceProcess.ServiceControllerPermissionEntry" /> Objekt.</returns>
    </member>
    <member name="M:System.ServiceProcess.ServiceControllerPermissionEntryCollection.AddRange(System.ServiceProcess.ServiceControllerPermissionEntry[])">
      <summary>Fügt einen Satz von angegebenen Berechtigungseinträge für diese Sammlung.</summary>
      <param name="value">Ein Array vom Typ <see cref="T:System.ServiceProcess.ServiceControllerPermissionEntry" /> -Objekten, die die hinzuzufügenden Berechtigungseinträge enthält.</param>
      <exception cref="T:System.ArgumentNullException">
        <paramref name="value" /> ist null.</exception>
    </member>
    <member name="M:System.ServiceProcess.ServiceControllerPermissionEntryCollection.AddRange(System.ServiceProcess.ServiceControllerPermissionEntryCollection)">
      <summary>Fügt einen Satz von angegebenen Berechtigungseinträge für diese Sammlung.</summary>
      <param name="value">Ein <see cref="T:System.ServiceProcess.ServiceControllerPermissionEntryCollection" /> das die hinzuzufügenden Berechtigungseinträge enthält.</param>
      <exception cref="T:System.ArgumentNullException">
        <paramref name="value" /> ist null.</exception>
    </member>
    <member name="M:System.ServiceProcess.ServiceControllerPermissionEntryCollection.Contains(System.ServiceProcess.ServiceControllerPermissionEntry)">
      <summary>Bestimmt, ob diese Auflistung ein angegebenes <see cref="T:System.ServiceProcess.ServiceControllerPermissionEntry" /> Objekt.</summary>
      <param name="value">Das zu suchende <see cref="T:System.ServiceProcess.ServiceControllerPermissionEntry" />-Objekt.</param>
      <returns>true Wenn das angegebene <see cref="T:System.ServiceProcess.ServiceControllerPermissionEntry" /> Objekt zu dieser Auflistung gehört, andernfalls false.</returns>
    </member>
    <member name="M:System.ServiceProcess.ServiceControllerPermissionEntryCollection.CopyTo(System.ServiceProcess.ServiceControllerPermissionEntry[],System.Int32)">
      <summary>Kopiert die Berechtigungseinträge aus dieser Auflistung in ein Array, beginnend an einem bestimmten Index im Array.</summary>
      <param name="array">Ein Array vom Typ <see cref="T:System.ServiceProcess.ServiceControllerPermissionEntry" /> das die kopierten Berechtigungseinträge empfängt.</param>
      <param name="index">Der nullbasierte Index, an dem mit dem Kopieren der Berechtigungseinträge begonnen werden soll.</param>
    </member>
    <member name="M:System.ServiceProcess.ServiceControllerPermissionEntryCollection.IndexOf(System.ServiceProcess.ServiceControllerPermissionEntry)">
      <summary>Bestimmt den Index des angegebenen Berechtigungseintrags in dieser Auflistung.</summary>
      <param name="value">Der zu suchende Berechtigungseintrag.</param>
      <returns>Der nullbasierte Index des angegebenen Berechtigungseintrags oder -1, wenn der Berechtigungseintrag in der Auflistung nicht gefunden wurde.</returns>
    </member>
    <member name="M:System.ServiceProcess.ServiceControllerPermissionEntryCollection.Insert(System.Int32,System.ServiceProcess.ServiceControllerPermissionEntry)">
      <summary>Fügt einen Berechtigungseintrag in diese Auflistung am angegebenen Index ein.</summary>
      <param name="index">Der nullbasierte Index der Auflistung, an dem den Berechtigungseintrag eingefügt werden soll.</param>
      <param name="value">In diese Auflistung einzufügende Berechtigungseintrag.</param>
    </member>
    <member name="M:System.ServiceProcess.ServiceControllerPermissionEntryCollection.OnClear">
      <summary>Führt zusätzliche benutzerdefinierte Prozesse nach dem Löschen des Inhalts der Auflistung.</summary>
    </member>
    <member name="M:System.ServiceProcess.ServiceControllerPermissionEntryCollection.OnInsert(System.Int32,System.Object)">
      <summary>Führt zusätzliche benutzerdefinierte Prozesse aus, bevor ein neuer Berechtigungseintrag in der Auflistung eingefügt wird.</summary>
      <param name="index">Der nullbasierte Index, an dem eingefügt <paramref name="value" />.</param>
      <param name="value">Der neue Wert des Berechtigungseintrags am <paramref name="index" />.</param>
    </member>
    <member name="M:System.ServiceProcess.ServiceControllerPermissionEntryCollection.OnRemove(System.Int32,System.Object)">
      <summary>Führt zusätzliche benutzerdefinierte Prozesse aus, wenn einen Neuer Berechtigungseintrag aus der Auflistung zu entfernen.</summary>
      <param name="index">Der nullbasierte Index, an dem <paramref name="value" /> befinden.</param>
      <param name="value">Berechtigungseintrag Aufheben des <paramref name="index" />.</param>
    </member>
    <member name="M:System.ServiceProcess.ServiceControllerPermissionEntryCollection.OnSet(System.Int32,System.Object,System.Object)">
      <summary>Führt zusätzliche benutzerdefinierte Prozesse vor dem Festlegen eines Werts in der Auflistung.</summary>
      <param name="index">Der nullbasierte Index, an dem <paramref name="oldValue" /> befinden.</param>
      <param name="oldValue">Der Wert, der durch Ersetzen <paramref name="newValue" />.</param>
      <param name="newValue">Der neue Wert des Berechtigungseintrags am <paramref name="index" />.</param>
    </member>
    <member name="M:System.ServiceProcess.ServiceControllerPermissionEntryCollection.Remove(System.ServiceProcess.ServiceControllerPermissionEntry)">
      <summary>Entfernt einen angegebenen Berechtigungseintrag aus dieser Auflistung.</summary>
      <param name="value">Die zu entfernende Berechtigungseintrag.</param>
    </member>
    <member name="M:System.ServiceProcess.ServiceInstaller.#ctor">
      <summary>Initialisiert eine neue Instanz der <see cref="T:System.ServiceProcess.ServiceInstaller" />-Klasse.</summary>
    </member>
    <member name="M:System.ServiceProcess.ServiceInstaller.CopyFromComponent(System.ComponentModel.IComponent)">
      <summary>Kopiert Eigenschaften aus einer Instanz von <see cref="T:System.ServiceProcess.ServiceBase" /> in dieses Installationsprogramm.</summary>
      <param name="component">Die <see cref="T:System.ComponentModel.IComponent" /> aus dem kopiert.</param>
      <exception cref="T:System.ArgumentException">Die Komponente, die Sie mit diesem Installationsprogramm verknüpft werden, erbt nicht von <see cref="T:System.ServiceProcess.ServiceBase" />.</exception>
    </member>
    <member name="M:System.ServiceProcess.ServiceInstaller.Install(System.Collections.IDictionary)">
      <summary>Installiert den Dienst durch Anwendung von Dienstinformationen in die Registrierung schreiben. Diese Methode soll durch Installationstools vorgesehen, die die entsprechenden Methoden automatisch verarbeiten.</summary>
      <param name="stateSaver">Ein <see cref="T:System.Collections.IDictionary" /> der die Kontextinformationen, die mit der Installation enthält.</param>
      <exception cref="T:System.InvalidOperationException">Die Installation enthält keine <see cref="T:System.ServiceProcess.ServiceProcessInstaller" /> für die ausführbare Datei.- oder -  Der Dateiname für die Assembly ist null oder eine leere Zeichenfolge.- oder -  Der Dienstname ist ungültig.- oder -  Der Dienstkontroll-Manager konnte nicht geöffnet werden.</exception>
      <exception cref="T:System.ArgumentException">Der Anzeigename für den Dienst ist mehr als 255 Zeichen lang.</exception>
      <exception cref="T:System.ComponentModel.Win32Exception">Das System konnte ein Handle für den Dienst nicht generiert werden.- oder - Ein Dienst mit diesem Namen ist bereits installiert.</exception>
    </member>
    <member name="M:System.ServiceProcess.ServiceInstaller.IsEquivalentInstaller(System.Configuration.Install.ComponentInstaller)">
      <summary>Gibt an, ob zwei Installationsprogramme denselben Dienst installieren.</summary>
      <param name="otherInstaller">Ein <see cref="T:System.Configuration.Install.ComponentInstaller" /> mit dem das aktuelle Installationsprogramm verglichen werden.</param>
      <returns>true Wenn beim Aufrufen von <see cref="M:System.ServiceProcess.ServiceInstaller.Install(System.Collections.IDictionary)" /> auf beide Installationsprogramme Installation führen würden die gleiche Dienst, andernfalls false.</returns>
    </member>
    <member name="M:System.ServiceProcess.ServiceInstaller.Rollback(System.Collections.IDictionary)">
      <summary>Führt einen Rollback für Anwendung Dienstinformationen in die Registrierung geschrieben wird, durch den Installationsvorgang aus. Diese Methode soll durch Installationstools vorgesehen, die die entsprechenden Methoden automatisch verarbeiten.</summary>
      <param name="savedState">Ein <see cref="T:System.Collections.IDictionary" /> der die Kontextinformationen, die mit der Installation enthält.</param>
    </member>
    <member name="M:System.ServiceProcess.ServiceInstaller.Uninstall(System.Collections.IDictionary)">
      <summary>Deinstalliert den Dienst durch das Entfernen von Informationen aus der Registrierung.</summary>
      <param name="savedState">Ein <see cref="T:System.Collections.IDictionary" /> der die Kontextinformationen, die mit der Installation enthält.</param>
      <exception cref="T:System.ComponentModel.Win32Exception">Der Dienstkontroll-Manager konnte nicht geöffnet werden.- oder -  Das System konnte ein Handle für den Dienst nicht abgerufen werden.</exception>
    </member>
    <member name="M:System.ServiceProcess.ServiceProcessDescriptionAttribute.#ctor(System.String)">
      <summary>Initialisiert eine neue Instanz der <see cref="T:System.ServiceProcess.ServiceProcessDescriptionAttribute" /> -Klasse unter Verwendung der angegebenen Beschreibung.</summary>
      <param name="description">Der anwendungsdefinierte Beschreibungstext.</param>
    </member>
    <member name="M:System.ServiceProcess.ServiceProcessInstaller.#ctor">
      <summary>Erstellt eine neue Instanz der <see cref="T:System.ServiceProcess.ServiceProcessInstaller" />-Klasse.</summary>
    </member>
    <member name="M:System.ServiceProcess.ServiceProcessInstaller.CopyFromComponent(System.ComponentModel.IComponent)">
      <summary>Implementiert die Basisklasse <see cref="M:System.Configuration.Install.ComponentInstaller.CopyFromComponent(System.ComponentModel.IComponent)" /> Methode ohne <see cref="T:System.ServiceProcess.ServiceProcessInstaller" /> -Klasse spezifische Verhalten.</summary>
      <param name="comp">Die <see cref="T:System.ComponentModel.IComponent" /> die den Dienstprozess darstellt.</param>
    </member>
    <member name="M:System.ServiceProcess.ServiceProcessInstaller.Install(System.Collections.IDictionary)">
      <summary>Anwendung von Dienstinformationen in die Registrierung geschrieben. Diese Methode soll durch Installationstools vorgesehen, die entsprechenden Methoden automatisch aufrufen.</summary>
      <param name="stateSaver">Ein <see cref="T:System.Collections.IDictionary" /> der die Kontextinformationen, die mit der Installation enthält.</param>
      <exception cref="T:System.ArgumentException">
        <paramref name="stateSaver" /> ist null.</exception>
    </member>
    <member name="M:System.ServiceProcess.ServiceProcessInstaller.Rollback(System.Collections.IDictionary)">
      <summary>Führt einen Rollback für Anwendung Dienstinformationen in die Registrierung geschrieben wird, durch den Installationsvorgang aus. Diese Methode soll durch Installationstools vorgesehen, die die entsprechenden Methoden automatisch verarbeiten.</summary>
      <param name="savedState">Ein <see cref="T:System.Collections.IDictionary" /> der die Kontextinformationen, die mit der Installation enthält.</param>
      <exception cref="T:System.ArgumentException">
        <paramref name="savedState" /> ist null.- oder -  Die <paramref name="savedState" /> ist beschädigt oder nicht vorhanden.</exception>
    </member>
    <member name="M:System.ServiceProcess.SessionChangeDescription.Equals(System.Object)">
      <summary>Bestimmt, ob das angegebene Objekt der aktuellen Sitzungsänderungsbeschreibung entspricht.</summary>
      <param name="obj">Das Objekt, das mit der aktuellen <see cref="T:System.ServiceProcess.SessionChangeDescription" />-Struktur verglichen werden soll.</param>
      <returns>true, wenn <paramref name="obj" /> der aktuellen <see cref="T:System.ServiceProcess.SessionChangeDescription" />-Struktur entspricht, andernfalls false.</returns>
    </member>
    <member name="M:System.ServiceProcess.SessionChangeDescription.Equals(System.ServiceProcess.SessionChangeDescription)">
      <summary>Bestimmt, ob die angegebene Sitzungsänderungsbeschreibung der aktuellen Sitzungsänderungsbeschreibung entspricht.</summary>
      <param name="changeDescription">Die <see cref="T:System.ServiceProcess.SessionChangeDescription" />-Struktur, die mit der aktuellen <see cref="T:System.ServiceProcess.SessionChangeDescription" />-Struktur verglichen werden soll.</param>
      <returns>true, wenn <paramref name="changeDescription" /> der aktuellen <see cref="T:System.ServiceProcess.SessionChangeDescription" />-Struktur entspricht, andernfalls false.</returns>
    </member>
    <member name="M:System.ServiceProcess.SessionChangeDescription.GetHashCode">
      <summary>Ruft einen Hashcode für die aktuelle Beschreibung der Sitzungsänderung ab.</summary>
      <returns>Ein Hashcode für die aktuelle Beschreibung der Sitzungsänderung.</returns>
    </member>
    <member name="M:System.ServiceProcess.SessionChangeDescription.op_Equality(System.ServiceProcess.SessionChangeDescription,System.ServiceProcess.SessionChangeDescription)">
      <summary>Gibt einen Wert zurück, der angibt, ob zwei <see cref="T:System.ServiceProcess.SessionChangeDescription" />-Strukturen gleich sind.</summary>
      <param name="a">Eine <see cref="T:System.ServiceProcess.SessionChangeDescription" />-Struktur.</param>
      <param name="b">Eine <see cref="T:System.ServiceProcess.SessionChangeDescription" />-Struktur.</param>
      <returns>true, wenn <paramref name="a" /> und <paramref name="b" /> gleich sind, andernfalls false.</returns>
    </member>
    <member name="M:System.ServiceProcess.SessionChangeDescription.op_Inequality(System.ServiceProcess.SessionChangeDescription,System.ServiceProcess.SessionChangeDescription)">
      <summary>Gibt einen Wert zurück, der angibt, ob zwei <see cref="T:System.ServiceProcess.SessionChangeDescription" />-Strukturen ungleich sind.</summary>
      <param name="a">Eine <see cref="T:System.ServiceProcess.SessionChangeDescription" />-Struktur.</param>
      <param name="b">Eine <see cref="T:System.ServiceProcess.SessionChangeDescription" />-Struktur.</param>
      <returns>true, wenn <paramref name="a" /> und <paramref name="b" /> ungleich sind, andernfalls false.</returns>
    </member>
    <member name="M:System.ServiceProcess.TimeoutException.#ctor">
      <summary>Initialisiert eine neue Instanz der <see cref="T:System.ServiceProcess.TimeoutException" />-Klasse ohne Meldungstext.</summary>
    </member>
    <member name="M:System.ServiceProcess.TimeoutException.#ctor(System.Runtime.Serialization.SerializationInfo,System.Runtime.Serialization.StreamingContext)">
      <summary>Initialisiert eine neue Instanz der <see cref="T:System.ServiceProcess.TimeoutException" />-Klasse mit den angegebenen Serialisierungsinformationen und dem angegebenen Kontext.</summary>
      <param name="info">Die <see cref="T:System.Runtime.Serialization.SerializationInfo" />, die die serialisierten Objektdaten für die ausgelöste Ausnahme enthält.</param>
      <param name="context">Der <see cref="T:System.Runtime.Serialization.StreamingContext" />, der die Kontextinformationen über die Quelle oder das Ziel enthält.</param>
      <exception cref="T:System.ArgumentNullException">Der <paramref name="info" />-Parameter ist null.</exception>
      <exception cref="T:System.Runtime.Serialization.SerializationException">Der Klassenname ist null, oder <see cref="P:System.Exception.HResult" /> ist 0 (null).</exception>
    </member>
    <member name="M:System.ServiceProcess.TimeoutException.#ctor(System.String)">
      <summary>Initialisiert eine neue Instanz der <see cref="T:System.ServiceProcess.TimeoutException" />-Klasse mit dem angegebenen Meldungstext.</summary>
      <param name="message">Text, der den Typ oder die Quelle der Ausnahme beschreibt.</param>
    </member>
    <member name="M:System.ServiceProcess.TimeoutException.#ctor(System.String,System.Exception)">
      <summary>Initialisiert eine neue Instanz der <see cref="T:System.ServiceProcess.TimeoutException" />-Klasse mit dem angegebenen Meldungstext und der angegebenen inneren Ausnahme.</summary>
      <param name="message">Text, der den Typ oder die Quelle der Ausnahme beschreibt.</param>
      <param name="innerException">Die Ausnahme, die die aktuelle Ausnahme verursacht hat.</param>
    </member>
    <member name="P:System.ServiceProcess.Design.ServiceInstallerDialog.Password">
      <summary>Ruft das Kennwort für das Dienstkontoformular ab oder legt es fest.</summary>
      <returns>Eine Zeichenfolge, die das Kennwort im Dienstkontoformular darstellt. Der Standardwert ist eine leere Zeichenfolge ("").</returns>
    </member>
    <member name="P:System.ServiceProcess.Design.ServiceInstallerDialog.Result">
      <summary>Ruft das Dialogfeldergebnis für das Dienstkontoformular ab.</summary>
      <returns>Ein <see cref="T:System.ServiceProcess.Design.ServiceInstallerDialogResult" />, das die Benutzerantwort auf das Dialogfeld angibt. Die Standardeinstellung ist OK.</returns>
    </member>
    <member name="P:System.ServiceProcess.Design.ServiceInstallerDialog.Username">
      <summary>Ruft den Benutzernamen für das Dienstkontoformular ab oder legt ihn fest.</summary>
      <returns>Eine Zeichenfolge, die den Benutzernamen im Dienstkontoformular darstellt. Der Standardwert ist eine leere Zeichenfolge ("").</returns>
    </member>
    <member name="P:System.ServiceProcess.ServiceBase.AutoLog">
      <summary>Gibt an, ob starten, beenden, Anhalten und Fortsetzen von Befehlen im Ereignisprotokoll gemeldet.</summary>
      <returns>true Informationen im Ereignisprotokoll aufgezeichnet; andernfalls false.</returns>
    </member>
    <member name="P:System.ServiceProcess.ServiceBase.CanHandlePowerEvent">
      <summary>Ruft ab oder legt einen Wert, der angibt, ob der Dienst Benachrichtigungen des Computernamens Power-Status behandeln kann.</summary>
      <returns>true Wenn der Dienst Energiezustand Computer behandelt wird, ändert sich gemäß, der <see cref="T:System.ServiceProcess.PowerBroadcastStatus" /> -Klasse hingegen false.</returns>
      <exception cref="T:System.InvalidOperationException">Diese Eigenschaft wird geändert, nachdem der Dienst gestartet wurde.</exception>
    </member>
    <member name="P:System.ServiceProcess.ServiceBase.CanHandleSessionChangeEvent">
      <summary>Ruft ab oder legt einen Wert, der angibt, ob der Dienst Sitzungsänderungsereignisse aus einer Terminal Server-Sitzung behandeln kann.</summary>
      <returns>true Wenn der Dienst Terminal Server-Sitzung Änderungsereignisse verarbeiten kann andernfalls false.</returns>
      <exception cref="T:System.InvalidOperationException">Diese Eigenschaft wird geändert, nachdem der Dienst gestartet wurde.</exception>
    </member>
    <member name="P:System.ServiceProcess.ServiceBase.CanPauseAndContinue">
      <summary>Ruft ab oder legt einen Wert, der angibt, ob der Dienst angehalten und fortgesetzt werden kann.</summary>
      <returns>true Wenn der Dienst angehalten werden kann; andernfalls false.</returns>
      <exception cref="T:System.InvalidOperationException">Der Dienst wurde bereits gestartet. Die <see cref="P:System.ServiceProcess.ServiceBase.CanPauseAndContinue" /> Eigenschaft kann nicht geändert werden, nachdem der Dienst gestartet wurde.</exception>
    </member>
    <member name="P:System.ServiceProcess.ServiceBase.CanShutdown">
      <summary>Ruft ab oder legt einen Wert, der angibt, ob der Dienst benachrichtigt werden soll, wenn das System heruntergefahren wird.</summary>
      <returns>true Wenn der Dienst beim Herunterfahren des Systems benachrichtigt werden soll; andernfalls false.  Die Standardeinstellung ist false.</returns>
      <exception cref="T:System.InvalidOperationException">Der Dienst wurde bereits gestartet. Die <see cref="P:System.ServiceProcess.ServiceBase.CanShutdown" /> Eigenschaft kann nicht geändert werden, nachdem der Dienst gestartet wurde.</exception>
    </member>
    <member name="P:System.ServiceProcess.ServiceBase.CanStop">
      <summary>Ruft ab oder legt einen Wert, der angibt, ob der Dienst beendet werden kann, nachdem es gestartet wurde.</summary>
      <returns>true Wenn der Dienst beendet werden kann und die <see cref="M:System.ServiceProcess.ServiceBase.OnStop" /> -Methode aufgerufen wird; andernfalls false.</returns>
      <exception cref="T:System.InvalidOperationException">Der Dienst wurde bereits gestartet. Die <see cref="P:System.ServiceProcess.ServiceBase.CanStop" /> Eigenschaft kann nicht geändert werden, nachdem der Dienst gestartet wurde.</exception>
    </member>
    <member name="P:System.ServiceProcess.ServiceBase.EventLog">
      <summary>Ruft ein Ereignisprotokoll, die Sie verwenden können, Notification Service-Befehl aufrufen, z. B. starten und beenden, in das Anwendungsereignisprotokoll geschrieben.</summary>
      <returns>Eine <see cref="T:System.Diagnostics.EventLog" /> -Instanz, deren Quelle im Anwendungsprotokoll registriert ist.</returns>
    </member>
    <member name="P:System.ServiceProcess.ServiceBase.ExitCode">
      <summary>Ruft ab oder legt den Exitcode für den Dienst.</summary>
      <returns>Der Exitcode für den Dienst.</returns>
    </member>
    <member name="P:System.ServiceProcess.ServiceBase.ServiceHandle">
      <summary>Ruft den Dienst Kontrollpunkt für den Dienst ab.</summary>
      <returns>Eine <see cref="T:System.IntPtr" /> -Struktur, die den Dienst Kontrollpunkt für den Dienst enthält.</returns>
    </member>
    <member name="P:System.ServiceProcess.ServiceBase.ServiceName">
      <summary>Ruft ab oder legt den kurzen Namen verwendet, um den Dienst für das System zu identifizieren.</summary>
      <returns>Der Name des Diensts.</returns>
      <exception cref="T:System.InvalidOperationException">Der Dienst wurde bereits gestartet. Die <see cref="P:System.ServiceProcess.ServiceBase.ServiceName" /> Eigenschaft kann nicht geändert werden, nachdem der Dienst gestartet wurde.</exception>
      <exception cref="T:System.ArgumentException">Der angegebene Name ist eine Zeichenfolge der Länge 0 (null) oder mehr als <see cref="F:System.ServiceProcess.ServiceBase.MaxNameLength" />, oder der angegebene Name enthält forward Schrägstriche oder umgekehrte Schrägstriche.</exception>
    </member>
    <member name="P:System.ServiceProcess.ServiceController.CanPauseAndContinue">
      <summary>Ruft einen Wert ab, der angibt, ob der Dienst angehalten und fortgesetzt werden kann.</summary>
      <returns>true Wenn der Dienst angehalten werden kann; andernfalls false.</returns>
      <exception cref="T:System.ComponentModel.Win32Exception">Beim Zugreifen auf eine System-API ist ein Fehler aufgetreten.</exception>
      <exception cref="T:System.InvalidOperationException">Der Dienst wurde nicht gefunden.</exception>
    </member>
    <member name="P:System.ServiceProcess.ServiceController.CanShutdown">
      <summary>Ruft einen Wert ab, der angibt, ob der Dienst beim Herunterfahren des Systems benachrichtigt werden soll.</summary>
      <returns>true Wenn der Dienst beim Herunterfahren des Systems benachrichtigt werden soll; andernfalls false.</returns>
      <exception cref="T:System.ComponentModel.Win32Exception">Beim Zugreifen auf eine System-API ist ein Fehler aufgetreten.</exception>
      <exception cref="T:System.InvalidOperationException">Der Dienst wurde nicht gefunden.</exception>
    </member>
    <member name="P:System.ServiceProcess.ServiceController.CanStop">
      <summary>Ruft einen Wert ab, der angibt, ob der Dienst nach dem Starten angehalten werden kann.</summary>
      <returns>true Wenn der Dienst beendet werden kann und die <see cref="M:System.ServiceProcess.ServiceBase.OnStop" /> -Methode aufgerufen wird; andernfalls false.</returns>
      <exception cref="T:System.ComponentModel.Win32Exception">Beim Zugreifen auf eine System-API ist ein Fehler aufgetreten.</exception>
      <exception cref="T:System.InvalidOperationException">Der Dienst wurde nicht gefunden.</exception>
    </member>
    <member name="P:System.ServiceProcess.ServiceController.DependentServices">
      <summary>Ruft die Gruppe von Diensten, die von dem Dienst zugeordnete abhängen <see cref="T:System.ServiceProcess.ServiceController" /> Instanz.</summary>
      <returns>Ein Array von <see cref="T:System.ServiceProcess.ServiceController" /> Instanzen, von denen jede ist ein Dienst, der von diesem Dienst abhängt zugeordnet.</returns>
      <exception cref="T:System.ComponentModel.Win32Exception">Beim Zugreifen auf eine System-API ist ein Fehler aufgetreten.</exception>
      <exception cref="T:System.InvalidOperationException">Der Dienst wurde nicht gefunden.</exception>
    </member>
    <member name="P:System.ServiceProcess.ServiceController.DisplayName">
      <summary>Ruft einen angezeigten Namen für den Dienst ab oder richtet ihn ein.</summary>
      <returns>Der angezeigte Name des Diensts, der zu dessen Identifizierung verwendet werden kann.</returns>
      <exception cref="T:System.ArgumentNullException">
        <see cref="P:System.ServiceProcess.ServiceController.DisplayName" /> ist null.</exception>
      <exception cref="T:System.ComponentModel.Win32Exception">Beim Zugreifen auf eine System-API ist ein Fehler aufgetreten.</exception>
      <exception cref="T:System.InvalidOperationException">Der Dienst wurde nicht gefunden.</exception>
    </member>
    <member name="P:System.ServiceProcess.ServiceController.MachineName">
      <summary>Ruft den Namen des Computers ab, auf dem sich dieser Dienst befindet, oder legt diesen fest.</summary>
      <returns>Der Name des Computers mit dem Dienst zugeordnet ist <see cref="T:System.ServiceProcess.ServiceController" /> Instanz. Der Standardwert ist der lokale Computer (".").</returns>
      <exception cref="T:System.ArgumentException">Die <see cref="P:System.ServiceProcess.ServiceController.MachineName" /> Syntax ist ungültig.</exception>
    </member>
    <member name="P:System.ServiceProcess.ServiceController.ServiceHandle">
      <summary>Ruft das Handle für den Dienst ab.</summary>
      <returns>Ein <see cref="T:System.Runtime.InteropServices.SafeHandle" /> der das Handle für den Dienst enthält.</returns>
      <exception cref="T:System.InvalidOperationException">Der Dienst wurde nicht gefunden.</exception>
    </member>
    <member name="P:System.ServiceProcess.ServiceController.ServiceName">
      <summary>Ruft den Namen ab, der den Dienst identifiziert, auf den diese Instanz verweist, oder richtet diesen Namen ein.</summary>
      <returns>Der Name, der den Dienst identifiziert, die von diesem <see cref="T:System.ServiceProcess.ServiceController" /> -Instanz verweist. Der Standardwert ist eine leere Zeichenfolge ("").</returns>
      <exception cref="T:System.ArgumentNullException">
        <see cref="P:System.ServiceProcess.ServiceController.ServiceName" /> ist null.</exception>
      <exception cref="T:System.ArgumentException">Die Syntax der <see cref="P:System.ServiceProcess.ServiceController.ServiceName" /> -Eigenschaft ist ungültig.</exception>
      <exception cref="T:System.InvalidOperationException">Der Dienst wurde nicht gefunden.</exception>
    </member>
    <member name="P:System.ServiceProcess.ServiceController.ServicesDependedOn">
      <summary>Die Gruppe von Diensten, von denen dieser Dienst abhängig ist.</summary>
      <returns>Ein Array von <see cref="T:System.ServiceProcess.ServiceController" /> Instanzen, die jeweils einen für diesen Dienst zur Ausführung ausgeführten Dienst zugeordnet sind.</returns>
      <exception cref="T:System.ComponentModel.Win32Exception">Beim Zugreifen auf eine System-API ist ein Fehler aufgetreten.</exception>
      <exception cref="T:System.InvalidOperationException">Der Dienst wurde nicht gefunden.</exception>
    </member>
    <member name="P:System.ServiceProcess.ServiceController.ServiceType">
      <summary>Ruft den Typ des Diensts ab, auf den dieses Objekt verweist.</summary>
      <returns>Eines der <see cref="T:System.ServiceProcess.ServiceType" /> Werte, mit dem der Netzwerkdiensttyp angegeben.</returns>
      <exception cref="T:System.ComponentModel.Win32Exception">Beim Zugreifen auf eine System-API ist ein Fehler aufgetreten.</exception>
      <exception cref="T:System.InvalidOperationException">Der Dienst wurde nicht gefunden.</exception>
    </member>
    <member name="P:System.ServiceProcess.ServiceController.StartType">
      <summary>Ruft einen Wert ab, der angibt, wie der vom <see cref="T:System.ServiceProcess.ServiceController" />-Objekt angegebene Dienst gestartet wird.</summary>
      <returns>Ein Wert, der angibt, wie der Dienst gestartet wird.</returns>
      <exception cref="T:System.ComponentModel.Win32Exception">Beim Zugreifen auf eine System-API ist ein Fehler aufgetreten.</exception>
    </member>
    <member name="P:System.ServiceProcess.ServiceController.Status">
      <summary>Ruft den Zustand des Diensts ab, auf den diese Instanz verweist.</summary>
      <returns>Eines der <see cref="T:System.ServiceProcess.ServiceControllerStatus" /> -Werte, der angibt, ob der Dienst ausgeführt wird, beendet oder angehalten wurde, oder gibt an, ob eine starten, beenden, Anhalten oder Fortsetzen der Befehl zur Verfügung steht.</returns>
      <exception cref="T:System.ComponentModel.Win32Exception">Beim Zugreifen auf eine System-API ist ein Fehler aufgetreten.</exception>
      <exception cref="T:System.InvalidOperationException">Der Dienst wurde nicht gefunden.</exception>
    </member>
    <member name="P:System.ServiceProcess.ServiceControllerPermission.PermissionEntries">
      <summary>Ruft die Auflistung der Berechtigungen für diese Anforderung für Berechtigungen.</summary>
      <returns>Ein <see cref="T:System.ServiceProcess.ServiceControllerPermissionEntryCollection" /> die die Berechtigungseinträge für diese Anforderung Berechtigungen enthält.</returns>
    </member>
    <member name="P:System.ServiceProcess.ServiceControllerPermissionAttribute.MachineName">
      <summary>Ruft ab oder legt den Namen des Computers, auf dem der Dienst befindet.</summary>
      <returns>Der Name des Computers mit dem Dienst zugeordnet ist die <see cref="T:System.ServiceProcess.ServiceController" />.</returns>
      <exception cref="T:System.ArgumentException">Die <see cref="P:System.ServiceProcess.ServiceControllerPermissionAttribute.MachineName" /> Syntax ist ungültig.</exception>
    </member>
    <member name="P:System.ServiceProcess.ServiceControllerPermissionAttribute.PermissionAccess">
      <summary>Ruft ab oder legt die Zugriffsebenen, die in der Anforderung von Berechtigungen verwendet.</summary>
      <returns>Eine bitweise Kombination der <see cref="T:System.ServiceProcess.ServiceControllerPermissionAccess" />-Werte.</returns>
    </member>
    <member name="P:System.ServiceProcess.ServiceControllerPermissionAttribute.ServiceName">
      <summary>Ruft ab oder legt den kurzen Namen, der den Dienst für das System identifiziert.</summary>
      <returns>Der Name des Diensts.</returns>
      <exception cref="T:System.ArgumentNullException">
        <see cref="P:System.ServiceProcess.ServiceControllerPermissionAttribute.ServiceName" /> ist null.</exception>
      <exception cref="T:System.ArgumentException">Die Syntax der <see cref="P:System.ServiceProcess.ServiceControllerPermissionAttribute.ServiceName" /> -Eigenschaft ist ungültig.</exception>
    </member>
    <member name="P:System.ServiceProcess.ServiceControllerPermissionEntry.MachineName">
      <summary>Ruft den Namen des Computers, auf dem der Dienst befindet.</summary>
      <returns>Der Name des Computers mit dem Dienst zugeordnet ist die <see cref="T:System.ServiceProcess.ServiceController" />.</returns>
    </member>
    <member name="P:System.ServiceProcess.ServiceControllerPermissionEntry.PermissionAccess">
      <summary>Ruft die Zugriffsebenen, die in der Anforderung von Berechtigungen verwendet.</summary>
      <returns>Eine bitweise Kombination der <see cref="T:System.ServiceProcess.ServiceControllerPermissionAccess" />-Werte.</returns>
    </member>
    <member name="P:System.ServiceProcess.ServiceControllerPermissionEntry.ServiceName">
      <summary>Ruft den kurzen Namen, der den Dienst für das System identifiziert.</summary>
      <returns>Der Name des Diensts.</returns>
    </member>
    <member name="P:System.ServiceProcess.ServiceControllerPermissionEntryCollection.Item(System.Int32)">
      <summary>Ruft ab oder legt das Objekt am angegebenen Index fest.</summary>
      <param name="index">Der nullbasierte Index in der Auflistung.</param>
      <returns>Die <see cref="T:System.ServiceProcess.ServiceControllerPermissionEntry" /> -Objekt, das am angegebenen Index vorhanden ist.</returns>
    </member>
    <member name="P:System.ServiceProcess.ServiceInstaller.DelayedAutoStart">
      <summary>Ruft ab oder legt einen Wert, der angibt, ob der Dienst nicht gestartet, bis andere automatisch gestartete Dienste ausgeführt werden verzögert werden soll.</summary>
      <returns>true Verzögerung Automatisches Starten des Dienstes; andernfalls false. Die Standardeinstellung ist false.</returns>
    </member>
    <member name="P:System.ServiceProcess.ServiceInstaller.Description">
      <summary>Ruft ab oder legt die Beschreibung für den Dienst fest.</summary>
      <returns>Die Beschreibung des Dienstes. Der Standardwert ist eine leere Zeichenfolge ("").</returns>
    </member>
    <member name="P:System.ServiceProcess.ServiceInstaller.DisplayName">
      <summary>Gibt den Anzeigenamen, der den Dienst für den Benutzer identifiziert.</summary>
      <returns>Der Name, der den Dienst, der häufig für interaktive Tools verwendet zugeordnet wird.</returns>
    </member>
    <member name="P:System.ServiceProcess.ServiceInstaller.ServiceName">
      <summary>Gibt den Namen, die vom System verwendet wird, um diesen Dienst zu identifizieren. Diese Eigenschaft muss identisch mit der <see cref="P:System.ServiceProcess.ServiceBase.ServiceName" /> des Dienstes, die Sie installieren möchten.</summary>
      <returns>Der Name des Diensts, der installiert werden. Dieser Wert muss vor dem Installationsprogramm installieren Sie den Dienst festgelegt werden.</returns>
      <exception cref="T:System.ArgumentException">Die <see cref="P:System.ServiceProcess.ServiceInstaller.ServiceName" /> -Eigenschaft ist ungültig.</exception>
    </member>
    <member name="P:System.ServiceProcess.ServiceInstaller.ServicesDependedOn">
      <summary>Gibt die Dienste an, die für diesen Dienst zum Ausführen ausgeführt werden müssen.</summary>
      <returns>Ein Array von Diensten, die ausgeführt werden muss, bevor der diesem Installationsprogramm zugeordnete Dienst ausgeführt werden kann.</returns>
    </member>
    <member name="P:System.ServiceProcess.ServiceInstaller.StartType">
      <summary>Gibt an, wie und wann dieser Dienst gestartet wurde.</summary>
      <returns>Ein <see cref="T:System.ServiceProcess.ServiceStartMode" /> die darstellt, wie der Dienst gestartet wird. Die Standardeinstellung ist Manual, der angibt, dass der Dienst nach dem Neustart nicht automatisch gestartet wird.</returns>
      <exception cref="T:System.ComponentModel.InvalidEnumArgumentException">Der Startmodus ist kein Wert für die <see cref="T:System.ServiceProcess.ServiceStartMode" /> Enumeration.</exception>
    </member>
    <member name="P:System.ServiceProcess.ServiceProcessDescriptionAttribute.Description">
      <summary>Ruft die Beschreibung der Dienstprozess zugeordnet.</summary>
      <returns>Eine Anwendung definierte Beschreibung.</returns>
    </member>
    <member name="P:System.ServiceProcess.ServiceProcessInstaller.Account">
      <summary>Ruft ab oder legt den Typ des Kontos, unter dem dieser dienstanwendung ausgeführt.</summary>
      <returns>Ein <see cref="T:System.ServiceProcess.ServiceAccount" /> definiert den Typ des Kontos, unter dem das System diesen Dienst ausführt. Die Standardeinstellung ist User.</returns>
    </member>
    <member name="P:System.ServiceProcess.ServiceProcessInstaller.HelpText">
      <summary>Ruft den Hilfetext für Installationsoptionen angezeigt.</summary>
      <returns>Hilfetext, der eine Beschreibung der Schritte enthält, für den Benutzernamen und das Kennwort festlegen, damit der Dienst unter einem bestimmten Konto ausgeführt.</returns>
    </member>
    <member name="P:System.ServiceProcess.ServiceProcessInstaller.Password">
      <summary>Ruft ab oder legt das Kennwort für das Benutzerkonto, unter dem die Dienst-Anwendung ausgeführt wird.</summary>
      <returns>Das Kennwort des Kontos, unter dem der Dienst ausgeführt werden soll. Der Standardwert ist eine leere Zeichenfolge (""). Die Eigenschaft ist nicht öffentlich und wird nicht serialisiert.</returns>
    </member>
    <member name="P:System.ServiceProcess.ServiceProcessInstaller.Username">
      <summary>Ruft ab oder legt das Benutzerkonto, unter dem die Dienst-Anwendung ausgeführt wird.</summary>
      <returns>Das Konto, unter dem der Dienst ausgeführt werden soll. Der Standardwert ist eine leere Zeichenfolge ("").</returns>
    </member>
    <member name="P:System.ServiceProcess.SessionChangeDescription.Reason">
      <summary>Ruft den Grund für die Sitzungsänderung ab.</summary>
      <returns>Einer der <see cref="T:System.ServiceProcess.SessionChangeReason" />-Werte.</returns>
    </member>
    <member name="P:System.ServiceProcess.SessionChangeDescription.SessionId">
      <summary>Ruft die Sitzungs-ID für die zugehörige Sitzung ab.</summary>
      <returns>Die Sitzungs-ID für die zugehörige Sitzung.</returns>
    </member>
    <member name="T:System.ServiceProcess.Design.ServiceInstallerDialog">
      <summary>Stellt ein Dialogfeld zum Anfordern von Kontoinformationen einer Windows-Dienstanwendung bereit.</summary>
    </member>
    <member name="T:System.ServiceProcess.Design.ServiceInstallerDialogResult">
      <summary>Gibt den Rückgabewert eines <see cref="T:System.ServiceProcess.Design.ServiceInstallerDialog" />-Formulars an.</summary>
    </member>
    <member name="F:System.ServiceProcess.Design.ServiceInstallerDialogResult.OK">
      <summary>Der Rückgabewert des Dialogfelds ist OK. Dieser Wert gibt in der Regel an, dass der Benutzer die Kontoeigenschaften bestätigt und die Schaltfläche OK gedrückt hat, um das Dialogfeld zu schließen.</summary>
    </member>
    <member name="F:System.ServiceProcess.Design.ServiceInstallerDialogResult.UseSystem">
      <summary>Installieren Sie den Dienst mit einem Systemkonto anstelle eines Benutzerkontos. Dieser Wert gibt normalerweise an, dass das Dialogfeld für den Benutzer nicht angezeigt wurde. Die <see cref="P:System.ServiceProcess.ServiceProcessInstaller.Account" />-Eigenschaft ist z. B. auf einen anderen Wert als User festgelegt.</summary>
    </member>
    <member name="F:System.ServiceProcess.Design.ServiceInstallerDialogResult.Canceled">
      <summary>Der Rückgabewert des Dialogfelds ist Canceled. Dieser Wert gibt normalerweise an, dass der Benutzer das Dialogfeld abgebrochen hat, ohne die Kontofelder festzulegen.</summary>
    </member>
    <member name="T:System.ServiceProcess.PowerBroadcastStatus">
      <summary>Gibt die Energiestatus des Systems an.</summary>
    </member>
    <member name="F:System.ServiceProcess.PowerBroadcastStatus.BatteryLow">
      <summary>Batteriestand ist niedrig.</summary>
    </member>
    <member name="F:System.ServiceProcess.PowerBroadcastStatus.OemEvent">
      <summary>Ein BIOS Advanced Power Management (APM) wird ein APM OEM-Ereignis signalisiert.</summary>
    </member>
    <member name="F:System.ServiceProcess.PowerBroadcastStatus.PowerStatusChange">
      <summary>Eine Änderung der Status der Stromversorgung des Computers wird z. B. ein Switch von Akku-mit Wechselstrom erkannt. Das System sendet dieses Ereignis auch, wenn verbleibende Akkuleistung unter dem Schwellenwert liegt, der vom Benutzer angegebenen verzögert oder um einen angegebenen Prozentsatz der Batteriestand ändert.</summary>
    </member>
    <member name="F:System.ServiceProcess.PowerBroadcastStatus.QuerySuspend">
      <summary>Das System hat die Berechtigung zum Anhalten des Computers angefordert. Eine Anwendung, die die Berechtigung erteilt sollte vor der Rückgabe Vorbereitungen für die Unterbrechung durchführen.</summary>
    </member>
    <member name="F:System.ServiceProcess.PowerBroadcastStatus.QuerySuspendFailed">
      <summary>Das System wurde über die Berechtigung zum Anhalten des Computers verweigert. Dieser Status wird gesendet, wenn eine Anwendung oder Treiber einer früheren verweigert QuerySuspend Status.</summary>
    </member>
    <member name="F:System.ServiceProcess.PowerBroadcastStatus.ResumeAutomatic">
      <summary>Der Computer wurde automatisch reaktiviert, um für die Ereignisbehandlung.</summary>
    </member>
    <member name="F:System.ServiceProcess.PowerBroadcastStatus.ResumeCritical">
      <summary>Das System hat Vorgang, nachdem Sie eine kritische Unterbrechung verursacht durch einen fehlerhaften Akku fortgesetzt.</summary>
    </member>
    <member name="F:System.ServiceProcess.PowerBroadcastStatus.ResumeSuspend">
      <summary>Das System hat Vorgang nach der Unterbrechung fortgesetzt.</summary>
    </member>
    <member name="F:System.ServiceProcess.PowerBroadcastStatus.Suspend">
      <summary>Der Computer ist in einem angehaltenen Zustand übergeht. Dieses Ereignis wird in der Regel übertragen werden, wenn alle Anwendungen und installierbare Treiber zurückgegeben wurden true auf einen früheren QuerySuspend Zustand.</summary>
    </member>
    <member name="T:System.ServiceProcess.ServiceAccount">
      <summary>Gibt einen Dienst Sicherheitskontext, der seinen Anmeldetyp definiert.</summary>
    </member>
    <member name="F:System.ServiceProcess.ServiceAccount.LocalService">
      <summary>Ein Konto, das fungiert als Benutzer ohne Berechtigungen auf dem lokalen Computer, für jeden Remoteserver anonyme Anmeldeinformationen.</summary>
    </member>
    <member name="F:System.ServiceProcess.ServiceAccount.NetworkService">
      <summary>Ein Konto, das umfangreiche lokale Berechtigungen und stellt die Anmeldeinformationen des Computers gewährt.</summary>
    </member>
    <member name="F:System.ServiceProcess.ServiceAccount.LocalSystem">
      <summary>Ein Konto, das von der Service Control Manager, der umfangreiche Berechtigungen auf dem lokalen Computer und fungiert als der Computer im Netzwerk verwendet.</summary>
    </member>
    <member name="F:System.ServiceProcess.ServiceAccount.User">
      <summary>Ein Konto, das von einem bestimmten Benutzer im Netzwerk definiert. Angeben User für die <see cref="P:System.ServiceProcess.ServiceProcessInstaller.Account" /> Member bewirkt, dass das System aufgefordert, einen gültigen Benutzernamen und ein Kennwort, wenn der Dienst installiert ist, es sei denn, Sie legen Sie Werte für beide die <see cref="P:System.ServiceProcess.ServiceProcessInstaller.Username" /> und <see cref="P:System.ServiceProcess.ServiceProcessInstaller.Password" /> Eigenschaften Ihrer <see cref="T:System.ServiceProcess.ServiceProcessInstaller" /> Instanz.</summary>
    </member>
    <member name="T:System.ServiceProcess.ServiceBase">
      <summary>Stellt eine Basisklasse für einen Dienst, der als Teil einer dienstanwendung vorhanden ist.<see cref="T:System.ServiceProcess.ServiceBase" /> muss von abgeleitet werden, wenn Sie eine neue Klasse zu erstellen.</summary>
    </member>
    <member name="T:System.ServiceProcess.ServiceController">
      <summary>Stellt einen Windows-Dienst dar und ermöglicht es, eine Verbindung mit einem ausgeführten oder beendeten Dienst herzustellen, ihn zu verändern oder Informationen über ihn abzurufen.</summary>
    </member>
    <member name="T:System.ServiceProcess.ServiceControllerPermission">
      <summary>Ermöglicht das Steuern von Sicherheitsberechtigungen für die Dienst-Controller.</summary>
    </member>
    <member name="T:System.ServiceProcess.ServiceControllerPermissionAccess">
      <summary>Definiert Zugriffsebenen, die von verwendeten <see cref="T:System.ServiceProcess.ServiceController" /> Berechtigungsklassen.</summary>
    </member>
    <member name="F:System.ServiceProcess.ServiceControllerPermissionAccess.None">
      <summary>Die <see cref="T:System.ServiceProcess.ServiceController" /> verfügt über keine Berechtigungen.</summary>
    </member>
    <member name="F:System.ServiceProcess.ServiceControllerPermissionAccess.Browse">
      <summary>Die <see cref="T:System.ServiceProcess.ServiceController" /> herstellen können, jedoch nicht gesteuert werden, vorhandene Dienste.</summary>
    </member>
    <member name="F:System.ServiceProcess.ServiceControllerPermissionAccess.Control">
      <summary>Die <see cref="T:System.ServiceProcess.ServiceController" /> herstellen und vorhandene Dienste steuern können.</summary>
    </member>
    <member name="T:System.ServiceProcess.ServiceControllerPermissionAttribute">
      <summary>Ermöglicht das deklarative Service Controller Berechtigungen überprüft.</summary>
    </member>
    <member name="T:System.ServiceProcess.ServiceControllerPermissionEntry">
      <summary>Definiert die kleinste Einheit einer Codezugriffs-Sicherheitsberechtigung, die für festgelegt ist eine <see cref="T:System.ServiceProcess.ServiceController" />.</summary>
    </member>
    <member name="T:System.ServiceProcess.ServiceControllerPermissionEntryCollection">
      <summary>Enthält eine stark typisierte Auflistung von <see cref="T:System.ServiceProcess.ServiceControllerPermissionEntry" />-Objekten.</summary>
    </member>
    <member name="T:System.ServiceProcess.ServiceControllerStatus">
      <summary>Gibt den aktuellen Status des Diensts an.</summary>
    </member>
    <member name="F:System.ServiceProcess.ServiceControllerStatus.ContinuePending">
      <summary>Die Fortsetzung des Dienstes steht aus. Dies entspricht der Win32- SERVICE_CONTINUE_PENDING -Konstante, die als 0 x 00000005 definiert ist.</summary>
    </member>
    <member name="F:System.ServiceProcess.ServiceControllerStatus.Paused">
      <summary>Der Dienst wurde angehalten. Dies entspricht der Win32- SERVICE_PAUSED -Konstante, die als 0 x 00000007 definiert ist.</summary>
    </member>
    <member name="F:System.ServiceProcess.ServiceControllerStatus.PausePending">
      <summary>Das Anhalten des Dienstes steht aus. Dies entspricht der Win32- SERVICE_PAUSE_PENDING -Konstante, die als 0 x 00000006 definiert ist.</summary>
    </member>
    <member name="F:System.ServiceProcess.ServiceControllerStatus.Running">
      <summary>Der Dienst wird ausgeführt. Dies entspricht der Win32- SERVICE_RUNNING -Konstante, die als 0 x 00000004 definiert ist.</summary>
    </member>
    <member name="F:System.ServiceProcess.ServiceControllerStatus.StartPending">
      <summary>Der Dienst wird gestartet. Dies entspricht der Win32- SERVICE_START_PENDING -Konstante, die als 0 x 00000002 definiert ist.</summary>
    </member>
    <member name="F:System.ServiceProcess.ServiceControllerStatus.Stopped">
      <summary>Der Dienst wird nicht ausgeführt. Dies entspricht der Win32- SERVICE_STOPPED -Konstante, die als 0 x 00000001 definiert ist.</summary>
    </member>
    <member name="F:System.ServiceProcess.ServiceControllerStatus.StopPending">
      <summary>Der Dienst wird beendet. Dies entspricht der Win32- SERVICE_STOP_PENDING -Konstante, die als 0 x 00000003 definiert ist.</summary>
    </member>
    <member name="T:System.ServiceProcess.ServiceInstaller">
      <summary>Installiert eine Klasse, die erweitert <see cref="T:System.ServiceProcess.ServiceBase" /> zur Implementierung eines Dienstes. Diese Klasse wird vom Installationsprogramm aufgerufen, wenn eine Dienst-Anwendung zu installieren.</summary>
    </member>
    <member name="T:System.ServiceProcess.ServiceProcessDescriptionAttribute">
      <summary>Gibt eine Beschreibung für eine Eigenschaft oder ein Ereignis.</summary>
    </member>
    <member name="T:System.ServiceProcess.ServiceProcessInstaller">
      <summary>Installiert eine ausführbare Datei, die mit Klassen, die Erweiterung <see cref="T:System.ServiceProcess.ServiceBase" />. Diese Klasse wird von Installationsprogramme, z. B. InstallUtil.exe, aufgerufen, wenn eine Service-Anwendung installiert.</summary>
    </member>
    <member name="T:System.ServiceProcess.ServiceStartMode">
      <summary>Gibt den Startmodus des Diensts an.</summary>
    </member>
    <member name="F:System.ServiceProcess.ServiceStartMode.Manual">
      <summary>Gibt an, dass der Dienst nur manuell, durch einen Benutzer (mithilfe des Dienstkontroll-Managers) oder durch eine Anwendung gestartet wird.</summary>
    </member>
    <member name="F:System.ServiceProcess.ServiceStartMode.Automatic">
      <summary>Gibt an, dass der Dienst vom Betriebssystem beim Systemstart gestartet wird (oder gestartet wurde). Wenn ein automatisch gestarteter Dienst von einem manuell gestarteten Dienst abhängig ist, wird der manuell gestartete Dienst beim Systemstart ebenfalls automatisch gestartet.</summary>
    </member>
    <member name="F:System.ServiceProcess.ServiceStartMode.Disabled">
      <summary>Gibt an, dass der Dienst deaktiviert ist, sodass er nicht von einem Benutzer oder einer Anwendung gestartet werden kann.</summary>
    </member>
    <member name="F:System.ServiceProcess.ServiceStartMode.Boot">
      <summary>Gibt an, dass es sich bei dem Dienst um einen Gerätetreiber handelt, der vom Ladeprogramm gestartet wird. Dieser Wert gilt nur für Gerätetreiber.</summary>
    </member>
    <member name="F:System.ServiceProcess.ServiceStartMode.System">
      <summary>Gibt an, dass es sich bei dem Dienst um einen Gerätetreiber handelt, der von der IOInitSystem-Funktion gestartet wird. Dieser Wert gilt nur für Gerätetreiber.</summary>
    </member>
    <member name="T:System.ServiceProcess.ServiceType">
      <summary>Stellt den Typ des Diensts dar.</summary>
    </member>
    <member name="F:System.ServiceProcess.ServiceType.Adapter">
      <summary>Ein Dienst für ein Hardwaregerät, das einen eigenen Treiber benötigt.</summary>
    </member>
    <member name="F:System.ServiceProcess.ServiceType.FileSystemDriver">
      <summary>Ein Dateisystemtreiber, der auch ein Kernelgerätetreiber ist.</summary>
    </member>
    <member name="F:System.ServiceProcess.ServiceType.InteractiveProcess">
      <summary>Ein Dienst, der mit dem Desktop kommunizieren kann.</summary>
    </member>
    <member name="F:System.ServiceProcess.ServiceType.KernelDriver">
      <summary>Ein Kernelgerätetreiber, z. B. ein Gerätetreiber für eine Festplatte oder andere Low-Level-Hardware.</summary>
    </member>
    <member name="F:System.ServiceProcess.ServiceType.RecognizerDriver">
      <summary>Ein Dateisystemtreiber, der während des Starts verwendet wird, um die im System enthaltenen Dateisysteme zu ermitteln.</summary>
    </member>
    <member name="F:System.ServiceProcess.ServiceType.Win32OwnProcess">
      <summary>Ein Win32-Programm, das vom Dienstcontroller gestartet werden kann und dem Dienststeuerungsprotokoll unterliegt. Diese Art von Win32-Dienst wird in einem Prozess getrennt ausgeführt.</summary>
    </member>
    <member name="F:System.ServiceProcess.ServiceType.Win32ShareProcess">
      <summary>Ein Win32-Dienst, der einen Prozess mit anderen Win32-Diensten gemeinsam nutzen kann.</summary>
    </member>
    <member name="T:System.ServiceProcess.SessionChangeDescription">
      <summary>Gibt den Grund für eine Terminaldienste-Sitzungsänderung an.</summary>
    </member>
    <member name="T:System.ServiceProcess.SessionChangeReason">
      <summary>Gibt den Grund einer Änderungsnotiz für eine Terminaldienste-Sitzung an.</summary>
    </member>
    <member name="F:System.ServiceProcess.SessionChangeReason.ConsoleConnect">
      <summary>Es wurde eine Verbindung mit einer Konsolensitzung hergestellt</summary>
    </member>
    <member name="F:System.ServiceProcess.SessionChangeReason.ConsoleDisconnect">
      <summary>Eine Verbindung mit einer Konsolensitzung wurde getrennt.</summary>
    </member>
    <member name="F:System.ServiceProcess.SessionChangeReason.RemoteConnect">
      <summary>Es wurde eine Verbindung mit einer Remotesitzung hergestellt.</summary>
    </member>
    <member name="F:System.ServiceProcess.SessionChangeReason.RemoteDisconnect">
      <summary>Eine Verbindung mit einer Remotesitzung wurde getrennt.</summary>
    </member>
    <member name="F:System.ServiceProcess.SessionChangeReason.SessionLogon">
      <summary>Ein Benutzer hat sich bei einer Sitzung angemeldet.</summary>
    </member>
    <member name="F:System.ServiceProcess.SessionChangeReason.SessionLogoff">
      <summary>Ein Benutzer hat sich von einer Sitzung abgemeldet.</summary>
    </member>
    <member name="F:System.ServiceProcess.SessionChangeReason.SessionLock">
      <summary>Eine Sitzung wurde gesperrt.</summary>
    </member>
    <member name="F:System.ServiceProcess.SessionChangeReason.SessionUnlock">
      <summary>Eine Sitzung wurde entsperrt.</summary>
    </member>
    <member name="F:System.ServiceProcess.SessionChangeReason.SessionRemoteControl">
      <summary>Der Remotesteuerungsstatus einer Sitzung wurde geändert.</summary>
    </member>
    <member name="T:System.ServiceProcess.TimeoutException">
      <summary>Diese Ausnahme wird ausgelöst, wenn ein angegebenes Timeout abgelaufen ist.</summary>
    </member>
  </members>
</doc>