﻿<?xml version="1.0" encoding="utf-8"?>
<doc>
  <assembly>
    <name>System.Reflection.Context</name>
  </assembly>
  <members>
    <member name="M:System.Reflection.Context.CustomReflectionContext.#ctor">
      <summary>Initialisiert eine neue Instanz der <see cref="T:System.Reflection.Context.CustomReflectionContext" />-Klasse.</summary>
    </member>
    <member name="M:System.Reflection.Context.CustomReflectionContext.#ctor(System.Reflection.ReflectionContext)">
      <summary>Initialisiert eine neue Instanz der <see cref="T:System.Reflection.Context.CustomReflectionContext" /> -Klasse mit der angegebenen Reflektionskontext als Grundlage.</summary>
      <param name="source">Der als Basisklasse verwendete Reflektionskontext.</param>
    </member>
    <member name="M:System.Reflection.Context.CustomReflectionContext.AddProperties(System.Type)">
      <summary>Stellt beim Überschreiben in einer abgeleiteten Klasse eine Auflistung für zusätzliche Eigenschaften für den angegebenen Typ bereit, wie in diesem Reflektionskontext dargestellt.</summary>
      <param name="type">Der Typ dem Eigenschaften hinzugefügt werden sollen.</param>
      <returns>Eine Sammlung von zusätzlichen Eigenschaften für den angegebenen Typ.</returns>
    </member>
    <member name="M:System.Reflection.Context.CustomReflectionContext.CreateProperty(System.Type,System.String,System.Func{System.Object,System.Object},System.Action{System.Object,System.Object})">
      <summary>Erstellt ein Objekt, das eine Eigenschaft mit einem Typ hinzugefügt werden die <see cref="M:System.Reflection.Context.CustomReflectionContext.AddProperties(System.Type)" /> Methode.</summary>
      <param name="propertyType">Der Typ der zu erstellenden Eigenschaft.</param>
      <param name="name">Der Name der zu erstellenden Eigenschaft.</param>
      <param name="getter">Ein Objekt, das die Eigenschaft darstellt get Accessor.</param>
      <param name="setter">Ein Objekt, das die Eigenschaft darstellt set Accessor.</param>
      <returns>Ein Objekt, das die Eigenschaft darstellt.</returns>
    </member>
    <member name="M:System.Reflection.Context.CustomReflectionContext.CreateProperty(System.Type,System.String,System.Func{System.Object,System.Object},System.Action{System.Object,System.Object},System.Collections.Generic.IEnumerable{System.Attribute},System.Collections.Generic.IEnumerable{System.Attribute},System.Collections.Generic.IEnumerable{System.Attribute})">
      <summary>Erstellt ein Objekt, das eine Eigenschaft mit einem Typ hinzugefügt werden die <see cref="M:System.Reflection.Context.CustomReflectionContext.AddProperties(System.Type)" /> -Methode und die angegebenen benutzerdefinierten Attribute verwenden.</summary>
      <param name="propertyType">Der Typ der zu erstellenden Eigenschaft.</param>
      <param name="name">Der Name der zu erstellenden Eigenschaft.</param>
      <param name="getter">Ein Objekt, das die Eigenschaft darstellt get Accessor.</param>
      <param name="setter">Ein Objekt, das die Eigenschaft darstellt set Accessor.</param>
      <param name="propertyCustomAttributes">Eine Sammlung benutzerdefinierter Attribute auf die Eigenschaft angewendet werden sollen.</param>
      <param name="getterCustomAttributes">Eine Auflistung benutzerdefinierter Attribute für die Eigenschaft gelten get Accessor.</param>
      <param name="setterCustomAttributes">Eine Auflistung benutzerdefinierter Attribute für die Eigenschaft gelten set Accessor.</param>
      <returns>Ein Objekt, das die Eigenschaft darstellt.</returns>
    </member>
    <member name="M:System.Reflection.Context.CustomReflectionContext.GetCustomAttributes(System.Reflection.MemberInfo,System.Collections.Generic.IEnumerable{System.Object})">
      <summary>Stellt beim Überschreiben in einer abgeleiteten Klasse eine Liste benutzerdefinierter Attribute für den angegebenen Member bereit, wie in diesem Reflektionskontext dargestellt.</summary>
      <param name="member">Der Member, deren benutzerdefinierte Attribute zurückgegeben werden.</param>
      <param name="declaredAttributes">Eine Sammlung der Attribute des Members im aktuellen Kontext.</param>
      <returns>Eine Sammlung, die die benutzerdefinierten Attribute des angegebenen Members in diesem Reflektionskontext darstellt.</returns>
    </member>
    <member name="M:System.Reflection.Context.CustomReflectionContext.GetCustomAttributes(System.Reflection.ParameterInfo,System.Collections.Generic.IEnumerable{System.Object})">
      <summary>Stellt beim Überschreiben in einer abgeleiteten Klasse eine Liste benutzerdefinierter Attribute für den angegebenen Parameter bereit, wie in diesem Reflektionskontext dargestellt.</summary>
      <param name="parameter">Der Parameter, dessen benutzerdefinierte Attribute zurückgegeben werden.</param>
      <param name="declaredAttributes">Eine Sammlung der Attribute des Parameters im aktuellen Kontext.</param>
      <returns>Eine Sammlung, die die benutzerdefinierten Attribute des angegebenen Parameters in diesem Reflektionskontext darstellt.</returns>
    </member>
    <member name="M:System.Reflection.Context.CustomReflectionContext.MapAssembly(System.Reflection.Assembly)">
      <summary>Ruft die Darstellung der in diesem Reflektionskontext, einer Assembly, die von einem Objekt aus einem anderen Reflektionskontext dargestellt wird.</summary>
      <param name="assembly">Die externe Darstellung der Assembly, die in diesem Kontext darstellen.</param>
      <returns>Die Darstellung der Assembly in diesem Reflektionskontext.</returns>
    </member>
    <member name="M:System.Reflection.Context.CustomReflectionContext.MapType(System.Reflection.TypeInfo)">
      <summary>Ruft die Darstellung der in diesem Reflektionskontext eines Typs, der durch ein Objekt aus einem anderen Reflektionskontext dargestellt.</summary>
      <param name="type">Die externe Darstellung des Typs, der in diesem Kontext darstellen.</param>
      <returns>Die Darstellung des Typs in diesem Reflektionskontext.</returns>
    </member>
    <member name="T:System.Reflection.Context.CustomReflectionContext">
      <summary>Stellt einen benutzerdefinierten Reflektionskontext dar.</summary>
    </member>
  </members>
</doc>