﻿<?xml version="1.0" encoding="utf-8"?>
<doc>
  <assembly>
    <name>System.Drawing.Design</name>
  </assembly>
  <members>
    <member name="M:System.Drawing.Design.BitmapEditor.#ctor">
      <summary>Initialisiert eine neue Instanz der <see cref="T:System.Drawing.Design.BitmapEditor" />-Klasse.</summary>
    </member>
    <member name="M:System.Drawing.Design.BitmapEditor.GetExtensions">
      <summary>Ruft die Erweiterungen für den Listenfilter, den die Bitmap-Editor zunächst zum Filtern der Dateiliste verwenden.</summary>
      <returns>Der Standardsatz von Erweiterungen verwendet, um die Liste zu filtern.</returns>
    </member>
    <member name="M:System.Drawing.Design.BitmapEditor.GetFileDialogDescription">
      <summary>Ruft die Beschreibung für die Datei Liste Standardfilter von diesem Editor bereitgestellt.</summary>
      <returns>Die Beschreibung für den Standardtyp der Dateien in der Dateiliste gefiltert.</returns>
    </member>
    <member name="M:System.Drawing.Design.BitmapEditor.LoadFromStream(System.IO.Stream)">
      <summary>Lädt ein Bild aus dem angegebenen Stream.</summary>
      <param name="stream">Der Stream, aus dem das Bild geladen werden soll.</param>
      <returns>Die <see cref="T:System.Drawing.Image" /> aus dem Datenstrom geladen.</returns>
    </member>
    <member name="M:System.Drawing.Design.ColorEditor.#ctor">
      <summary>Initialisiert eine neue Instanz der <see cref="T:System.Drawing.Design.ColorEditor" />-Klasse.</summary>
    </member>
    <member name="M:System.Drawing.Design.ColorEditor.EditValue(System.ComponentModel.ITypeDescriptorContext,System.IServiceProvider,System.Object)">
      <summary>Bearbeitet den angegebenen Objektwert mit dem von bereitgestellten Editorstil der <see cref="M:System.Drawing.Design.ColorEditor.GetEditStyle(System.ComponentModel.ITypeDescriptorContext)" /> Methode.</summary>
      <param name="context">Eine <see cref="T:System.ComponentModel.ITypeDescriptorContext" />-Schnittstelle, über die zusätzliche Kontextinformationen abgerufen werden können.</param>
      <param name="provider">Eine <see cref="T:System.IServiceProvider" /> über die Bearbeitungsdienste abgerufen werden kann.</param>
      <param name="value">Eine Instanz des Werts, der bearbeitet werden soll.</param>
      <returns>Der neue Wert des Objekts. Wenn sich der Wert des Objekts nicht geändert hat, wird hierbei dasselbe Objekt zurückgegeben, das zuvor übergeben wurde.</returns>
    </member>
    <member name="M:System.Drawing.Design.ColorEditor.GetEditStyle(System.ComponentModel.ITypeDescriptorContext)">
      <summary>Ruft den Bearbeitungsstil der Edit-Methode ab. Wenn die Methode nicht unterstützt wird, wird zurückgegeben <see cref="F:System.Drawing.Design.UITypeEditorEditStyle.None" />.</summary>
      <param name="context">Eine <see cref="T:System.ComponentModel.ITypeDescriptorContext" />-Schnittstelle, über die zusätzliche Kontextinformationen abgerufen werden können.</param>
      <returns>Ein Enumerationswert, der angibt, den bereitgestellten Stils bearbeiten.</returns>
    </member>
    <member name="M:System.Drawing.Design.ColorEditor.GetPaintValueSupported(System.ComponentModel.ITypeDescriptorContext)">
      <summary>Ruft einen Wert, der angibt, ob dieser Editor das Zeichnen einer Darstellung des Werts eines Objekts unterstützt.</summary>
      <param name="context">Eine <see cref="T:System.ComponentModel.ITypeDescriptorContext" />-Schnittstelle, über die zusätzliche Kontextinformationen abgerufen werden können.</param>
      <returns>true, wenn die <see cref="Overload:System.Drawing.Design.ColorEditor.PaintValue" />-Methode implementiert ist, andernfalls false.</returns>
    </member>
    <member name="M:System.Drawing.Design.ColorEditor.PaintValue(System.Drawing.Design.PaintValueEventArgs)">
      <summary>Zeichnet einen repräsentativen Wert des angegebenen Objekts auf den angegebenen Bereich.</summary>
      <param name="e">Zu zeichnenden Werte und Zeichenbereich.</param>
    </member>
    <member name="M:System.Drawing.Design.ContentAlignmentEditor.#ctor">
      <summary>Initialisiert eine neue Instanz der <see cref="T:System.Drawing.Design.ContentAlignmentEditor" />-Klasse.</summary>
    </member>
    <member name="M:System.Drawing.Design.ContentAlignmentEditor.EditValue(System.ComponentModel.ITypeDescriptorContext,System.IServiceProvider,System.Object)">
      <summary>Bearbeitet den angegebenen Objektwert mit dem von bereitgestellten Editorstil der <see cref="Overload:System.Drawing.Design.ContentAlignmentEditor.GetEditStyle" /> Methode.</summary>
      <param name="context">Eine <see cref="T:System.ComponentModel.ITypeDescriptorContext" />-Schnittstelle, über die zusätzliche Kontextinformationen abgerufen werden können.</param>
      <param name="provider">Eine <see cref="T:System.IServiceProvider" /> über die Bearbeitungsdienste abgerufen werden kann.</param>
      <param name="value">Eine Instanz des Werts, der bearbeitet werden soll.</param>
      <returns>Der neue Wert des Objekts. Wenn sich der Wert des Objekts nicht geändert hat, wird hierbei dasselbe Objekt zurückgegeben, das zuvor übergeben wurde.</returns>
    </member>
    <member name="M:System.Drawing.Design.ContentAlignmentEditor.GetEditStyle(System.ComponentModel.ITypeDescriptorContext)">
      <summary>Ruft den Stil bearbeiten, der die <see cref="Overload:System.Drawing.Design.ContentAlignmentEditor.EditValue" /> Methode.</summary>
      <param name="context">Eine <see cref="T:System.ComponentModel.ITypeDescriptorContext" />-Schnittstelle, über die zusätzliche Kontextinformationen abgerufen werden können.</param>
      <returns>Ein <see cref="T:System.Drawing.Design.UITypeEditorEditStyle" /> Wert, der den bereitgestellten Stil bearbeiten. Wenn die Methode zum Abrufen der Bearbeitungsstil nicht unterstützt wird, wird zurückgegeben <see cref="F:System.Drawing.Design.UITypeEditorEditStyle.None" />.</returns>
    </member>
    <member name="M:System.Drawing.Design.CursorEditor.#ctor">
      <summary>Initialisiert eine neue Instanz der <see cref="T:System.Drawing.Design.CursorEditor" />-Klasse.</summary>
    </member>
    <member name="M:System.Drawing.Design.CursorEditor.EditValue(System.ComponentModel.ITypeDescriptorContext,System.IServiceProvider,System.Object)">
      <summary>Bearbeitet den angegebenen Objektwert mit dem von bereitgestellten Editorstil der <see cref="Overload:System.Drawing.Design.CursorEditor.GetEditStyle" /> Methode.</summary>
      <param name="context">Ein Typdeskriptorkontext, der verwendet werden kann, um zusätzliche Kontextinformationen bereitstellen.</param>
      <param name="provider">Ein Dienstobjekt, über die Bearbeitungsdienste abgerufen werden kann.</param>
      <param name="value">Eine Instanz des Werts, der bearbeitet werden soll.</param>
      <returns>Der neue Wert des Objekts. Wenn sich der Wert des Objekts nicht geändert hat, wird hierbei dasselbe Objekt zurückgegeben, das zuvor übergeben wurde.</returns>
    </member>
    <member name="M:System.Drawing.Design.CursorEditor.GetEditStyle(System.ComponentModel.ITypeDescriptorContext)">
      <summary>Ruft den Stil bearbeiten, der die <see cref="Overload:System.Drawing.Design.CursorEditor.EditValue" /> Methode.</summary>
      <param name="context">Ein Typdeskriptorkontext, der verwendet werden kann, um zusätzliche Kontextinformationen bereitstellen.</param>
      <returns>Ein Enumerationswert, der angibt, den bereitgestellten Stils bearbeiten. Wenn die Methode nicht unterstützt wird, wird zurückgegeben <see cref="F:System.Drawing.Design.UITypeEditorEditStyle.None" />.</returns>
    </member>
    <member name="M:System.Drawing.Design.FontEditor.#ctor">
      <summary>Initialisiert eine neue Instanz der <see cref="T:System.Drawing.Design.FontEditor" />-Klasse.</summary>
    </member>
    <member name="M:System.Drawing.Design.FontEditor.EditValue(System.ComponentModel.ITypeDescriptorContext,System.IServiceProvider,System.Object)">
      <summary>Bearbeitet den Wert des angegebenen Objekts, wobei der von <see cref="M:System.Drawing.Design.FontEditor.GetEditStyle(System.ComponentModel.ITypeDescriptorContext)" /> angegebene Editorstil verwendet wird.</summary>
      <param name="context">Eine <see cref="T:System.ComponentModel.ITypeDescriptorContext" />-Schnittstelle, über die zusätzliche Kontextinformationen abgerufen werden können.</param>
      <param name="provider">Ein <see cref="T:System.IServiceProvider" />, über den dieser Editor Dienste anfordern kann.</param>
      <param name="value">Das zu bearbeitende Objekt.</param>
      <returns>Der neue Wert des Objekts. Wenn der Wert des Objekts nicht geändert hat, sollte dies dasselbe Objekt zurück, das an sie übergeben wurde.</returns>
    </member>
    <member name="M:System.Drawing.Design.FontEditor.GetEditStyle(System.ComponentModel.ITypeDescriptorContext)">
      <summary>Ruft den von der <see cref="M:System.Drawing.Design.FontEditor.EditValue(System.ComponentModel.ITypeDescriptorContext,System.IServiceProvider,System.Object)" />-Methode verwendeten Editor-Stil ab.</summary>
      <param name="context">Eine <see cref="T:System.ComponentModel.ITypeDescriptorContext" />-Schnittstelle, über die zusätzliche Kontextinformationen abgerufen werden können.</param>
      <returns>Ein <see cref="T:System.Drawing.Design.UITypeEditorEditStyle" />-Wert, der den von <see cref="M:System.Drawing.Design.FontEditor.EditValue(System.ComponentModel.ITypeDescriptorContext,System.IServiceProvider,System.Object)" /> verwendeten Editorstil angibt.</returns>
    </member>
    <member name="M:System.Drawing.Design.FontNameEditor.#ctor">
      <summary>Initialisiert eine neue Instanz der <see cref="T:System.Drawing.Design.FontNameEditor" />-Klasse.</summary>
    </member>
    <member name="M:System.Drawing.Design.FontNameEditor.GetPaintValueSupported(System.ComponentModel.ITypeDescriptorContext)">
      <summary>Bestimmt, ob dieser Editor das Zeichnen einer Darstellung des Werts eines Objekts unterstützt.</summary>
      <param name="context">Ein Typdeskriptorkontext, der verwendet werden kann, um zusätzliche Kontextinformationen bereitstellen.</param>
      <returns>true, wenn die <see cref="Overload:System.Drawing.Design.FontNameEditor.PaintValue" />-Methode implementiert ist, andernfalls false.</returns>
    </member>
    <member name="M:System.Drawing.Design.FontNameEditor.PaintValue(System.Drawing.Design.PaintValueEventArgs)">
      <summary>Zeichnet einen repräsentativen Wert des angegebenen Objekts auf den angegebenen Bereich. Innerhalb der Grenzen des angegebenen Rechtecks sollte gezeichnet werden.</summary>
      <param name="e">Zu zeichnenden Werte und Zeichenbereich.</param>
    </member>
    <member name="M:System.Drawing.Design.IconEditor.#ctor">
      <summary>Initialisiert eine neue Instanz der <see cref="T:System.Drawing.Design.IconEditor" />-Klasse.</summary>
    </member>
    <member name="M:System.Drawing.Design.IconEditor.CreateExtensionsString(System.String[],System.String)">
      <summary>Erstellt eine Zeichenfolge, die die gültigen Dateierweiterungen für Symbole darstellt.</summary>
      <param name="extensions">Ein Array von Zeichenfolgen, die Erweiterungen für gültig halten.</param>
      <param name="sep">Eine Zeichenfolge, die das Trennzeichen angibt.</param>
      <returns>Eine Zeichenfolge mit der Dateityp "Symbol", oder null Wenn <paramref name="extensions" /> ist null oder leer.</returns>
    </member>
    <member name="M:System.Drawing.Design.IconEditor.CreateFilterEntry(System.Drawing.Design.IconEditor)">
      <summary>Erstellt eine Filterzeichenfolge für das Dialogfeld Datei.</summary>
      <param name="e">Die <see cref="T:System.Drawing.Design.IconEditor" /> für die die Filterzeichenfolge erstellt wird.</param>
      <returns>Die Filterzeichenfolge für zurückgegebene Zeichenfolge erstellt <see cref="M:System.Drawing.Design.IconEditor.CreateExtensionsString(System.String[],System.String)" />.</returns>
    </member>
    <member name="M:System.Drawing.Design.IconEditor.EditValue(System.ComponentModel.ITypeDescriptorContext,System.IServiceProvider,System.Object)">
      <summary>Bearbeitet den angegebenen Objektwert mit dem von bereitgestellten Editorstil der <see cref="M:System.Drawing.Design.IconEditor.GetEditStyle(System.ComponentModel.ITypeDescriptorContext)" /> Methode.</summary>
      <param name="context">Ein Typdeskriptorkontext, der verwendet werden kann, um zusätzliche Kontextinformationen bereitstellen.</param>
      <param name="provider">Ein Dienstobjekt, über die Bearbeitungsdienste abgerufen werden kann.</param>
      <param name="value">Eine Instanz des Werts, der bearbeitet werden soll.</param>
      <returns>Der neue Wert des Objekts. Wenn sich der Wert des Objekts nicht geändert hat, wird hierbei dasselbe Objekt zurückgegeben, das zuvor übergeben wurde.</returns>
    </member>
    <member name="M:System.Drawing.Design.IconEditor.GetEditStyle(System.ComponentModel.ITypeDescriptorContext)">
      <summary>Ruft den Stil bearbeiten, der die <see cref="Overload:System.Drawing.Design.IconEditor.EditValue" /> Methode.</summary>
      <param name="context">Ein Typdeskriptorkontext, der verwendet werden kann, um zusätzliche Kontextinformationen bereitstellen.</param>
      <returns>Eines der <see cref="T:System.Drawing.Design.UITypeEditorEditStyle" /> Werte, der angibt, die bereitgestellten Bearbeitung zu formatieren.</returns>
    </member>
    <member name="M:System.Drawing.Design.IconEditor.GetExtensions">
      <summary>Ruft ein Array von gültigen Dateierweiterungen für Symbole.</summary>
      <returns>Ein Array von gültigen Dateierweiterungen für Symbole.</returns>
    </member>
    <member name="M:System.Drawing.Design.IconEditor.GetFileDialogDescription">
      <summary>Ruft die Beschreibung für die Datei Liste Standardfilter von diesem Editor bereitgestellt.</summary>
      <returns>Die Beschreibung für den Standardtyp der Dateien in der Dateiliste gefiltert.</returns>
    </member>
    <member name="M:System.Drawing.Design.IconEditor.GetPaintValueSupported(System.ComponentModel.ITypeDescriptorContext)">
      <summary>Bestimmt, ob dieser Editor das Zeichnen einer Darstellung des Werts eines Objekts unterstützt.</summary>
      <param name="context">Ein Typdeskriptorkontext, der verwendet werden kann, um zusätzliche Kontextinformationen bereitstellen.</param>
      <returns>true, wenn die <see cref="Overload:System.Drawing.Design.UITypeEditor.PaintValue" />-Methode implementiert ist, andernfalls false.</returns>
    </member>
    <member name="M:System.Drawing.Design.IconEditor.LoadFromStream(System.IO.Stream)">
      <summary>Erstellt eine neue <see cref="T:System.Drawing.Icon" /> aus dem angegebenen Stream.</summary>
      <param name="stream">Der Source-Stream, aus dem das Symbol erstellt wird.</param>
      <returns>Der neu erstellte <see cref="T:System.Drawing.Icon" />.</returns>
    </member>
    <member name="M:System.Drawing.Design.IconEditor.PaintValue(System.Drawing.Design.PaintValueEventArgs)">
      <summary>Zeichnet einen repräsentativen Wert des angegebenen Objekts auf den angegebenen Bereich.</summary>
      <param name="e">Zu zeichnenden Werte und Zeichenbereich.</param>
    </member>
    <member name="M:System.Drawing.Design.ImageEditor.#ctor">
      <summary>Initialisiert eine neue Instanz der <see cref="T:System.Drawing.Design.ImageEditor" />-Klasse.</summary>
    </member>
    <member name="M:System.Drawing.Design.ImageEditor.CreateExtensionsString(System.String[],System.String)">
      <summary>Erstellt eine Datei Dateinamenerweiterungen, die mit dem angegebenen Array von Erweiterungen und das angegebene Trennzeichen.</summary>
      <param name="extensions">Die Erweiterungen zu filtern.</param>
      <param name="sep">Das zu verwendende Trennzeichen.</param>
      <returns>Eine Zeichenfolge, die die angegebenen Dateinamenerweiterungen enthält, die jeweils durch das angegebene Trennzeichen getrennt werden.</returns>
    </member>
    <member name="M:System.Drawing.Design.ImageEditor.CreateFilterEntry(System.Drawing.Design.ImageEditor)">
      <summary>Erstellt einen Filtereintrag für die Dateiliste eines Dateidialogfelds.</summary>
      <param name="e">Ein <see cref="T:System.Drawing.Design.ImageEditor" /> den Filtereintrag abgerufen.</param>
      <returns>Der neue Eintrag Filterzeichenfolge.</returns>
    </member>
    <member name="M:System.Drawing.Design.ImageEditor.EditValue(System.ComponentModel.ITypeDescriptorContext,System.IServiceProvider,System.Object)">
      <summary>Bearbeitet den Wert des angegebenen Objekts mit dem Bearbeiten von bereitgestellten die <see cref="M:System.Drawing.Design.ImageEditor.GetEditStyle(System.ComponentModel.ITypeDescriptorContext)" /> Methode.</summary>
      <param name="context">Eine <see cref="T:System.ComponentModel.ITypeDescriptorContext" />-Schnittstelle, über die zusätzliche Kontextinformationen abgerufen werden können.</param>
      <param name="provider">Eine <see cref="T:System.IServiceProvider" /> über die Bearbeitungsdienste abgerufen werden kann.</param>
      <param name="value">Ein <see cref="T:System.Object" /> bearbeitet wird.</param>
      <returns>Ein <see cref="T:System.Object" /> das den neuen Wert darstellt. Wenn der Wert des Objekts nicht geändert hat, <see cref="M:System.Drawing.Design.ImageEditor.EditValue(System.ComponentModel.ITypeDescriptorContext,System.IServiceProvider,System.Object)" /> zurück, die an sie übergeben wurde.</returns>
    </member>
    <member name="M:System.Drawing.Design.ImageEditor.GetEditStyle(System.ComponentModel.ITypeDescriptorContext)">
      <summary>Ruft den Stil bearbeiten, der die <see cref="M:System.Drawing.Design.ImageEditor.EditValue(System.ComponentModel.ITypeDescriptorContext,System.IServiceProvider,System.Object)" /> Methode.</summary>
      <param name="context">Eine <see cref="T:System.ComponentModel.ITypeDescriptorContext" />-Schnittstelle, über die zusätzliche Kontextinformationen abgerufen werden können.</param>
      <returns>Eines der <see cref="T:System.Drawing.Design.UITypeEditorEditStyle" /> Werte, der angibt, die unterstützte Bearbeitung zu formatieren.</returns>
    </member>
    <member name="M:System.Drawing.Design.ImageEditor.GetExtensions">
      <summary>Ruft die Erweiterungen für den Dateilistenfilter ab, der in diesem Editor anfangs zum Filtern der Dateiliste verwendet wird.</summary>
      <returns>Ein Satz von Erweiterungen, die zum Filtern der Dateiliste  verwendet werden.</returns>
    </member>
    <member name="M:System.Drawing.Design.ImageEditor.GetFileDialogDescription">
      <summary>Ruft die Beschreibung für den Standarddateilisten-Filter ab, der von diesem Editor bereitgestellt wird.</summary>
      <returns>Die Beschreibung für den Standarddateilisten-Filter.</returns>
    </member>
    <member name="M:System.Drawing.Design.ImageEditor.GetImageExtenders">
      <summary>Ruft ein Array der unterstützten Bildtypen ab.</summary>
      <returns>Ein Array von <see cref="T:System.Type" /> unterstützte Bildtypen darstellt.</returns>
    </member>
    <member name="M:System.Drawing.Design.ImageEditor.GetPaintValueSupported(System.ComponentModel.ITypeDescriptorContext)">
      <summary>Ruft einen Wert, der angibt, ob dieser Editor das Zeichnen einer Darstellung des Werts eines Objekts unterstützt.</summary>
      <param name="context">Eine <see cref="T:System.ComponentModel.ITypeDescriptorContext" />-Schnittstelle, über die zusätzliche Kontextinformationen abgerufen werden können.</param>
      <returns>true, wenn die <see cref="M:System.Drawing.Design.ImageEditor.PaintValue(System.Drawing.Design.PaintValueEventArgs)" />-Methode implementiert ist, andernfalls false.</returns>
    </member>
    <member name="M:System.Drawing.Design.ImageEditor.LoadFromStream(System.IO.Stream)">
      <summary>Lädt ein Bild aus dem angegebenen Stream.</summary>
      <param name="stream">Ein <see cref="T:System.IO.Stream" /> der zu ladende Bild enthält.</param>
      <returns>Die <see cref="T:System.Drawing.Image" /> die geladen wurde.</returns>
    </member>
    <member name="M:System.Drawing.Design.ImageEditor.PaintValue(System.Drawing.Design.PaintValueEventArgs)">
      <summary>Zeichnet einen Wert, der vom angegebenen <see cref="T:System.Drawing.Design.PaintValueEventArgs" />.</summary>
      <param name="e">Ein <see cref="T:System.Drawing.Design.PaintValueEventArgs" /> die zu zeichnenden Werte und den Zeichenbereich angibt.</param>
    </member>
    <member name="M:System.Drawing.Design.MetafileEditor.#ctor">
      <summary>Initialisiert eine neue Instanz der <see cref="T:System.Drawing.Design.MetafileEditor" />-Klasse.</summary>
    </member>
    <member name="M:System.Drawing.Design.MetafileEditor.GetExtensions">
      <summary>Ruft die Erweiterungen für den Dateilistenfilter ab, der in diesem Editor anfangs zum Filtern der Dateiliste verwendet wird.</summary>
      <returns>Ein Satz von Erweiterungen, die zum Filtern der Dateiliste  verwendet werden.</returns>
    </member>
    <member name="M:System.Drawing.Design.MetafileEditor.GetFileDialogDescription">
      <summary>Ruft die Beschreibung für den Standarddateilisten-Filter ab, der von diesem Editor bereitgestellt wird.</summary>
      <returns>Die Beschreibung für den Standarddateilisten-Filter.</returns>
    </member>
    <member name="M:System.Drawing.Design.MetafileEditor.LoadFromStream(System.IO.Stream)">
      <summary>Lädt ein Bild aus dem angegebenen Stream.</summary>
      <param name="stream">Ein <see cref="T:System.IO.Stream" />, der das zu ladende Bild enthält.</param>
      <returns>Das <see cref="T:System.Drawing.Image" />, das geladen wurde.</returns>
    </member>
    <member name="M:System.Drawing.Design.ToolboxItemContainer.#ctor(System.Drawing.Design.ToolboxItem)">
      <summary>Initialisiert eine neue Instanz von der <see cref="T:System.Drawing.Design.ToolboxItemContainer" /> -Klasse aus einem <see cref="T:System.Drawing.Design.ToolboxItem" />.</summary>
      <param name="item">Die <see cref="T:System.Drawing.Design.ToolboxItem" /> für das Erstellen einer <see cref="T:System.Drawing.Design.ToolboxItemContainer" />.</param>
    </member>
    <member name="M:System.Drawing.Design.ToolboxItemContainer.#ctor(System.Runtime.Serialization.SerializationInfo,System.Runtime.Serialization.StreamingContext)">
      <summary>Initialisiert eine neue Instanz der <see cref="T:System.Drawing.Design.ToolboxItemContainer" /> -Klasse aus einem Serialisierungsstream.</summary>
      <param name="info">Die übergebenen Serialisierungsinformationen vom Serialisierungsprogramm beim Deserialisieren der <see cref="T:System.Drawing.Design.ToolboxItemContainer" />.</param>
      <param name="context">Die übergebene Streamingkontext vom Serialisierungsprogramm beim Deserialisieren der <see cref="T:System.Drawing.Design.ToolboxItemContainer" />.</param>
    </member>
    <member name="M:System.Drawing.Design.ToolboxItemContainer.#ctor(System.Windows.Forms.IDataObject)">
      <summary>Initialisiert eine neue Instanz von der <see cref="T:System.Drawing.Design.ToolboxItemContainer" /> -Klasse aus einem <see cref="T:System.Windows.Forms.IDataObject" />.</summary>
      <param name="data">Ein Objekt, das stellt eine <see cref="T:System.Drawing.Design.ToolboxItemContainer" />.</param>
    </member>
    <member name="M:System.Drawing.Design.ToolboxItemContainer.Equals(System.Object)">
      <summary>Stellt fest, ob zwei <see cref="T:System.Drawing.Design.ToolboxItemContainer" />-Instanzen gleich sind.</summary>
      <param name="obj">Das <see cref="T:System.Drawing.Design.ToolboxItemContainer" />, das mit dem aktuellen <see cref="T:System.Drawing.Design.ToolboxItemContainer" /> verglichen werden soll.</param>
      <returns>true, wenn das angegebene <see cref="T:System.Drawing.Design.ToolboxItemContainer" /> gleich der aktuellen <see cref="T:System.Drawing.Design.ToolboxItemContainer" /> ist, andernfalls false.</returns>
    </member>
    <member name="M:System.Drawing.Design.ToolboxItemContainer.GetFilter(System.Collections.ICollection)">
      <summary>Gibt eine Auflistung von <see cref="T:System.ComponentModel.ToolboxItemFilterAttribute" /> -Objekten, die den aktuellen Filter für die Darstellung der <see cref="T:System.Drawing.Design.ToolboxItem" />.</summary>
      <param name="creators">Eine Auflistung von <see cref="T:System.Drawing.Design.ToolboxItemCreator" />-Objekten.</param>
      <returns>Eine Auflistung von <see cref="T:System.ComponentModel.ToolboxItemFilterAttribute" />-Objekten. Dies wird nie zurückgegeben null.</returns>
    </member>
    <member name="M:System.Drawing.Design.ToolboxItemContainer.GetHashCode">
      <summary>Gibt den Hashcode für diese Instanz zurück.</summary>
      <returns>Ein Hashcode für die aktuelle <see cref="T:System.Drawing.Design.ToolboxItemContainer" />.</returns>
    </member>
    <member name="M:System.Drawing.Design.ToolboxItemContainer.GetObjectData(System.Runtime.Serialization.SerializationInfo,System.Runtime.Serialization.StreamingContext)">
      <summary>Speichert den Serialisierungszustand des Objekts.</summary>
      <param name="info">Beim Serialisieren dieses Objekts vom Serialisierungsprogramm übergebenen Serialisierungsinformationen.</param>
      <param name="context">Beim Serialisieren dieses Objekts vom Serialisierungsprogramm übergebene Streamingkontext.</param>
    </member>
    <member name="M:System.Drawing.Design.ToolboxItemContainer.GetToolboxItem(System.Collections.ICollection)">
      <summary>Gibt die <see cref="T:System.Drawing.Design.ToolboxItem" /> Bestandteil der <see cref="T:System.Drawing.Design.ToolboxItemContainer" />.</summary>
      <param name="creators">Eine Auflistung von <see cref="T:System.Drawing.Design.ToolboxItemCreator" />-Objekten.</param>
      <returns>Die <see cref="T:System.Drawing.Design.ToolboxItem" /> Bestandteil der <see cref="T:System.Drawing.Design.ToolboxItemContainer" />.</returns>
    </member>
    <member name="M:System.Drawing.Design.ToolboxItemContainer.System#Runtime#Serialization#ISerializable#GetObjectData(System.Runtime.Serialization.SerializationInfo,System.Runtime.Serialization.StreamingContext)">
      <summary>Eine Beschreibung dieses Members finden Sie unter der <see cref="M:System.Drawing.Design.ToolboxItemContainer.GetObjectData(System.Runtime.Serialization.SerializationInfo,System.Runtime.Serialization.StreamingContext)" />-Methode.</summary>
      <param name="info">Beim Serialisieren dieses Objekts vom Serialisierungsprogramm übergebenen Serialisierungsinformationen.</param>
      <param name="context">Beim Serialisieren dieses Objekts vom Serialisierungsprogramm übergebene Streamingkontext.</param>
    </member>
    <member name="M:System.Drawing.Design.ToolboxItemContainer.UpdateFilter(System.Drawing.Design.ToolboxItem)">
      <summary>Führt den Filter des Containers mit dem Filter des angegebenen Elements.</summary>
      <param name="item">Die Quelle des Filters, der mit dem Filter des Containers zusammengeführt.</param>
    </member>
    <member name="M:System.Drawing.Design.ToolboxItemCreator.Create(System.Windows.Forms.IDataObject)">
      <summary>Erstellt ein neues <see cref="T:System.Drawing.Design.ToolboxItem" /> aus einem <see cref="T:System.Windows.Forms.IDataObject" />.</summary>
      <param name="data">Ein Objekt, das stellt eine <see cref="T:System.Drawing.Design.ToolboxItem" />.</param>
      <returns>Eine neue Instanz der <see cref="T:System.Drawing.Design.ToolboxItem" />-Klasse.</returns>
    </member>
    <member name="M:System.Drawing.Design.ToolboxService.#ctor">
      <summary>Initialisiert eine neue Instanz der <see cref="T:System.Drawing.Design.ToolboxService" />-Klasse.</summary>
    </member>
    <member name="M:System.Drawing.Design.ToolboxService.CreateItemContainer(System.Drawing.Design.ToolboxItem,System.ComponentModel.Design.IDesignerHost)">
      <summary>Erstellt einen neuen Toolboxelementcontainer aus einem Toolboxelement.</summary>
      <param name="item">Das Toolboxelement, für das einen Elementcontainer erstellt werden soll.</param>
      <param name="link">Ein optionaler Designerhost, der mit diesem Toolboxelement verknüpft werden soll. Dieser Parameter kann null sein.</param>
      <returns>Ein neuer Container der Toolbox-Element.</returns>
      <exception cref="T:System.ArgumentNullException">
        <paramref name="item" /> ist null.</exception>
    </member>
    <member name="M:System.Drawing.Design.ToolboxService.CreateItemContainer(System.Windows.Forms.IDataObject)">
      <summary>Erstellt einen neuen Toolboxelementcontainer aus einem Objekt gespeicherten Daten.</summary>
      <param name="dataObject">Ein Datenobjekt, das gespeicherte Toolboxdaten.</param>
      <returns>Ein neuer Container der Toolbox-Element.</returns>
      <exception cref="T:System.ArgumentNullException">
        <paramref name="dataObject" /> ist null.</exception>
    </member>
    <member name="M:System.Drawing.Design.ToolboxService.FilterChanged">
      <summary>Tritt auf, wenn der Toolboxdienst erkennt, dass der aktive Designer-Toolbox Artikelfilter geändert hat.</summary>
    </member>
    <member name="M:System.Drawing.Design.ToolboxService.GetItemContainers">
      <summary>Gibt ein <see cref="T:System.Collections.IList" /> mit allen Elementen in der Toolbox.</summary>
      <returns>Ein <see cref="T:System.Collections.IList" /> mit allen Elementen in der Toolbox.</returns>
    </member>
    <member name="M:System.Drawing.Design.ToolboxService.GetItemContainers(System.String)">
      <summary>Gibt ein <see cref="T:System.Collections.IList" /> mit allen Elementen in einer angegebenen Kategorie.</summary>
      <param name="categoryName">Die Kategorie für die Liste der Container abzurufen.</param>
      <returns>Ein <see cref="T:System.Collections.IList" /> mit allen Elementen in der angegebenen Kategorie <paramref name="categoryName" />.</returns>
    </member>
    <member name="M:System.Drawing.Design.ToolboxService.GetToolboxItem(System.Type)">
      <summary>Gibt ein Toolboxelement für einen angegebenen Typ zurück.</summary>
      <param name="toolType">Der Typ der Komponente, für die das Toolboxelement abgerufen.</param>
      <returns>Ein dem angegebenen Typ zugeordnetes Toolboxelement oder null Wenn der Typ kein entsprechendes Toolboxelement besitzt.</returns>
      <exception cref="T:System.ArgumentNullException">
        <paramref name="toolType" /> ist null.</exception>
    </member>
    <member name="M:System.Drawing.Design.ToolboxService.GetToolboxItem(System.Type,System.Boolean)">
      <summary>Gibt ein Toolboxelement für einen angegebenen Typ zurück.</summary>
      <param name="toolType">Der Typ der Komponente, für die das Toolboxelement abgerufen.</param>
      <param name="nonPublic">true für die nicht öffentlichen Konstruktoren für den Typ gesucht werden soll. false nach öffentlichen Konstruktoren zu suchen.</param>
      <returns>Ein dem angegebenen Typ zugeordnetes Toolboxelement oder null Wenn der Typ kein entsprechendes Toolboxelement besitzt.</returns>
      <exception cref="T:System.ArgumentNullException">
        <paramref name="toolType" /> ist null.</exception>
    </member>
    <member name="M:System.Drawing.Design.ToolboxService.GetToolboxItems(System.Reflection.Assembly,System.String)">
      <summary>Gibt eine <see cref="T:System.Collections.ICollection" /> die alle Toolboxelemente in der angegebenen Assembly enthält.</summary>
      <param name="a">Die Assembly aufgelistet werden.</param>
      <param name="newCodeBase">Eine Zeichenfolge, die die URL der Assembly ist.</param>
      <returns>Eine Auflistung, die alle Toolboxelemente in der angegebenen Assembly enthält.</returns>
      <exception cref="T:System.ArgumentNullException">
        <paramref name="a" /> ist null.</exception>
    </member>
    <member name="M:System.Drawing.Design.ToolboxService.GetToolboxItems(System.Reflection.Assembly,System.String,System.Boolean)">
      <summary>Gibt eine <see cref="T:System.Collections.ICollection" /> der <see cref="T:System.Drawing.Design.ToolboxItem" /> Objekte für die angegebene Assembly.</summary>
      <param name="a">Die Assembly aufgelistet werden.</param>
      <param name="newCodeBase">Eine Zeichenfolge, die die URL der Assembly ist.</param>
      <param name="throwOnError">true Bei einem Fehler eine Ausnahme ausgelöst werden soll; andernfalls false.</param>
      <returns>Eine Auflistung, die alle Toolboxelemente in der durch den angegebenen Assemblynamen dargestellten Assembly enthält.</returns>
      <exception cref="T:System.ArgumentNullException">
        <paramref name="a" /> ist null.</exception>
    </member>
    <member name="M:System.Drawing.Design.ToolboxService.GetToolboxItems(System.Reflection.AssemblyName)">
      <summary>Gibt eine <see cref="T:System.Collections.ICollection" /> der <see cref="T:System.Drawing.Design.ToolboxItem" /> Objekte für die angegebene Assembly.</summary>
      <param name="an">Ein Assemblyname, aus dem eine Assembly geladen werden soll.</param>
      <returns>Eine Auflistung, die alle Toolboxelemente in der durch den angegebenen Assemblynamen dargestellten Assembly enthält.</returns>
      <exception cref="T:System.ArgumentNullException">
        <paramref name="an" /> ist null.</exception>
    </member>
    <member name="M:System.Drawing.Design.ToolboxService.GetToolboxItems(System.Reflection.AssemblyName,System.Boolean)">
      <summary>Gibt eine <see cref="T:System.Collections.ICollection" /> der <see cref="T:System.Drawing.Design.ToolboxItem" /> Objekte für die angegebene Assembly.</summary>
      <param name="an">Ein Assemblyname, aus dem eine Assembly geladen werden soll.</param>
      <param name="throwOnError">true Bei einem Fehler eine Ausnahme ausgelöst werden soll; andernfalls false.</param>
      <returns>Eine Auflistung, die alle Toolboxelemente in der durch den angegebenen Assemblynamen dargestellten Assembly enthält.</returns>
      <exception cref="T:System.ArgumentNullException">
        <paramref name="an" /> ist null.</exception>
    </member>
    <member name="M:System.Drawing.Design.ToolboxService.IsItemContainer(System.Windows.Forms.IDataObject,System.ComponentModel.Design.IDesignerHost)">
      <summary>Gibt einen Wert, der angibt, ob das angegebene Datenobjekt einen Elementcontainer darstellt.</summary>
      <param name="dataObject">Das Datenobjekt auf das Vorhandensein einer Toolboxelementcontainer untersucht.</param>
      <param name="host">Ein optionaler Designerhost. Dieser Parameter kann null sein.</param>
      <returns>true Wenn das angegebene Datenobjekt einen Elementcontainer darstellt; andernfalls false.</returns>
      <exception cref="T:System.ArgumentNullException">
        <paramref name="dataObject" /> ist null.</exception>
    </member>
    <member name="M:System.Drawing.Design.ToolboxService.IsItemContainerSupported(System.Drawing.Design.ToolboxItemContainer,System.ComponentModel.Design.IDesignerHost)">
      <summary>Bestimmt, ob der Toolboxelementcontainer vom angegebenen Designerhost unterstützt wird.</summary>
      <param name="container">Der Toolboxelementcontainer.</param>
      <param name="host">Der angegebene Designerhost.</param>
      <returns>true Wenn der Toolboxelementcontainer vom angegebenen Designerhost unterstützt wird. andernfalls false.</returns>
      <exception cref="T:System.ArgumentNullException">
        <paramref name="container" /> oder <paramref name="host" /> ist null.</exception>
    </member>
    <member name="M:System.Drawing.Design.ToolboxService.Refresh">
      <summary>Aktualisiert den Zustand der Toolboxelemente.</summary>
    </member>
    <member name="M:System.Drawing.Design.ToolboxService.SelectedItemContainerUsed">
      <summary>Empfängt einen Aufruf vom Toolboxdienst, wenn ein Benutzer meldet, dass das ausgewählte Toolboxelement verwendet wurde.</summary>
    </member>
    <member name="M:System.Drawing.Design.ToolboxService.SetCursor">
      <summary>Setzt die aktuelle Anwendung Cursor auf einen Cursor, der das derzeit ausgewählte Tool darstellt.</summary>
      <returns>true Wenn ein Element ausgewählt ist. andernfalls false.</returns>
    </member>
    <member name="M:System.Drawing.Design.ToolboxService.System#ComponentModel#Design#IComponentDiscoveryService#GetComponentTypes(System.ComponentModel.Design.IDesignerHost,System.Type)">
      <summary>Ruft die Liste der verfügbaren Komponententypen ab.</summary>
      <param name="designerHost">Der Designerhost, der Entwurfszeitdienste bereitstellt.</param>
      <param name="baseType">Der Basistyp die Komponenten angeben abgerufen. Kann null sein.</param>
      <returns>Die Liste der verfügbaren Komponententypen.</returns>
    </member>
    <member name="M:System.Drawing.Design.ToolboxService.System#Drawing#Design#IToolboxService#AddCreator(System.Drawing.Design.ToolboxItemCreatorCallback,System.String)">
      <summary>Eine Beschreibung dieses Members finden Sie unter der <see cref="M:System.Drawing.Design.IToolboxService.AddCreator(System.Drawing.Design.ToolboxItemCreatorCallback,System.String)" />-Methode.</summary>
      <param name="creator">Ein <see cref="T:System.Drawing.Design.ToolboxItemCreatorCallback" /> die beim Aufrufen des Toolboxelements eine Komponente erstellen kann.</param>
      <param name="format">Das Datenformat, das die Erstellung behandelt.</param>
    </member>
    <member name="M:System.Drawing.Design.ToolboxService.System#Drawing#Design#IToolboxService#AddCreator(System.Drawing.Design.ToolboxItemCreatorCallback,System.String,System.ComponentModel.Design.IDesignerHost)">
      <summary>Eine Beschreibung dieses Members finden Sie unter der <see cref="M:System.Drawing.Design.IToolboxService.AddCreator(System.Drawing.Design.ToolboxItemCreatorCallback,System.String,System.ComponentModel.Design.IDesignerHost)" />-Methode.</summary>
      <param name="creator">Ein <see cref="T:System.Drawing.Design.ToolboxItemCreatorCallback" /> die beim Aufrufen des Toolboxelements eine Komponente erstellen kann.</param>
      <param name="format">Das Datenformat, das die Erstellung behandelt.</param>
      <param name="host">Die <see cref="T:System.ComponentModel.Design.IDesignerHost" /> die die Erstellung zuzuordnenden Designerhost darstellt.</param>
    </member>
    <member name="M:System.Drawing.Design.ToolboxService.System#Drawing#Design#IToolboxService#AddLinkedToolboxItem(System.Drawing.Design.ToolboxItem,System.ComponentModel.Design.IDesignerHost)">
      <summary>Eine Beschreibung dieses Members finden Sie unter der <see cref="M:System.Drawing.Design.IToolboxService.AddLinkedToolboxItem(System.Drawing.Design.ToolboxItem,System.ComponentModel.Design.IDesignerHost)" />-Methode.</summary>
      <param name="toolboxItem">Das verknüpfte <see cref="T:System.Drawing.Design.ToolboxItem" /> zur Toolbox hinzu.</param>
      <param name="host">Die <see cref="T:System.ComponentModel.Design.IDesignerHost" /> für das aktuelle Entwurfsdokument.</param>
    </member>
    <member name="M:System.Drawing.Design.ToolboxService.System#Drawing#Design#IToolboxService#AddLinkedToolboxItem(System.Drawing.Design.ToolboxItem,System.String,System.ComponentModel.Design.IDesignerHost)">
      <summary>Eine Beschreibung dieses Members finden Sie unter der <see cref="M:System.Drawing.Design.IToolboxService.AddLinkedToolboxItem(System.Drawing.Design.ToolboxItem,System.String,System.ComponentModel.Design.IDesignerHost)" />Methode.</summary>
      <param name="toolboxItem">Das verknüpfte <see cref="T:System.Drawing.Design.ToolboxItem" /> zur Toolbox hinzu.</param>
      <param name="category">Element Toolboxkategorie das Toolboxelement hinzu.</param>
      <param name="host">Die <see cref="T:System.ComponentModel.Design.IDesignerHost" /> für das aktuelle Entwurfsdokument.</param>
    </member>
    <member name="M:System.Drawing.Design.ToolboxService.System#Drawing#Design#IToolboxService#AddToolboxItem(System.Drawing.Design.ToolboxItem)">
      <summary>Eine Beschreibung dieses Members finden Sie unter der <see cref="M:System.Drawing.Design.IToolboxService.AddToolboxItem(System.Drawing.Design.ToolboxItem)" />-Methode.</summary>
      <param name="toolboxItem">Die <see cref="T:System.Drawing.Design.ToolboxItem" /> zur Toolbox hinzu.</param>
    </member>
    <member name="M:System.Drawing.Design.ToolboxService.System#Drawing#Design#IToolboxService#AddToolboxItem(System.Drawing.Design.ToolboxItem,System.String)">
      <summary>Eine Beschreibung dieses Members finden Sie unter der <see cref="M:System.Drawing.Design.IToolboxService.AddToolboxItem(System.Drawing.Design.ToolboxItem,System.String)" />-Methode.</summary>
      <param name="toolboxItem">Die <see cref="T:System.Drawing.Design.ToolboxItem" /> zur Toolbox hinzu.</param>
      <param name="category">Toolboxkategorie Element hinzufügen die <see cref="T:System.Drawing.Design.ToolboxItem" /> an.</param>
    </member>
    <member name="M:System.Drawing.Design.ToolboxService.System#Drawing#Design#IToolboxService#DeserializeToolboxItem(System.Object)">
      <summary>Eine Beschreibung dieses Members finden Sie unter der <see cref="M:System.Drawing.Design.IToolboxService.DeserializeToolboxItem(System.Object)" />-Methode.</summary>
      <param name="serializedObject">Das Objekt, das <see cref="T:System.Drawing.Design.ToolboxItem" /> abrufen.</param>
      <returns>Die <see cref="T:System.Drawing.Design.ToolboxItem" /> durch Deserialisierung erstellt.</returns>
    </member>
    <member name="M:System.Drawing.Design.ToolboxService.System#Drawing#Design#IToolboxService#DeserializeToolboxItem(System.Object,System.ComponentModel.Design.IDesignerHost)">
      <summary>Eine Beschreibung dieses Members finden Sie unter der <see cref="M:System.Drawing.Design.IToolboxService.DeserializeToolboxItem(System.Object,System.ComponentModel.Design.IDesignerHost)" />-Methode.</summary>
      <param name="serializedObject">Das Objekt, das <see cref="T:System.Drawing.Design.ToolboxItem" /> abrufen.</param>
      <param name="host">Die <see cref="T:System.ComponentModel.Design.IDesignerHost" /> zuzuordnen <see cref="T:System.Drawing.Design.ToolboxItem" />.</param>
      <returns>Die <see cref="T:System.Drawing.Design.ToolboxItem" /> durch Deserialisierung erstellt.</returns>
    </member>
    <member name="M:System.Drawing.Design.ToolboxService.System#Drawing#Design#IToolboxService#GetSelectedToolboxItem">
      <summary>Eine Beschreibung dieses Members finden Sie unter der <see cref="Overload:System.Drawing.Design.IToolboxService.GetSelectedToolboxItem" />-Methode.</summary>
      <returns>Die <see cref="T:System.Drawing.Design.ToolboxItem" /> die derzeit ausgewählt ist, oder null Wenn momentan kein Toolboxelement ausgewählt ist.</returns>
    </member>
    <member name="M:System.Drawing.Design.ToolboxService.System#Drawing#Design#IToolboxService#GetSelectedToolboxItem(System.ComponentModel.Design.IDesignerHost)">
      <summary>Eine Beschreibung dieses Members finden Sie unter der <see cref="M:System.Drawing.Design.IToolboxService.GetSelectedToolboxItem(System.ComponentModel.Design.IDesignerHost)" />-Methode.</summary>
      <param name="host">Die <see cref="T:System.ComponentModel.Design.IDesignerHost" /> dass das ausgewählte Tool zugeordnet ist, damit es zurückgegeben werden muss.</param>
      <returns>Die <see cref="T:System.Drawing.Design.ToolboxItem" /> die derzeit ausgewählt ist, oder null Wenn momentan kein Toolboxelement ausgewählt ist.</returns>
    </member>
    <member name="M:System.Drawing.Design.ToolboxService.System#Drawing#Design#IToolboxService#GetToolboxItems">
      <summary>Ruft die gesamte Auflistung von Toolboxelementen aus der Toolbox ab.</summary>
      <returns>Ein <see cref="T:System.Drawing.Design.ToolboxItemCollection" /> die die aktuellen Toolboxelemente enthält.</returns>
    </member>
    <member name="M:System.Drawing.Design.ToolboxService.System#Drawing#Design#IToolboxService#GetToolboxItems(System.ComponentModel.Design.IDesignerHost)">
      <summary>Ruft die Auflistung von Toolboxelementen, die dem angegebenen Designerhost aus der Toolbox zugeordnet sind.</summary>
      <param name="host">Die <see cref="T:System.ComponentModel.Design.IDesignerHost" /> der abzurufenden Toolboxelementen zugeordnet ist.</param>
      <returns>Ein <see cref="T:System.Drawing.Design.ToolboxItemCollection" /> die die aktuellen Toolboxelemente enthält, die dem angegebenen Designerhost zugeordnet sind.</returns>
      <exception cref="T:System.ArgumentNullException">
        <paramref name="host" /> ist null.</exception>
    </member>
    <member name="M:System.Drawing.Design.ToolboxService.System#Drawing#Design#IToolboxService#GetToolboxItems(System.String)">
      <summary>Ruft eine Auflistung von Toolboxelementen aus der Toolbox, die mit die angegebene Kategorie übereinstimmen.</summary>
      <param name="category">Die Toolbox-Element-Kategorie aus der alle Toolboxelemente abgerufen.</param>
      <returns>Ein <see cref="T:System.Drawing.Design.ToolboxItemCollection" /> die die aktuellen Toolboxelemente enthält, die der angegebenen Kategorie zugeordnet sind.</returns>
      <exception cref="T:System.ArgumentNullException">
        <paramref name="host" /> ist null.</exception>
    </member>
    <member name="M:System.Drawing.Design.ToolboxService.System#Drawing#Design#IToolboxService#GetToolboxItems(System.String,System.ComponentModel.Design.IDesignerHost)">
      <summary>Ruft die Auflistung von Toolboxelementen, die dem angegebenen Designerhost und die Kategorie aus der Toolbox zugeordnet sind.</summary>
      <param name="category">Element Toolboxkategorie Toolboxelemente aus abrufen.</param>
      <param name="host">Die <see cref="T:System.ComponentModel.Design.IDesignerHost" /> der abzurufenden Toolboxelementen zugeordnet ist.</param>
      <returns>Ein <see cref="T:System.Drawing.Design.ToolboxItemCollection" /> die die aktuellen Toolboxelemente enthält, die der angegebenen Kategorie und dem Designerhost zugeordnet sind.</returns>
      <exception cref="T:System.ArgumentNullException">
        <paramref name="category " />oder <paramref name="host" /> ist null.</exception>
    </member>
    <member name="M:System.Drawing.Design.ToolboxService.System#Drawing#Design#IToolboxService#IsSupported(System.Object,System.Collections.ICollection)">
      <summary>Ruft einen Wert, der angibt, ob das angegebene Objekt, das ein serialisiertes Toolboxelement darstellt, die angegebenen Attributen übereinstimmen.</summary>
      <param name="serializedObject">Das Objekt, das <see cref="T:System.Drawing.Design.ToolboxItem" /> abrufen.</param>
      <param name="filterAttributes">Ein <see cref="T:System.Collections.ICollection" /> enthält die Attribute, die das serialisierte Objekt überprüft.</param>
      <returns>true Wenn das Objekt die angegebenen Attributen entspricht. andernfalls false.</returns>
      <exception cref="T:System.ArgumentNullException">
        <paramref name="serializedObject" /> oder <paramref name="filterAttributes" /> ist null.</exception>
    </member>
    <member name="M:System.Drawing.Design.ToolboxService.System#Drawing#Design#IToolboxService#IsSupported(System.Object,System.ComponentModel.Design.IDesignerHost)">
      <summary>Ruft einen Wert, der angibt, ob das angegebene Objekt, das ein serialisiertes Toolboxelement darstellt, vom angegebenen Designerhost verwendet werden kann.</summary>
      <param name="serializedObject">Das Objekt, das <see cref="T:System.Drawing.Design.ToolboxItem" /> abrufen.</param>
      <param name="host">Die <see cref="T:System.ComponentModel.Design.IDesignerHost" /> unterstützt für die <see cref="T:System.Drawing.Design.ToolboxItem" />.</param>
      <returns>true Wenn das angegebene Objekt mit dem angegebenen Designerhost kompatibel ist. andernfalls false.</returns>
      <exception cref="T:System.ArgumentNullException">
        <paramref name="serializedObject" /> oder <paramref name="host" /> ist null.</exception>
    </member>
    <member name="M:System.Drawing.Design.ToolboxService.System#Drawing#Design#IToolboxService#IsToolboxItem(System.Object)">
      <summary>Ruft einen Wert, der angibt, ob das angegebene Objekt ein serialisiertes Toolboxelement ist.</summary>
      <param name="serializedObject">Das zu überprüfende Objekt.</param>
      <returns>true Wenn das Objekt eine Toolbox Item-Objekt enthält. andernfalls false.</returns>
    </member>
    <member name="M:System.Drawing.Design.ToolboxService.System#Drawing#Design#IToolboxService#IsToolboxItem(System.Object,System.ComponentModel.Design.IDesignerHost)">
      <summary>Ruft einen Wert, der angibt, ob das angegebene Objekt ein serialisiertes Toolboxelement mithilfe des angegebenen Designerhosts ist.</summary>
      <param name="serializedObject">Das zu überprüfende Objekt.</param>
      <param name="host">Die <see cref="T:System.ComponentModel.Design.IDesignerHost" /> macht, die diese Anforderung.</param>
      <returns>true Wenn das Objekt eine Toolbox Item-Objekt enthält. andernfalls false.</returns>
    </member>
    <member name="M:System.Drawing.Design.ToolboxService.System#Drawing#Design#IToolboxService#Refresh">
      <summary>Aktualisiert den Zustand der Toolboxelemente.</summary>
    </member>
    <member name="M:System.Drawing.Design.ToolboxService.System#Drawing#Design#IToolboxService#RemoveCreator(System.String)">
      <summary>Entfernt einen zuvor hinzugefügten Toolbox-Elementersteller, der dem angegebenen Format.</summary>
      <param name="format">Das Datenformat der zu entfernenden Erstellung.</param>
      <exception cref="T:System.ArgumentNullException">
        <paramref name="format" /> ist null.</exception>
    </member>
    <member name="M:System.Drawing.Design.ToolboxService.System#Drawing#Design#IToolboxService#RemoveCreator(System.String,System.ComponentModel.Design.IDesignerHost)">
      <summary>Entfernt einen zuvor hinzugefügten Toolbox-Ersteller, der dem angegebenen Format und dem angegebenen Designerhost zugeordnet ist.</summary>
      <param name="format">Das Datenformat der zu entfernenden Erstellung.</param>
      <param name="host">Die <see cref="T:System.ComponentModel.Design.IDesignerHost" /> die zu entfernenden Erstellung zugeordnet ist.</param>
      <exception cref="T:System.ArgumentNullException">
        <paramref name="format" /> oder <paramref name="host" /> ist null.</exception>
    </member>
    <member name="M:System.Drawing.Design.ToolboxService.System#Drawing#Design#IToolboxService#RemoveToolboxItem(System.Drawing.Design.ToolboxItem)">
      <summary>Entfernt das angegebene Toolboxelement aus der Toolbox.</summary>
      <param name="toolboxItem">Die <see cref="T:System.Drawing.Design.ToolboxItem" /> aus der Toolbox entfernt.</param>
      <exception cref="T:System.ArgumentNullException">
        <paramref name="toolboxItem" /> ist null.</exception>
    </member>
    <member name="M:System.Drawing.Design.ToolboxService.System#Drawing#Design#IToolboxService#RemoveToolboxItem(System.Drawing.Design.ToolboxItem,System.String)">
      <summary>Entfernt das angegebene Toolboxelement aus der Toolbox.</summary>
      <param name="toolboxItem">Die <see cref="T:System.Drawing.Design.ToolboxItem" /> aus der Toolbox entfernt.</param>
      <param name="category">Element Toolboxkategorie entfernt die <see cref="T:System.Drawing.Design.ToolboxItem" /> aus.</param>
      <exception cref="T:System.ArgumentNullException">
        <paramref name="toolboxItem" /> oder <paramref name="category" /> ist null.</exception>
    </member>
    <member name="M:System.Drawing.Design.ToolboxService.System#Drawing#Design#IToolboxService#SelectedToolboxItemUsed">
      <summary>Benachrichtigt den Toolboxdienst, dass das ausgewählte Tool verwendet wurde.</summary>
    </member>
    <member name="M:System.Drawing.Design.ToolboxService.System#Drawing#Design#IToolboxService#SerializeToolboxItem(System.Drawing.Design.ToolboxItem)">
      <summary>Ruft ein serialisierbares Objekt, das das angegebene Toolboxelement darstellt.</summary>
      <param name="toolboxItem">Das <see cref="T:System.Drawing.Design.ToolboxItem" />, das serialisiert werden soll.</param>
      <returns>Ein Objekt, das den angegebenen darstellt <see cref="T:System.Drawing.Design.ToolboxItem" />.</returns>
      <exception cref="T:System.ArgumentNullException">
        <paramref name="toolboxItem" /> ist null.</exception>
    </member>
    <member name="M:System.Drawing.Design.ToolboxService.System#Drawing#Design#IToolboxService#SetCursor">
      <summary>Setzt die aktuelle Anwendung Cursor auf einen Cursor, der das derzeit ausgewählte Tool darstellt.</summary>
      <returns>true Wenn der Cursor vom derzeit ausgewählten Tool festgelegt wird; false befindet sich kein Tool ausgewählt wurde und der Cursor als Windows-Standardcursor festgelegt ist.</returns>
    </member>
    <member name="M:System.Drawing.Design.ToolboxService.System#Drawing#Design#IToolboxService#SetSelectedToolboxItem(System.Drawing.Design.ToolboxItem)">
      <summary>Wählt das angegebene Toolboxelement aus.</summary>
      <param name="toolboxItem">Die <see cref="T:System.Drawing.Design.ToolboxItem" /> auswählen.</param>
    </member>
    <member name="M:System.Drawing.Design.ToolboxService.UnloadToolboxItems">
      <summary>Entlädt alle Assemblys, die als Folge des Aufrufs gesperrt wurden die <see cref="Overload:System.Drawing.Design.ToolboxService.GetToolboxItems" /> Methode.</summary>
    </member>
    <member name="P:System.Drawing.Design.CursorEditor.IsDropDownResizable">
      <summary>Ruft einen Wert ab, der angibt, ob Dropdowneditoren von den Benutzern in der Größe veränderbar sein sollten.</summary>
      <returns>true, wenn Dropdowneditoren in der Größe veränderbar sind, andernfalls false.</returns>
    </member>
    <member name="P:System.Drawing.Design.ToolboxItemContainer.IsCreated">
      <summary>Ruft einen Wert, der angibt, ob das zugrunde liegende Toolboxelement deserialisiert wurde.</summary>
      <returns>true Wenn das zugrunde liegende Toolboxelement deserialisiert wurde; andernfalls false.</returns>
    </member>
    <member name="P:System.Drawing.Design.ToolboxItemContainer.IsTransient">
      <summary>Ruft einen Wert angibt, ob die <see cref="T:System.Drawing.Design.ToolboxItem" /> Bestandteil der <see cref="T:System.Drawing.Design.ToolboxItemContainer" /> ist vorübergehend.</summary>
      <returns>true, wenn die <see cref="T:System.Drawing.Design.ToolboxItem" /> Bestandteil der <see cref="T:System.Drawing.Design.ToolboxItemContainer" /> markiert ist, als vorübergehende; andernfalls false.</returns>
    </member>
    <member name="P:System.Drawing.Design.ToolboxItemContainer.ToolboxData">
      <summary>Ruft eine <see cref="T:System.Windows.Forms.IDataObject" /> die zeigt, wie diese <see cref="T:System.Drawing.Design.ToolboxItemContainer" />.</summary>
      <returns>Eine <see cref="T:System.Windows.Forms.IDataObject" /> die zeigt, wie diese <see cref="T:System.Drawing.Design.ToolboxItemContainer" />.</returns>
    </member>
    <member name="P:System.Drawing.Design.ToolboxItemCreator.Format">
      <summary>Ruft das Format der Zwischenablage, das die Daten zur Deserialisierung benötigt eine <see cref="T:System.Drawing.Design.ToolboxItem" />.</summary>
      <returns>Eine Zeichenfolge, die das Format der Zwischenablage.</returns>
    </member>
    <member name="P:System.Drawing.Design.ToolboxService.CategoryNames">
      <summary>Ruft eine Auflistung von Zeichenfolgen, die mit der Toolbox Verfügbare Kategorien angezeigt.</summary>
      <returns>Eine Auflistung von Kategorienamen.</returns>
    </member>
    <member name="P:System.Drawing.Design.ToolboxService.SelectedCategory">
      <summary>Ruft ab oder legt den Namen der derzeit ausgewählten Kategorie.</summary>
      <returns>Eine Zeichenfolge, die den Namen der derzeit ausgewählten Kategorie enthält.</returns>
    </member>
    <member name="P:System.Drawing.Design.ToolboxService.SelectedItemContainer">
      <summary>Ruft ab oder legt den aktuell ausgewählten Elementcontainer fest.</summary>
      <returns>Der Elementcontainer für das derzeit ausgewählte Toolboxelement oder null wenn kein Element ausgewählt ist.</returns>
    </member>
    <member name="P:System.Drawing.Design.ToolboxService.System#Drawing#Design#IToolboxService#CategoryNames">
      <summary>Eine Beschreibung dieses Elements finden Sie in der <see cref="P:System.Drawing.Design.IToolboxService.CategoryNames" /> Eigenschaft.</summary>
      <returns>Ein <see cref="T:System.Drawing.Design.CategoryNameCollection" /> die Toolkategorien enthält.</returns>
    </member>
    <member name="P:System.Drawing.Design.ToolboxService.System#Drawing#Design#IToolboxService#SelectedCategory">
      <summary>Eine Beschreibung dieses Elements finden Sie in der <see cref="P:System.Drawing.Design.IToolboxService.SelectedCategory" /> Eigenschaft.</summary>
      <returns>Der Name der derzeit ausgewählten Kategorie.</returns>
    </member>
    <member name="T:System.Drawing.Design.BitmapEditor">
      <summary>Stellt eine Benutzeroberfläche für die Auswahl von Bitmapdateien in einem Eigenschaftenbrowser bereit.</summary>
    </member>
    <member name="T:System.Drawing.Design.ColorEditor">
      <summary>Stellt eine <see cref="T:System.Drawing.Design.UITypeEditor" /> zum visuellen Auswählen einer Farbe.</summary>
    </member>
    <member name="T:System.Drawing.Design.ContentAlignmentEditor">
      <summary>Stellt eine <see cref="T:System.Drawing.Design.UITypeEditor" /> für die visuelle Bearbeitung Ausrichtung.</summary>
    </member>
    <member name="T:System.Drawing.Design.CursorEditor">
      <summary>Stellt eine <see cref="T:System.Drawing.Design.UITypeEditor" /> die Standarddatei, die Suche nach Cursordatei (.cur)-Dateien ausführen kann.</summary>
    </member>
    <member name="T:System.Drawing.Design.FontEditor">
      <summary>Bietet eine Benutzeroberfläche zum auswählen und Konfigurieren einer <see cref="T:System.Drawing.Font" /> Objekt.</summary>
    </member>
    <member name="T:System.Drawing.Design.FontNameEditor">
      <summary>Stellt einen <see cref="T:System.Drawing.Design.UITypeEditor" /> der ein Symbol für den Schriftartnamen zeichnet.</summary>
    </member>
    <member name="T:System.Drawing.Design.IconEditor">
      <summary>Stellt eine <see cref="T:System.Drawing.Design.UITypeEditor" /> zum visuellen Auswählen eines Symbols.</summary>
    </member>
    <member name="T:System.Drawing.Design.ImageEditor">
      <summary>Stellt eine Benutzeroberfläche zum Auswählen eines Bildes für eine Eigenschaft in einem Eigenschaftenraster bereit.</summary>
    </member>
    <member name="T:System.Drawing.Design.MetafileEditor">
      <summary>Stellt eine <see cref="T:System.Drawing.Design.UITypeEditor" /> die Standarddatei, die Suche nach Metadateien (.emf) durchführen kann.</summary>
    </member>
    <member name="T:System.Drawing.Design.ToolboxItemContainer">
      <summary>Kapselt eine <see cref="T:System.Drawing.Design.ToolboxItem" />.</summary>
    </member>
    <member name="T:System.Drawing.Design.ToolboxItemCreator">
      <summary>Kapselt eine <see cref="T:System.Drawing.Design.ToolboxItemCreatorCallback" />. Diese Klasse kann nicht vererbt werden.</summary>
    </member>
    <member name="T:System.Drawing.Design.ToolboxService">
      <summary>Stellt eine Standardimplementierung der <see cref="T:System.Drawing.Design.IToolboxService" />-Schnittstelle bereit.</summary>
    </member>
  </members>
</doc>