﻿<?xml version="1.0" encoding="utf-8"?>
<doc>
  <assembly>
    <name>System.Windows.Input.Manipulations</name>
  </assembly>
  <members>
    <member name="E:System.Windows.Input.Manipulations.InertiaProcessor2D.Completed">
      <summary>Tritt auf, wenn Extrapolierung abgeschlossen wurde.</summary>
    </member>
    <member name="E:System.Windows.Input.Manipulations.InertiaProcessor2D.Delta">
      <summary>Tritt auf, wenn sich der Extrapolierungsursprung geändert hat oder wenn Übersetzung, Skalierung oder Drehung ausgeführt wurden.</summary>
    </member>
    <member name="E:System.Windows.Input.Manipulations.ManipulationProcessor2D.Completed">
      <summary>Tritt auf, wenn eine Änderung abgeschlossen wurde.</summary>
    </member>
    <member name="E:System.Windows.Input.Manipulations.ManipulationProcessor2D.Delta">
      <summary>Tritt auf, wenn sich der Ursprung der Manipulation geändert hat oder wenn Übersetzung, Skalierung oder Drehung ausgeführt wurden.</summary>
    </member>
    <member name="E:System.Windows.Input.Manipulations.ManipulationProcessor2D.Started">
      <summary>Tritt auf, wenn eine neue Änderung gestartet wurde.</summary>
    </member>
    <member name="F:System.Windows.Input.Manipulations.ManipulationVelocities2D.Zero">
      <summary>Ruft eine <see cref="T:System.Windows.Input.Manipulations.ManipulationVelocities2D" /> mit allen Geschwindigkeiten auf 0 (null) festgelegt.</summary>
    </member>
    <member name="M:System.Windows.Input.Manipulations.InertiaExpansionBehavior2D.#ctor">
      <summary>Initialisiert eine neue Instanz der <see cref="T:System.Windows.Input.Manipulations.InertiaExpansionBehavior2D" />-Klasse.</summary>
    </member>
    <member name="M:System.Windows.Input.Manipulations.InertiaProcessor2D.#ctor">
      <summary>Initialisiert eine neue Instanz der <see cref="T:System.Windows.Input.Manipulations.InertiaProcessor2D" />-Klasse.</summary>
    </member>
    <member name="M:System.Windows.Input.Manipulations.InertiaProcessor2D.Complete(System.Int64)">
      <summary>Schließt abschließende Extrapolierung mit dem angegebenen Zeitstempel und löst die <see cref="E:System.Windows.Input.Manipulations.InertiaProcessor2D.Completed" /> Ereignis.</summary>
      <param name="timestamp">Der Zeitstempel zur Fertigstellung der Extrapolierung, in 100-Nanosekunden-Ticks.</param>
      <exception cref="T:System.ArgumentOutOfRangeException">Der Timestampparameter ist kleiner als der ursprüngliche oder vorherige Timestamp.</exception>
    </member>
    <member name="M:System.Windows.Input.Manipulations.InertiaProcessor2D.Process(System.Int64)">
      <summary>Extrapoliert wird die Position, Ausrichtung und durchschnittliche Radius der Manipulation zum angegebenen Zeitpunkt.</summary>
      <param name="timestamp">Der Zeitstempel in 100-Nanosekunden-Ticks, die Extrapolierung ausführen.</param>
      <returns>Der Bearbeitung Position, Ausrichtung und durchschnittlichen Radius zum angegebenen Zeitpunkt.true Wenn Extrapolierung noch ausgeführt wird; andernfalls false Wenn Extrapolierung abgeschlossen wurde.</returns>
      <exception cref="T:System.ArgumentOutOfRangeException">Der Timestampparameter ist kleiner als der ursprüngliche oder vorherige Timestamp.</exception>
    </member>
    <member name="M:System.Windows.Input.Manipulations.InertiaProcessor2D.SetParameters(System.Windows.Input.Manipulations.InertiaParameters2D)">
      <summary>Legt Parameter auf der Trägheitsprozessor fest.</summary>
      <param name="parameters">Parameter festlegen.</param>
    </member>
    <member name="M:System.Windows.Input.Manipulations.InertiaRotationBehavior2D.#ctor">
      <summary>Initialisiert eine neue Instanz der <see cref="T:System.Windows.Input.Manipulations.InertiaRotationBehavior2D" />-Klasse.</summary>
    </member>
    <member name="M:System.Windows.Input.Manipulations.InertiaTranslationBehavior2D.#ctor">
      <summary>Initialisiert eine neue Instanz der <see cref="T:System.Windows.Input.Manipulations.InertiaTranslationBehavior2D" />-Klasse.</summary>
    </member>
    <member name="M:System.Windows.Input.Manipulations.ManipulationPivot2D.#ctor">
      <summary>Initialisiert eine neue Instanz der <see cref="T:System.Windows.Input.Manipulations.ManipulationPivot2D" />-Klasse.</summary>
    </member>
    <member name="M:System.Windows.Input.Manipulations.ManipulationProcessor2D.#ctor(System.Windows.Input.Manipulations.Manipulations2D)">
      <summary>Erstellt ein neues <see cref="T:System.Windows.Input.Manipulations.ManipulationProcessor2D" />-Objekt.</summary>
      <param name="supportedManipulations">Der Anfangssatz von unterstützten Manipulationen.</param>
      <exception cref="T:System.ArgumentOutOfRangeException">Die <paramref name="supportedManipulations" /> Parameter ist keine gültige Kombination von der <see cref="T:System.Windows.Input.Manipulations.Manipulations2D" /> -Enumerationswerte.</exception>
    </member>
    <member name="M:System.Windows.Input.Manipulations.ManipulationProcessor2D.#ctor(System.Windows.Input.Manipulations.Manipulations2D,System.Windows.Input.Manipulations.ManipulationPivot2D)">
      <summary>Erstellt ein neues <see cref="T:System.Windows.Input.Manipulations.ManipulationProcessor2D" />-Objekt.</summary>
      <param name="supportedManipulations">Der Anfangssatz von unterstützten Manipulationen.</param>
      <param name="pivot">Pivotinformationen für einzelne Manipulator Drehungen.</param>
      <exception cref="T:System.ArgumentOutOfRangeException">Die <paramref name="supportedManipulations" /> Parameter ist keine gültige Kombination von der <see cref="T:System.Windows.Input.Manipulations.Manipulations2D" /> -Enumerationswerte.</exception>
    </member>
    <member name="M:System.Windows.Input.Manipulations.ManipulationProcessor2D.CompleteManipulation(System.Int64)">
      <summary>Erzwingt den Abschluss der aktuelle Bearbeitung und löst das <see cref="E:System.Windows.Input.Manipulations.ManipulationProcessor2D.Completed" /> Ereignis.</summary>
      <param name="timestamp">Der Zeitstempel der Manipulation in 100-Nanosekunden-Ticks abgeschlossen.</param>
      <exception cref="T:System.ArgumentOutOfRangeException">Der Zeitstempel ist kleiner als der vorherige Timestamp für die aktuelle Manipulation.</exception>
    </member>
    <member name="M:System.Windows.Input.Manipulations.ManipulationProcessor2D.ProcessManipulators(System.Int64,System.Collections.Generic.IEnumerable{System.Windows.Input.Manipulations.Manipulator2D})">
      <summary>Verarbeitet die angegebenen Manipulatoren als einzelner Batchaktion.</summary>
      <param name="timestamp">Der Zeitstempel für den Batch, in 100-Nanosekunden-Ticks.</param>
      <param name="manipulators">Der Satz von Manipulatoren, die derzeit im Gültigkeitsbereich befinden.</param>
      <exception cref="T:System.ArgumentOutOfRangeException">Der Zeitstempel ist kleiner als der vorherige Timestamp für die aktuelle Manipulation.</exception>
    </member>
    <member name="M:System.Windows.Input.Manipulations.ManipulationProcessor2D.SetParameters(System.Windows.Input.Manipulations.ManipulationParameters2D)">
      <summary>Legt Parameter für den Änderungsprozessor fest.</summary>
      <param name="parameters">Parameter festlegen.</param>
    </member>
    <member name="M:System.Windows.Input.Manipulations.Manipulator2D.#ctor(System.Int32,System.Single,System.Single)">
      <summary>Erstellt ein neues <see cref="T:System.Windows.Input.Manipulations.Manipulator2D" /> -Objekt mit den angegebenen Eigenschaften.</summary>
      <param name="id">Die eindeutige ID für diesen Manipulator.</param>
      <param name="x">Die X-Koordinate der Manipulator.</param>
      <param name="y">Die y-Koordinate der Manipulator.</param>
      <exception cref="T:System.ArgumentOutOfRangeException">Die <paramref name="x" />-koordinieren oder <paramref name="y" />-Koordinate ist float.NaN, float.PositiveInfinity, oder float.NegativeInfinity. Diese Werte sind ungültig.</exception>
    </member>
    <member name="M:System.Windows.Input.Manipulations.Manipulator2D.Equals(System.Object)">
      <summary>Bestimmt, ob diese <see cref="T:System.Windows.Input.Manipulations.Manipulator2D" /> Objekt hat den gleichen Wert wie das angegebene <see cref="T:System.Windows.Input.Manipulations.Manipulator2D" /> Objekt.</summary>
      <param name="obj">Die <see cref="T:System.Windows.Input.Manipulations.Manipulator2D" /> dieses Objekt zu vergleichende Objekt.</param>
      <returns>true Wenn die beiden <see cref="T:System.Windows.Input.Manipulations.Manipulator2D" /> Objekte denselben Typ aufweisen und denselben Wert darstellen, andernfalls false.</returns>
    </member>
    <member name="M:System.Windows.Input.Manipulations.Manipulator2D.GetHashCode">
      <summary>Gibt den Hashcode für diese Instanz zurück.</summary>
      <returns>Der Hashcode für diese Instanz.</returns>
    </member>
    <member name="M:System.Windows.Input.Manipulations.Manipulator2D.op_Equality(System.Windows.Input.Manipulations.Manipulator2D,System.Windows.Input.Manipulations.Manipulator2D)">
      <summary>Bestimmt, ob zwei angegebene <see cref="T:System.Windows.Input.Manipulations.Manipulator2D" />-Objekte denselben Wert haben.</summary>
      <param name="manipulator1">Das erste zu vergleichende <see cref="T:System.Windows.Input.Manipulations.Manipulator2D" />-Objekt.</param>
      <param name="manipulator2">Das zweite zu vergleichende <see cref="T:System.Windows.Input.Manipulations.Manipulator2D" />-Objekt.</param>
      <returns>true Wenn die beiden <see cref="T:System.Windows.Input.Manipulations.Manipulator2D" /> Objekte den gleichen Wert aufweisen, andernfalls false.</returns>
    </member>
    <member name="M:System.Windows.Input.Manipulations.Manipulator2D.op_Inequality(System.Windows.Input.Manipulations.Manipulator2D,System.Windows.Input.Manipulations.Manipulator2D)">
      <summary>Bestimmt, ob zwei angegebene <see cref="T:System.Windows.Input.Manipulations.Manipulator2D" /> -Objekte über unterschiedliche Werte verfügen.</summary>
      <param name="manipulator1">Das erste zu vergleichende <see cref="T:System.Windows.Input.Manipulations.Manipulator2D" />-Objekt.</param>
      <param name="manipulator2">Das zweite zu vergleichende <see cref="T:System.Windows.Input.Manipulations.Manipulator2D" />-Objekt.</param>
      <returns>true Wenn die beiden <see cref="T:System.Windows.Input.Manipulations.Manipulator2D" /> -Objekte über unterschiedliche Werte verfügen, andernfalls false.</returns>
    </member>
    <member name="P:System.Windows.Input.Manipulations.InertiaExpansionBehavior2D.DesiredDeceleration">
      <summary>Ruft ab oder legt die gewünschte Erweiterung Verlangsamung in-Koordinate Einheiten pro Millisekunde im Quadrat.</summary>
      <returns>Die gewünschte Erweiterung Verlangsamung-Koordinate Einheiten pro Millisekunde im Quadrat.</returns>
    </member>
    <member name="P:System.Windows.Input.Manipulations.InertiaExpansionBehavior2D.DesiredExpansionX">
      <summary>Ruft ab oder legt die gewünschte Erweiterung entlang der x-Achse in-Koordinate Einheiten.</summary>
      <returns>Die gewünschte Erweiterung entlang der x-Achse, koordinieren Einheiten.</returns>
    </member>
    <member name="P:System.Windows.Input.Manipulations.InertiaExpansionBehavior2D.DesiredExpansionY">
      <summary>Ruft ab, oder legt die gewünschte Erweiterung entlang der y-Achse-Koordinate Einheiten fest.</summary>
      <returns>Die gewünschte Erweiterung entlang der y-Achse, koordinieren Einheiten.</returns>
    </member>
    <member name="P:System.Windows.Input.Manipulations.InertiaExpansionBehavior2D.InitialRadius">
      <summary>Ruft ab, oder legt den ursprünglichen durchschnittlichen Radius-Koordinate Einheiten fest.</summary>
      <returns>Der ursprüngliche durchschnittliche Radius in-Koordinate Einheiten.</returns>
    </member>
    <member name="P:System.Windows.Input.Manipulations.InertiaExpansionBehavior2D.InitialVelocityX">
      <summary>Ruft ab oder legt die anfängliche Erweiterung Geschwindigkeit entlang der x-Achse in-Koordinate Einheiten pro Millisekunde.</summary>
      <returns>Die anfängliche Erweiterung Geschwindigkeit entlang der x-Achse, koordinieren Einheiten pro Millisekunde.</returns>
    </member>
    <member name="P:System.Windows.Input.Manipulations.InertiaExpansionBehavior2D.InitialVelocityY">
      <summary>Ruft ab, oder legt die anfängliche Erweiterung Geschwindigkeit entlang der y-Achse-Koordinate Einheiten pro Millisekunde fest.</summary>
      <returns>Die anfängliche Erweiterung Geschwindigkeit entlang der y-Achse, koordinieren Einheiten pro Millisekunde.</returns>
    </member>
    <member name="P:System.Windows.Input.Manipulations.InertiaProcessor2D.ExpansionBehavior">
      <summary>Ruft ab oder legt das Erweiterungsverhalten von der Trägheitsprozessor fest.</summary>
      <returns>Das Erweiterungsverhalten von der Trägheitsprozessor.</returns>
    </member>
    <member name="P:System.Windows.Input.Manipulations.InertiaProcessor2D.InitialOriginX">
      <summary>Ruft ab oder legt die X-Koordinate für den anfänglichen Ursprung in-Koordinate Einheiten.</summary>
      <returns>Die X-Koordinate für den anfänglichen Ursprung in Koordinateneinheiten.</returns>
    </member>
    <member name="P:System.Windows.Input.Manipulations.InertiaProcessor2D.InitialOriginY">
      <summary>Ruft ab oder legt die y-Koordinate für den anfänglichen Ursprung in-Koordinate Einheiten.</summary>
      <returns>Die y-Koordinate für den anfänglichen Ursprung in Koordinateneinheiten.</returns>
    </member>
    <member name="P:System.Windows.Input.Manipulations.InertiaProcessor2D.IsRunning">
      <summary>Ruft ab, ob derzeit Trägheit ausgeführt wird.</summary>
      <returns>Ein boolescher Wert, der angibt, ob derzeit Trägheit ausgeführt wird.</returns>
    </member>
    <member name="P:System.Windows.Input.Manipulations.InertiaProcessor2D.RotationBehavior">
      <summary>Ruft ab oder legt das Verhalten Drehung der Trägheitsprozessor.</summary>
      <returns>Das Verhalten Drehung der Trägheitsprozessor.</returns>
    </member>
    <member name="P:System.Windows.Input.Manipulations.InertiaProcessor2D.TranslationBehavior">
      <summary>Ruft ab oder legt das Übersetzungsverhalten von der Trägheitsprozessor fest.</summary>
      <returns>Das Übersetzungsverhalten von der Trägheitsprozessor.</returns>
    </member>
    <member name="P:System.Windows.Input.Manipulations.InertiaRotationBehavior2D.DesiredDeceleration">
      <summary>Ruft ab oder legt die gewünschte angular Verlangsamung in Bogenmaß (Radiant) pro Millisekunde im Quadrat fest.</summary>
      <returns>Die gewünschte angular Verlangsamung in Bogenmaß (Radiant) pro Millisekunde im Quadrat.</returns>
    </member>
    <member name="P:System.Windows.Input.Manipulations.InertiaRotationBehavior2D.DesiredRotation">
      <summary>Ruft ab oder legt die gewünschte Drehung im Bogenmaß.</summary>
      <returns>Die gewünschte Drehung im Bogenmaß.</returns>
    </member>
    <member name="P:System.Windows.Input.Manipulations.InertiaRotationBehavior2D.InitialVelocity">
      <summary>Ruft ab den anfänglichen rotationsgeschwindigkeit im Bogenmaß (Radiant) pro Millisekunde.</summary>
      <returns>Die erste rotationsgeschwindigkeit im Bogenmaß (Radiant) pro Millisekunde.</returns>
    </member>
    <member name="P:System.Windows.Input.Manipulations.InertiaTranslationBehavior2D.DesiredDeceleration">
      <summary>Ruft ab, oder legt die gewünschte Verlangsamung-Koordinate Einheiten pro Millisekunde im Quadrat fest.</summary>
      <returns>Die gewünschte Verlangsamung in-Koordinate Einheiten pro Millisekunde im Quadrat.</returns>
    </member>
    <member name="P:System.Windows.Input.Manipulations.InertiaTranslationBehavior2D.DesiredDisplacement">
      <summary>Ruft ab oder legt die absolute Entfernung, die das Objekt entlang der Vektor Geschwindigkeit in-Koordinate Einheiten benötigt.</summary>
      <returns>Die absolute Entfernung, die das Objekt entlang der Vektor Geschwindigkeit in-Koordinate Einheiten benötigt.</returns>
    </member>
    <member name="P:System.Windows.Input.Manipulations.InertiaTranslationBehavior2D.InitialVelocityX">
      <summary>Ruft die ursprüngliche Geschwindigkeit entlang der x-Achse in ab-Koordinate Einheiten pro Millisekunde.</summary>
      <returns>Die ursprüngliche Geschwindigkeit entlang der x-Achse, koordinieren Einheiten pro Millisekunde.</returns>
    </member>
    <member name="P:System.Windows.Input.Manipulations.InertiaTranslationBehavior2D.InitialVelocityY">
      <summary>Ruft die ursprüngliche Geschwindigkeit entlang der y-Achse in ab-Koordinate Einheiten pro Millisekunde.</summary>
      <returns>Die ursprüngliche Geschwindigkeit entlang der y-Achse, koordinieren Einheiten pro Millisekunde.</returns>
    </member>
    <member name="P:System.Windows.Input.Manipulations.Manipulation2DCompletedEventArgs.OriginX">
      <summary>Ruft die neue X-Koordinate der zusammengesetzten Position der Änderung ab.</summary>
      <returns>Die neue X-Koordinate der zusammengesetzten Position der Änderung.</returns>
    </member>
    <member name="P:System.Windows.Input.Manipulations.Manipulation2DCompletedEventArgs.OriginY">
      <summary>Ruft die neue y-Koordinate der zusammengesetzten Position der Änderung ab.</summary>
      <returns>Die neue y-Koordinate der zusammengesetzten Position der Änderung.</returns>
    </member>
    <member name="P:System.Windows.Input.Manipulations.Manipulation2DCompletedEventArgs.Total">
      <summary>Ruft ab den Gesamtbetrag der Änderung, seit die Bearbeitung.</summary>
      <returns>Die Gesamtmenge der Änderung, die seit die Bearbeitung.</returns>
    </member>
    <member name="P:System.Windows.Input.Manipulations.Manipulation2DCompletedEventArgs.Velocities">
      <summary>Ruft die aktuellen Geschwindigkeitsinformationen zur Bearbeitung ab.</summary>
      <returns>Die aktuellen Geschwindigkeitsinformationen zur Bearbeitung.</returns>
    </member>
    <member name="P:System.Windows.Input.Manipulations.Manipulation2DDeltaEventArgs.Cumulative">
      <summary>Ruft ab den Gesamtbetrag der Änderung, seit die Bearbeitung.</summary>
      <returns>Die Gesamtmenge der Änderung, die seit die Bearbeitung.</returns>
    </member>
    <member name="P:System.Windows.Input.Manipulations.Manipulation2DDeltaEventArgs.Delta">
      <summary>Ruft den Umfang der Änderungen seit dem letzten Ereignis ab.</summary>
      <returns>Umfang der Änderung, die seit dem letzten Ereignis.</returns>
    </member>
    <member name="P:System.Windows.Input.Manipulations.Manipulation2DDeltaEventArgs.OriginX">
      <summary>Ruft die neue X-Koordinate der zusammengesetzten Position der Änderung ab.</summary>
      <returns>Die neue X-Koordinate der zusammengesetzten Position der Änderung.</returns>
    </member>
    <member name="P:System.Windows.Input.Manipulations.Manipulation2DDeltaEventArgs.OriginY">
      <summary>Ruft die neue y-Koordinate der zusammengesetzten Position der Änderung ab.</summary>
      <returns>Die neue y-Koordinate der zusammengesetzten Position der Änderung.</returns>
    </member>
    <member name="P:System.Windows.Input.Manipulations.Manipulation2DDeltaEventArgs.Velocities">
      <summary>Ruft die aktuellen Geschwindigkeitsinformationen zur Bearbeitung ab.</summary>
      <returns>Die aktuellen Geschwindigkeitsinformationen zur Bearbeitung.</returns>
    </member>
    <member name="P:System.Windows.Input.Manipulations.Manipulation2DStartedEventArgs.OriginX">
      <summary>Ruft die X-Koordinate des Ursprungs ab.</summary>
      <returns>Die X-Koordinate des Ursprungs.</returns>
    </member>
    <member name="P:System.Windows.Input.Manipulations.Manipulation2DStartedEventArgs.OriginY">
      <summary>Ruft die y-Koordinate des Ursprungs ab.</summary>
      <returns>Die y-Koordinate des Ursprungs.</returns>
    </member>
    <member name="P:System.Windows.Input.Manipulations.ManipulationDelta2D.ExpansionX">
      <summary>Ruft das Ausmaß der Erweiterung entlang der x-Achse in-Koordinate Einheiten ab.</summary>
      <returns>Die Menge der Erweiterung entlang der x-Achse in-Koordinate Einheiten.</returns>
    </member>
    <member name="P:System.Windows.Input.Manipulations.ManipulationDelta2D.ExpansionY">
      <summary>Ruft das Ausmaß der Erweiterung entlang der y-Achse in-Koordinate Einheiten ab.</summary>
      <returns>Die Menge der Erweiterung entlang der y-Achse, koordinieren Einheiten.</returns>
    </member>
    <member name="P:System.Windows.Input.Manipulations.ManipulationDelta2D.Rotation">
      <summary>Ruft das Ausmaß der Rotation im Bogenmaß.</summary>
      <returns>Das Ausmaß der Rotation im Bogenmaß.</returns>
    </member>
    <member name="P:System.Windows.Input.Manipulations.ManipulationDelta2D.ScaleX">
      <summary>Ruft den Skalierungsfaktor entlang der x-Achse ab.</summary>
      <returns>Der Skalierungsfaktor entlang der x-Achse.</returns>
    </member>
    <member name="P:System.Windows.Input.Manipulations.ManipulationDelta2D.ScaleY">
      <summary>Ruft den Skalierungsfaktor entlang der y-Achse ab.</summary>
      <returns>Der Skalierungsfaktor entlang der y-Achse.</returns>
    </member>
    <member name="P:System.Windows.Input.Manipulations.ManipulationDelta2D.TranslationX">
      <summary>Ruft die Übersetzung entlang der x-Achse in-Koordinate Einheiten ab.</summary>
      <returns>Die Übersetzung entlang der x-Achse, koordinieren Einheiten.</returns>
    </member>
    <member name="P:System.Windows.Input.Manipulations.ManipulationDelta2D.TranslationY">
      <summary>Ruft die Übersetzung entlang der y-Achse in-Koordinate Einheiten ab.</summary>
      <returns>Die Übersetzung entlang der y-Achse, koordinieren Einheiten.</returns>
    </member>
    <member name="P:System.Windows.Input.Manipulations.ManipulationPivot2D.Radius">
      <summary>Ruft ab oder legt den Abstand vom Pivotpunkt an den Rand des Bereichs Pivotpunkt fest.</summary>
      <returns>Der Abstand vom Pivotpunkt zum Rand der Pivotpunkt Region.</returns>
    </member>
    <member name="P:System.Windows.Input.Manipulations.ManipulationPivot2D.X">
      <summary>Ruft ab oder legt die X-Position des Pivotpunkts.</summary>
      <returns>Die X-Position des Pivotpunkts.</returns>
    </member>
    <member name="P:System.Windows.Input.Manipulations.ManipulationPivot2D.Y">
      <summary>Ruft ab oder legt die Y-Position des Pivotpunkts.</summary>
      <returns>Die Y-Position des Pivotpunkts.</returns>
    </member>
    <member name="P:System.Windows.Input.Manipulations.ManipulationProcessor2D.MinimumScaleRotateRadius">
      <summary>Ruft ab den minimalen Radius in-Koordinate Einheiten für ein Manipulator Skalierung und Drehung teilnehmen.</summary>
      <returns>Der minimale Radius in-Koordinate Einheiten, die für ein Manipulator Skalierung und Drehung teilnehmen.</returns>
    </member>
    <member name="P:System.Windows.Input.Manipulations.ManipulationProcessor2D.Pivot">
      <summary>Ruft ab oder legt die Pivotinformationen für den Manipulationsprozessor.</summary>
      <returns>Der Manipulationsprozessor die Pivotinformationen.</returns>
    </member>
    <member name="P:System.Windows.Input.Manipulations.ManipulationProcessor2D.SupportedManipulations">
      <summary>Ruft ab oder legt den aktuellen Satz von unterstützten Manipulationen.</summary>
      <returns>Der aktuelle Satz von unterstützten Manipulationen.</returns>
      <exception cref="T:System.ArgumentOutOfRangeException">Die Eigenschaft versucht, einen Wert festzulegen, der keine gültige Kombination von der <see cref="T:System.Windows.Input.Manipulations.Manipulations2D" />Enumerationswerte.</exception>
    </member>
    <member name="P:System.Windows.Input.Manipulations.ManipulationVelocities2D.AngularVelocity">
      <summary>Ruft die Winkelgeschwindigkeit in Bogenmaß (Radiant) pro Millisekunde ab.</summary>
      <returns>Die Winkelgeschwindigkeit in Bogenmaß (Radiant) pro Millisekunde.</returns>
    </member>
    <member name="P:System.Windows.Input.Manipulations.ManipulationVelocities2D.ExpansionVelocityX">
      <summary>Ruft die Erweiterung Geschwindigkeit entlang der x-Achse in-Koordinate Einheiten pro Millisekunde ab.</summary>
      <returns>Die Erweiterung Geschwindigkeit entlang der x-Achse, koordinieren Einheiten pro Millisekunde.</returns>
    </member>
    <member name="P:System.Windows.Input.Manipulations.ManipulationVelocities2D.ExpansionVelocityY">
      <summary>Ruft die Erweiterung Geschwindigkeit entlang der y-Achse in-Koordinate Einheiten pro Millisekunde ab.</summary>
      <returns>Die Erweiterung Geschwindigkeit entlang der y-Achse, koordinieren Einheiten pro Millisekunde.</returns>
    </member>
    <member name="P:System.Windows.Input.Manipulations.ManipulationVelocities2D.LinearVelocityX">
      <summary>Ruft die Geschwindigkeit entlang der x-Achse in-Koordinate Einheiten pro Millisekunde ab.</summary>
      <returns>Die Geschwindigkeit entlang der x-Achse, koordinieren Einheiten pro Millisekunde.</returns>
    </member>
    <member name="P:System.Windows.Input.Manipulations.ManipulationVelocities2D.LinearVelocityY">
      <summary>Ruft die Geschwindigkeit entlang der y-Achse in-Koordinate Einheiten pro Millisekunde ab.</summary>
      <returns>Die Geschwindigkeit entlang der y-Achse in-Koordinate Einheiten pro Millisekunde.</returns>
    </member>
    <member name="P:System.Windows.Input.Manipulations.Manipulator2D.Id">
      <summary>Ruft ab oder legt die eindeutige ID für diesen <see cref="T:System.Windows.Input.Manipulations.Manipulator2D" /> Objekt.</summary>
      <returns>Die eindeutige ID für das <see cref="T:System.Windows.Input.Manipulations.Manipulator2D" /> Objekt.</returns>
    </member>
    <member name="P:System.Windows.Input.Manipulations.Manipulator2D.X">
      <summary>Ruft ab oder legt die X-Koordinate dieses <see cref="T:System.Windows.Input.Manipulations.Manipulator2D" /> Objekt.</summary>
      <returns>Die X-Koordinate dieses <see cref="T:System.Windows.Input.Manipulations.Manipulator2D" /> Objekt.</returns>
    </member>
    <member name="P:System.Windows.Input.Manipulations.Manipulator2D.Y">
      <summary>Ruft ab oder legt die y-Koordinate dieses <see cref="T:System.Windows.Input.Manipulations.Manipulator2D" /> Objekt.</summary>
      <returns>Die y-Koordinate dieses <see cref="T:System.Windows.Input.Manipulations.Manipulator2D" /> Objekt.</returns>
    </member>
    <member name="T:System.Windows.Input.Manipulations.InertiaExpansionBehavior2D">
      <summary>Beschreibt die gewünschte Erweiterungsverhalten ein Trägheitsprozessor.</summary>
    </member>
    <member name="T:System.Windows.Input.Manipulations.InertiaParameters2D">
      <summary>Die Basisklasse, von der alle Trägheit abgeleitet werden.</summary>
    </member>
    <member name="T:System.Windows.Input.Manipulations.InertiaProcessor2D">
      <summary>Implementiert die Extrapolierung der Position, Ausrichtung und durchschnittlichen Radius einer Bearbeitung.</summary>
    </member>
    <member name="T:System.Windows.Input.Manipulations.InertiaRotationBehavior2D">
      <summary>Beschreibt ein Trägheitsprozessor gewünschte Drehung Verhalten.</summary>
    </member>
    <member name="T:System.Windows.Input.Manipulations.InertiaTranslationBehavior2D">
      <summary>Beschreibt ein Trägheitsprozessor gewünschten Übersetzungsverhalten.</summary>
    </member>
    <member name="T:System.Windows.Input.Manipulations.Manipulation2DCompletedEventArgs">
      <summary>Mit gesendeten Daten stellt ein ManipulationProcessor2D.Completed Ereignis oder ein InertiaProcessor2D.Completed Ereignis.</summary>
    </member>
    <member name="T:System.Windows.Input.Manipulations.Manipulation2DDeltaEventArgs">
      <summary>Mit gesendeten Daten stellt ein <see cref="E:System.Windows.Input.Manipulations.ManipulationProcessor2D.Delta" /> Ereignis oder ein <see cref="E:System.Windows.Input.Manipulations.InertiaProcessor2D.Delta" /> Ereignis.</summary>
    </member>
    <member name="T:System.Windows.Input.Manipulations.Manipulation2DStartedEventArgs">
      <summary>Mit gesendeten Daten stellt ein <see cref="E:System.Windows.Input.Manipulations.ManipulationProcessor2D.Started" /> Ereignis.</summary>
    </member>
    <member name="T:System.Windows.Input.Manipulations.ManipulationDelta2D">
      <summary>Stellt das Ergebnis einer 2D Bearbeitung.</summary>
    </member>
    <member name="T:System.Windows.Input.Manipulations.ManipulationParameters2D">
      <summary>Die Basisklasse, von der alle datenbearbeitung abgeleitet werden.</summary>
    </member>
    <member name="T:System.Windows.Input.Manipulations.ManipulationPivot2D">
      <summary>Stellt pivot-Informationen für einzelne Manipulator Drehungen durch ein Manipulationsprozessor verwendet.</summary>
    </member>
    <member name="T:System.Windows.Input.Manipulations.ManipulationProcessor2D">
      <summary>Implementiert eine Mehrfacheingabe, einzelne Ausgabe Compositor für zweidimensionale (2D) Transformationen in einem freigegebenen Koordinatenraum.</summary>
    </member>
    <member name="T:System.Windows.Input.Manipulations.Manipulations2D">
      <summary>Stellt die möglichen affinen zweidimensionalen (2D) Manipulationen dar.</summary>
    </member>
    <member name="F:System.Windows.Input.Manipulations.Manipulations2D.None">
      <summary>Keine Manipulationen.</summary>
    </member>
    <member name="F:System.Windows.Input.Manipulations.Manipulations2D.TranslateX">
      <summary>Eine Übersetzung in der x-Achse.</summary>
    </member>
    <member name="F:System.Windows.Input.Manipulations.Manipulations2D.TranslateY">
      <summary>Eine Übersetzung in der y-Achse.</summary>
    </member>
    <member name="F:System.Windows.Input.Manipulations.Manipulations2D.Translate">
      <summary>Eine Übersetzung in der x- und/oder y-Achse Achsen.</summary>
    </member>
    <member name="F:System.Windows.Input.Manipulations.Manipulations2D.Scale">
      <summary>Eine Skalierung in beide Richtungen.</summary>
    </member>
    <member name="F:System.Windows.Input.Manipulations.Manipulations2D.Rotate">
      <summary>Eine Drehung.</summary>
    </member>
    <member name="F:System.Windows.Input.Manipulations.Manipulations2D.All">
      <summary>Alle verfügbaren Manipulationen.</summary>
    </member>
    <member name="T:System.Windows.Input.Manipulations.ManipulationVelocities2D">
      <summary>Stellt einen Satz von Geschwindigkeiten berechnet, indem die Prozessoren für Manipulation und Trägheit.</summary>
    </member>
    <member name="T:System.Windows.Input.Manipulations.Manipulator2D">
      <summary>Stellt ein 2D Manipulator zu einem bestimmten Zeitpunkt dar.</summary>
    </member>
  </members>
</doc>