﻿<?xml version="1.0" encoding="utf-8"?>
<doc>
  <assembly>
    <name>System.Windows.Presentation</name>
  </assembly>
  <members>
    <member name="M:System.AddIn.Pipeline.FrameworkElementAdapters.ContractToViewAdapter(System.AddIn.Contract.INativeHandleContract)">
      <summary>Gibt eine <see cref="T:System.Windows.FrameworkElement" /> aus konvertiert wurde ein <see cref="T:System.AddIn.Contract.INativeHandleContract" />.</summary>
      <param name="nativeHandleContract">Die <see cref="T:System.AddIn.Contract.INativeHandleContract" /> das zwischen dem Host der Anwendung und das Add-in über die Isolationsgrenze übergeben wurde.</param>
      <returns>Ein <see cref="T:System.Windows.FrameworkElement" /> angezeigt, die aus dem Host-Anwendung oder -add-in, abhängig von der Richtung, in der die UI zwischen den beiden übergeben wird.</returns>
    </member>
    <member name="M:System.AddIn.Pipeline.FrameworkElementAdapters.ViewToContractAdapter(System.Windows.FrameworkElement)">
      <summary>Gibt eine <see cref="T:System.AddIn.Contract.INativeHandleContract" /> aus konvertiert wurde eine <see cref="T:System.Windows.FrameworkElement" />.</summary>
      <param name="root">Die <see cref="T:System.Windows.FrameworkElement" /> zwischen dem Host der Anwendung und das Add-in über die Isolationsgrenze hinweg übergeben werden.</param>
      <returns>Ein <see cref="T:System.AddIn.Contract.INativeHandleContract" /> übergeben wird, von der Host-Anwendung oder das Add-in, abhängig von der Richtung, in der die UI zwischen den beiden übergeben wird.</returns>
      <exception cref="T:System.InvalidOperationException">
        <paramref name="root" /> ist nicht das Stammelement einer Struktur von Elementen.</exception>
    </member>
    <member name="M:System.Windows.Threading.DispatcherExtensions.BeginInvoke(System.Windows.Threading.Dispatcher,System.Action)">
      <summary>Führt den angegebenen Delegaten asynchron mit normaler Priorität für den Thread, der dem angegebenen <see cref="T:System.Windows.Threading.Dispatcher" /> erstellt wurde.</summary>
      <param name="dispatcher">Der Verteiler, der den Delegaten ausführt.</param>
      <param name="action">Der Delegat ausgeführt wird, die keine Argumente akzeptiert und keinen Rückgabewert.</param>
      <returns>Ein <see cref="T:System.IAsyncResult" /> -Objekt, das das Ergebnis des enthält den <see cref="M:System.Windows.Threading.DispatcherExtensions.BeginInvoke(System.Windows.Threading.Dispatcher,System.Action)" /> Vorgang.</returns>
      <exception cref="T:System.ArgumentNullException">
        <paramref name="action" /> ist null.</exception>
    </member>
    <member name="M:System.Windows.Threading.DispatcherExtensions.BeginInvoke(System.Windows.Threading.Dispatcher,System.Action,System.Windows.Threading.DispatcherPriority)">
      <summary>Führt den angegebenen Delegaten asynchron mit der angegebenen Priorität für den Thread, der dem angegebenen <see cref="T:System.Windows.Threading.Dispatcher" /> erstellt wurde.</summary>
      <param name="dispatcher">Der Verteiler, der den Delegaten ausführt.</param>
      <param name="action">Der Delegat ausgeführt wird, die keine Argumente akzeptiert und keinen Rückgabewert.</param>
      <param name="priority">Die Ausführungspriorität des Delegaten relativ zu anderen ausstehenden Vorgängen in der <see cref="T:System.Windows.Threading.Dispatcher" /> -Ereigniswarteschlange.</param>
      <returns>Ein <see cref="T:System.IAsyncResult" /> -Objekt, das das Ergebnis des enthält den <see cref="M:System.Windows.Threading.DispatcherExtensions.BeginInvoke(System.Windows.Threading.Dispatcher,System.Action,System.Windows.Threading.DispatcherPriority)" /> Vorgang.</returns>
      <exception cref="T:System.ArgumentNullException">
        <paramref name="action" /> ist null.</exception>
      <exception cref="T:System.ComponentModel.InvalidEnumArgumentException">
        <paramref name="priority" /> ist kein gültiger <see cref="T:System.Windows.Threading.DispatcherPriority" />.</exception>
    </member>
    <member name="M:System.Windows.Threading.DispatcherExtensions.Invoke(System.Windows.Threading.Dispatcher,System.Action)">
      <summary>Führt den angegebenen Delegaten synchron mit normaler Priorität für den Thread, der dem angegebenen <see cref="T:System.Windows.Threading.Dispatcher" /> erstellt wurde.</summary>
      <param name="dispatcher">Der Verteiler, der den Delegaten ausführt.</param>
      <param name="action">Der Delegat ausgeführt wird, die keine Argumente akzeptiert und keinen Rückgabewert.</param>
      <exception cref="T:System.ArgumentNullException">
        <paramref name="action" /> ist null.</exception>
    </member>
    <member name="M:System.Windows.Threading.DispatcherExtensions.Invoke(System.Windows.Threading.Dispatcher,System.Action,System.TimeSpan)">
      <summary>Führt den angegebenen Delegaten synchron für den Thread, der dem angegebenen <see cref="T:System.Windows.Threading.Dispatcher" /> erstellt wurde, und beendet die Ausführung nach Ablauf des angegebenen Timeouts.</summary>
      <param name="dispatcher">Der Verteiler, der den Delegaten ausführt.</param>
      <param name="action">Der Delegat ausgeführt wird, die keine Argumente akzeptiert und keinen Rückgabewert.</param>
      <param name="timeout">Die maximale Zeit zu warten, bis der Vorgang abgeschlossen ist.</param>
      <exception cref="T:System.ArgumentNullException">
        <paramref name="action" /> ist null.</exception>
      <exception cref="T:System.ArgumentException">
        <paramref name="priority" /> ist gleich <see cref="F:System.Windows.Threading.DispatcherPriority.Inactive" />.</exception>
      <exception cref="T:System.ComponentModel.InvalidEnumArgumentException">
        <paramref name="priority" /> ist kein gültiger <see cref="T:System.Windows.Threading.DispatcherPriority" />.</exception>
    </member>
    <member name="M:System.Windows.Threading.DispatcherExtensions.Invoke(System.Windows.Threading.Dispatcher,System.Action,System.TimeSpan,System.Windows.Threading.DispatcherPriority)">
      <summary>Führt den angegebenen Delegaten synchron mit der angegebenen Priorität für den Thread, der dem angegebenen <see cref="T:System.Windows.Threading.Dispatcher" /> erstellt wurde, und beendet die Ausführung nach Ablauf des angegebenen Timeouts.</summary>
      <param name="dispatcher">Der Verteiler, der den Delegaten ausführt.</param>
      <param name="action">Der Delegat ausgeführt wird, die keine Argumente akzeptiert und keinen Rückgabewert.</param>
      <param name="timeout">Die maximale Zeit zu warten, bis der Vorgang abgeschlossen ist.</param>
      <param name="priority">Die Ausführungspriorität des Delegaten relativ zu anderen ausstehenden Vorgängen in der <see cref="T:System.Windows.Threading.Dispatcher" /> -Ereigniswarteschlange.</param>
      <exception cref="T:System.ArgumentNullException">
        <paramref name="action" /> ist null.</exception>
      <exception cref="T:System.ArgumentException">
        <paramref name="priority" /> ist gleich <see cref="F:System.Windows.Threading.DispatcherPriority.Inactive" />.</exception>
      <exception cref="T:System.ComponentModel.InvalidEnumArgumentException">
        <paramref name="priority" /> ist kein gültiger <see cref="T:System.Windows.Threading.DispatcherPriority" />.</exception>
    </member>
    <member name="M:System.Windows.Threading.DispatcherExtensions.Invoke(System.Windows.Threading.Dispatcher,System.Action,System.Windows.Threading.DispatcherPriority)">
      <summary>Führt den angegebenen Delegaten synchron mit der angegebenen Priorität für den Thread, der dem angegebenen <see cref="T:System.Windows.Threading.Dispatcher" /> erstellt wurde.</summary>
      <param name="dispatcher">Der Verteiler, der den Delegaten ausführt.</param>
      <param name="action">Der Delegat ausgeführt wird, die keine Argumente akzeptiert und keinen Rückgabewert.</param>
      <param name="priority">Die Ausführungspriorität des Delegaten relativ zu anderen ausstehenden Vorgängen in der <see cref="T:System.Windows.Threading.Dispatcher" /> -Ereigniswarteschlange.</param>
      <exception cref="T:System.ArgumentNullException">
        <paramref name="action" /> ist null.</exception>
      <exception cref="T:System.ArgumentException">
        <paramref name="priority" /> ist gleich <see cref="F:System.Windows.Threading.DispatcherPriority.Inactive" />.</exception>
      <exception cref="T:System.ComponentModel.InvalidEnumArgumentException">
        <paramref name="priority" /> ist kein gültiger <see cref="T:System.Windows.Threading.DispatcherPriority" />.</exception>
    </member>
    <member name="M:System.Windows.Threading.TaskExtensions.DispatcherOperationWait(System.Threading.Tasks.Task)">
      <summary>Wartet unbegrenzt für das zugrunde liegende <see cref="T:System.Windows.Threading.DispatcherOperation" /> abgeschlossen.</summary>
      <param name="this">Die <see cref="T:System.Threading.Tasks.Task" /> zugeordnete der <see cref="T:System.Windows.Threading.DispatcherOperation" />.</param>
      <returns>Der Status des zugrunde liegenden <see cref="T:System.Windows.Threading.DispatcherOperation" />.</returns>
      <exception cref="T:System.NotSupportedException">Der <see cref="T:System.Threading.Tasks.Task" /> verknüpft ist, wird mit einem <see cref="T:System.Windows.Threading.DispatcherOperation" />.</exception>
    </member>
    <member name="M:System.Windows.Threading.TaskExtensions.DispatcherOperationWait(System.Threading.Tasks.Task,System.TimeSpan)">
      <summary>Wartet, bis die angegebene Zeitspanne für das zugrunde liegende <see cref="T:System.Windows.Threading.DispatcherOperation" /> abgeschlossen.</summary>
      <param name="this">Die <see cref="T:System.Threading.Tasks.Task" /> zugeordnete der <see cref="T:System.Windows.Threading.DispatcherOperation" />.</param>
      <param name="timeout">Die Zeitspanne zu warten.</param>
      <returns>Der Status des zugrunde liegenden <see cref="T:System.Windows.Threading.DispatcherOperation" />.</returns>
      <exception cref="T:System.NotSupportedException">Der <see cref="T:System.Threading.Tasks.Task" /> verknüpft ist, wird mit einem <see cref="T:System.Windows.Threading.DispatcherOperation" />.</exception>
    </member>
    <member name="M:System.Windows.Threading.TaskExtensions.IsDispatcherOperationTask(System.Threading.Tasks.Task)">
      <summary>Gibt einen Wert, der angibt, ob dies <see cref="T:System.Threading.Tasks.Task" /> zugeordnet ist eine <see cref="T:System.Windows.Threading.DispatcherOperation" />.</summary>
      <param name="this">Der zu überprüfende <see cref="T:System.Threading.Tasks.Task" />.</param>
      <returns>Der Status des zugrunde liegenden <see cref="T:System.Windows.Threading.DispatcherOperation" />.</returns>
    </member>
    <member name="T:System.AddIn.Pipeline.FrameworkElementAdapters">
      <summary>
        <see cref="T:System.AddIn.Pipeline.FrameworkElementAdapters" /> werden Windows Presentation Foundation (WPF) -add-ins zum Konvertieren zwischen einem <see cref="T:System.Windows.FrameworkElement" /> und einem <see cref="T:System.AddIn.Contract.INativeHandleContract" />.</summary>
    </member>
    <member name="T:System.Windows.Threading.DispatcherExtensions">
      <summary>Bietet eine Reihe von static Methoden, Erweitern der <see cref="T:System.Windows.Threading.Dispatcher" /> Klasse.</summary>
    </member>
    <member name="T:System.Windows.Threading.TaskExtensions">
      <summary>Bietet eine Reihe von static Methoden, Erweitern der <see cref="T:System.Threading.Tasks.Task" /> Klasse.</summary>
    </member>
  </members>
</doc>