﻿<?xml version="1.0" encoding="utf-8"?>
<doc>
  <assembly>
    <name>System.Transactions</name>
  </assembly>
  <members>
    <member name="E:System.Transactions.Transaction.TransactionCompleted">
      <summary>Gibt an, dass die Transaktion abgeschlossen ist.</summary>
      <exception cref="T:System.ObjectDisposedException">Ein Versuch, dieses Ereignis für eine Transaktion zu abonnieren, das verworfen wurde.</exception>
    </member>
    <member name="E:System.Transactions.TransactionManager.DistributedTransactionStarted">
      <summary>Gibt an, dass eine verteilte Transaktion gestartet wurde.</summary>
    </member>
    <member name="F:System.Transactions.TransactionInterop.PromoterTypeDtc">
      <summary>Der Typ des Prozessors der verteilten Transaktion.</summary>
      <returns>Der Typ des Prozessors der verteilten Transaktion.</returns>
    </member>
    <member name="M:System.Transactions.CommittableTransaction.#ctor">
      <summary>Initialisiert eine neue Instanz der <see cref="T:System.Transactions.CommittableTransaction" />-Klasse.</summary>
      <exception cref="T:System.PlatformNotSupportedException">Der Versuch, eine Transaktion unter Windows 98, Windows 98 Second Edition oder Windows Millennium Edition zu erstellen.</exception>
    </member>
    <member name="M:System.Transactions.CommittableTransaction.#ctor(System.TimeSpan)">
      <summary>Initialisiert eine neue Instanz der <see cref="T:System.Transactions.CommittableTransaction" />-Klasse mit dem angegebenen <paramref name="timeout" />-Wert.</summary>
      <param name="timeout">Die maximale Zeitdauer, die die Transaktion vorhanden sein kann, bevor er abgebrochen wird.</param>
      <exception cref="T:System.PlatformNotSupportedException">Der Versuch, eine Transaktion unter Windows 98, Windows 98 Second Edition oder Windows Millennium Edition zu erstellen.</exception>
    </member>
    <member name="M:System.Transactions.CommittableTransaction.#ctor(System.Transactions.TransactionOptions)">
      <summary>Initialisiert eine neue Instanz der <see cref="T:System.Transactions.CommittableTransaction" /> -Klasse mit den angegebenen Transaktionsoptionen.</summary>
      <param name="options">Ein <see cref="T:System.Transactions.TransactionOptions" /> -Struktur, die Transaktionsoptionen für die neue Transaktion beschreibt.</param>
      <exception cref="T:System.PlatformNotSupportedException">Der Versuch, eine Transaktion unter Windows 98, Windows 98 Second Edition oder Windows Millennium Edition zu erstellen.</exception>
      <exception cref="T:System.ArgumentException">
        <paramref name="options" /> ist ungültig.</exception>
    </member>
    <member name="M:System.Transactions.CommittableTransaction.BeginCommit(System.AsyncCallback,System.Object)">
      <summary>Es wird versucht die Transaktion asynchron übergeben.</summary>
      <param name="asyncCallback">Die <see cref="T:System.AsyncCallback" /> -Delegat, der aufgerufen wird, wenn die Transaktion abgeschlossen ist. Dieser Parameter kann null, in diesem Fall die Anwendung nicht über die Transaktion abgeschlossen benachrichtigt wird. Stattdessen muss die Anwendung mithilfe der <see cref="T:System.IAsyncResult" /> -Schnittstelle, um auf den Abschluss überprüfen und entsprechend warten, oder rufen Sie <see cref="M:System.Transactions.CommittableTransaction.EndCommit(System.IAsyncResult)" /> auf Abschluss warten soll.</param>
      <param name="asyncState">Ein Objekt, das beliebige Zustandsinformationen, die Verbindung mit dem asynchronen Commit enthalten kann. Dieses Objekt wird an den Rückruf übergeben und nicht von interpretiert <see cref="N:System.Transactions" />. Ein null-Verweis ist zulässig.</param>
      <returns>Eine <see cref="T:System.IAsyncResult" /> -Schnittstelle, die vom Aufrufer zum Überprüfen des Status des asynchronen Vorgangs, oder warten Sie nach Abschluss des Vorgangs verwendet werden kann.</returns>
    </member>
    <member name="M:System.Transactions.CommittableTransaction.Commit">
      <summary>Versucht, die Transaktion ein Commit ausgeführt.</summary>
      <exception cref="T:System.Transactions.TransactionInDoubtException">
        <see cref="M:System.Transactions.CommittableTransaction.Commit" /> für eine Transaktion und die aufgerufen wird <see cref="F:System.Transactions.TransactionStatus.InDoubt" />.</exception>
      <exception cref="T:System.Transactions.TransactionAbortedException">
        <see cref="M:System.Transactions.CommittableTransaction.Commit" /> wird aufgerufen, und die Transaktion einen Rollback zum ersten Mal.</exception>
    </member>
    <member name="M:System.Transactions.CommittableTransaction.EndCommit(System.IAsyncResult)">
      <summary>Versuch, die Transaktion ein commit asynchron wird beendet.</summary>
      <param name="asyncResult">Das <see cref="T:System.IAsyncResult" /> Objekt, das dem asynchronen Commit zugeordnet.</param>
      <exception cref="T:System.Transactions.TransactionAbortedException">
        <see cref="M:System.Transactions.CommittableTransaction.BeginCommit(System.AsyncCallback,System.Object)" /> wird aufgerufen, und die Transaktion einen Rollback zum ersten Mal.</exception>
    </member>
    <member name="M:System.Transactions.Configuration.DefaultSettingsSection.#ctor">
      <summary>Initialisiert eine neue Instanz der <see cref="T:System.Transactions.Configuration.DefaultSettingsSection" />-Klasse.</summary>
    </member>
    <member name="M:System.Transactions.Configuration.MachineSettingsSection.#ctor">
      <summary>Initialisiert eine neue Instanz der <see cref="T:System.Transactions.Configuration.MachineSettingsSection" />-Klasse.</summary>
    </member>
    <member name="M:System.Transactions.Configuration.TransactionsSectionGroup.#ctor">
      <summary>Initialisiert eine neue Instanz der <see cref="T:System.Transactions.Configuration.TransactionsSectionGroup" />-Klasse.</summary>
    </member>
    <member name="M:System.Transactions.Configuration.TransactionsSectionGroup.GetSectionGroup(System.Configuration.Configuration)">
      <summary>Bietet statische Zugriff auf eine <see cref="T:System.Transactions.Configuration.TransactionsSectionGroup" />.</summary>
      <param name="config">Ein <see cref="T:System.Configuration.Configuration" /> das die Einstellungen, die für einen bestimmten Computer, eine Anwendung oder eine Ressource gelten darstellt.</param>
      <returns>Ein <see cref="T:System.Transactions.Configuration.TransactionsSectionGroup" />-Objekt.</returns>
    </member>
    <member name="M:System.Transactions.DependentTransaction.Complete">
      <summary>Versucht, die abhängige Transaktion abzuschließen.</summary>
      <exception cref="T:System.Transactions.TransactionException">Jeder Versuch zusätzliche Aktionen für die Transaktion, nachdem diese Methode aufgerufen wird. Dazu gehören Methoden aufrufen, z. B. <see cref="Overload:System.Transactions.Transaction.EnlistVolatile" />, <see cref="Overload:System.Transactions.Transaction.EnlistDurable" />, <see cref="M:System.Transactions.Transaction.Clone" />, <see cref="M:System.Transactions.Transaction.DependentClone(System.Transactions.DependentCloneOption)" /> , oder Serialisierungsvorgänge für die Transaktion.</exception>
    </member>
    <member name="M:System.Transactions.DistributedTransactionPermission.#ctor(System.Security.Permissions.PermissionState)">
      <summary>Initialisiert eine neue Instanz der <see cref="T:System.Transactions.DistributedTransactionPermission" />-Klasse.</summary>
      <param name="state">Einer der <see cref="T:System.Security.Permissions.PermissionState" />-Werte.</param>
    </member>
    <member name="M:System.Transactions.DistributedTransactionPermission.Copy">
      <summary>Erstellt eine identische Kopie der aktuellen Berechtigung und gibt sie zurück.</summary>
      <returns>Eine Kopie der aktuellen Berechtigung.</returns>
    </member>
    <member name="M:System.Transactions.DistributedTransactionPermission.FromXml(System.Security.SecurityElement)">
      <summary>Stellt eine Berechtigung mit einem angegebenen Zustand aus einer XML-Codierung wieder her.</summary>
      <param name="securityElement">Die zum Wiederherstellen der Berechtigung verwendete XML-Codierung.</param>
    </member>
    <member name="M:System.Transactions.DistributedTransactionPermission.Intersect(System.Security.IPermission)">
      <summary>Erstellt eine Berechtigung als Schnittmenge der aktuellen und der angegebenen Berechtigung und gibt diese zurück.</summary>
      <param name="target">Eine Berechtigung für die Überschneidung mit der aktuellen Berechtigung. Sie muss vom selben Typ wie die aktuelle Berechtigung sein.</param>
      <returns>Eine neue Berechtigung, die die Schnittmenge der aktuellen und der angegebenen Berechtigung darstellt. Diese neue Berechtigung ist null, wenn die Schnittmenge leer ist.</returns>
    </member>
    <member name="M:System.Transactions.DistributedTransactionPermission.IsSubsetOf(System.Security.IPermission)">
      <summary>Gibt einen Wert, der angibt, ob die aktuelle Berechtigung eine Teilmenge der angegebenen Berechtigung ist.</summary>
      <param name="target">Eine für die Teilmengenbeziehung zu testende Berechtigung. Diese Berechtigung muss denselben Typ aufweisen wie die aktuelle Berechtigung.</param>
      <returns>true Wenn die aktuelle <see cref="T:System.Security.IPermission" /> ist eine Teilmenge des angegebenen <see cref="T:System.Security.IPermission" />andernfalls false.</returns>
    </member>
    <member name="M:System.Transactions.DistributedTransactionPermission.IsUnrestricted">
      <summary>Gibt einen Wert, der angibt, ob uneingeschränkter Zugriff auf die durch die aktuelle Berechtigung geschützte Ressource zulässig ist.</summary>
      <returns>true, wenn die uneingeschränkte Verwendung der durch die Berechtigung geschützten Ressource zulässig ist, andernfalls false.</returns>
    </member>
    <member name="M:System.Transactions.DistributedTransactionPermission.ToXml">
      <summary>Erstellt eine XML-Codierung des Sicherheitsobjekts und seines aktuellen Zustands.</summary>
      <returns>Ein <see cref="T:System.Security.SecurityElement" /> der die XML-Codierung des Sicherheitsobjekts, einschließlich aller Zustandsinformationen enthält.</returns>
    </member>
    <member name="M:System.Transactions.DistributedTransactionPermission.Union(System.Security.IPermission)">
      <summary>Erstellt eine Berechtigung als Kombination der aktuellen und der angegebenen Berechtigung.</summary>
      <param name="target">Eine Berechtigung, die mit der aktuellen Berechtigung kombiniert werden soll. Sie muss denselben Typ aufweisen wie die aktuelle Berechtigung.</param>
      <returns>Eine <see cref="T:System.Security.IPermission" /> die die Gesamtmenge der aktuellen Berechtigung und der angegebenen Berechtigung darstellt.</returns>
    </member>
    <member name="M:System.Transactions.DistributedTransactionPermissionAttribute.#ctor(System.Security.Permissions.SecurityAction)">
      <summary>Initialisiert eine neue Instanz der <see cref="T:System.Transactions.DistributedTransactionPermissionAttribute" />-Klasse mit der angegebenen <see cref="T:System.Security.Permissions.SecurityAction" />.</summary>
      <param name="action">Einer der <see cref="T:System.Security.Permissions.SecurityAction" />-Werte.</param>
    </member>
    <member name="M:System.Transactions.DistributedTransactionPermissionAttribute.CreatePermission">
      <summary>Erstellt ein Berechtigungsobjekt, das kann daraufhin in eine binäre Form serialisiert und persistent gespeichert, zusammen mit den <see cref="T:System.Security.Permissions.SecurityAction" /> in den Metadaten einer Assembly.</summary>
      <returns>Ein serialisierbares Berechtigungsobjekt.</returns>
    </member>
    <member name="M:System.Transactions.Enlistment.Done">
      <summary>Gibt an, dass der Transaktionsteilnehmer seine Arbeit abgeschlossen hat.</summary>
    </member>
    <member name="M:System.Transactions.IDtcTransaction.Abort(System.IntPtr,System.Int32,System.Int32)">
      <summary>Eine Transaktion abbricht.</summary>
      <param name="reason">Ein Optionaler <see cref="T:System.EnterpriseServices.BOID" /> der angibt, warum die Transaktion abgebrochen wird. Dieser Parameter kann null, bedeutet, dass die kein Grund für den Abbruch angegeben ist.</param>
      <param name="retaining">Dieser Wert muss false.</param>
      <param name="async">Wenn <paramref name="async" /> ist true, ein asynchroner Abbruch ausgeführt, und des Aufrufers muss ITransactionOutcomeEvents das Ergebnis der Transaktion.</param>
    </member>
    <member name="M:System.Transactions.IDtcTransaction.Commit(System.Int32,System.Int32,System.Int32)">
      <summary>Führt einen Commit eine Transaktion.</summary>
      <param name="retaining">Dieser Wert muss false.</param>
      <param name="commitType">Ein Wert aus der OLE DB-Enumeration XACTTC.</param>
      <param name="reserved">Dieser Wert muss 0 (null) sein.</param>
    </member>
    <member name="M:System.Transactions.IDtcTransaction.GetTransactionInfo(System.IntPtr)">
      <summary>Ruft Informationen zu einer Transaktion ab.</summary>
      <param name="transactionInformation">Zeiger auf den vom Aufrufer reservierten <see cref="T:System.EnterpriseServices.XACTTRANSINFO" /> -Struktur, die Informationen über die Transaktion erhalten. Dieser Wert darf nicht sein null.</param>
    </member>
    <member name="M:System.Transactions.IEnlistmentNotification.Commit(System.Transactions.Enlistment)">
      <summary>Benachrichtigt ein eingetragenes Objekt, dass eine Transaktion wird ein Commit ausgeführt wird.</summary>
      <param name="enlistment">Ein <see cref="T:System.Transactions.Enlistment" /> Objekt, das zum Senden einer Antwort an den Transaktions-Manager verwendet.</param>
    </member>
    <member name="M:System.Transactions.IEnlistmentNotification.InDoubt(System.Transactions.Enlistment)">
      <summary>Benachrichtigt ein eingetragenes Objekt, das der Status einer Transaktion zweifelhaft ist.</summary>
      <param name="enlistment">Ein <see cref="T:System.Transactions.Enlistment" /> Objekt, das zum Senden einer Antwort an den Transaktions-Manager verwendet.</param>
    </member>
    <member name="M:System.Transactions.IEnlistmentNotification.Prepare(System.Transactions.PreparingEnlistment)">
      <summary>Benachrichtigt ein eingetragenes Objekt, das eine Transaktion zum Commit vorbereitet wird.</summary>
      <param name="preparingEnlistment">Ein <see cref="T:System.Transactions.PreparingEnlistment" /> Objekt, das zum Senden einer Antwort an den Transaktions-Manager verwendet.</param>
    </member>
    <member name="M:System.Transactions.IEnlistmentNotification.Rollback(System.Transactions.Enlistment)">
      <summary>Benachrichtigt ein eingetragenes Objekt, das eine Transaktion wird ein Rollback ausgeführt wird (abgebrochen).</summary>
      <param name="enlistment">Ein <see cref="T:System.Transactions.Enlistment" /> Objekt, das zum Senden einer Antwort an den Transaktions-Manager verwendet.</param>
    </member>
    <member name="M:System.Transactions.IPromotableSinglePhaseNotification.Initialize">
      <summary>Benachrichtigt einen Transaktionsteilnehmer, die Eintragung erfolgreich abgeschlossen wurde.</summary>
      <exception cref="T:System.Transactions.TransactionException">Ein Versuch, eintragen oder eine Transaktion zu serialisieren.</exception>
    </member>
    <member name="M:System.Transactions.IPromotableSinglePhaseNotification.Rollback(System.Transactions.SinglePhaseEnlistment)">
      <summary>Benachrichtigt ein eingetragenes Objekt, das ein Rollback der Transaktion ausgeführt wird.</summary>
      <param name="singlePhaseEnlistment">Ein <see cref="T:System.Transactions.SinglePhaseEnlistment" /> Objekt, das zum Senden einer Antwort an den Transaktions-Manager verwendet.</param>
    </member>
    <member name="M:System.Transactions.IPromotableSinglePhaseNotification.SinglePhaseCommit(System.Transactions.SinglePhaseEnlistment)">
      <summary>Benachrichtigt ein eingetragenes Objekt, wird ein Commit die Transaktion ausgeführt wird.</summary>
      <param name="singlePhaseEnlistment">Ein <see cref="T:System.Transactions.SinglePhaseEnlistment" /> -Schnittstelle, die zum Senden einer Antwort an den Transaktions-Manager verwendet.</param>
    </member>
    <member name="M:System.Transactions.ISimpleTransactionSuperior.Rollback">
      <summary>Benachrichtigt ein eingetragenes Objekt, das ein Rollback der Transaktion ausgeführt wird.</summary>
    </member>
    <member name="M:System.Transactions.ISinglePhaseNotification.SinglePhaseCommit(System.Transactions.SinglePhaseEnlistment)">
      <summary>Stellt der Ressourcen-Manager-Implementierung des Rückrufs für die Einphasencommit-Optimierung dar.</summary>
      <param name="singlePhaseEnlistment">Ein <see cref="T:System.Transactions.SinglePhaseEnlistment" />  verwendet, um eine Antwort an den Transaktions-Manager gesendet.</param>
    </member>
    <member name="M:System.Transactions.ITransactionPromoter.Promote">
      <summary>Benachrichtigt ein eingetragenes Objekt, dass eine Eskalation der delegierten Transaktion angefordert wurde.</summary>
      <returns>Ein Sender/Empfänger-Weitergabetoken, die eine verteilte Transaktion marshallt. Weitere Informationen finden Sie unter <see cref="M:System.Transactions.TransactionInterop.GetTransactionFromTransmitterPropagationToken(System.Byte[])" />.</returns>
    </member>
    <member name="M:System.Transactions.PreparingEnlistment.ForceRollback">
      <summary>Gibt an, dass die Transaktion ein Rollback ausgeführt werden soll.</summary>
    </member>
    <member name="M:System.Transactions.PreparingEnlistment.ForceRollback(System.Exception)">
      <summary>Gibt an, dass die Transaktion ein Rollback ausgeführt werden soll.</summary>
      <param name="e">Eine Erklärung, warum das Auslösen eines Rollbacks.</param>
    </member>
    <member name="M:System.Transactions.PreparingEnlistment.Prepared">
      <summary>Gibt an, dass die Transaktion ein Commit ausgeführt werden kann.</summary>
    </member>
    <member name="M:System.Transactions.PreparingEnlistment.RecoveryInformation">
      <summary>Ruft die Wiederherstellungsinformationen einer Eintragung ab.</summary>
      <returns>Die Wiederherstellungsinformationen einer Eintragung.</returns>
      <exception cref="T:System.InvalidOperationException">Der Versuch, die Wiederherstellungsinformationen in einer flüchtigen Eintragung abzurufen, die keine Wiederherstellungsinformationen generiert.</exception>
    </member>
    <member name="M:System.Transactions.SinglePhaseEnlistment.Aborted">
      <summary>Stellt einen Rückruf, der verwendet wird, den Transaktions-Manager an, dass die Transaktion ein Rollback ausgeführt werden soll.</summary>
    </member>
    <member name="M:System.Transactions.SinglePhaseEnlistment.Aborted(System.Exception)">
      <summary>Stellt einen Rückruf, der verwendet wird, den Transaktions-Manager an, dass die Transaktion rückgängig gemacht werden soll, und eine Erklärung bietet.</summary>
      <param name="e">Eine Erklärung, warum ein Rollback initiiert wird.</param>
    </member>
    <member name="M:System.Transactions.SinglePhaseEnlistment.Committed">
      <summary>Stellt einen Rückruf, der verwendet wird, den Transaktions-Manager an, dass der Einphasencommit erfolgreich ausgeführt wurde.</summary>
    </member>
    <member name="M:System.Transactions.SinglePhaseEnlistment.InDoubt">
      <summary>Stellt einen Rückruf, der verwendet wird, den Transaktions-Manager an, dass der Status der Transaktion zweifelhaft ist.</summary>
    </member>
    <member name="M:System.Transactions.SinglePhaseEnlistment.InDoubt(System.Exception)">
      <summary>Stellt einen Rückruf, der verwendet wird, den Transaktions-Manager an, dass der Status der Transaktion zweifelhaft ist, und eine Erklärung bietet.</summary>
      <param name="e">Eine Erklärung, warum die Transaktion zweifelhaft ist.</param>
    </member>
    <member name="M:System.Transactions.SubordinateTransaction.#ctor(System.Transactions.IsolationLevel,System.Transactions.ISimpleTransactionSuperior)">
      <summary>Initialisiert eine neue Instanz der <see cref="T:System.Transactions.SubordinateTransaction" />-Klasse.</summary>
      <param name="isoLevel">Die Isolationsstufe der Transaktion</param>
      <param name="superior">Eine <see cref="T:System.Transactions.ISimpleTransactionSuperior" /></param>
    </member>
    <member name="M:System.Transactions.Transaction.Clone">
      <summary>Erstellt einen Klon der Transaktion.</summary>
      <returns>Ein <see cref="T:System.Transactions.Transaction" /> das eine Kopie des aktuellen Transaktionsobjekts.</returns>
    </member>
    <member name="M:System.Transactions.Transaction.DependentClone(System.Transactions.DependentCloneOption)">
      <summary>Erstellt einen abhängigen Klon der Transaktion.</summary>
      <param name="cloneOption">Ein <see cref="T:System.Transactions.DependentCloneOption" /> die steuert, welche Art von abhängiger Transaktion erstellt.</param>
      <returns>Ein <see cref="T:System.Transactions.DependentTransaction" /> die den abhängigen Klon darstellt.</returns>
    </member>
    <member name="M:System.Transactions.Transaction.Dispose">
      <summary>Gibt alle vom Objekt reservierten Ressourcen frei.</summary>
    </member>
    <member name="M:System.Transactions.Transaction.EnlistDurable(System.Guid,System.Transactions.IEnlistmentNotification,System.Transactions.EnlistmentOptions)">
      <summary>Trägt einen permanenten Ressourcen-Manager, der zwei-Phasen-Commit für die Einbeziehung in einer Transaktion unterstützt.</summary>
      <param name="resourceManagerIdentifier">Ein eindeutiger Bezeichner für einen Ressourcen-Manager sollten auch Fehler bei der Ressourcen-Manager beibehalten oder neu starten.</param>
      <param name="enlistmentNotification">Ein Objekt, implementiert die <see cref="T:System.Transactions.IEnlistmentNotification" /> Schnittstelle Zweiphasen-Commit-Benachrichtigung empfangen.</param>
      <param name="enlistmentOptions">
        <see cref="F:System.Transactions.EnlistmentOptions.EnlistDuringPrepareRequired" /> Wenn der Ressourcen-Manager während der Vorbereitungsphase zusätzliche Arbeiten ausführen.</param>
      <returns>Ein <see cref="T:System.Transactions.Enlistment" /> -Objekt, das die Eintragung beschreibt.</returns>
    </member>
    <member name="M:System.Transactions.Transaction.EnlistDurable(System.Guid,System.Transactions.ISinglePhaseNotification,System.Transactions.EnlistmentOptions)">
      <summary>Trägt einen permanenten Ressourcen-Manager, der Einphasencommit-Optimierung für die Einbeziehung in einer Transaktion unterstützt.</summary>
      <param name="resourceManagerIdentifier">Ein eindeutiger Bezeichner für einen Ressourcen-Manager sollten auch Fehler bei der Ressourcen-Manager beibehalten oder neu starten.</param>
      <param name="singlePhaseNotification">Ein Objekt, implementiert die <see cref="T:System.Transactions.ISinglePhaseNotification" /> -Schnittstelle, die Einphasencommit und Zweiphasen-Commit-Benachrichtigung empfangen werden muss.</param>
      <param name="enlistmentOptions">
        <see cref="F:System.Transactions.EnlistmentOptions.EnlistDuringPrepareRequired" /> Wenn der Ressourcen-Manager während der Vorbereitungsphase zusätzliche Arbeiten ausführen.</param>
      <returns>Ein <see cref="T:System.Transactions.Enlistment" /> -Objekt, das die Eintragung beschreibt.</returns>
    </member>
    <member name="M:System.Transactions.Transaction.EnlistPromotableSinglePhase(System.Transactions.IPromotableSinglePhaseNotification)">
      <summary>Trägt einen Ressourcen-Manager mit einer internen Transaktion mithilfe einer heraufstufbaren Einphaseneintragung (PSPE) ein.</summary>
      <param name="promotableSinglePhaseNotification">Eine vom Teilnehmer implementierte <see cref="T:System.Transactions.IPromotableSinglePhaseNotification" />-Schnittstelle.</param>
      <returns>Eine <see cref="T:System.Transactions.SinglePhaseEnlistment" />-Schnittstellenimplementierung, die die Eintragung beschreibt.</returns>
    </member>
    <member name="M:System.Transactions.Transaction.EnlistPromotableSinglePhase(System.Transactions.IPromotableSinglePhaseNotification,System.Guid)">
      <summary>Trägt einen Ressourcen-Manager mit einer internen Transaktion mithilfe einer heraufstufbaren Einphaseneintragung (PSPE) ein.</summary>
      <param name="promotableSinglePhaseNotification">Eine vom Teilnehmer implementierte <see cref="T:System.Transactions.IPromotableSinglePhaseNotification" />-Schnittstelle.</param>
      <param name="promoterType">Der Typ des Prozessors der verteilten Transaktion.</param>
      <returns>Eine <see cref="T:System.Transactions.SinglePhaseEnlistment" />-Schnittstellenimplementierung, die die Eintragung beschreibt.</returns>
    </member>
    <member name="M:System.Transactions.Transaction.EnlistVolatile(System.Transactions.IEnlistmentNotification,System.Transactions.EnlistmentOptions)">
      <summary>Trägt einen flüchtigen Ressourcen-Manager, der zwei-Phasen-Commit für die Einbeziehung in einer Transaktion unterstützt.</summary>
      <param name="enlistmentNotification">Ein Objekt, implementiert die <see cref="T:System.Transactions.IEnlistmentNotification" /> Schnittstelle Zweiphasencommit-Benachrichtigungen zu empfangen.</param>
      <param name="enlistmentOptions">
        <see cref="F:System.Transactions.EnlistmentOptions.EnlistDuringPrepareRequired" /> Wenn der Ressourcen-Manager während der Vorbereitungsphase zusätzliche Arbeiten ausführen.</param>
      <returns>Ein <see cref="T:System.Transactions.Enlistment" /> -Objekt, das die Eintragung beschreibt.</returns>
    </member>
    <member name="M:System.Transactions.Transaction.EnlistVolatile(System.Transactions.ISinglePhaseNotification,System.Transactions.EnlistmentOptions)">
      <summary>Trägt einen flüchtigen Ressourcen-Manager, der Einphasencommit-Optimierung für die Einbeziehung in einer Transaktion unterstützt.</summary>
      <param name="singlePhaseNotification">Ein Objekt, implementiert die <see cref="T:System.Transactions.ISinglePhaseNotification" /> -Schnittstelle, die Einphasencommit und Zweiphasen-Commit-Benachrichtigung empfangen werden muss.</param>
      <param name="enlistmentOptions">
        <see cref="F:System.Transactions.EnlistmentOptions.EnlistDuringPrepareRequired" /> Wenn der Ressourcen-Manager während der Vorbereitungsphase zusätzliche Arbeiten ausführen.</param>
      <returns>Ein <see cref="T:System.Transactions.Enlistment" /> -Objekt, das die Eintragung beschreibt.</returns>
    </member>
    <member name="M:System.Transactions.Transaction.Equals(System.Object)">
      <summary>Bestimmt, ob diese Transaktion und das angegebene Objekt gleich sind.</summary>
      <param name="obj">Das Objekt, das mit dieser Instanz verglichen werden soll.</param>
      <returns>true Wenn <paramref name="obj" /> und diese Transaktion identisch sind, andernfalls, false.</returns>
    </member>
    <member name="M:System.Transactions.Transaction.GetHashCode">
      <summary>Gibt den Hashcode für diese Instanz zurück.</summary>
      <returns>Ein 32-Bit-Hashcode als ganze Zahl mit Vorzeichen.</returns>
    </member>
    <member name="M:System.Transactions.Transaction.GetPromotedToken">
      <summary>Ruft das von der Promote-Methode zurückgegebene byte[]-Element ab, wenn die Transaktion heraufgestuft wird.</summary>
      <returns>Das von der Promote-Methode zurückgegebene byte[]-Element, wenn die Transaktion heraufgestuft wird.</returns>
    </member>
    <member name="M:System.Transactions.Transaction.op_Equality(System.Transactions.Transaction,System.Transactions.Transaction)">
      <summary>Testet, ob zwei angegebene <see cref="T:System.Transactions.Transaction" /> -Instanzen äquivalent sind.</summary>
      <param name="x">Die <see cref="T:System.Transactions.Transaction" /> -Instanz, die auf der linken Seite des Gleichheitsoperators.</param>
      <param name="y">Die <see cref="T:System.Transactions.Transaction" /> -Instanz, die auf der rechten Seite des Gleichheitsoperators.</param>
      <returns>true, wenn <paramref name="x" /> und <paramref name="y" /> gleich sind, andernfalls false.</returns>
    </member>
    <member name="M:System.Transactions.Transaction.op_Inequality(System.Transactions.Transaction,System.Transactions.Transaction)">
      <summary>Gibt einen Wert zurück, der angibt, ob zwei <see cref="T:System.Transactions.Transaction" />-Instanzen ungleich sind.</summary>
      <param name="x">Die <see cref="T:System.Transactions.Transaction" /> -Instanz, die auf der linken Seite des Ungleichheitsoperators.</param>
      <param name="y">Die <see cref="T:System.Transactions.Transaction" /> -Instanz, die auf der rechten Seite des Ungleichheitsoperators.</param>
      <returns>true, wenn <paramref name="x" /> und <paramref name="y" /> ungleich sind, andernfalls false.</returns>
    </member>
    <member name="M:System.Transactions.Transaction.PromoteAndEnlistDurable(System.Guid,System.Transactions.IPromotableSinglePhaseNotification,System.Transactions.ISinglePhaseNotification,System.Transactions.EnlistmentOptions)">
      <summary>[Wird nur in .NET Framework 4.5.2 und neueren Versionen unterstützt]Stuft und trägt einen permanenten Ressourcen-Manager, der zwei-Phasen-Commit für die Einbeziehung in einer Transaktion unterstützt.</summary>
      <param name="resourceManagerIdentifier">Ein eindeutiger Bezeichner für einen Ressourcen-Manager sollten auch Fehler bei der Ressourcen-Manager beibehalten oder neu starten.</param>
      <param name="promotableNotification">Ein Objekt, das als Commit-Delegat für eine nicht verteilte Transaktion in einen Ressourcen-Manager fungiert.</param>
      <param name="enlistmentNotification">Ein Objekt, implementiert die <see cref="T:System.Transactions.IEnlistmentNotification" /> Schnittstelle Zweiphasen-Commit-Benachrichtigung empfangen.</param>
      <param name="enlistmentOptions">
        <see cref="F:System.Transactions.EnlistmentOptions.EnlistDuringPrepareRequired" /> Wenn der Ressourcen-Manager während der Vorbereitungsphase zusätzliche Arbeiten ausführen.</param>
    </member>
    <member name="M:System.Transactions.Transaction.Rollback">
      <summary>Rollback (abgebrochen) der Transaktion.</summary>
    </member>
    <member name="M:System.Transactions.Transaction.Rollback(System.Exception)">
      <summary>Rollback (abgebrochen) der Transaktion.</summary>
      <param name="e">Eine Erklärung, warum ein Rollback aufgetreten ist.</param>
    </member>
    <member name="M:System.Transactions.Transaction.SetDistributedTransactionIdentifier(System.Transactions.IPromotableSinglePhaseNotification,System.Guid)">
      <summary>Legt den Bezeichner der verteilten Transaktion fest, der vom Nicht-MSDTC-Promoter generiert wird.</summary>
      <param name="promotableNotification">Eine vom Teilnehmer implementierte <see cref="T:System.Transactions.IPromotableSinglePhaseNotification" />-Schnittstelle.</param>
      <param name="distributedTransactionIdentifier">Der Bezeichner für die Transaktion, der vom Manager für verteilte Transaktionen verwendet werden.</param>
    </member>
    <member name="M:System.Transactions.Transaction.System#Runtime#Serialization#ISerializable#GetObjectData(System.Runtime.Serialization.SerializationInfo,System.Runtime.Serialization.StreamingContext)">
      <summary>Ruft eine <see cref="T:System.Runtime.Serialization.SerializationInfo" /> mit den Daten, die zum Serialisieren dieser Transaktion erforderlich sind.</summary>
      <param name="serializationInfo">Die mit Daten zu füllende <see cref="T:System.Runtime.Serialization.SerializationInfo" />.</param>
      <param name="context">Das Ziel (siehe <see cref="T:System.Runtime.Serialization.StreamingContext" /> ) dieser Serialisierung.</param>
    </member>
    <member name="M:System.Transactions.TransactionAbortedException.#ctor">
      <summary>Initialisiert eine neue Instanz der <see cref="T:System.Transactions.TransactionAbortedException" />-Klasse.</summary>
    </member>
    <member name="M:System.Transactions.TransactionAbortedException.#ctor(System.Runtime.Serialization.SerializationInfo,System.Runtime.Serialization.StreamingContext)">
      <summary>Initialisiert eine neue Instanz der <see cref="T:System.Transactions.TransactionAbortedException" /> -Klasse mit den angegebenen Serialisierungsinformationen und streaming Kontextinformationen.</summary>
      <param name="info">Ein <see cref="T:System.Runtime.Serialization.SerializationInfo" /> -Objekt, das eine fehlgeschlagene Serialisierung beschreibt.</param>
      <param name="context">Ein <see cref="T:System.Runtime.Serialization.SerializationInfo" /> -Objekt, das Kontext einer fehlgeschlagenen Serialisierung beschreibt.</param>
    </member>
    <member name="M:System.Transactions.TransactionAbortedException.#ctor(System.String)">
      <summary>Initialisiert eine neue Instanz der <see cref="T:System.Transactions.TransactionAbortedException" />-Klasse mit der angegebenen Meldung.</summary>
      <param name="message">Ein <see cref="T:System.String" /> enthält eine Meldung, die Ursache der Ausnahme erklärt wird.</param>
    </member>
    <member name="M:System.Transactions.TransactionAbortedException.#ctor(System.String,System.Exception)">
      <summary>Initialisiert eine neue Instanz der <see cref="T:System.Transactions.TransactionAbortedException" />-Klasse mit der angegebenen Meldung und der angegebenen inneren Ausnahme.</summary>
      <param name="message">Ein <see cref="T:System.String" /> enthält eine Meldung, die Ursache der Ausnahme erklärt wird.</param>
      <param name="innerException">Ruft die Ausnahme ab, die die aktuelle Ausnahme verursacht. Weitere Informationen finden Sie in den Ausführungen zur <see cref="P:System.Exception.InnerException" />-Eigenschaft.</param>
    </member>
    <member name="M:System.Transactions.TransactionEventArgs.#ctor">
      <summary>Initialisiert eine neue Instanz der <see cref="T:System.Transactions.TransactionEventArgs" />-Klasse.</summary>
    </member>
    <member name="M:System.Transactions.TransactionException.#ctor">
      <summary>Initialisiert eine neue Instanz der <see cref="T:System.Transactions.TransactionException" />-Klasse.</summary>
    </member>
    <member name="M:System.Transactions.TransactionException.#ctor(System.Runtime.Serialization.SerializationInfo,System.Runtime.Serialization.StreamingContext)">
      <summary>Initialisiert eine neue Instanz der <see cref="T:System.Transactions.TransactionException" /> -Klasse mit den angegebenen Serialisierungsinformationen und streaming Kontextinformationen.</summary>
      <param name="info">Ein <see cref="T:System.Runtime.Serialization.SerializationInfo" /> -Objekt, das eine fehlgeschlagene Serialisierung beschreibt.</param>
      <param name="context">Ein <see cref="T:System.Runtime.Serialization.SerializationInfo" /> -Objekt, das Kontext einer fehlgeschlagenen Serialisierung beschreibt.</param>
    </member>
    <member name="M:System.Transactions.TransactionException.#ctor(System.String)">
      <summary>Initialisiert eine neue Instanz der <see cref="T:System.Transactions.TransactionException" />-Klasse mit der angegebenen Meldung.</summary>
      <param name="message">Ein <see cref="T:System.String" /> enthält eine Meldung, die Ursache der Ausnahme erklärt wird.</param>
    </member>
    <member name="M:System.Transactions.TransactionException.#ctor(System.String,System.Exception)">
      <summary>Initialisiert eine neue Instanz der <see cref="T:System.Transactions.TransactionException" />-Klasse mit der angegebenen Meldung und der angegebenen inneren Ausnahme.</summary>
      <param name="message">Ein <see cref="T:System.String" /> enthält eine Meldung, die Ursache der Ausnahme erklärt wird.</param>
      <param name="innerException">Ruft die Ausnahme ab, die die aktuelle Ausnahme verursacht. Weitere Informationen finden Sie in den Ausführungen zur <see cref="P:System.Exception.InnerException" />-Eigenschaft.</param>
    </member>
    <member name="M:System.Transactions.TransactionInDoubtException.#ctor">
      <summary>Initialisiert eine neue Instanz der <see cref="T:System.Transactions.TransactionInDoubtException" />-Klasse.</summary>
    </member>
    <member name="M:System.Transactions.TransactionInDoubtException.#ctor(System.Runtime.Serialization.SerializationInfo,System.Runtime.Serialization.StreamingContext)">
      <summary>Initialisiert eine neue Instanz der <see cref="T:System.Transactions.TransactionInDoubtException" /> -Klasse mit den angegebenen Serialisierungsinformationen und streaming Kontextinformationen.</summary>
      <param name="info">Ein <see cref="T:System.Runtime.Serialization.SerializationInfo" /> -Objekt, das eine fehlgeschlagene Serialisierung beschreibt.</param>
      <param name="context">Ein <see cref="T:System.Runtime.Serialization.SerializationInfo" /> -Objekt, das Kontext einer fehlgeschlagenen Serialisierung beschreibt.</param>
    </member>
    <member name="M:System.Transactions.TransactionInDoubtException.#ctor(System.String)">
      <summary>Initialisiert eine neue Instanz der <see cref="T:System.Transactions.TransactionInDoubtException" />-Klasse mit der angegebenen Meldung.</summary>
      <param name="message">Ein <see cref="T:System.String" /> enthält eine Meldung, die Ursache der Ausnahme erklärt wird.</param>
    </member>
    <member name="M:System.Transactions.TransactionInDoubtException.#ctor(System.String,System.Exception)">
      <summary>Initialisiert eine neue Instanz der <see cref="T:System.Transactions.TransactionInDoubtException" />-Klasse mit der angegebenen Meldung und der angegebenen inneren Ausnahme.</summary>
      <param name="message">Ein <see cref="T:System.String" /> enthält eine Meldung, die Ursache der Ausnahme erklärt wird.</param>
      <param name="innerException">Ruft die Ausnahme ab, die die aktuelle Ausnahme verursacht. Weitere Informationen finden Sie in den Ausführungen zur <see cref="P:System.Exception.InnerException" />-Eigenschaft.</param>
    </member>
    <member name="M:System.Transactions.TransactionInterop.GetDtcTransaction(System.Transactions.Transaction)">
      <summary>Ruft eine <see cref="T:System.Transactions.IDtcTransaction" />-Instanz ab, die eine <see cref="T:System.Transactions.Transaction" /> darstellt.  </summary>
      <param name="transaction">Eine <see cref="T:System.Transactions.Transaction" />-Instanz, die gemarshallt werden soll.</param>
      <returns>Ruft eine <see cref="T:System.Transactions.IDtcTransaction" />-Instanz ab, die eine <see cref="T:System.Transactions.Transaction" /> darstellt.  Die <see cref="T:System.Transactions.IDtcTransaction" /> -Instanz ist kompatibel mit dem nicht verwalteten Formular von ITransaction von MSDTC und mit dem verwalteten Formular von <see cref="T:System.EnterpriseServices.ITransaction" /> verwendeten <see cref="N:System.EnterpriseServices" />.</returns>
    </member>
    <member name="M:System.Transactions.TransactionInterop.GetExportCookie(System.Transactions.Transaction,System.Byte[])">
      <summary>Wandelt ein Transaktionsobjekt in ein Exporttransaktionscookie um.</summary>
      <param name="transaction">Das zu marshallende <see cref="T:System.Transactions.Transaction" />-Objekt.</param>
      <param name="whereabouts">Eine Adresse, in der der Speicherort des Zieltransaktions-Managers beschrieben wird. Damit können zwei Transaktions-Manager miteinander kommunizieren und so eine Transaktion von einem System zum anderen weitergeben.</param>
      <returns>Ein Exporttransaktionscookie, das das angegebene <see cref="T:System.Transactions.Transaction" />-Objekt darstellt.</returns>
    </member>
    <member name="M:System.Transactions.TransactionInterop.GetTransactionFromDtcTransaction(System.Transactions.IDtcTransaction)">
      <summary>Generiert eine <see cref="T:System.Transactions.Transaction" /> aus einer angegebenen <see cref="T:System.Transactions.IDtcTransaction" />.</summary>
      <param name="transactionNative">Das zu marshallende <see cref="T:System.Transactions.IDtcTransaction" />-Objekt.</param>
      <returns>Eine <see cref="T:System.Transactions.Transaction" />-Instanz, die die angegebene <see cref="T:System.Transactions.IDtcTransaction" /> darstellt.</returns>
    </member>
    <member name="M:System.Transactions.TransactionInterop.GetTransactionFromExportCookie(System.Byte[])">
      <summary>Generiert eine <see cref="T:System.Transactions.Transaction" /> aus dem angegebenen Exportcookie.  </summary>
      <param name="cookie">Ein gemarshalltes Formular des Transaktionsobjekts.</param>
      <returns>Eine <see cref="T:System.Transactions.Transaction" /> aus dem angegebenen Exportcookie.</returns>
    </member>
    <member name="M:System.Transactions.TransactionInterop.GetTransactionFromTransmitterPropagationToken(System.Byte[])">
      <summary>Generiert eine <see cref="T:System.Transactions.Transaction" />-Instanz aus dem angegebenen Senderpropagierungstoken. </summary>
      <param name="propagationToken">Ein Propagierungstoken, das eine Transaktion darstellt.</param>
      <returns>Eine <see cref="T:System.Transactions.Transaction" /> vom angegebenen Senderpropagierungstoken.</returns>
      <exception cref="T:System.Transactions.TransactionManagerCommunicationException">Die Deserialisierung von einer Transaktion schlägt fehl, weil der Transaktions-Manager nicht erreichbar ist. Dies kann vom Netzwerk oder Firewall-Einstellungen verursacht werden.</exception>
    </member>
    <member name="M:System.Transactions.TransactionInterop.GetTransmitterPropagationToken(System.Transactions.Transaction)">
      <summary>Generiert ein Propagierungstoken für die angegebene <see cref="T:System.Transactions.Transaction" />.</summary>
      <param name="transaction">Eine Transaktion, die in ein Propagierungstoken gemarshallt werden soll.</param>
      <returns>Gemeinsam mit der <see cref="M:System.Transactions.TransactionInterop.GetTransactionFromTransmitterPropagationToken(System.Byte[])" />-Methode stellt diese Methode Funktionen zur Sender/Empfänger-Propagierung bereit, in der die Transaktion vom Remotecomputer "gezogen" wird, wenn sie zum Aufheben des Marshallens der Transaktion aufgerufen wird.Weitere Informationen zu anderen Propagierungsmodellen finden Sie im Abschnitt mit den Hinweisen zur <see cref="T:System.Transactions.TransactionInterop" />-Klasse.</returns>
    </member>
    <member name="M:System.Transactions.TransactionInterop.GetWhereabouts">
      <summary>Ruft den Verbleib des verteilten Transaktions-Managers ab, der für <see cref="N:System.Transactions" /> verwendet wird.  </summary>
      <returns>Der Verbleib des verteilten Transaktions-Managers, der für <see cref="N:System.Transactions" /> verwendet wird.  </returns>
    </member>
    <member name="M:System.Transactions.TransactionManager.RecoveryComplete(System.Guid)">
      <summary>Benachrichtigt, dass ein Ressourcen-Manager Wiederherstellen nach einem Ausfall wurde er neu einträgt, alle nicht aufgelösten Transaktionen dem Transaktions-Manager.</summary>
      <param name="resourceManagerIdentifier">Ein <see cref="T:System.Guid" /> eindeutig identifiziert die Ressource über wiederhergestellt werden.</param>
      <exception cref="T:System.ArgumentNullException">Der <paramref name="resourceManagerIdentifier" />-Parameter ist null.</exception>
    </member>
    <member name="M:System.Transactions.TransactionManager.Reenlist(System.Guid,System.Byte[],System.Transactions.IEnlistmentNotification)">
      <summary>Reenlists einen permanenten Teilnehmer in einer Transaktion.</summary>
      <param name="resourceManagerIdentifier">Ein <see cref="T:System.Guid" /> mit dem Ressourcen-Manager eindeutig identifiziert.</param>
      <param name="recoveryInformation">Enthält zusätzliche Informationen wiederherstellen.</param>
      <param name="enlistmentNotification">Ein Resource-Objekt, das <see cref="T:System.Transactions.IEnlistmentNotification" /> um Benachrichtigungen zu erhalten.</param>
      <returns>Ein <see cref="T:System.Transactions.Enlistment" /> das die Eintragung beschreibt.</returns>
      <exception cref="T:System.ArgumentException">
        <paramref name="recoveryInformation" /> ist ungültig.- oder - Transaktions-Manager-Informationen in <paramref name="recoveryInformation" /> entspricht nicht den konfigurierten Transaktions-Manager.- oder - <paramref name="RecoveryInformation" /> wird von nicht erkannt <see cref="N:System.Transactions" />.</exception>
      <exception cref="T:System.InvalidOperationException">
        <see cref="M:System.Transactions.TransactionManager.RecoveryComplete(System.Guid)" /> wurde bereits aufgerufen wurde für den angegebenen <paramref name="resourceManagerIdentifier" />. Die Eintragung wird abgelehnt.</exception>
      <exception cref="T:System.Transactions.TransactionException">Die <paramref name="resourceManagerIdentifier" /> entspricht nicht den Inhalt der angegebenen Wiederherstellungsinformationen in <paramref name="recoveryInformation" />.</exception>
    </member>
    <member name="M:System.Transactions.TransactionManagerCommunicationException.#ctor">
      <summary>Initialisiert eine neue Instanz der <see cref="T:System.Transactions.TransactionManagerCommunicationException" />-Klasse.</summary>
    </member>
    <member name="M:System.Transactions.TransactionManagerCommunicationException.#ctor(System.Runtime.Serialization.SerializationInfo,System.Runtime.Serialization.StreamingContext)">
      <summary>Initialisiert eine neue Instanz der <see cref="T:System.Transactions.TransactionManagerCommunicationException" /> -Klasse mit den angegebenen Serialisierungsinformationen und streaming Kontextinformationen.</summary>
      <param name="info">Ein <see cref="T:System.Runtime.Serialization.SerializationInfo" /> -Objekt, das eine fehlgeschlagene Serialisierung beschreibt.</param>
      <param name="context">Ein <see cref="T:System.Runtime.Serialization.SerializationInfo" /> -Objekt, das Kontext einer fehlgeschlagenen Serialisierung beschreibt.</param>
    </member>
    <member name="M:System.Transactions.TransactionManagerCommunicationException.#ctor(System.String)">
      <summary>Initialisiert eine neue Instanz der <see cref="T:System.Transactions.TransactionManagerCommunicationException" />-Klasse mit der angegebenen Meldung.</summary>
      <param name="message">Ein <see cref="T:System.String" /> enthält eine Meldung, die Ursache der Ausnahme erklärt wird.</param>
    </member>
    <member name="M:System.Transactions.TransactionManagerCommunicationException.#ctor(System.String,System.Exception)">
      <summary>Initialisiert eine neue Instanz der <see cref="T:System.Transactions.TransactionManagerCommunicationException" />-Klasse mit der angegebenen Meldung und der angegebenen inneren Ausnahme.</summary>
      <param name="message">Ein <see cref="T:System.String" /> enthält eine Meldung, die Ursache der Ausnahme erklärt wird.</param>
      <param name="innerException">Ruft die Ausnahme ab, die die aktuelle Ausnahme verursacht. Weitere Informationen finden Sie in den Ausführungen zur <see cref="P:System.Exception.InnerException" />-Eigenschaft.</param>
    </member>
    <member name="M:System.Transactions.TransactionOptions.Equals(System.Object)">
      <summary>Bestimmt, ob diese <see cref="T:System.Transactions.TransactionOptions" /> -Instanz und das angegebene Objekt gleich sind.</summary>
      <param name="obj">Das Objekt, das mit dieser Instanz verglichen werden soll.</param>
      <returns>true Wenn <paramref name="obj" /> und <see cref="T:System.Transactions.TransactionOptions" /> übereinstimmen, andernfalls sind false.</returns>
    </member>
    <member name="M:System.Transactions.TransactionOptions.GetHashCode">
      <summary>Gibt den Hashcode für diese Instanz zurück.</summary>
      <returns>Ein 32-Bit-Hashcode als ganze Zahl mit Vorzeichen.</returns>
    </member>
    <member name="M:System.Transactions.TransactionOptions.op_Equality(System.Transactions.TransactionOptions,System.Transactions.TransactionOptions)">
      <summary>Testet, ob zwei angegebene <see cref="T:System.Transactions.TransactionOptions" /> -Instanzen äquivalent sind.</summary>
      <param name="x">Die <see cref="T:System.Transactions.TransactionOptions" /> -Instanz, die auf der linken Seite des Gleichheitsoperators.</param>
      <param name="y">Die <see cref="T:System.Transactions.TransactionOptions" /> -Instanz, die auf der rechten Seite des Gleichheitsoperators.</param>
      <returns>true, wenn <paramref name="x" /> und <paramref name="y" /> gleich sind, andernfalls false.</returns>
    </member>
    <member name="M:System.Transactions.TransactionOptions.op_Inequality(System.Transactions.TransactionOptions,System.Transactions.TransactionOptions)">
      <summary>Gibt einen Wert zurück, der angibt, ob zwei <see cref="T:System.Transactions.TransactionOptions" />-Instanzen ungleich sind.</summary>
      <param name="x">Die <see cref="T:System.Transactions.TransactionOptions" /> -Instanz, die auf der linken Seite des Gleichheitsoperators.</param>
      <param name="y">Die <see cref="T:System.Transactions.TransactionOptions" /> -Instanz, die auf der rechten Seite des Gleichheitsoperators.</param>
      <returns>true, wenn <paramref name="x" /> und <paramref name="y" /> ungleich sind, andernfalls false.</returns>
    </member>
    <member name="M:System.Transactions.TransactionPromotionException.#ctor">
      <summary>Initialisiert eine neue Instanz der <see cref="T:System.Transactions.TransactionPromotionException" />-Klasse.</summary>
    </member>
    <member name="M:System.Transactions.TransactionPromotionException.#ctor(System.Runtime.Serialization.SerializationInfo,System.Runtime.Serialization.StreamingContext)">
      <summary>Initialisiert eine neue Instanz der <see cref="T:System.Transactions.TransactionPromotionException" /> -Klasse mit den angegebenen Serialisierungsinformationen und streaming Kontextinformationen.</summary>
      <param name="info">Ein <see cref="T:System.Runtime.Serialization.SerializationInfo" /> -Objekt, das eine fehlgeschlagene Serialisierung beschreibt.</param>
      <param name="context">Ein <see cref="T:System.Runtime.Serialization.SerializationInfo" /> -Objekt, das Kontext einer fehlgeschlagenen Serialisierung beschreibt.</param>
    </member>
    <member name="M:System.Transactions.TransactionPromotionException.#ctor(System.String)">
      <summary>Initialisiert eine neue Instanz der <see cref="T:System.Transactions.TransactionPromotionException" />-Klasse mit der angegebenen Meldung.</summary>
      <param name="message">Ein <see cref="T:System.String" /> enthält eine Meldung, die Ursache der Ausnahme erklärt wird.</param>
    </member>
    <member name="M:System.Transactions.TransactionPromotionException.#ctor(System.String,System.Exception)">
      <summary>Initialisiert eine neue Instanz der <see cref="T:System.Transactions.TransactionPromotionException" />-Klasse mit der angegebenen Meldung und der angegebenen inneren Ausnahme.</summary>
      <param name="message">Ein <see cref="T:System.String" /> enthält eine Meldung, die Ursache der Ausnahme erklärt wird.</param>
      <param name="innerException">Ruft die Ausnahme ab, die die aktuelle Ausnahme verursacht. Weitere Informationen finden Sie in den Ausführungen zur <see cref="P:System.Exception.InnerException" />-Eigenschaft.</param>
    </member>
    <member name="M:System.Transactions.TransactionScope.#ctor">
      <summary>Initialisiert eine neue Instanz der <see cref="T:System.Transactions.TransactionScope" />-Klasse.</summary>
    </member>
    <member name="M:System.Transactions.TransactionScope.#ctor(System.Transactions.Transaction)">
      <summary>Initialisiert eine neue Instanz der <see cref="T:System.Transactions.TransactionScope" /> -Klasse und legt die angegebene Transaktion als die ambient-Transaktion fest, damit die transaktionalen Arbeiten im Bereich diese Transaktion verwendet.</summary>
      <param name="transactionToUse">Die Transaktion als die ambient-Transaktion festgelegt werden, damit die transaktionalen Arbeiten im Bereich diese Transaktion verwendet.</param>
    </member>
    <member name="M:System.Transactions.TransactionScope.#ctor(System.Transactions.Transaction,System.TimeSpan)">
      <summary>Initialisiert eine neue Instanz der <see cref="T:System.Transactions.TransactionScope" /> -Klasse mit dem angegebenen Timeoutwert, und die angegebene Transaktion als die ambient-Transaktion festgelegt, sodass transaktionalen Arbeiten im Bereich diese Transaktion verwendet.</summary>
      <param name="transactionToUse">Die Transaktion als die ambient-Transaktion festgelegt werden, damit die transaktionalen Arbeiten im Bereich diese Transaktion verwendet.</param>
      <param name="scopeTimeout">Die <see cref="T:System.TimeSpan" /> nach der Geltungsbereich der Transaktion und die Transaktion abgebrochen wird.</param>
    </member>
    <member name="M:System.Transactions.TransactionScope.#ctor(System.Transactions.Transaction,System.TimeSpan,System.Transactions.EnterpriseServicesInteropOption)">
      <summary>Initialisiert eine neue Instanz von der <see cref="T:System.Transactions.TransactionScope" /> -Klasse mit dem angegebenen Timeoutwert und die COM+-interoperabilitätsanforderungen, und die angegebene Transaktion als die ambient-Transaktion festgelegt, sodass transaktionalen Arbeiten im Bereich diese Transaktion verwendet.</summary>
      <param name="transactionToUse">Die Transaktion als die ambient-Transaktion festgelegt werden, damit die transaktionalen Arbeiten im Bereich diese Transaktion verwendet.</param>
      <param name="scopeTimeout">Die <see cref="T:System.TimeSpan" /> nach der Geltungsbereich der Transaktion und die Transaktion abgebrochen wird.</param>
      <param name="interopOption">Eine Instanz der <see cref="T:System.Transactions.EnterpriseServicesInteropOption" /> -Enumeration, die beschreibt, wie die zugeordnete Transaktion mit COM+-Transaktionen interagiert.</param>
    </member>
    <member name="M:System.Transactions.TransactionScope.#ctor(System.Transactions.Transaction,System.TimeSpan,System.Transactions.TransactionScopeAsyncFlowOption)">
      <summary>[Wird nur in .NET Framework 4.5.1 und neueren Versionen unterstützt] Initialisiert eine neue Instanz der <see cref="T:System.Transactions.TransactionScope" /> -Klasse mit dem angegebenen Timeoutwert, und die angegebene Transaktion als die ambient-Transaktion festgelegt, sodass transaktionalen Arbeiten im Bereich diese Transaktion verwendet.</summary>
      <param name="transactionToUse">Die Transaktion als die ambient-Transaktion festgelegt werden, damit die transaktionalen Arbeiten im Bereich diese Transaktion verwendet.</param>
      <param name="scopeTimeout">Die <see cref="T:System.TimeSpan" /> nach der Geltungsbereich der Transaktion und die Transaktion abgebrochen wird.</param>
      <param name="asyncFlowOption">Eine Instanz der <see cref="T:System.Transactions.TransactionScopeAsyncFlowOption" /> -Enumeration, der angibt, die Ambiente-Transaktion Geltungsbereich der Transaktion zugeordnet über Thread Fortsetzungen übergeben wird ob, wenn Aufgabe oder Async/await .NET Async-Programmierung Muster verwenden.</param>
    </member>
    <member name="M:System.Transactions.TransactionScope.#ctor(System.Transactions.Transaction,System.Transactions.TransactionScopeAsyncFlowOption)">
      <summary>[Wird nur in .NET Framework 4.5.1 und neueren Versionen unterstützt] Initialisiert eine neue Instanz der <see cref="T:System.Transactions.TransactionScope" /> -Klasse und legt die angegebene Transaktion als die ambient-Transaktion fest, damit die transaktionalen Arbeiten im Bereich diese Transaktion verwendet.</summary>
      <param name="transactionToUse">Die Transaktion als die ambient-Transaktion festgelegt werden, damit die transaktionalen Arbeiten im Bereich diese Transaktion verwendet.</param>
      <param name="asyncFlowOption">Eine Instanz der <see cref="T:System.Transactions.TransactionScopeAsyncFlowOption" /> -Enumeration, der angibt, die Ambiente-Transaktion Geltungsbereich der Transaktion zugeordnet über Thread Fortsetzungen übergeben wird ob, wenn Aufgabe oder Async/await .NET Async-Programmierung Muster verwenden.</param>
    </member>
    <member name="M:System.Transactions.TransactionScope.#ctor(System.Transactions.TransactionScopeAsyncFlowOption)">
      <summary>[Wird nur in .NET Framework 4.5.1 und neueren Versionen unterstützt] Initialisiert eine neue Instanz der <see cref="T:System.Transactions.TransactionScope" /> -Klasse mit der angegebenen asynchronen Flow-Option.</summary>
      <param name="asyncFlowOption">Eine Instanz der <see cref="T:System.Transactions.TransactionScopeAsyncFlowOption" /> -Enumeration, der angibt, die Ambiente-Transaktion Geltungsbereich der Transaktion zugeordnet über Thread Fortsetzungen übergeben wird ob, wenn Aufgabe oder Async/await .NET Async-Programmierung Muster verwenden.</param>
    </member>
    <member name="M:System.Transactions.TransactionScope.#ctor(System.Transactions.TransactionScopeOption)">
      <summary>Initialisiert eine neue Instanz der <see cref="T:System.Transactions.TransactionScope" /> -Klasse mit den angegebenen Anforderungen.</summary>
      <param name="scopeOption">Eine Instanz der <see cref="T:System.Transactions.TransactionScopeOption" /> -Enumeration, die Transaktion Gründen im Zusammenhang mit diesem Transaktionsbereich beschreibt.</param>
    </member>
    <member name="M:System.Transactions.TransactionScope.#ctor(System.Transactions.TransactionScopeOption,System.TimeSpan)">
      <summary>Initialisiert eine neue Instanz der <see cref="T:System.Transactions.TransactionScope" /> -Klasse mit dem angegebenen Timeoutwert und Anforderungen.</summary>
      <param name="scopeOption">Eine Instanz der <see cref="T:System.Transactions.TransactionScopeOption" /> -Enumeration, die Transaktion Gründen im Zusammenhang mit diesem Transaktionsbereich beschreibt.</param>
      <param name="scopeTimeout">Die <see cref="T:System.TimeSpan" /> nach der Geltungsbereich der Transaktion und die Transaktion abgebrochen wird.</param>
    </member>
    <member name="M:System.Transactions.TransactionScope.#ctor(System.Transactions.TransactionScopeOption,System.TimeSpan,System.Transactions.TransactionScopeAsyncFlowOption)">
      <summary>[Wird nur in .NET Framework 4.5.1 und neueren Versionen unterstützt] Initialisiert eine neue Instanz der <see cref="T:System.Transactions.TransactionScope" /> -Klasse mit dem angegebenen Timeoutwert, Anforderungen und asynchroner Fluss-Option.</summary>
      <param name="scopeOption">Eine Instanz der <see cref="T:System.Transactions.TransactionScopeOption" /> -Enumeration, die Transaktion Gründen im Zusammenhang mit diesem Transaktionsbereich beschreibt.</param>
      <param name="scopeTimeout">Die <see cref="T:System.TimeSpan" /> nach der Geltungsbereich der Transaktion und die Transaktion abgebrochen wird.</param>
      <param name="asyncFlowOption">Eine Instanz der <see cref="T:System.Transactions.TransactionScopeAsyncFlowOption" /> -Enumeration, der angibt, die Ambiente-Transaktion Geltungsbereich der Transaktion zugeordnet über Thread Fortsetzungen übergeben wird ob, wenn Aufgabe oder Async/await .NET Async-Programmierung Muster verwenden.</param>
    </member>
    <member name="M:System.Transactions.TransactionScope.#ctor(System.Transactions.TransactionScopeOption,System.Transactions.TransactionOptions)">
      <summary>Initialisiert eine neue Instanz der <see cref="T:System.Transactions.TransactionScope" /> -Klasse mit den angegebenen Anforderungen.</summary>
      <param name="scopeOption">Eine Instanz der <see cref="T:System.Transactions.TransactionScopeOption" /> -Enumeration, die Transaktion Gründen im Zusammenhang mit diesem Transaktionsbereich beschreibt.</param>
      <param name="transactionOptions">Ein <see cref="T:System.Transactions.TransactionOptions" /> -Struktur, die die Transaktionsoptionen beschreibt verwenden, wenn eine neue Transaktion erstellt wird. Wenn eine vorhandene Transaktion verwendet wird, gilt der Timeoutwert in diesem Parameter für den Transaktionsbereich. Wenn diese Zeit abläuft, bevor der Bereich freigegeben ist, wird die Transaktion abgebrochen.</param>
    </member>
    <member name="M:System.Transactions.TransactionScope.#ctor(System.Transactions.TransactionScopeOption,System.Transactions.TransactionOptions,System.Transactions.EnterpriseServicesInteropOption)">
      <summary>Initialisiert eine neue Instanz der <see cref="T:System.Transactions.TransactionScope" /> -Klasse mit dem angegebenen Bereich und die COM+-interoperabilitätsanforderungen und die Transaktionsoptionen.</summary>
      <param name="scopeOption">Eine Instanz der <see cref="T:System.Transactions.TransactionScopeOption" /> -Enumeration, die Transaktion Gründen im Zusammenhang mit diesem Transaktionsbereich beschreibt.</param>
      <param name="transactionOptions">Ein <see cref="T:System.Transactions.TransactionOptions" /> -Struktur, die die Transaktionsoptionen beschreibt verwenden, wenn eine neue Transaktion erstellt wird. Wenn eine vorhandene Transaktion verwendet wird, gilt der Timeoutwert in diesem Parameter für den Transaktionsbereich. Wenn diese Zeit abläuft, bevor der Bereich freigegeben ist, wird die Transaktion abgebrochen.</param>
      <param name="interopOption">Eine Instanz der <see cref="T:System.Transactions.EnterpriseServicesInteropOption" /> -Enumeration, die beschreibt, wie die zugeordnete Transaktion mit COM+-Transaktionen interagiert.</param>
    </member>
    <member name="M:System.Transactions.TransactionScope.#ctor(System.Transactions.TransactionScopeOption,System.Transactions.TransactionOptions,System.Transactions.TransactionScopeAsyncFlowOption)">
      <summary>[Wird nur in .NET Framework 4.5.1 und neueren Versionen unterstützt] Initialisiert eine neue Instanz der <see cref="T:System.Transactions.TransactionScope" /> -Klasse mit den angegebenen Anforderungen und asynchroner Fluss-Option.</summary>
      <param name="scopeOption">Eine Instanz der <see cref="T:System.Transactions.TransactionScopeOption" /> -Enumeration, die Transaktion Gründen im Zusammenhang mit diesem Transaktionsbereich beschreibt.</param>
      <param name="transactionOptions">Ein <see cref="T:System.Transactions.TransactionOptions" /> -Struktur, die die Transaktionsoptionen beschreibt verwenden, wenn eine neue Transaktion erstellt wird. Wenn eine vorhandene Transaktion verwendet wird, gilt der Timeoutwert in diesem Parameter für den Transaktionsbereich. Wenn diese Zeit abläuft, bevor der Bereich freigegeben ist, wird die Transaktion abgebrochen.</param>
      <param name="asyncFlowOption">Eine Instanz der <see cref="T:System.Transactions.TransactionScopeAsyncFlowOption" /> -Enumeration, der angibt, die Ambiente-Transaktion Geltungsbereich der Transaktion zugeordnet über Thread Fortsetzungen übergeben wird ob, wenn Aufgabe oder Async/await .NET Async-Programmierung Muster verwenden.</param>
    </member>
    <member name="M:System.Transactions.TransactionScope.#ctor(System.Transactions.TransactionScopeOption,System.Transactions.TransactionScopeAsyncFlowOption)">
      <summary>[Wird nur in .NET Framework 4.5.1 und neueren Versionen unterstützt] Initialisiert eine neue Instanz der <see cref="T:System.Transactions.TransactionScope" /> -Klasse mit den angegebenen Anforderungen und asynchroner Fluss-Option.</summary>
      <param name="scopeOption">Eine Instanz der <see cref="T:System.Transactions.TransactionScopeOption" /> -Enumeration, die Transaktion Gründen im Zusammenhang mit diesem Transaktionsbereich beschreibt.</param>
      <param name="asyncFlowOption">Eine Instanz der <see cref="T:System.Transactions.TransactionScopeAsyncFlowOption" /> -Enumeration, der angibt, die Ambiente-Transaktion Geltungsbereich der Transaktion zugeordnet über Thread Fortsetzungen übergeben wird ob, wenn Aufgabe oder Async/await .NET Async-Programmierung Muster verwenden.</param>
    </member>
    <member name="M:System.Transactions.TransactionScope.Complete">
      <summary>Gibt an, dass alle Vorgänge innerhalb des Bereichs erfolgreich abgeschlossen wurden.</summary>
      <exception cref="T:System.InvalidOperationException">Diese Methode wurde bereits einmal aufgerufen.</exception>
    </member>
    <member name="M:System.Transactions.TransactionScope.Dispose">
      <summary>Beendet den Transaktionsbereich.</summary>
    </member>
    <member name="P:System.Transactions.CommittableTransaction.System#IAsyncResult#AsyncState">
      <summary>Ruft das Objekt, das als letzten Parameters des der <see cref="M:System.Transactions.CommittableTransaction.BeginCommit(System.AsyncCallback,System.Object)" /> -Methodenaufruf.</summary>
      <returns>Das Objekt, das als letzten Parameters des der <see cref="M:System.Transactions.CommittableTransaction.BeginCommit(System.AsyncCallback,System.Object)" /> -Methodenaufruf.</returns>
    </member>
    <member name="P:System.Transactions.CommittableTransaction.System#IAsyncResult#AsyncWaitHandle">
      <summary>Ruft einen <see cref="T:System.Threading.WaitHandle" /> ab, der verwendet wird, um auf den Abschluss eines asynchronen Vorgangs zu warten.</summary>
      <returns>Ein <see cref="T:System.Threading.WaitHandle" />, der verwendet wird, um auf den Abschluss eines asynchronen Vorgangs zu warten.</returns>
    </member>
    <member name="P:System.Transactions.CommittableTransaction.System#IAsyncResult#CompletedSynchronously">
      <summary>Ruft eine Angabe darüber, ob der asynchrone Commitvorgang synchron abgeschlossen wurde.</summary>
      <returns>true Wenn der asynchrone Commitvorgang synchron abgeschlossen wurde; andernfalls false. Gibt diese Eigenschaft immer false auch wenn der Vorgang synchron abgeschlossen wurde.</returns>
    </member>
    <member name="P:System.Transactions.CommittableTransaction.System#IAsyncResult#IsCompleted">
      <summary>Ruft einen Wert ab, ob der asynchrone Commitvorgang abgeschlossen wurde.</summary>
      <returns>true, wenn der Vorgang abgeschlossen ist, andernfalls false.</returns>
    </member>
    <member name="P:System.Transactions.Configuration.DefaultSettingsSection.DistributedTransactionManagerName">
      <summary>Ruft den Namen des Transaktions-Managers ab.</summary>
      <returns>Der Name des Transaktions-Managers. Der Standardwert ist eine leere Zeichenfolge.</returns>
      <exception cref="T:System.NotSupportedException">Der Versuch, diese Eigenschaft auf den vollqualifizierten Domänennamen oder die IP-Adressen festgelegt.</exception>
      <exception cref="T:System.Transactions.TransactionAbortedException">Der Versuch, diese Eigenschaft auf Localhost festgelegt.</exception>
    </member>
    <member name="P:System.Transactions.Configuration.DefaultSettingsSection.Timeout">
      <summary>Ruft eine Standardzeit ab, nach deren Ablauf ein Timeout einer Transaktion auftritt, oder legt diese fest.</summary>
      <returns>Ein <see cref="T:System.TimeSpan" />-Objekt. Die Standardeigenschaft ist 00:01:00.</returns>
      <exception cref="T:System.ArgumentOutOfRangeException">Es wurde versucht, diese Eigenschaft auf negative Werte festzulegen.</exception>
    </member>
    <member name="P:System.Transactions.Configuration.MachineSettingsSection.MaxTimeout">
      <summary>Ruft die maximale Zeitspanne bis zum Timeout einer Transaktions zulässig.</summary>
      <returns>Ein <see cref="T:System.TimeSpan" /> -Objekt, das die maximale Dauer enthält. Der Standardwert ist 00:10:00.</returns>
      <exception cref="T:System.ArgumentOutOfRangeException">Es wurde versucht, diese Eigenschaft auf negative Werte festzulegen.</exception>
    </member>
    <member name="P:System.Transactions.Configuration.TransactionsSectionGroup.DefaultSettings">
      <summary>Ruft die Standardeinstellungen verwendet, um die Elemente und Attribute in einem Transaktionsabschnitt zu initialisieren.</summary>
      <returns>Ein <see cref="T:System.Transactions.Configuration.DefaultSettingsSection" /> der die Standardeinstellungen darstellt. Der Standardwert ist eine <see cref="T:System.Transactions.Configuration.DefaultSettingsSection" /> mit Standardwerten aufgefüllt.</returns>
    </member>
    <member name="P:System.Transactions.Configuration.TransactionsSectionGroup.MachineSettings">
      <summary>Ruft die Konfigurationseinstellungen auf der Computerebene festgelegt.</summary>
      <returns>Ein <see cref="T:System.Transactions.Configuration.MachineSettingsSection" /> der die Konfigurationsdateien auf Computerebene darstellt. Der Standardwert ist eine <see cref="T:System.Transactions.Configuration.MachineSettingsSection" /> mit Standardwerten aufgefüllt.</returns>
    </member>
    <member name="P:System.Transactions.DistributedTransactionPermissionAttribute.Unrestricted">
      <summary>Ruft ab oder legt einen Wert, der angibt, ob die vollständige (uneingeschränkte) Berechtigung für die durch das Attribut geschützte Ressource deklariert ist.</summary>
      <returns>true Wenn Sie uneingeschränkten Zugriff auf die geschützte Ressource deklariert ist. andernfalls false.</returns>
    </member>
    <member name="P:System.Transactions.Transaction.Current">
      <summary>Ruft ab oder legt die Ambiente-Transaktion.</summary>
      <returns>Ein <see cref="T:System.Transactions.Transaction" /> der die aktuelle Transaktion beschreibt.</returns>
    </member>
    <member name="P:System.Transactions.Transaction.IsolationLevel">
      <summary>Ruft die Isolationsstufe der Transaktion ab.</summary>
      <returns>Eines der <see cref="T:System.Transactions.IsolationLevel" /> Werte, der die Isolationsstufe der Transaktion angibt.</returns>
    </member>
    <member name="P:System.Transactions.Transaction.PromoterType">
      <summary>Bestimmt eindeutig das Format des von der "Promote"-Methode zurückgegebenen byte[]-Elements, wenn die Transaktion heraufgestuft wird.</summary>
      <returns>Eine GUID, die eindeutig das Format des von der "Promote"-Methode zurückgegebenen byte[]-Elements bestimmt, wenn die Transaktion heraufgestuft wird.</returns>
    </member>
    <member name="P:System.Transactions.Transaction.TransactionInformation">
      <summary>Ruft zusätzliche Informationen zu einer Transaktion ab.</summary>
      <returns>Ein <see cref="T:System.Transactions.TransactionInformation" /> die zusätzliche Informationen zur Transaktion enthält.</returns>
    </member>
    <member name="P:System.Transactions.TransactionEventArgs.Transaction">
      <summary>Ruft die Transaktion, für der Status bereitgestellt wird.</summary>
      <returns>Ein <see cref="T:System.Transactions.Transaction" /> für der Status bereitgestellt wird.</returns>
    </member>
    <member name="P:System.Transactions.TransactionInformation.CreationTime">
      <summary>Ruft die Erstellungszeit der Transaktion ab.</summary>
      <returns>Ein <see cref="T:System.DateTime" /> die die Erstellungszeit der Transaktion enthält.</returns>
    </member>
    <member name="P:System.Transactions.TransactionInformation.DistributedIdentifier">
      <summary>Ruft einen eindeutigen Bezeichner der eskalierten Transaktion ab.</summary>
      <returns>Ein <see cref="T:System.Guid" /> der den eindeutigen Bezeichner der eskalierten Transaktion enthält.</returns>
    </member>
    <member name="P:System.Transactions.TransactionInformation.LocalIdentifier">
      <summary>Ruft einen eindeutigen Bezeichner der Transaktion ab.</summary>
      <returns>Ein eindeutiger Bezeichner der Transaktion.</returns>
    </member>
    <member name="P:System.Transactions.TransactionInformation.Status">
      <summary>Ruft den Status der Transaktion ab.</summary>
      <returns>Ein <see cref="T:System.Transactions.TransactionStatus" /> der den Status der Transaktion enthält.</returns>
    </member>
    <member name="P:System.Transactions.TransactionManager.DefaultTimeout">
      <summary>Ruft das standardmäßige Timeoutintervall für neue Transaktionen ab.</summary>
      <returns>Ein <see cref="T:System.TimeSpan" /> -Wert, der das Timeoutintervall für neue Transaktionen angibt.</returns>
    </member>
    <member name="P:System.Transactions.TransactionManager.HostCurrentCallback">
      <summary>Ruft ab oder legt eine benutzerdefinierte Transaktionsfactory.</summary>
      <returns>Ein <see cref="T:System.Transactions.HostCurrentTransactionCallback" /> der eine benutzerdefinierte Transaktionsfactory enthält.</returns>
    </member>
    <member name="P:System.Transactions.TransactionManager.MaximumTimeout">
      <summary>Ruft das standardmäßige maximale Timeoutintervall für neue Transaktionen ab.</summary>
      <returns>Ein <see cref="T:System.TimeSpan" /> Wert, der das maximale Timeoutintervall angibt, die beim Erstellen neuer Transaktionen zulässig ist.</returns>
    </member>
    <member name="P:System.Transactions.TransactionOptions.IsolationLevel">
      <summary>Ruft ab oder legt die Isolationsstufe der Transaktion.</summary>
      <returns>Ein <see cref="T:System.Transactions.IsolationLevel" /> -Enumeration, die Isolationsstufe der Transaktion angibt.</returns>
    </member>
    <member name="P:System.Transactions.TransactionOptions.Timeout">
      <summary>Ruft ab oder legt das Zeitlimit für die Transaktion.</summary>
      <returns>Ein <see cref="T:System.TimeSpan" /> Wert, der das Zeitlimit für die Transaktion angibt.</returns>
    </member>
    <member name="T:System.Transactions.CommittableTransaction">
      <summary>Beschreibt eine Transaktion, für die ein Commit ausgeführt werden kann.</summary>
    </member>
    <member name="T:System.Transactions.Configuration.DefaultSettingsSection">
      <summary>Stellt einen XML-Abschnitt in einer Konfigurationsdatei dar, der Standardwerte einer Transaktion enthält. Diese Klasse kann nicht vererbt werden.</summary>
    </member>
    <member name="T:System.Transactions.Configuration.MachineSettingsSection">
      <summary>Stellt einen XML-Abschnitt in einer Konfigurationsdatei kapseln alle Einstellungen, die nur auf Computerebene geändert werden können. Diese Klasse kann nicht vererbt werden.</summary>
    </member>
    <member name="T:System.Transactions.Configuration.TransactionsSectionGroup">
      <summary>Stellt einen Konfigurationsabschnitt, der kapselt und ermöglicht Durchläufe aller Transaktion Configuration XML-Elemente und Attribute, die in diesen Konfigurationsabschnitt. Diese Klasse kann nicht vererbt werden.</summary>
    </member>
    <member name="T:System.Transactions.DependentCloneOption">
      <summary>Steuert, welche Art von abhängiger Transaktion erstellt.</summary>
    </member>
    <member name="F:System.Transactions.DependentCloneOption.BlockCommitUntilComplete">
      <summary>Die abhängige Transaktion blockiert den Commitprozess der Transaktion bis zum Timeout der übergeordneten Transaktions oder <see cref="M:System.Transactions.DependentTransaction.Complete" /> aufgerufen wird. In diesem Fall zusätzliche Arbeit für die Transaktion ausgeführt werden kann und neue Eintragungen erstellt werden können.</summary>
    </member>
    <member name="F:System.Transactions.DependentCloneOption.RollbackIfNotComplete">
      <summary>Die abhängige Transaktion bricht automatisch die Transaktion ab, wenn für die übergeordnete Transaktion vor dem Aufruf von Commit <see cref="M:System.Transactions.DependentTransaction.Complete" /> aufgerufen wird.</summary>
    </member>
    <member name="T:System.Transactions.DependentTransaction">
      <summary>Beschreibt einen Klon einer Transaktion und gewährleistet, die die Transaktion ein Commit ausgeführt werden kann, solange die Anwendung bezüglich der Transaktion zu bewegen. Diese Klasse kann nicht vererbt werden.</summary>
    </member>
    <member name="T:System.Transactions.DistributedTransactionPermission">
      <summary>Die Berechtigung, die von gefordert wird <see cref="N:System.Transactions" /> bei der Verwaltung einer Transaktion an MSDTC eskaliert wird. Diese Klasse kann nicht vererbt werden.</summary>
    </member>
    <member name="T:System.Transactions.DistributedTransactionPermissionAttribute">
      <summary>Ermöglicht die Sicherheitsaktionen für <see cref="T:System.Transactions.DistributedTransactionPermission" /> mithilfe der deklarativen Sicherheit auf Code angewendet werden. Diese Klasse kann nicht vererbt werden.</summary>
    </member>
    <member name="T:System.Transactions.Enlistment">
      <summary>Erleichtert die Kommunikation zwischen einem eingetragenen Transaktionsteilnehmer und dem Transaktions-Manager während der letzten Phase der Transaktion.</summary>
    </member>
    <member name="T:System.Transactions.EnlistmentOptions">
      <summary>Bestimmt, ob das Objekt während der Vorbereitungsphase eingetragen werden soll.</summary>
    </member>
    <member name="F:System.Transactions.EnlistmentOptions.None">
      <summary>Das Objekt ist keine Eintragung in der Anfangsphase des Commitprozesses erforderlich.</summary>
    </member>
    <member name="F:System.Transactions.EnlistmentOptions.EnlistDuringPrepareRequired">
      <summary>Das Objekt muss während der Anfangsphase des Commitprozesses eingetragen werden.</summary>
    </member>
    <member name="T:System.Transactions.EnterpriseServicesInteropOption">
      <summary>Gibt an, wie verteilte Transaktionen mit COM+-Transaktionen interagieren.</summary>
    </member>
    <member name="F:System.Transactions.EnterpriseServicesInteropOption.None">
      <summary>Es besteht keine Synchronisierung zwischen <see cref="P:System.EnterpriseServices.ContextUtil.Transaction" /> und <see cref="P:System.Transactions.Transaction.Current" />.</summary>
    </member>
    <member name="F:System.Transactions.EnterpriseServicesInteropOption.Automatic">
      <summary>Suchen Sie nach einem vorhandenen COM+-Kontext und mit ihm zu synchronisieren Sie, falls vorhanden.</summary>
    </member>
    <member name="F:System.Transactions.EnterpriseServicesInteropOption.Full">
      <summary>Die <see cref="N:System.EnterpriseServices" /> Kontext (die durch Aufrufen der statischen Methode abgerufen werden kann <see cref="P:System.EnterpriseServices.ContextUtil.Transaction" /> von der <see cref="T:System.EnterpriseServices.ContextUtil" /> Klasse) und die <see cref="N:System.Transactions" /> ambient-Transaktion (die durch Aufrufen der statischen Methode abgerufen werden kann <see cref="P:System.Transactions.Transaction.Current" /> von der <see cref="T:System.Transactions.Transaction" /> Klasse) werden immer synchronisiert. Dadurch wird die Leistung beeinträchtigt, da neue <see cref="N:System.EnterpriseServices" /> Kontexte erstellt werden müssen.</summary>
    </member>
    <member name="T:System.Transactions.HostCurrentTransactionCallback">
      <summary>Bietet einen Mechanismus für die Hostingumgebung, geben Sie einen eigenen Standard-Konzept von <see cref="P:System.Transactions.Transaction.Current" />.</summary>
      <returns>Ein <see cref="T:System.Transactions.Transaction" />-Objekt.</returns>
    </member>
    <member name="T:System.Transactions.IDtcTransaction">
      <summary>Beschreibt eine DTC-Transaktion.</summary>
    </member>
    <member name="T:System.Transactions.IEnlistmentNotification">
      <summary>Beschreibt eine Schnittstelle, die ein Ressourcen-Manager implementieren muss, um zwei Phase Commit für den Transaktions-Manager beim Eintragen für die Teilnahme bereitzustellen.</summary>
    </member>
    <member name="T:System.Transactions.IPromotableSinglePhaseNotification">
      <summary>Beschreibt ein Objekt, das als Commit-Delegat für eine nicht verteilte Transaktion in einen Ressourcen-Manager fungiert.</summary>
    </member>
    <member name="T:System.Transactions.ISimpleTransactionSuperior">
      <summary>Steht für eine Transaktion, die Stammtransaktion ist, aber die Verwaltung durch MSDTC eskaliert werden kann.</summary>
    </member>
    <member name="T:System.Transactions.ISinglePhaseNotification">
      <summary>Beschreibt ein Ressourcenobjekt, die Einphasencommit-Optimierung für die Einbeziehung in einer Transaktion unterstützt.</summary>
    </member>
    <member name="T:System.Transactions.IsolationLevel">
      <summary>Gibt die Isolationsstufe einer Transaktion an.</summary>
    </member>
    <member name="F:System.Transactions.IsolationLevel.Serializable">
      <summary>Flüchtige Daten können gelesen, aber nicht geändert und keine neuen Daten können während der Transaktions hinzugefügt werden.</summary>
    </member>
    <member name="F:System.Transactions.IsolationLevel.RepeatableRead">
      <summary>Flüchtige Daten lesen, aber nicht während der Transaktion geändert werden können. Neue Daten können während der Transaktion hinzugefügt werden.</summary>
    </member>
    <member name="F:System.Transactions.IsolationLevel.ReadCommitted">
      <summary>Flüchtige Daten können nicht gelesen werden, während der Transaktion jedoch geändert werden können.</summary>
    </member>
    <member name="F:System.Transactions.IsolationLevel.ReadUncommitted">
      <summary>Flüchtige Daten können gelesen und geändert werden, während der Transaktion.</summary>
    </member>
    <member name="F:System.Transactions.IsolationLevel.Snapshot">
      <summary>Flüchtige Daten können gelesen werden. Bevor eine Transaktion Daten ändert, wird überprüft, ob eine andere Transaktion Daten geändert hat, nachdem er ursprünglich gelesen wurde. Wenn die Daten aktualisiert wurde, wird ein Fehler ausgelöst. Dies kann eine Transaktion auf den zuvor übernommenen Wert der Daten zu erhalten.</summary>
    </member>
    <member name="F:System.Transactions.IsolationLevel.Chaos">
      <summary>Die ausstehenden Änderungen von stärker isolierten Transaktionen können nicht überschrieben werden.</summary>
    </member>
    <member name="F:System.Transactions.IsolationLevel.Unspecified">
      <summary>Eine andere Isolationsstufe als angegeben verwendet wird, aber die Ebene kann nicht bestimmt werden. Eine Ausnahme wird ausgelöst, wenn dieser Wert festgelegt ist.</summary>
    </member>
    <member name="T:System.Transactions.ITransactionPromoter">
      <summary>Beschreibt eine delegierte Transaktion für eine vorhandene Transaktion, die Verwaltung durch bei Bedarf an MSDTC eskaliert werden kann.</summary>
    </member>
    <member name="T:System.Transactions.PreparingEnlistment">
      <summary>Erleichtert die Kommunikation zwischen einem eingetragenen Transaktionsteilnehmer und dem Transaktions-Manager während der Vorbereitungsphase der Transaktion.</summary>
    </member>
    <member name="T:System.Transactions.SinglePhaseEnlistment">
      <summary>Stellt einen Satz von Rückrufen, die Vereinfachung der Kommunikation zwischen einem Teilnehmer für Single Phase Commit and der Transaktions-Manager eingetragen bei der <see cref="M:System.Transactions.ISinglePhaseNotification.SinglePhaseCommit(System.Transactions.SinglePhaseEnlistment)" /> Benachrichtigung empfangen wird.</summary>
    </member>
    <member name="T:System.Transactions.SubordinateTransaction">
      <summary>Stellt eine nicht-Stamm-Transaktion, die delegiert werden kann. Diese Klasse kann nicht vererbt werden.</summary>
    </member>
    <member name="T:System.Transactions.Transaction">
      <summary>Stellt eine Transaktion dar.</summary>
    </member>
    <member name="T:System.Transactions.TransactionAbortedException">
      <summary>Die Ausnahme, die ausgelöst wird, wenn ein Vorgang für eine Transaktion, die bereits ein Rollback ausgeführt wurde, oder es versucht wird, einen commit der Transaktion und die abgebrochen wird.</summary>
    </member>
    <member name="T:System.Transactions.TransactionCompletedEventHandler">
      <summary>Stellt die Methode zur Behandlung der <see cref="E:System.Transactions.Transaction.TransactionCompleted" /> -Ereignis einer <see cref="T:System.Transactions.Transaction" /> Klasse.</summary>
      <param name="sender">Die Quelle des Ereignisses.</param>
      <param name="e">Das <see cref="T:System.Transactions.TransactionEventArgs" />, das die Ereignisdaten enthält.</param>
    </member>
    <member name="T:System.Transactions.TransactionEventArgs">
      <summary>Stellt Daten für die folgenden Transaktionsereignisse bereit: <see cref="E:System.Transactions.TransactionManager.DistributedTransactionStarted" />, <see cref="E:System.Transactions.Transaction.TransactionCompleted" />.</summary>
    </member>
    <member name="T:System.Transactions.TransactionException">
      <summary>Die Ausnahme, die ausgelöst wird, wenn Sie versuchen, Sie arbeiten für eine Transaktion, die neuen Arbeit akzeptieren kann.</summary>
    </member>
    <member name="T:System.Transactions.TransactionInDoubtException">
      <summary>Die Ausnahme, die ausgelöst wird, wenn ein Vorgang für eine Transaktion, die zweifelhaft ist, oder versucht wird, einen commit der Transaktion und die den Status InDoubt.</summary>
    </member>
    <member name="T:System.Transactions.TransactionInformation">
      <summary>Enthält zusätzliche Informationen zu einer Transaktion.</summary>
    </member>
    <member name="T:System.Transactions.TransactionInterop">
      <summary>Erleichtert die Interaktion zwischen <see cref="N:System.Transactions" /> und Komponenten, die geschrieben wurden, um mit MSDTC, COM+ oder <see cref="N:System.EnterpriseServices" /> zu interagieren. Diese Klasse kann nicht vererbt werden.</summary>
    </member>
    <member name="T:System.Transactions.TransactionManager">
      <summary>Enthält Methoden zum Verwalten von Transaktionen verwendet. Diese Klasse kann nicht vererbt werden.</summary>
    </member>
    <member name="T:System.Transactions.TransactionManagerCommunicationException">
      <summary>Diese Ausnahme wird ausgelöst, wenn die Kommunikation zwischen Ressourcen-Manager und Transaktions-Manager nicht möglich ist.</summary>
    </member>
    <member name="T:System.Transactions.TransactionOptions">
      <summary>Enthält zusätzliche Informationen, die Transaktion angibt.</summary>
    </member>
    <member name="T:System.Transactions.TransactionPromotionException">
      <summary>Die Ausnahme, die ausgelöst wird, wenn eine Höherstufung fehlschlägt.</summary>
    </member>
    <member name="T:System.Transactions.TransactionScope">
      <summary>Bewirkt, dass einen Codeblock transaktional. Diese Klasse kann nicht vererbt werden.</summary>
    </member>
    <member name="T:System.Transactions.TransactionScopeAsyncFlowOption">
      <summary>[Wird nur in .NET Framework 4.5.1 und neueren Versionen unterstützt] Gibt an, ob für über Threads Fortsetzungen Transaktionsfluss aktiviert ist <see cref="T:System.Transactions.TransactionScope" />.</summary>
    </member>
    <member name="F:System.Transactions.TransactionScopeAsyncFlowOption.Suppress">
      <summary>Gibt an, dass es sich bei Transaktionsfluss über Thread Fortsetzungen unterdrückt wird.</summary>
    </member>
    <member name="F:System.Transactions.TransactionScopeAsyncFlowOption.Enabled">
      <summary>Gibt an, dass über Thread Fortsetzungen Transaktionsfluss aktiviert ist.</summary>
    </member>
    <member name="T:System.Transactions.TransactionScopeOption">
      <summary>Stellt zusätzliche Optionen für das Erstellen eines Transaktionsbereichs bereit.</summary>
    </member>
    <member name="F:System.Transactions.TransactionScopeOption.Required">
      <summary>Der Bereich ist eine Transaktion erforderlich. Er verwendet eine Ambiente-Transaktion, wenn bereits einer vorhanden ist. Andernfalls erstellt es eine neue Transaktion, bevor Sie den Bereich eingeben. Dies ist der Standardwert.</summary>
    </member>
    <member name="F:System.Transactions.TransactionScopeOption.RequiresNew">
      <summary>Eine neue Transaktion wird immer für den Bereich erstellt.</summary>
    </member>
    <member name="F:System.Transactions.TransactionScopeOption.Suppress">
      <summary>Die ambient-Transaktionskontext wird unterdrückt, wenn der Bereich erstellt. Alle Vorgänge innerhalb des Bereichs werden ohne einen ambient-Transaktionskontext ausgeführt.</summary>
    </member>
    <member name="T:System.Transactions.TransactionStartedEventHandler">
      <summary>Stellt die Methode für die Behandlung der <see cref="E:System.Transactions.TransactionManager.DistributedTransactionStarted" /> -Ereignis einer <see cref="T:System.Transactions.TransactionManager" /> Klasse.</summary>
      <param name="sender">Die Quelle des Ereignisses.</param>
      <param name="e">Die <see cref="T:System.Transactions.TransactionEventArgs" /> enthält die Transaktion von der Transaktionsinformationen abgerufen werden können.</param>
    </member>
    <member name="T:System.Transactions.TransactionStatus">
      <summary>Beschreibt den aktuellen Status einer verteilten Transaktion.</summary>
    </member>
    <member name="F:System.Transactions.TransactionStatus.Active">
      <summary>Der Status der Transaktion ist unbekannt, da noch einige Teilnehmer befragt werden müssen.</summary>
    </member>
    <member name="F:System.Transactions.TransactionStatus.Committed">
      <summary>Die Transaktion wurde ein Commit ausgeführt.</summary>
    </member>
    <member name="F:System.Transactions.TransactionStatus.Aborted">
      <summary>Die Transaktion wurde ein Rollback ausgeführt.</summary>
    </member>
    <member name="F:System.Transactions.TransactionStatus.InDoubt">
      <summary>Der Status der Transaktion ist unbekannt.</summary>
    </member>
  </members>
</doc>