﻿<?xml version="1.0" encoding="utf-8"?>
<doc>
  <assembly>
    <name>System.Web.Entity.Design</name>
  </assembly>
  <members>
    <member name="M:System.Web.UI.Design.WebControls.EntityDataSourceDesigner.#ctor">
      <summary>Erstellt eine neue Instanz der <see cref="T:System.Web.UI.Design.WebControls.EntityDataSourceDesigner" />.</summary>
    </member>
    <member name="M:System.Web.UI.Design.WebControls.EntityDataSourceDesigner.Configure">
      <summary>Startet im Entwurfshost das Dienstprogramm zur Datenquellenkonfiguration.</summary>
    </member>
    <member name="M:System.Web.UI.Design.WebControls.EntityDataSourceDesigner.GetView(System.String)">
      <summary>Gibt eine Datenquellenansicht mit dem angegebenen Namen zurück.</summary>
      <param name="viewName">Der Name der zurückzugebenden Ansicht.</param>
      <returns>Ein <see cref="T:System.Web.UI.WebControls.Design.EntityDesignerDataSourceView" /> -Objekt mit dem angegebenen Namen <paramref name="viewName" />.</returns>
    </member>
    <member name="M:System.Web.UI.Design.WebControls.EntityDataSourceDesigner.GetViewNames">
      <summary>Ruft eine Liste der verfügbaren Ansichten ab.</summary>
      <returns>Eine Auflistung mit einem Element mit dem Namen "DefaultView".</returns>
    </member>
    <member name="M:System.Web.UI.Design.WebControls.EntityDataSourceDesigner.Initialize(System.ComponentModel.IComponent)">
      <summary>Initialisiert den Steuerelementdesigner und lädt die angegebene Komponente.</summary>
      <param name="component">Ein <see cref="T:System.ComponentModel.IComponent" /> Objekt initialisiert werden.</param>
    </member>
    <member name="M:System.Web.UI.Design.WebControls.EntityDataSourceDesigner.PreFilterProperties(System.Collections.IDictionary)">
      <summary>Vom Designer verwendet zum Hinzufügen oder Entfernen von Eigenschaften im Eigenschaftenraster oder Shadowing von Eigenschaften des zugeordneten Steuerelements.</summary>
      <param name="properties">Die zu filternden Eigenschaften.</param>
    </member>
    <member name="M:System.Web.UI.Design.WebControls.EntityDataSourceDesigner.RefreshSchema(System.Boolean)">
      <summary>Aktualisiert das Schema aus der zugrunde liegenden Datenquelle.</summary>
      <param name="preferSilent">true alle Datenquellenereignisse unterdrückt, bis das Schema wird aktualisiert.</param>
    </member>
    <member name="M:System.Web.UI.Design.WebControls.EntityDesignerDataSourceView.#ctor(System.Web.UI.Design.WebControls.EntityDataSourceDesigner)">
      <summary>Erstellt eine neue Instanz der <see cref="T:System.Web.UI.WebControls.Design.EntityDesignerDataSourceView" /> mit den bereitgestellten Daten-Designer.</summary>
      <param name="owner">Das übergeordnete Element <see cref="T:System.Web.UI.Design.WebControls.EntityDataSourceDesigner" /> Objekt.</param>
    </member>
    <member name="M:System.Web.UI.Design.WebControls.EntityDesignerDataSourceView.GetDesignTimeData(System.Int32,System.Boolean@)">
      <summary>Ruft die Entwurfszeitdaten, die dem Schema des zugeordneten Datenquellen-Steuerelements entsprechen, mit die angegebene Anzahl von Zeilen ab.</summary>
      <param name="minimumRows">Die minimale Anzahl der zurückzugebenden Zeilen.</param>
      <param name="isSampleData">true, um anzugeben, dass die zurückgegebenen Daten Beispieldaten sind, false, um anzugeben, dass es sich bei den zurückgegebenen Daten um Livedaten handelt.</param>
      <returns>Die Daten, die zur Entwurfszeit anzuzeigen.</returns>
    </member>
    <member name="P:System.Web.UI.Design.WebControls.EntityDataSourceDesigner.CanConfigure">
      <summary>Ruft einen Wert, der angibt, ob die <see cref="M:System.Web.UI.Design.WebControls.EntityDataSourceDesigner.Configure" /> -Methode vom Entwurfshost aufgerufen werden kann.</summary>
      <returns>true Wenn die <see cref="M:System.Web.UI.Design.WebControls.EntityDataSourceDesigner.Configure" /> Methode kann aufgerufen werden, andernfalls, false.</returns>
    </member>
    <member name="P:System.Web.UI.Design.WebControls.EntityDataSourceDesigner.CanRefreshSchema">
      <summary>Ruft einen Wert, der angibt, ob die <see cref="M:System.Web.UI.Design.WebControls.EntityDataSourceDesigner.RefreshSchema(System.Boolean)" /> -Methode vom Entwurfshost aufgerufen werden kann.</summary>
      <returns>true Wenn die <see cref="M:System.Web.UI.Design.WebControls.EntityDataSourceDesigner.RefreshSchema(System.Boolean)" /> Methode kann aufgerufen werden, andernfalls, false.</returns>
    </member>
    <member name="P:System.Web.UI.Design.WebControls.EntityDataSourceDesigner.CommandText">
      <summary>Ruft die <see cref="P:System.Web.UI.WebControls.EntityDataSource.CommandText" />-Eigenschaft des <see cref="T:System.Web.UI.WebControls.EntityDataSource" />-Steuerelements ab oder legt diese fest.</summary>
      <returns>Der Wert der <see cref="P:System.Web.UI.WebControls.EntityDataSource.CommandText" />-Eigenschaft.</returns>
    </member>
    <member name="P:System.Web.UI.Design.WebControls.EntityDataSourceDesigner.ConnectionString">
      <summary>Ruft die <see cref="P:System.Web.UI.WebControls.EntityDataSource.ConnectionString" />-Eigenschaft des <see cref="T:System.Web.UI.WebControls.EntityDataSource" />-Steuerelements ab oder legt diese fest.</summary>
      <returns>Der Wert der <see cref="P:System.Web.UI.WebControls.EntityDataSource.ConnectionString" />-Eigenschaft.</returns>
    </member>
    <member name="P:System.Web.UI.Design.WebControls.EntityDataSourceDesigner.DefaultContainerName">
      <summary>Ruft die <see cref="P:System.Web.UI.WebControls.EntityDataSource.DefaultContainerName" />-Eigenschaft des <see cref="T:System.Web.UI.WebControls.EntityDataSource" />-Steuerelements ab oder legt diese fest.</summary>
      <returns>Der Wert der <see cref="P:System.Web.UI.WebControls.EntityDataSource.DefaultContainerName" />-Eigenschaft.</returns>
    </member>
    <member name="P:System.Web.UI.Design.WebControls.EntityDataSourceDesigner.EntitySetName">
      <summary>Ruft die <see cref="P:System.Web.UI.WebControls.EntityDataSource.EntitySetName" />-Eigenschaft des <see cref="T:System.Web.UI.WebControls.EntityDataSource" />-Steuerelements ab oder legt diese fest.</summary>
      <returns>Der Wert der <see cref="P:System.Web.UI.WebControls.EntityDataSource.EntitySetName" />-Eigenschaft.</returns>
    </member>
    <member name="P:System.Web.UI.Design.WebControls.EntityDataSourceDesigner.EntityTypeFilter">
      <summary>Ruft die <see cref="P:System.Web.UI.WebControls.EntityDataSource.EntityTypeFilter" />-Eigenschaft des <see cref="T:System.Web.UI.WebControls.EntityDataSource" />-Steuerelements ab oder legt diese fest.</summary>
      <returns>Der Wert der <see cref="P:System.Web.UI.WebControls.EntityDataSource.EntityTypeFilter" />-Eigenschaft.</returns>
    </member>
    <member name="P:System.Web.UI.Design.WebControls.EntityDataSourceDesigner.OrderBy">
      <summary>Ruft die <see cref="P:System.Web.UI.WebControls.EntityDataSource.OrderBy" />-Eigenschaft des <see cref="T:System.Web.UI.WebControls.EntityDataSource" />-Steuerelements ab oder legt diese fest.</summary>
      <returns>Der Wert der <see cref="P:System.Web.UI.WebControls.EntityDataSource.OrderBy" />-Eigenschaft.</returns>
    </member>
    <member name="P:System.Web.UI.Design.WebControls.EntityDataSourceDesigner.Select">
      <summary>Ruft die <see cref="P:System.Web.UI.WebControls.EntityDataSource.Select" />-Eigenschaft des <see cref="T:System.Web.UI.WebControls.EntityDataSource" />-Steuerelements ab oder legt diese fest.</summary>
      <returns>Der Wert der <see cref="P:System.Web.UI.WebControls.EntityDataSource.Select" />-Eigenschaft.</returns>
    </member>
    <member name="P:System.Web.UI.Design.WebControls.EntityDataSourceDesigner.Where">
      <summary>Ruft die <see cref="P:System.Web.UI.WebControls.EntityDataSource.Where" />-Eigenschaft des <see cref="T:System.Web.UI.WebControls.EntityDataSource" />-Steuerelements ab oder legt diese fest.</summary>
      <returns>Der Wert der <see cref="P:System.Web.UI.WebControls.EntityDataSource.Where" />-Eigenschaft.</returns>
    </member>
    <member name="P:System.Web.UI.Design.WebControls.EntityDesignerDataSourceView.CanDelete">
      <summary>Ruft einen Wert, der angibt, ob die <see cref="T:System.Web.UI.WebControls.EntityDataSourceView" /> -Objekt, das die aktuelle zugeordnet ist <see cref="T:System.Web.UI.WebControls.EntityDataSource" /> Steuerelement Löschvorgänge unterstützt.</summary>
      <returns>true Wenn Löschvorgänge unterstützt werden. andernfalls false.</returns>
    </member>
    <member name="P:System.Web.UI.Design.WebControls.EntityDesignerDataSourceView.CanInsert">
      <summary>Ruft einen Wert, der angibt, ob die <see cref="T:System.Web.UI.WebControls.EntityDataSourceView" /> -Objekt, das die aktuelle zugeordnet ist <see cref="T:System.Web.UI.WebControls.EntityDataSource" /> Steuerelement Einfügevorgänge unterstützt.</summary>
      <returns>true Wenn Einfügevorgänge unterstützt werden. andernfalls false.</returns>
    </member>
    <member name="P:System.Web.UI.Design.WebControls.EntityDesignerDataSourceView.CanPage">
      <summary>Ruft einen Wert, der angibt, ob die <see cref="T:System.Web.UI.WebControls.EntityDataSourceView" /> -Objekt, das die aktuelle zugeordnet ist <see cref="T:System.Web.UI.WebControls.EntityDataSource" /> -Steuerelement unterstützt das Paging durch die von einer Abfrage zurückgegebenen Daten.</summary>
      <returns>true Wenn Paging unterstützt wird. andernfalls false.</returns>
    </member>
    <member name="P:System.Web.UI.Design.WebControls.EntityDesignerDataSourceView.CanSort">
      <summary>Ruft einen Wert, der angibt, ob die <see cref="T:System.Web.UI.WebControls.EntityDataSourceView" /> -Objekt, das die aktuelle zugeordnet ist <see cref="T:System.Web.UI.WebControls.EntityDataSource" /> Steuerelement eine sortierte Ansicht der zugrunde liegenden Datenquelle unterstützt.</summary>
      <returns>true Wenn die Sortierung unterstützt wird. andernfalls false.</returns>
    </member>
    <member name="P:System.Web.UI.Design.WebControls.EntityDesignerDataSourceView.CanUpdate">
      <summary>Ruft einen Wert, der angibt, ob die <see cref="T:System.Web.UI.WebControls.EntityDataSourceView" /> -Objekt, das die aktuelle zugeordnet ist <see cref="T:System.Web.UI.WebControls.EntityDataSource" /> Updates unterstützt.</summary>
      <returns>true Wenn Updates unterstützt werden. andernfalls false.</returns>
    </member>
    <member name="P:System.Web.UI.Design.WebControls.EntityDesignerDataSourceView.Schema">
      <summary>Ruft das Schema die Datenquellensicht beschreibt, die durch das aktuelle Objekt dargestellt wird.</summary>
      <returns>Ein Objekt, das das Schema darstellt.</returns>
    </member>
    <member name="T:System.Web.UI.Design.WebControls.EntityDataSourceDesigner">
      <summary>Stellt Entwurfszeitunterstützung in einem visuellen Designer für das <see cref="T:System.Web.UI.WebControls.EntityDataSource" />-Steuerelement bereit.</summary>
    </member>
    <member name="T:System.Web.UI.Design.WebControls.EntityDesignerDataSourceView">
      <summary>Stellt eine Entwurfszeitansicht von Daten für die <see cref="T:System.Web.UI.Design.WebControls.EntityDataSourceDesigner" /> Klasse.</summary>
    </member>
  </members>
</doc>