﻿<?xml version="1.0" encoding="utf-8"?>
<doc>
  <assembly>
    <name>System.Deployment</name>
  </assembly>
  <members>
    <member name="E:System.Deployment.Application.ApplicationDeployment.CheckForUpdateCompleted">
      <summary>Tritt auf, wenn <see cref="M:System.Deployment.Application.ApplicationDeployment.CheckForUpdateAsync" /> abgeschlossen wurde.</summary>
    </member>
    <member name="E:System.Deployment.Application.ApplicationDeployment.CheckForUpdateProgressChanged">
      <summary>Tritt auf, wenn eine auf einem <see cref="M:System.Deployment.Application.ApplicationDeployment.CheckForUpdateAsync" /> aufrufen.</summary>
    </member>
    <member name="E:System.Deployment.Application.ApplicationDeployment.DownloadFileGroupCompleted">
      <summary>Tritt auf, auf den Hauptanwendungsthread, wenn ein Download der Datei abgeschlossen ist.</summary>
    </member>
    <member name="E:System.Deployment.Application.ApplicationDeployment.DownloadFileGroupProgressChanged">
      <summary>Tritt auf, wenn Statusinformationen über ein Datei-Download-Vorgang initiiert hat, durch einen Aufruf von <see cref="Overload:System.Deployment.Application.ApplicationDeployment.DownloadFileGroupAsync" />.</summary>
    </member>
    <member name="E:System.Deployment.Application.ApplicationDeployment.UpdateCompleted">
      <summary>Tritt auf, wenn ClickOnce hat die Aktualisierung der Anwendung als Ergebnis eines Aufrufs von <see cref="M:System.Deployment.Application.ApplicationDeployment.UpdateAsync" />.</summary>
    </member>
    <member name="E:System.Deployment.Application.ApplicationDeployment.UpdateProgressChanged">
      <summary>Tritt auf, wenn ClickOnce neue Statusinformationen für einen Aktualisierungsvorgang initiiert durch Aufrufen der <see cref="M:System.Deployment.Application.ApplicationDeployment.UpdateAsync" /> Methode.</summary>
    </member>
    <member name="E:System.Deployment.Application.InPlaceHostingManager.DownloadApplicationCompleted">
      <summary>Tritt auf, wenn die Anwendung auf dem lokalen Computer heruntergeladen wurde.</summary>
    </member>
    <member name="E:System.Deployment.Application.InPlaceHostingManager.DownloadProgressChanged">
      <summary>Tritt bei eine Änderung des Status eines Downloads einer Anwendung oder eines Manifests.</summary>
    </member>
    <member name="E:System.Deployment.Application.InPlaceHostingManager.GetManifestCompleted">
      <summary>Tritt auf, wenn das Bereitstellungsmanifest auf den lokalen Computer heruntergeladen wurde.</summary>
    </member>
    <member name="M:System.Deployment.Application.ApplicationDeployment.CheckForDetailedUpdate">
      <summary>Führt den gleichen Vorgang wie <see cref="M:System.Deployment.Application.ApplicationDeployment.CheckForUpdate" />, aber gibt erweiterte Informationen zu den verfügbaren Updates.</summary>
      <returns>Ein <see cref="T:System.Deployment.Application.UpdateCheckInfo" /> für das verfügbare Update.</returns>
      <exception cref="T:System.InvalidOperationException">Die aktuelle Anwendung ist entweder nicht zur Unterstützung von Updates konfiguriert, oder es wird bereits eine andere ausgeführt.</exception>
      <exception cref="T:System.Deployment.Application.DeploymentDownloadException">Das Bereitstellungsmanifest kann nicht heruntergeladen werden. Diese Ausnahme wird angezeigt, der <see cref="P:System.ComponentModel.AsyncCompletedEventArgs.Error" /> Eigenschaft der <see cref="E:System.Deployment.Application.ApplicationDeployment.CheckForUpdateCompleted" /> Ereignis.</exception>
      <exception cref="T:System.Deployment.Application.InvalidDeploymentException">Das Bereitstellungsmanifest ist beschädigt. Generieren Sie Manifest der Anwendung neu, bevor Sie versuchen, diese Anwendung für Benutzer bereitstellen. Diese Ausnahme wird angezeigt, der <see cref="P:System.ComponentModel.AsyncCompletedEventArgs.Error" /> Eigenschaft der <see cref="E:System.Deployment.Application.ApplicationDeployment.CheckForUpdateCompleted" /> Ereignis.</exception>
    </member>
    <member name="M:System.Deployment.Application.ApplicationDeployment.CheckForDetailedUpdate(System.Boolean)">
      <summary>Führt den gleichen Vorgang wie <see cref="M:System.Deployment.Application.ApplicationDeployment.CheckForUpdate" />, aber gibt erweiterte Informationen zu den verfügbaren Updates.</summary>
      <param name="persistUpdateCheckResult">Wenn false, das Update automatisch angewendet und kein Dialogfeld angezeigt.</param>
      <returns>Ein <see cref="T:System.Deployment.Application.UpdateCheckInfo" /> für das verfügbare Update.</returns>
    </member>
    <member name="M:System.Deployment.Application.ApplicationDeployment.CheckForUpdate">
      <summary>Überprüft <see cref="P:System.Deployment.Application.ApplicationDeployment.UpdateLocation" /> zu bestimmen, ob ein neues Update verfügbar ist.</summary>
      <returns>true Wenn ein neues Update verfügbar ist. andernfalls false.</returns>
      <exception cref="T:System.InvalidOperationException">ClickOnce löst sofort diese Ausnahme aus, wenn Sie Aufrufen der <see cref="M:System.Deployment.Application.ApplicationDeployment.CheckForUpdate" />  -Methode während bereits ein Update ausgeführt wird.</exception>
      <exception cref="T:System.Deployment.Application.DeploymentDownloadException">Das Bereitstellungsmanifest kann nicht heruntergeladen werden.</exception>
      <exception cref="T:System.Deployment.Application.InvalidDeploymentException">Das Bereitstellungsmanifest ist beschädigt. Sie müssen wahrscheinlich die Anwendung zur Lösung dieses Problems erneut bereitzustellen.</exception>
    </member>
    <member name="M:System.Deployment.Application.ApplicationDeployment.CheckForUpdate(System.Boolean)">
      <summary>Überprüft <see cref="P:System.Deployment.Application.ApplicationDeployment.UpdateLocation" /> zu bestimmen, ob ein neues Update verfügbar ist.</summary>
      <param name="persistUpdateCheckResult">Wenn false, das Update automatisch angewendet und kein Dialogfeld angezeigt.</param>
      <returns>true Wenn ein neues Update verfügbar ist. andernfalls false.</returns>
    </member>
    <member name="M:System.Deployment.Application.ApplicationDeployment.CheckForUpdateAsync">
      <summary>Überprüft <see cref="P:System.Deployment.Application.ApplicationDeployment.UpdateLocation" /> asynchron, um zu bestimmen, ob ein neues Update verfügbar ist.</summary>
      <exception cref="T:System.InvalidOperationException">ClickOnce löst sofort diese Ausnahme aus, wenn Sie Aufrufen der <see cref="M:System.Deployment.Application.ApplicationDeployment.CheckForUpdateAsync" />  -Methode während bereits ein Update ausgeführt wird.</exception>
      <exception cref="T:System.Deployment.Application.DeploymentDownloadException">Das Bereitstellungsmanifest kann nicht heruntergeladen werden. Diese Ausnahme wird in der <see cref="P:System.ComponentModel.AsyncCompletedEventArgs.Error" /> Eigenschaft der <see cref="E:System.Deployment.Application.ApplicationDeployment.CheckForUpdateCompleted" /> Ereignis.</exception>
      <exception cref="T:System.Deployment.Application.InvalidDeploymentException">Das Bereitstellungsmanifest ist beschädigt. Sie müssen wahrscheinlich die Anwendung zur Lösung dieses Problems erneut bereitzustellen. Diese Ausnahme wird in der <see cref="P:System.ComponentModel.AsyncCompletedEventArgs.Error" /> Eigenschaft der <see cref="E:System.Deployment.Application.ApplicationDeployment.CheckForUpdateCompleted" /> Ereignis.</exception>
    </member>
    <member name="M:System.Deployment.Application.ApplicationDeployment.CheckForUpdateAsyncCancel">
      <summary>Bricht das asynchrone Update ab.</summary>
    </member>
    <member name="M:System.Deployment.Application.ApplicationDeployment.DownloadFileGroup(System.String)">
      <summary>Lädt einen Satz optionaler Dateien bei Bedarf.</summary>
      <param name="groupName">Die benannte Gruppe von Dateien zum Herunterladen. Alle Dateien in "optional" markiert ein ClickOnce Anwendung erfordern einen Gruppennamen.</param>
      <exception cref="T:System.ArgumentNullException">Die <paramref name="groupName" /> Parameter ist null oder die Länge 0 (null).</exception>
    </member>
    <member name="M:System.Deployment.Application.ApplicationDeployment.DownloadFileGroupAsync(System.String)">
      <summary>Downloads, bedarfsabhängig einen Satz optionaler Dateien im Hintergrund.</summary>
      <param name="groupName">Die benannte Gruppe von Dateien zum Herunterladen. Alle Dateien in "optional" markiert ein ClickOnce Anwendung erfordern einen Gruppennamen.</param>
      <exception cref="T:System.ArgumentNullException">Die <paramref name="groupName" /> Parameter ist null oder die Länge 0 (null).</exception>
      <exception cref="T:System.InvalidOperationException">Sie können nicht mehr als einen Download von initiieren <paramref name="groupName" /> gleichzeitig.</exception>
    </member>
    <member name="M:System.Deployment.Application.ApplicationDeployment.DownloadFileGroupAsync(System.String,System.Object)">
      <summary>Downloads, bedarfsabhängig einen Satz optionaler Dateien im Hintergrund und übergibt des Anwendungszustands an den Ereignisrückrufe.</summary>
      <param name="groupName">Die benannte Gruppe von Dateien zum Herunterladen. Alle Dateien in "optional" markiert ein ClickOnce Anwendung erfordern einen Gruppennamen.</param>
      <param name="userState">Ein beliebiges Objekt mit Zustandsinformationen für den asynchronen Vorgang.</param>
      <exception cref="T:System.ArgumentNullException">Die <paramref name="groupName" /> Parameter ist null oder die Länge 0 (null).</exception>
      <exception cref="T:System.InvalidOperationException">Sie können nicht mehr als einen Download von initiieren <paramref name="groupName" /> gleichzeitig.</exception>
    </member>
    <member name="M:System.Deployment.Application.ApplicationDeployment.DownloadFileGroupAsyncCancel(System.String)">
      <summary>Bricht einen asynchronen Dateidownload ab.</summary>
      <param name="groupName">Die benannte Gruppe von Dateien zum Herunterladen. Alle Dateien in "optional" markiert ein ClickOnce Anwendung erfordern einen Gruppennamen.</param>
      <exception cref="T:System.ArgumentNullException">
        <paramref name="groupName" /> darf nicht null sein.</exception>
    </member>
    <member name="M:System.Deployment.Application.ApplicationDeployment.IsFileGroupDownloaded(System.String)">
      <summary>Überprüft, ob die genannte Dateigruppe bereits auf den Clientcomputer heruntergeladen wurde.</summary>
      <param name="groupName">Die benannte Gruppe von Dateien zum Herunterladen. Alle Dateien in "optional" markiert ein ClickOnce Anwendung erfordern einen Gruppennamen.</param>
      <returns>true Wenn die Dateigruppe bereits für die aktuelle Version dieser Anwendung heruntergeladen wurde; andernfalls false. Wenn eine neue Version der Anwendung installiert wurde und die neue Version wurde nicht hinzugefügt, entfernt oder geändert von Dateien in der Dateigruppe <see cref="M:System.Deployment.Application.ApplicationDeployment.IsFileGroupDownloaded(System.String)" /> gibt true.</returns>
      <exception cref="T:System.Deployment.Application.InvalidDeploymentException">
        <paramref name="groupName" /> keine Gruppe wird im Manifest Anwendung definiert werden.</exception>
    </member>
    <member name="M:System.Deployment.Application.ApplicationDeployment.Update">
      <summary>Startet einen synchronen Download und Installation der neuesten Version dieser Anwendung.</summary>
      <returns>true Wenn eine Anwendung aktualisiert wurde. andernfalls false.</returns>
      <exception cref="T:System.Deployment.Application.TrustNotGrantedException">Der lokale Computer wurden keine der Anwendung die Berechtigungsstufe gewährt die angeforderte ausführen.</exception>
      <exception cref="T:System.Deployment.Application.InvalidDeploymentException">Die ClickOnce Bereitstellung ist beschädigt. Tipps zum Diagnostizieren und beheben Sie das Problem, finden Sie unter Troubleshooting ClickOnce Deployments.</exception>
      <exception cref="T:System.Deployment.Application.DeploymentDownloadException">Die neue Bereitstellung konnte nicht vom Speicherort im Netzwerk heruntergeladen werden.</exception>
      <exception cref="T:System.InvalidOperationException">Die Anwendung wird gerade aktualisiert.</exception>
    </member>
    <member name="M:System.Deployment.Application.ApplicationDeployment.UpdateAsync">
      <summary>Startet einen asynchronen Download und Installation der neuesten Version dieser Anwendung.</summary>
      <exception cref="T:System.Deployment.Application.TrustNotGrantedException">Der lokale Computer wurden keine dieser Anwendung die Berechtigungsstufe gewährt die angeforderte ausführen.</exception>
      <exception cref="T:System.Deployment.Application.InvalidDeploymentException">Die ClickOnce Bereitstellung ist beschädigt. Tipps zum Diagnostizieren und beheben Sie das Problem, finden Sie unter Troubleshooting ClickOnce Deployments.</exception>
      <exception cref="T:System.Deployment.Application.DeploymentDownloadException">Die neue Bereitstellung konnte nicht vom Speicherort im Netzwerk heruntergeladen werden.</exception>
    </member>
    <member name="M:System.Deployment.Application.ApplicationDeployment.UpdateAsyncCancel">
      <summary>Bricht ein asynchrones Update vom initiiert <see cref="M:System.Deployment.Application.ApplicationDeployment.UpdateAsync" />.</summary>
    </member>
    <member name="M:System.Deployment.Application.CompatibleFrameworkMissingException.#ctor">
      <summary>Initialisiert eine neue Instanz der <see cref="T:System.Deployment.Application.CompatibleFrameworkMissingException" />-Klasse mit einer vom System generierten Meldung, die den Fehler beschreibt.</summary>
    </member>
    <member name="M:System.Deployment.Application.CompatibleFrameworkMissingException.#ctor(System.Runtime.Serialization.SerializationInfo,System.Runtime.Serialization.StreamingContext)">
      <summary>Initialisiert eine neue Instanz der <see cref="T:System.Deployment.Application.CompatibleFrameworkMissingException" />-Klasse mit serialisierten Daten.</summary>
      <param name="serializationInfo">Das Objekt, das die Daten des serialisierten Objekts enthält.</param>
      <param name="streamingContext">Die Kontextinformationen zur Quelle bzw. zum Ziel.</param>
    </member>
    <member name="M:System.Deployment.Application.CompatibleFrameworkMissingException.#ctor(System.String)">
      <summary>Initialisiert eine neue Instanz der <see cref="T:System.Deployment.Application.CompatibleFrameworkMissingException" />-Klasse mit einer angegebenen Meldung, die den Fehler beschreibt.</summary>
      <param name="message">Die Meldung, in der die Ausnahme beschrieben wird Der Aufrufer dieses Konstruktors muss sicherstellen, dass diese Zeichenfolge für die aktuelle Systemkultur lokalisiert wurde.</param>
    </member>
    <member name="M:System.Deployment.Application.CompatibleFrameworkMissingException.#ctor(System.String,System.Exception)">
      <summary>Initialisiert eine neue Instanz der <see cref="T:System.Deployment.Application.CompatibleFrameworkMissingException" />-Klasse mit einer angegebenen Fehlermeldung und einem Verweis auf die innere Ausnahme, die diese Ausnahme ausgelöst hat.</summary>
      <param name="message">Die Meldung, in der die Ausnahme beschrieben wird Der Aufrufer dieses Konstruktors muss sicherstellen, dass diese Zeichenfolge für die aktuelle Systemkultur lokalisiert wurde.</param>
      <param name="innerException">Die Ausnahme, die die Ursache der aktuellen Ausnahme ist. Wenn der <paramref name="innerException" />-Parameter nicht null ist, wird die aktuelle Ausnahme in einem catch-Block ausgelöst, der die innere Ausnahme behandelt.</param>
    </member>
    <member name="M:System.Deployment.Application.CompatibleFrameworkMissingException.GetObjectData(System.Runtime.Serialization.SerializationInfo,System.Runtime.Serialization.StreamingContext)">
      <summary>Initialisiert eine neue Instanz der <see cref="T:System.Deployment.Application.CompatibleFrameworkMissingException" />-Klasse mit serialisierten Daten.</summary>
      <param name="info">Das Objekt, das die Daten des serialisierten Objekts enthält.</param>
      <param name="context">Die Kontextinformationen zur Quelle bzw. zum Ziel.</param>
    </member>
    <member name="M:System.Deployment.Application.DependentPlatformMissingException.#ctor">
      <summary>Initialisiert eine neue Instanz der <see cref="T:System.Deployment.Application.DependentPlatformMissingException" />-Klasse.</summary>
    </member>
    <member name="M:System.Deployment.Application.DependentPlatformMissingException.#ctor(System.Runtime.Serialization.SerializationInfo,System.Runtime.Serialization.StreamingContext)">
      <summary>Initialisiert eine neue Instanz der <see cref="T:System.Deployment.Application.DependentPlatformMissingException" />-Klasse.</summary>
      <param name="serializationInfo">Das Objekt, das die Daten des serialisierten Objekts enthält.</param>
      <param name="streamingContext">Die Kontextinformationen zur Quelle bzw. zum Ziel.</param>
    </member>
    <member name="M:System.Deployment.Application.DependentPlatformMissingException.#ctor(System.String)">
      <summary>Initialisiert eine neue Instanz der <see cref="T:System.Deployment.Application.DependentPlatformMissingException" />-Klasse mit einer angegebenen Meldung, die den Fehler beschreibt.</summary>
      <param name="message">Die Meldung, in der die Ausnahme beschrieben wird Der Aufrufer dieses Konstruktors muss sicherstellen, dass diese Zeichenfolge für die aktuelle Systemkultur lokalisiert wurde.</param>
    </member>
    <member name="M:System.Deployment.Application.DependentPlatformMissingException.#ctor(System.String,System.Exception)">
      <summary>Initialisiert eine neue Instanz der <see cref="T:System.Deployment.Application.DependentPlatformMissingException" />-Klasse mit einer angegebenen Fehlermeldung und einem Verweis auf die innere Ausnahme, die diese Ausnahme ausgelöst hat.</summary>
      <param name="message">Die Meldung, in der die Ausnahme beschrieben wird Der Aufrufer dieses Konstruktors muss sicherstellen, dass diese Zeichenfolge für die aktuelle Systemkultur lokalisiert wurde.</param>
      <param name="innerException">Die Ausnahme, die die Ursache der aktuellen Ausnahme ist. Wenn der <paramref name="innerException" />-Parameter nicht null ist, wird die aktuelle Ausnahme in einem catch-Block ausgelöst, der die innere Ausnahme behandelt.</param>
    </member>
    <member name="M:System.Deployment.Application.DependentPlatformMissingException.#ctor(System.String,System.Uri)">
      <summary>Initialisiert eine neue Instanz der <see cref="T:System.Deployment.Application.DependentPlatformMissingException" />-Klasse.</summary>
      <param name="message">Die Ausnahmemeldung.</param>
      <param name="supportUrl">Die URL, die Informationen zum Produktsupport finden Sie unter.</param>
    </member>
    <member name="M:System.Deployment.Application.DependentPlatformMissingException.GetObjectData(System.Runtime.Serialization.SerializationInfo,System.Runtime.Serialization.StreamingContext)">
      <summary>Ruft die Daten des Objekts ab.</summary>
      <param name="info">Das Objekt, das die Daten des serialisierten Objekts enthält.</param>
      <param name="context">Die Kontextinformationen zur Quelle bzw. zum Ziel.</param>
    </member>
    <member name="M:System.Deployment.Application.DeploymentDownloadException.#ctor">
      <summary>Initialisiert eine neue Instanz der <see cref="T:System.Deployment.Application.DeploymentDownloadException" />-Klasse.</summary>
    </member>
    <member name="M:System.Deployment.Application.DeploymentDownloadException.#ctor(System.Runtime.Serialization.SerializationInfo,System.Runtime.Serialization.StreamingContext)">
      <summary>Initialisiert eine neue Instanz der <see cref="T:System.Deployment.Application.DeploymentDownloadException" />-Klasse.</summary>
      <param name="serializationInfo">Das Objekt, das die Daten des serialisierten Objekts enthält.</param>
      <param name="streamingContext">Die Kontextinformationen zur Quelle bzw. zum Ziel.</param>
    </member>
    <member name="M:System.Deployment.Application.DeploymentDownloadException.#ctor(System.String)">
      <summary>Initialisiert eine neue Instanz der <see cref="T:System.Deployment.Application.DeploymentDownloadException" /> -Klasse mit einer Meldung, die die Ausnahme beschreibt.</summary>
      <param name="message">Die Meldung, in der die Ausnahme beschrieben wird Der Aufrufer dieses Konstruktors muss sicherstellen, dass diese Zeichenfolge für die aktuelle Systemkultur lokalisiert wurde.</param>
    </member>
    <member name="M:System.Deployment.Application.DeploymentDownloadException.#ctor(System.String,System.Exception)">
      <summary>Initialisiert eine neue Instanz der <see cref="T:System.Deployment.Application.DeploymentDownloadException" />-Klasse.</summary>
      <param name="message">Die Meldung, in der die Ausnahme beschrieben wird Der Aufrufer dieses Konstruktors muss sicherstellen, dass diese Zeichenfolge für die aktuelle Systemkultur lokalisiert wurde.</param>
      <param name="innerException">Die Ausnahme, die die Ursache der aktuellen Ausnahme ist. Wenn der <paramref name="innerException" />-Parameter nicht null ist, wird die aktuelle Ausnahme in einem catch-Block ausgelöst, der die innere Ausnahme behandelt.</param>
    </member>
    <member name="M:System.Deployment.Application.DeploymentException.#ctor">
      <summary>Initialisiert eine neue Instanz der <see cref="T:System.Deployment.Application.DeploymentException" />-Klasse.</summary>
    </member>
    <member name="M:System.Deployment.Application.DeploymentException.#ctor(System.Runtime.Serialization.SerializationInfo,System.Runtime.Serialization.StreamingContext)">
      <summary>Initialisiert eine neue Instanz der <see cref="T:System.Deployment.Application.DeploymentException" />-Klasse.</summary>
      <param name="serializationInfo">Speichert alle Daten, die zum Serialisieren oder Deserialisieren eines Objekts benötigt. Diese Klasse kann nicht vererbt werden.</param>
      <param name="streamingContext">Beschreibt die Quelle und das Ziel eines angegebenen serialisierten Streams und stellt einen zusätzlichen, vom Aufrufer definierten Kontext bereit.</param>
    </member>
    <member name="M:System.Deployment.Application.DeploymentException.#ctor(System.String)">
      <summary>Initialisiert eine neue Instanz der <see cref="T:System.Deployment.Application.DeploymentException" />-Klasse.</summary>
      <param name="message">Stellt Text als eine Reihe von Unicode-Zeichen dar.</param>
    </member>
    <member name="M:System.Deployment.Application.DeploymentException.#ctor(System.String,System.Exception)">
      <summary>Initialisiert eine neue Instanz der <see cref="T:System.Deployment.Application.DeploymentException" />-Klasse.</summary>
      <param name="message">Stellt Text als eine Reihe von Unicode-Zeichen dar.</param>
      <param name="innerException">Stellt Fehler dar, die beim Ausführen einer Anwendung auftreten.</param>
    </member>
    <member name="M:System.Deployment.Application.DeploymentException.GetObjectData(System.Runtime.Serialization.SerializationInfo,System.Runtime.Serialization.StreamingContext)">
      <summary>Legt <see cref="T:System.Runtime.Serialization.SerializationInfo" /> mit Informationen zur Ausnahme fest.</summary>
      <param name="info">Die <see cref="T:System.Runtime.Serialization.SerializationInfo" />, die die serialisierten Objektdaten für die ausgelöste Ausnahme enthält.</param>
      <param name="context">Der <see cref="T:System.Runtime.Serialization.StreamingContext" />, der die Kontextinformationen über die Quelle oder das Ziel enthält.</param>
    </member>
    <member name="M:System.Deployment.Application.DeploymentServiceCom.#ctor">
      <summary>Erstellt eine neue Instanz von <see cref="T:System.Deployment.Application.DeploymentServiceCom" />.</summary>
    </member>
    <member name="M:System.Deployment.Application.DeploymentServiceCom.ActivateApplicationExtension(System.String,System.String,System.String)">
      <summary>Aktiviert eine anwendungserweiterung.</summary>
      <param name="textualSubId">Die interne ID der Bereitstellung.</param>
      <param name="deploymentProviderUrl">Die URL der Bereitstellung.</param>
      <param name="targetAssociatedFile">Die Zieldatei.</param>
    </member>
    <member name="M:System.Deployment.Application.DeploymentServiceCom.ActivateDeployment(System.String,System.Boolean)">
      <summary>Startet die Bereitstellung auf dem Clientcomputer.</summary>
      <param name="deploymentLocation">Der Speicherort des Bereitstellungsmanifests auf dem Datenträger.</param>
      <param name="isShortcut">Ob <paramref name="deploymentLocation" /> ist eine Verknüpfung oder die eigentliche Datei.</param>
    </member>
    <member name="M:System.Deployment.Application.DeploymentServiceCom.ActivateDeploymentEx(System.String,System.Int32,System.Int32)">
      <summary>Startet die Bereitstellung auf dem Clientcomputer.</summary>
      <param name="deploymentLocation">Der Speicherort des Bereitstellungsmanifests.</param>
      <param name="unsignedPolicy">Die Richtlinie für nicht signierte Anwendungen verwenden.</param>
      <param name="signedPolicy">Die Richtlinie für signierte Anwendungen verwenden.</param>
    </member>
    <member name="M:System.Deployment.Application.DeploymentServiceCom.CheckForDeploymentUpdate(System.String)">
      <summary>Überprüft, ob das Update zu bestimmen, ob eine aktualisierte Version dieser Bereitstellung vorhanden ist.</summary>
      <param name="textualSubId">Ein interner Bezeichner für die Bereitstellung.</param>
    </member>
    <member name="M:System.Deployment.Application.DeploymentServiceCom.CleanOnlineAppCache">
      <summary>Entfernt alle nur online ClickOnce Anwendung, die auf einem Computer installiert sind.</summary>
    </member>
    <member name="M:System.Deployment.Application.DeploymentServiceCom.EndServiceRightNow">
      <summary>Ein Bereitstellungsupdate beendet sofort.</summary>
    </member>
    <member name="M:System.Deployment.Application.DeploymentServiceCom.MaintainSubscription(System.String)">
      <summary>Verwaltet das Update-Abonnement.</summary>
      <param name="textualSubId">Die interne ID der Bereitstellung.</param>
    </member>
    <member name="M:System.Deployment.Application.InPlaceHostingManager.#ctor(System.Uri)">
      <summary>Erstellt eine neue Instanz der <see cref="T:System.Deployment.Application.InPlaceHostingManager" /> herunterladen und installieren die angegebene im Browser gehostete Anwendung.</summary>
      <param name="deploymentManifest">Ein Uniform Resource Identifier (<see cref="T:System.Uri" />) zu einem ClickOnce Bereitstellungsmanifest der Anwendung.</param>
      <exception cref="T:System.PlatformNotSupportedException">
        <see cref="T:System.Deployment.Application.InPlaceHostingManager" /> kann nur unter Windows XP oder höheren Versionen des Windows-Betriebssystems verwendet werden.</exception>
      <exception cref="T:System.ArgumentNullException">Kann nicht übergeben werden null für die <paramref name="deploymentManifest" /> Argument.</exception>
      <exception cref="T:System.ArgumentException">
        <paramref name="deploymentManifest" /> verwendet eine nicht unterstützte URI-Schema ClickOnce.</exception>
    </member>
    <member name="M:System.Deployment.Application.InPlaceHostingManager.#ctor(System.Uri,System.Boolean)">
      <summary>Erstellt eine neue Instanz der <see cref="T:System.Deployment.Application.InPlaceHostingManager" /> herunterladen und Installieren der angegebenen Anwendung, die eine eigenständige Windows Forms-basierten Anwendung oder eine Anwendung in einem Webbrowser gehostet werden kann.</summary>
      <param name="deploymentManifest">Der Uniform Resource Identifier (URI) auf das Bereitstellungsmanifest der Anwendung, die installiert werden.</param>
      <param name="launchInHostProcess">Gibt an, ob diese Anwendung in einem Host, z. B. ein Webbrowser ausgeführt wird. Für eine eigenständige Anwendung, legen Sie diesen Wert auf false.</param>
      <exception cref="T:System.PlatformNotSupportedException">
        <see cref="T:System.Deployment.Application.InPlaceHostingManager" /> kann nur unter Windows XP oder höheren Versionen des Windows-Betriebssystems verwendet werden.</exception>
      <exception cref="T:System.ArgumentNullException">Kann nicht übergeben werden null für die <paramref name="deploymentManifest" /> Argument.</exception>
      <exception cref="T:System.ArgumentException">
        <paramref name="deploymentManifest" /> verwendet eine nicht unterstützte URI-Schema ClickOnce.</exception>
    </member>
    <member name="M:System.Deployment.Application.InPlaceHostingManager.AssertApplicationRequirements">
      <summary>Bestimmt, ob die ClickOnce Anwendung verfügt über die entsprechenden Berechtigungen und bestimmten Plattform abhängig, auf dem lokalen Computer ausführen.</summary>
      <exception cref="T:System.InvalidOperationException">Wird ausgelöst, wenn diese Methode, bevor aufgerufen wird die <see cref="M:System.Deployment.Application.InPlaceHostingManager.GetManifestAsync" /> Methode.</exception>
    </member>
    <member name="M:System.Deployment.Application.InPlaceHostingManager.AssertApplicationRequirements(System.Boolean)">
      <summary>Bestimmt, ob die ClickOnce Anwendung verfügt über die entsprechenden Berechtigungen und bestimmten Plattform abhängig, auf dem lokalen Computer ausführen.</summary>
      <param name="grantApplicationTrust">Wenn true, versucht die Anwendung, ihre Berechtigungen auf die erforderliche Ebene zu erhöhen.</param>
    </member>
    <member name="M:System.Deployment.Application.InPlaceHostingManager.CancelAsync">
      <summary>Bricht einen asynchronen Downloadvorgang ab.</summary>
    </member>
    <member name="M:System.Deployment.Application.InPlaceHostingManager.Dispose">
      <summary>Gibt alle vom <see cref="T:System.Deployment.Application.InPlaceHostingManager" /> verwendeten Ressourcen frei.</summary>
    </member>
    <member name="M:System.Deployment.Application.InPlaceHostingManager.DownloadApplicationAsync">
      <summary>Lädt ein Anwendungsupdate im Hintergrund herunter.</summary>
      <exception cref="T:System.InvalidOperationException">Wird ausgelöst, wenn diese Methode, bevor aufgerufen wird die <see cref="M:System.Deployment.Application.InPlaceHostingManager.GetManifestAsync" /> und <see cref="M:System.Deployment.Application.InPlaceHostingManager.AssertApplicationRequirements" /> Methoden.</exception>
    </member>
    <member name="M:System.Deployment.Application.InPlaceHostingManager.Execute">
      <summary>Startet die ClickOnce Anwendung nur, wenn es sich um eine Windows Presentation Foundation-basierte Anwendung, die in einem Webbrowser ausgeführt wird.</summary>
      <returns>Ein <see cref="T:System.Runtime.Remoting.ObjectHandle" /> für die gestartete Anwendung.</returns>
    </member>
    <member name="M:System.Deployment.Application.InPlaceHostingManager.GetManifestAsync">
      <summary>Lädt das Bereitstellungsmanifest der der ClickOnce Anwendung im Hintergrund, und löst ein Ereignis aus, wenn der Vorgang abgeschlossen wurde oder einen Fehler aufgetreten.</summary>
    </member>
    <member name="M:System.Deployment.Application.InPlaceHostingManager.UninstallCustomAddIn(System.String)">
      <summary>Entfernt eine zuvor installierte benutzerdefinierte Komponente einer Anwendung.</summary>
      <param name="subscriptionId">Eine Zeichenfolge, die das Add-in entfernen gibt eine Abonnement-ID enthält.</param>
      <exception cref="T:System.ArgumentException">
        <paramref name="subscriptionId" /> ist keine gültige, oder ein Name, die Token des öffentlichen Schlüssels, die Prozessorarchitektur und die Versionsnummer nicht enthält.</exception>
      <exception cref="T:System.ArgumentNullException">
        <paramref name="subscriptionId" /> ist null.</exception>
    </member>
    <member name="M:System.Deployment.Application.InPlaceHostingManager.UninstallCustomUXApplication(System.String)">
      <summary>Entfernt eine ClickOnce Anwendung, die das &lt; CustomUX &gt; Element enthält.</summary>
      <param name="subscriptionId">Eine Zeichenfolge, die eine Abonnement-ID enthält, womit die ClickOnce Anwendung zu entfernen.</param>
    </member>
    <member name="M:System.Deployment.Application.InvalidDeploymentException.#ctor">
      <summary>Initialisiert eine neue Instanz der <see cref="T:System.Deployment.Application.InvalidDeploymentException" />-Klasse.</summary>
    </member>
    <member name="M:System.Deployment.Application.InvalidDeploymentException.#ctor(System.Runtime.Serialization.SerializationInfo,System.Runtime.Serialization.StreamingContext)">
      <summary>Initialisiert eine neue Instanz der <see cref="T:System.Deployment.Application.InvalidDeploymentException" />-Klasse.</summary>
      <param name="serializationInfo">Das Objekt, das die Daten des serialisierten Objekts enthält.</param>
      <param name="streamingContext">Die Kontextinformationen zur Quelle bzw. zum Ziel.</param>
    </member>
    <member name="M:System.Deployment.Application.InvalidDeploymentException.#ctor(System.String)">
      <summary>Initialisiert eine neue Instanz der <see cref="T:System.Deployment.Application.InvalidDeploymentException" /> -Klasse mit der angegebenen Meldung, die die Ausnahme beschreibt.</summary>
      <param name="message">Die Meldung, in der die Ausnahme beschrieben wird Der Aufrufer dieses Konstruktors muss sicherstellen, dass diese Zeichenfolge für die aktuelle Systemkultur lokalisiert wurde.</param>
    </member>
    <member name="M:System.Deployment.Application.InvalidDeploymentException.#ctor(System.String,System.Exception)">
      <summary>Initialisiert eine neue Instanz der <see cref="T:System.Deployment.Application.InvalidDeploymentException" />-Klasse.</summary>
      <param name="message">Die Meldung, in der die Ausnahme beschrieben wird Der Aufrufer dieses Konstruktors muss sicherstellen, dass diese Zeichenfolge für die aktuelle Systemkultur lokalisiert wurde.</param>
      <param name="innerException">Die Ausnahme, die die Ursache der aktuellen Ausnahme ist. Wenn der <paramref name="innerException" />-Parameter nicht null ist, wird die aktuelle Ausnahme in einem catch-Block ausgelöst, der die innere Ausnahme behandelt.</param>
    </member>
    <member name="M:System.Deployment.Application.SupportedRuntimeMissingException.#ctor">
      <summary>Initialisiert eine neue Instanz der <see cref="T:System.Deployment.Application.SupportedRuntimeMissingException" />-Klasse mit einer vom System generierten Meldung, die den Fehler beschreibt.</summary>
    </member>
    <member name="M:System.Deployment.Application.SupportedRuntimeMissingException.#ctor(System.Runtime.Serialization.SerializationInfo,System.Runtime.Serialization.StreamingContext)">
      <summary>Initialisiert eine neue Instanz der <see cref="T:System.Deployment.Application.SupportedRuntimeMissingException" />-Klasse mit serialisierten Daten.</summary>
      <param name="serializationInfo">Das Objekt, das die Daten des serialisierten Objekts enthält.</param>
      <param name="streamingContext">Die Kontextinformationen zur Quelle bzw. zum Ziel.</param>
    </member>
    <member name="M:System.Deployment.Application.SupportedRuntimeMissingException.#ctor(System.String)">
      <summary>Initialisiert eine neue Instanz der <see cref="T:System.Deployment.Application.SupportedRuntimeMissingException" />-Klasse mit einer angegebenen Meldung, die den Fehler beschreibt.</summary>
      <param name="message">Die Meldung, in der die Ausnahme beschrieben wird Der Aufrufer dieses Konstruktors muss sicherstellen, dass diese Zeichenfolge für die aktuelle Systemkultur lokalisiert wurde.</param>
    </member>
    <member name="M:System.Deployment.Application.SupportedRuntimeMissingException.#ctor(System.String,System.Exception)">
      <summary>Initialisiert eine neue Instanz der <see cref="T:System.Deployment.Application.SupportedRuntimeMissingException" />-Klasse mit einer angegebenen Fehlermeldung und einem Verweis auf die innere Ausnahme, die diese Ausnahme ausgelöst hat.</summary>
      <param name="message">Die Meldung, in der die Ausnahme beschrieben wird Der Aufrufer dieses Konstruktors muss sicherstellen, dass diese Zeichenfolge für die aktuelle Systemkultur lokalisiert wurde.</param>
      <param name="innerException">Die Ausnahme, die die Ursache der aktuellen Ausnahme ist. Wenn der <paramref name="innerException" />-Parameter nicht null ist, wird die aktuelle Ausnahme in einem catch-Block ausgelöst, der die innere Ausnahme behandelt.</param>
    </member>
    <member name="M:System.Deployment.Application.SupportedRuntimeMissingException.GetObjectData(System.Runtime.Serialization.SerializationInfo,System.Runtime.Serialization.StreamingContext)">
      <summary>Initialisiert eine neue Instanz der <see cref="T:System.Deployment.Application.SupportedRuntimeMissingException" />-Klasse mit serialisierten Daten.</summary>
      <param name="info">Das Objekt, das die Daten des serialisierten Objekts enthält.</param>
      <param name="context">Die Kontextinformationen zur Quelle bzw. zum Ziel.</param>
    </member>
    <member name="M:System.Deployment.Application.TrustNotGrantedException.#ctor">
      <summary>Initialisiert eine neue Instanz der <see cref="T:System.Deployment.Application.TrustNotGrantedException" />-Klasse mit einer vom System generierten Meldung, die den Fehler beschreibt.</summary>
    </member>
    <member name="M:System.Deployment.Application.TrustNotGrantedException.#ctor(System.Runtime.Serialization.SerializationInfo,System.Runtime.Serialization.StreamingContext)">
      <summary>Initialisiert eine neue Instanz der <see cref="T:System.Deployment.Application.TrustNotGrantedException" />-Klasse mit serialisierten Daten.</summary>
      <param name="serializationInfo">Das Objekt, das die Daten des serialisierten Objekts enthält.</param>
      <param name="streamingContext">Die Kontextinformationen zur Quelle bzw. zum Ziel.</param>
    </member>
    <member name="M:System.Deployment.Application.TrustNotGrantedException.#ctor(System.String)">
      <summary>Initialisiert eine neue Instanz der <see cref="T:System.Deployment.Application.TrustNotGrantedException" />-Klasse mit einer angegebenen Meldung, die den Fehler beschreibt.</summary>
      <param name="message">Die Meldung, in der die Ausnahme beschrieben wird Der Aufrufer dieses Konstruktors muss sicherstellen, dass diese Zeichenfolge für die aktuelle Systemkultur lokalisiert wurde.</param>
    </member>
    <member name="M:System.Deployment.Application.TrustNotGrantedException.#ctor(System.String,System.Exception)">
      <summary>Initialisiert eine neue Instanz der <see cref="T:System.Deployment.Application.TrustNotGrantedException" />-Klasse mit einer angegebenen Fehlermeldung und einem Verweis auf die innere Ausnahme, die diese Ausnahme ausgelöst hat.</summary>
      <param name="message">Die Meldung, in der die Ausnahme beschrieben wird Der Aufrufer dieses Konstruktors muss sicherstellen, dass diese Zeichenfolge für die aktuelle Systemkultur lokalisiert wurde.</param>
      <param name="innerException">Die Ausnahme, die die Ursache der aktuellen Ausnahme ist. Wenn der <paramref name="innerException" />-Parameter nicht null ist, wird die aktuelle Ausnahme in einem catch-Block ausgelöst, der die innere Ausnahme behandelt.</param>
    </member>
    <member name="M:System.Deployment.Internal.CodeSigning.RSAPKCS1SHA256SignatureDescription.#ctor">
      <summary>Initialisiert eine neue Instanz der <see cref="T:System.Deployment.Internal.CodeSigning.RSAPKCS1SHA256SignatureDescription" />-Klasse.</summary>
    </member>
    <member name="M:System.Deployment.Internal.CodeSigning.RSAPKCS1SHA256SignatureDescription.CreateDeformatter(System.Security.Cryptography.AsymmetricAlgorithm)">
      <summary>Erstellt eine Instanz der asymmetrischen Signatur-Deformatierungsprogramm, die mit dem angegebenen Schlüssel enthält.</summary>
      <param name="key">Der Schlüssel, in dem Deformatierungsprogramm verwenden.</param>
      <returns>Ein Objekt des asymmetrischen Signatur Deformatierungsprogramm.</returns>
    </member>
    <member name="M:System.Deployment.Internal.CodeSigning.RSAPKCS1SHA256SignatureDescription.CreateFormatter(System.Security.Cryptography.AsymmetricAlgorithm)">
      <summary>Erstellt eine Instanz der asymmetrischen Signatur-Formatierungsprogramm, die dem angegebenen Schlüssel enthält.</summary>
      <param name="key">Der Schlüssel in das Formatierungsprogramm verwendet werden soll.</param>
      <returns>Ein Objekt des asymmetrischen Signatur-Formatierungsprogramm.</returns>
    </member>
    <member name="P:System.Deployment.Application.ApplicationDeployment.ActivationUri">
      <summary>Ruft die URL verwendet, um das Bereitstellungsmanifest der Anwendung zu starten.</summary>
      <returns>Eine leere Zeichenfolge, wenn die TrustUrlParameters Eigenschaft im Bereitstellungsmanifest ist false, oder wenn der Benutzer eine UNC zum Öffnen der bereitstellungs angegeben oder wurde lokal geöffnet. Andernfalls ist der Rückgabewert die vollständige URL zum Starten der Anwendung, einschließlich aller Parameter verwendet.</returns>
    </member>
    <member name="P:System.Deployment.Application.ApplicationDeployment.CurrentDeployment">
      <summary>Gibt den aktuellen <see cref="T:System.Deployment.Application.ApplicationDeployment" /> für diese Bereitstellung.</summary>
      <returns>Die aktuelle Bereitstellung.</returns>
      <exception cref="T:System.Deployment.Application.InvalidDeploymentException">Sie haben versucht, diese statische Eigenschaft aufzurufen, nicht von einemClickOnce Anwendung.</exception>
    </member>
    <member name="P:System.Deployment.Application.ApplicationDeployment.CurrentVersion">
      <summary>Ruft die Version der Bereitstellung für die derzeit ausgeführte Instanz der Anwendung ab.</summary>
      <returns>Die aktuelle Bereitstellungsversion.</returns>
    </member>
    <member name="P:System.Deployment.Application.ApplicationDeployment.DataDirectory">
      <summary>Ruft den Pfad zu den ClickOnce Datenverzeichnis.</summary>
      <returns>Eine Zeichenfolge mit dem Pfad zum Datenverzeichnis der Anwendung, auf dem lokalen Datenträger.</returns>
    </member>
    <member name="P:System.Deployment.Application.ApplicationDeployment.IsFirstRun">
      <summary>Ruft einen Wert, der angibt, ob dies das erste Mal ist, die diese Anwendung auf dem Clientcomputer ausgeführt wurde.</summary>
      <returns>true Wenn diese Version der Anwendung nie auf dem Clientcomputer, bevor Sie ausgeführt wurde; andernfalls false.</returns>
    </member>
    <member name="P:System.Deployment.Application.ApplicationDeployment.IsNetworkDeployed">
      <summary>Ruft einen Wert, der angibt, ob die aktuelle Anwendung ist eine ClickOnce Anwendung.</summary>
      <returns>true Dies ist eine ClickOnce Anwendung; andernfalls false.</returns>
    </member>
    <member name="P:System.Deployment.Application.ApplicationDeployment.TimeOfLastUpdateCheck">
      <summary>Ruft das Datum und die Uhrzeit ClickOnce zuletzt für ein Anwendungsupdate geprüft.</summary>
      <returns>Die <see cref="T:System.DateTime" /> von der letzten Überprüfung auf Updates.</returns>
    </member>
    <member name="P:System.Deployment.Application.ApplicationDeployment.UpdatedApplicationFullName">
      <summary>Ruft den vollständigen Namen der Anwendung ab, nachdem sie aktualisiert wurde.</summary>
      <returns>Ein <see cref="T:System.String" /> der den vollständigen Namen der Anwendung enthält.</returns>
    </member>
    <member name="P:System.Deployment.Application.ApplicationDeployment.UpdatedVersion">
      <summary>Ruft die Version des Updates, das zuletzt heruntergeladen wurde.</summary>
      <returns>Die <see cref="T:System.Version" /> das die Version des Updates.</returns>
    </member>
    <member name="P:System.Deployment.Application.ApplicationDeployment.UpdateLocation">
      <summary>Ruft die Website oder die Dateifreigabe, die von der Anwendung automatisch aktualisiert.</summary>
      <returns>Der Aktualisierungspfad, ausgedrückt als HTTP, HTTPS oder Datei-URL; oder als Windows-Netzwerk-Pfad (UNC).</returns>
    </member>
    <member name="P:System.Deployment.Application.CheckForUpdateCompletedEventArgs.AvailableVersion">
      <summary>Ruft die Versionsnummer der letzten deinstallierten Version ab.</summary>
      <returns>Die <see cref="T:System.Version" /> gibt Haupt-, neben-, Build- und Revisionsnummern Zahlen, die neueste Version.</returns>
    </member>
    <member name="P:System.Deployment.Application.CheckForUpdateCompletedEventArgs.IsUpdateRequired">
      <summary>Ruft einen Wert, der angibt, ob das Update installiert werden muss.</summary>
      <returns>true Wenn das Update erforderlich ist. andernfalls false.</returns>
    </member>
    <member name="P:System.Deployment.Application.CheckForUpdateCompletedEventArgs.MinimumRequiredVersion">
      <summary>Ruft die minimale Version, die der Benutzer auf dem Computer installiert haben muss.</summary>
      <returns>Ein <see cref="T:System.Version" /> Objekt, das die früheste Version, die alle Benutzer installieren müssen ausdrückt.</returns>
    </member>
    <member name="P:System.Deployment.Application.CheckForUpdateCompletedEventArgs.UpdateAvailable">
      <summary>Ruft ab, ob ein Update verfügbar ist.</summary>
      <returns>true Wenn die neue Version der Anwendung verfügbar ist. andernfalls false.</returns>
    </member>
    <member name="P:System.Deployment.Application.CheckForUpdateCompletedEventArgs.UpdateSizeBytes">
      <summary>Ruft die Größe des verfügbaren Updates.</summary>
      <returns>Eine <see cref="T:System.Int64" /> die die Größe des verfügbaren Updates in Bytes beschreibt. Wenn kein Update verfügbar ist, gibt 0 zurück.</returns>
    </member>
    <member name="P:System.Deployment.Application.CompatibleFramework.Profile">
      <summary>Gibt das Profil von .NET Framework-Version, in dem eine Anwendung installiert und ausgeführt werden kann.</summary>
      <returns>Eine Zeichenfolge, die das Profil darstellt.</returns>
    </member>
    <member name="P:System.Deployment.Application.CompatibleFramework.SupportedRuntime">
      <summary>Gibt die Versionsnummer der Common Language Runtime von .NET Framework, in dem eine Anwendung installiert und ausgeführt werden kann.</summary>
      <returns>Eine Zeichenfolge, die die Common Language Runtime-Version darstellt.</returns>
    </member>
    <member name="P:System.Deployment.Application.CompatibleFramework.TargetVersion">
      <summary>Gibt die Version von .NET Framework, in dem eine Anwendung installiert und ausgeführt werden kann.</summary>
      <returns>Eine Zeichenfolge, die die Version darstellt.</returns>
    </member>
    <member name="P:System.Deployment.Application.CompatibleFrameworkMissingException.CompatibleFrameworks">
      <summary>Ruft eine Liste der .NET Framework-Versionen, in denen diese Anwendung installiert und ausgeführt werden kann.</summary>
      <returns>Eine Liste der .NET Framework-Versionen, in denen diese Anwendung installiert und ausgeführt werden kann.</returns>
    </member>
    <member name="P:System.Deployment.Application.CompatibleFrameworks.Frameworks">
      <summary>Ruft eine Liste der .NET Framework-Versionen, auf denen diese Anwendung installieren und ausführen kann.</summary>
      <returns>Eine Liste von <see cref="T:System.Deployment.Application.CompatibleFramework" /> -Objekten, die .NET Framework-Versionen angeben, auf dem diese Anwendung installieren und ausführen kann.</returns>
    </member>
    <member name="P:System.Deployment.Application.CompatibleFrameworks.SupportUrl">
      <summary>Ruft eine <see cref="T:System.Uri" /> die gewährt dem Benutzer die Anweisungen für die Installation einer Version von .NET Framework auf dem diese Anwendung installieren und ausführen kann.</summary>
      <returns>Ein <see cref="T:System.Uri" /> das ermöglicht dem Benutzer zur Installation einer Version von .NET Framework auf dem diese Anwendung installieren und ausführen kann.</returns>
    </member>
    <member name="P:System.Deployment.Application.DependentPlatformMissingException.SupportUrl">
      <summary>Ruft einen URI, der angibt, in denen Unterstützung für das aufgetretene Problem gefunden werden kann.</summary>
      <returns>Ein URI, der angibt, in denen Unterstützung für das aufgetretene Problem gefunden werden kann.</returns>
    </member>
    <member name="P:System.Deployment.Application.DeploymentProgressChangedEventArgs.BytesCompleted">
      <summary>Ruft die Anzahl der Bytes, die von diesem Vorgang bereits heruntergeladen.</summary>
      <returns>Eine <see cref="T:System.Int64" /> Darstellung der Daten bereits übertragenen in Bytes.</returns>
    </member>
    <member name="P:System.Deployment.Application.DeploymentProgressChangedEventArgs.BytesTotal">
      <summary>Ruft die Gesamtzahl der Bytes im Downloadvorgang ab.</summary>
      <returns>Eine <see cref="T:System.Int64" /> die Gesamtgröße des Downloads in Bytes darstellt.</returns>
    </member>
    <member name="P:System.Deployment.Application.DeploymentProgressChangedEventArgs.Group">
      <summary>Ruft den Namen der Dateigruppe heruntergeladen werden.</summary>
      <returns>Ein <see cref="T:System.String" /> mit dem Namen der Dateigruppe aus, wenn das Ereignis aufgetreten, als Ergebnis eines Aufrufs von ist <see cref="Overload:System.Deployment.Application.ApplicationDeployment.DownloadFileGroupAsync" />ist, andernfalls eine leere Zeichenfolge.</returns>
    </member>
    <member name="P:System.Deployment.Application.DeploymentProgressChangedEventArgs.State">
      <summary>Ruft die Aktion ab, der der Prozess derzeit ausgeführt wird.</summary>
      <returns>Ein <see cref="T:System.Deployment.Application.DeploymentProgressState" /> Wert, der angibt, welches Element oder welche Elemente der Vorgang gerade herunterlädt.</returns>
    </member>
    <member name="P:System.Deployment.Application.DownloadApplicationCompletedEventArgs.LogFilePath">
      <summary>Ruft den Pfad der ClickOnce-Protokolldatei.</summary>
      <returns>Der Pfad der ClickOnce-Protokolldatei.</returns>
    </member>
    <member name="P:System.Deployment.Application.DownloadApplicationCompletedEventArgs.ShortcutAppId">
      <summary>Ruft den Inhalt einer .appref-ms-Datei, die diese ClickOnce-Anwendung starten kann.</summary>
      <returns>Der Inhalt einer .appref-ms-Datei.</returns>
    </member>
    <member name="P:System.Deployment.Application.DownloadFileGroupCompletedEventArgs.Group">
      <summary>Ruft den Namen der Dateigruppe heruntergeladen werden.</summary>
      <returns>Ein <see cref="T:System.String" /> das den Namen der Dateigruppe darstellt.</returns>
    </member>
    <member name="P:System.Deployment.Application.DownloadProgressChangedEventArgs.BytesDownloaded">
      <summary>Ruft die Anzahl der Bytes, die auf dem lokalen Computer heruntergeladen.</summary>
      <returns>Ein <see cref="T:System.Int64" /> der die Anzahl der heruntergeladenen Bytes.</returns>
    </member>
    <member name="P:System.Deployment.Application.DownloadProgressChangedEventArgs.State">
      <summary>Ruft den Fortschrittszustand des Downloads.</summary>
      <returns>Ein <see cref="T:System.Deployment.Application.DeploymentProgressState" /> Wert, der beschreibt, welcher Teil der ClickOnce-Anwendung heruntergeladen wird.</returns>
    </member>
    <member name="P:System.Deployment.Application.DownloadProgressChangedEventArgs.TotalBytesToDownload">
      <summary>Ruft die Gesamtanzahl der Bytes für den Downloadvorgang ab.</summary>
      <returns>Eine <see cref="T:System.Int64" /> die Gesamtgröße des Downloads in Bytes darstellt.</returns>
    </member>
    <member name="P:System.Deployment.Application.GetManifestCompletedEventArgs.ActivationContext">
      <summary>Ruft den Kontext für die aktuelle ClickOnce Anwendung.</summary>
      <returns>Ein <see cref="T:System.ActivationContext" /> Objekt, das den Kontext für die aktuelle Anwendung darstellt.</returns>
    </member>
    <member name="P:System.Deployment.Application.GetManifestCompletedEventArgs.ApplicationIdentity">
      <summary>Ruft eine Beschreibung der ClickOnce Anwendung.</summary>
      <returns>Ein <see cref="T:System.ApplicationIdentity" />-Objekt.</returns>
    </member>
    <member name="P:System.Deployment.Application.GetManifestCompletedEventArgs.ApplicationManifest">
      <summary>Ruft die ClickOnce Anwendungsmanifest für diese Bereitstellung.</summary>
      <returns>Ein <see cref="T:System.Xml.XmlReader" /> der das Anwendungsmanifest darstellt.</returns>
    </member>
    <member name="P:System.Deployment.Application.GetManifestCompletedEventArgs.DeploymentManifest">
      <summary>Ruft die ClickOnce Bereitstellungsmanifest für diese Bereitstellung.</summary>
      <returns>Ein <see cref="T:System.Xml.XmlReader" /> der das Bereitstellungsmanifest darstellt.</returns>
    </member>
    <member name="P:System.Deployment.Application.GetManifestCompletedEventArgs.IsCached">
      <summary>Ruft einen Wert, der angibt, ob dies ClickOnce Anwendung zwischengespeichert wird.</summary>
      <returns>true Wenn die Anwendung zwischengespeichert wird; andernfalls false.</returns>
    </member>
    <member name="P:System.Deployment.Application.GetManifestCompletedEventArgs.LogFilePath">
      <summary>Ruft den Speicherort der ClickOnce -Fehlerprotokoll.</summary>
      <returns>Ein <see cref="T:System.String" /> mit der ClickOnce -Fehlerprotokoll.</returns>
    </member>
    <member name="P:System.Deployment.Application.GetManifestCompletedEventArgs.ProductName">
      <summary>Ruft den Namen der ClickOnce Anwendung.</summary>
      <returns>Ein <see cref="T:System.String" /> der Produktname der darstellt die ClickOnce Anwendung, der in den Assemblymetadaten der zentralen ausführbaren Datei der Anwendung gespeichert.</returns>
    </member>
    <member name="P:System.Deployment.Application.GetManifestCompletedEventArgs.SubscriptionIdentity">
      <summary>Ruft eine Zeichenfolge, die das Abonnement ab.</summary>
      <returns>Eine Zeichenfolge mit Informationen zum Identifizieren des Abonnements.</returns>
    </member>
    <member name="P:System.Deployment.Application.GetManifestCompletedEventArgs.SupportUri">
      <summary>Ruft der Speicherort der Webseite Benutzern besuchen kann, um technischen Support zu erhalten die ClickOnce Anwendung.</summary>
      <returns>Ein <see cref="T:System.Uri" /> mit dem Wert finden Sie in der supportUrl Attribut für des Bereitstellungsmanifests &lt;description&gt; Tag. Weitere Informationen finden Sie unter ClickOnce Deployment Manifest.</returns>
    </member>
    <member name="P:System.Deployment.Application.GetManifestCompletedEventArgs.Version">
      <summary>Ruft die Version des Updates für die ClickOnce Anwendung.</summary>
      <returns>Ein <see cref="T:System.Version" /> die im heruntergeladenen Manifest enthaltene Versionsnummer darstellt.</returns>
    </member>
    <member name="P:System.Deployment.Application.SupportedRuntimeMissingException.SupportedRuntimeVersion">
      <summary>Ruft die Version der Laufzeit, in denen diese Anwendung installiert und ausgeführt werden kann.</summary>
      <returns>Eine Zeichenfolge, die die Versionsnummer der Common Language Runtime enthält.</returns>
    </member>
    <member name="P:System.Deployment.Application.UpdateCheckInfo.AvailableVersion">
      <summary>Ruft die Versionsnummer der letzten deinstallierten Version ab.</summary>
      <returns>Die <see cref="T:System.Version" /> gibt Haupt- und Nebenversion, Build und Revision der die neueste Version.</returns>
    </member>
    <member name="P:System.Deployment.Application.UpdateCheckInfo.IsUpdateRequired">
      <summary>Ruft einen Wert, der angibt, ob das Update installiert werden muss.</summary>
      <returns>true Wenn das Update erforderlich ist. andernfalls false.</returns>
    </member>
    <member name="P:System.Deployment.Application.UpdateCheckInfo.MinimumRequiredVersion">
      <summary>Ruft die minimale Version, die der Benutzer auf dem Computer installiert haben muss.</summary>
      <returns>Ein <see cref="T:System.Version" /> Ausdrücken mindestens Version, die der Benutzer installieren müssen.</returns>
      <exception cref="T:System.InvalidOperationException">Es ist keine neue Version zum Installieren verfügbar.</exception>
    </member>
    <member name="P:System.Deployment.Application.UpdateCheckInfo.UpdateAvailable">
      <summary>Ruft ab, ob ein Update verfügbar ist.</summary>
      <returns>true Wenn die neue Version der Anwendung verfügbar ist. andernfalls false.</returns>
    </member>
    <member name="P:System.Deployment.Application.UpdateCheckInfo.UpdateSizeBytes">
      <summary>Ruft die Größe des verfügbaren Updates.</summary>
      <returns>Eine <see cref="T:System.Int64" /> die die Größe des verfügbaren Updates in Bytes beschreibt. Wenn kein Update verfügbar ist, gibt 0 zurück.</returns>
    </member>
    <member name="T:System.Deployment.Application.ApplicationDeployment">
      <summary>Unterstützt programmgesteuerte Updates der aktuellen Bereitstellung und behandelt bedarfsabhängige Herunterladen von Dateien. Diese Klasse kann nicht vererbt werden.</summary>
    </member>
    <member name="T:System.Deployment.Application.CheckForUpdateCompletedEventArgs">
      <summary>Stellt ausführliche Informationen erhalten durch einen Aufruf von <see cref="M:System.Deployment.Application.ApplicationDeployment.CheckForUpdateAsync" />.</summary>
    </member>
    <member name="T:System.Deployment.Application.CheckForUpdateCompletedEventHandler">
      <summary>Stellt die Methode für die Behandlung der <see cref="E:System.Deployment.Application.ApplicationDeployment.CheckForUpdateCompleted" /> -Ereignis einer <see cref="T:System.Deployment.Application.ApplicationDeployment" />.</summary>
      <param name="sender">Die Quelle des Ereignisses.</param>
      <param name="e">Ein <see cref="T:System.Deployment.Application.CheckForUpdateCompletedEventArgs" />, das die Ereignisdaten enthält.</param>
    </member>
    <member name="T:System.Deployment.Application.CompatibleFramework">
      <summary>Stellt eine Version von .NET Framework, in dem eine Anwendung installiert und ausgeführt werden kann.</summary>
    </member>
    <member name="T:System.Deployment.Application.CompatibleFrameworkMissingException">
      <summary>Diese Ausnahme wird ausgelöst, wenn eine Version von .NET Framework, die mit dieser Anwendung kompatibel ist, nicht gefunden werden kann.</summary>
    </member>
    <member name="T:System.Deployment.Application.CompatibleFrameworks">
      <summary>Ausführliche Informationen zu den Versionen von .NET Framework auf dem diese Anwendung installiert und ausgeführt werden kann.</summary>
    </member>
    <member name="T:System.Deployment.Application.DependentPlatformMissingException">
      <summary>Diese Ausnahme wird ausgelöst, wenn die plattformabhängigkeit während der Aktivierung von ClickOnce-Bereitstellung und die Bereitstellung nicht gefunden wird, wird nicht ausgeführt.</summary>
    </member>
    <member name="T:System.Deployment.Application.DeploymentDownloadException">
      <summary>Gibt an, dass Fehler bei der Herunterladen der ClickOnce Manifesten oder Bereitstellungsdateien auf den Clientcomputer.</summary>
    </member>
    <member name="T:System.Deployment.Application.DeploymentException">
      <summary>Definiert eine Basisklasse für alle bereitstellungsbezogenen Ausnahmen.</summary>
    </member>
    <member name="T:System.Deployment.Application.DeploymentProgressChangedEventArgs">
      <summary>Stellt in einer asynchronen Operation gemeldete Fortschrittsdaten dar.</summary>
    </member>
    <member name="T:System.Deployment.Application.DeploymentProgressChangedEventHandler">
      <summary>Stellt die Methode zur Behandlung der <see cref="E:System.Deployment.Application.ApplicationDeployment.CheckForUpdateProgressChanged" /> Ereignis <see cref="E:System.Deployment.Application.ApplicationDeployment.UpdateProgressChanged" /> Ereignis oder <see cref="E:System.Deployment.Application.ApplicationDeployment.DownloadFileGroupProgressChanged" /> -Ereignis einer <see cref="T:System.Deployment.Application.ApplicationDeployment" />.</summary>
      <param name="sender">Die Quelle des Ereignisses.</param>
      <param name="e">Ein <see cref="T:System.Deployment.Application.DeploymentProgressChangedEventArgs" />, das die Ereignisdaten enthält.</param>
    </member>
    <member name="T:System.Deployment.Application.DeploymentProgressState">
      <summary>Gibt die aktuelle Phase von einer ClickOnce Downloadvorgang.</summary>
    </member>
    <member name="F:System.Deployment.Application.DeploymentProgressState.DownloadingDeploymentInformation">
      <summary>ClickOnce Lädt das Bereitstellungsmanifest herunter.</summary>
    </member>
    <member name="F:System.Deployment.Application.DeploymentProgressState.DownloadingApplicationInformation">
      <summary>ClickOnce Lädt das Anwendungsmanifest herunter.</summary>
    </member>
    <member name="F:System.Deployment.Application.DeploymentProgressState.DownloadingApplicationFiles">
      <summary>ClickOnce die DLLs und Dateien heruntergeladen, die sich die Anwendung zusammensetzt.</summary>
    </member>
    <member name="T:System.Deployment.Application.DeploymentServiceCom">
      <summary>Interne Dienste für die ClickOnce API-Bereitstellung.</summary>
    </member>
    <member name="T:System.Deployment.Application.DownloadApplicationCompletedEventArgs">
      <summary>Stellt Daten für das <see cref="E:System.Deployment.Application.InPlaceHostingManager.DownloadApplicationCompleted" />-Ereignis bereit.</summary>
    </member>
    <member name="T:System.Deployment.Application.DownloadFileGroupCompletedEventArgs">
      <summary>Beschreibt einen Dateidownload, der vor kurzem abgeschlossen wurde.</summary>
    </member>
    <member name="T:System.Deployment.Application.DownloadFileGroupCompletedEventHandler">
      <summary>Stellt die Methode für die Behandlung der <see cref="E:System.Deployment.Application.ApplicationDeployment.DownloadFileGroupCompleted" /> -Ereignis einer <see cref="T:System.Deployment.Application.ApplicationDeployment" />.</summary>
      <param name="sender">Die Quelle des Ereignisses.</param>
      <param name="e">Ein <see cref="T:System.Deployment.Application.DownloadFileGroupCompletedEventArgs" />, das die Ereignisdaten enthält.</param>
    </member>
    <member name="T:System.Deployment.Application.DownloadProgressChangedEventArgs">
      <summary>Stellt Daten für das <see cref="E:System.Deployment.Application.InPlaceHostingManager.DownloadProgressChanged" />-Ereignis bereit.</summary>
    </member>
    <member name="T:System.Deployment.Application.GetManifestCompletedEventArgs">
      <summary>Stellt Daten für das <see cref="E:System.Deployment.Application.InPlaceHostingManager.GetManifestCompleted" /> -Ereignis <see cref="T:System.Deployment.Application.InPlaceHostingManager" />.</summary>
    </member>
    <member name="T:System.Deployment.Application.InPlaceHostingManager">
      <summary>Installieren oder Aktualisieren einer ClickOnce Bereitstellung auf einem Computer.</summary>
    </member>
    <member name="T:System.Deployment.Application.InvalidDeploymentException">
      <summary>Gibt an, dass ClickOnce Manifeste für die Bereitstellung oder die Anwendung konnte nicht gelesen werden.</summary>
    </member>
    <member name="T:System.Deployment.Application.SupportedRuntimeMissingException">
      <summary>Diese Ausnahme wird ausgelöst, wenn eine Common Language Runtime-Version, die mit dieser Anwendung kompatibel ist, nicht gefunden werden kann.</summary>
    </member>
    <member name="T:System.Deployment.Application.TrustNotGrantedException">
      <summary>Gibt an, dass die Anwendung nicht die entsprechende Ebene der Vertrauenswürdigkeit auf dem lokalen Computer ausführen.</summary>
    </member>
    <member name="T:System.Deployment.Application.UpdateCheckInfo">
      <summary>Stellt ausführliche Informationen erhalten durch einen Aufruf von <see cref="M:System.Deployment.Application.ApplicationDeployment.CheckForDetailedUpdate" />.</summary>
    </member>
    <member name="T:System.Deployment.Internal.CodeSigning.RSAPKCS1SHA256SignatureDescription">
      <summary>Erstellt <see cref="T:System.Security.Cryptography.RSAPKCS1SignatureFormatter" /> und <see cref="T:System.Security.Cryptography.RSAPKCS1SignatureDeformatter" /> Objekte.</summary>
    </member>
  </members>
</doc>