﻿<?xml version="1.0" encoding="utf-8"?>
<doc>
  <assembly>
    <name>System.AddIn</name>
  </assembly>
  <members>
    <member name="E:System.AddIn.Hosting.AddInProcess.ShuttingDown">
      <summary>Tritt auf, wenn der Prozess dargestellt die <see cref="T:System.AddIn.Hosting.AddInProcess" /> Objekt ist, beendet werden.</summary>
    </member>
    <member name="M:System.AddIn.AddInAttribute.#ctor(System.String)">
      <summary>Initialisiert eine neue Instanz der <see cref="T:System.AddIn.AddInAttribute" />-Klasse.</summary>
      <param name="name">Der Name des Add-Ins.</param>
      <exception cref="T:System.ArgumentException">
        <paramref name="name" /> ist eine Zeichenfolge der Länge 0 (null).</exception>
      <exception cref="T:System.ArgumentNullException">
        <paramref name="name" /> ist null.</exception>
    </member>
    <member name="M:System.AddIn.Hosting.AddInController.GetAddInController(System.Object)">
      <summary>Ruft den Controller für ein Add-in ab.</summary>
      <param name="addIn">Die Hostansicht des Add-Ins.</param>
      <returns>Der Controller für das Add-in.</returns>
    </member>
    <member name="M:System.AddIn.Hosting.AddInController.Shutdown">
      <summary>Deaktiviert ein Add-in.</summary>
    </member>
    <member name="M:System.AddIn.Hosting.AddInEnvironment.#ctor(System.AppDomain)">
      <summary>Initialisiert eine neue Instanz der <see cref="T:System.AddIn.Hosting.AddInEnvironment" />-Klasse.</summary>
      <param name="appDomain">Die Anwendungsdomäne, die das Add-In enthält.</param>
      <exception cref="T:System.ArgumentNullException">
        <paramref name="appDomain" /> ist null.</exception>
      <exception cref="T:System.Security.SecurityException">Volle Vertrauenswürdigkeit erforderlich ist. Ein Aufrufer in der Aufrufkette verfügt nicht über ausreichende Berechtigung.</exception>
    </member>
    <member name="M:System.AddIn.Hosting.AddInProcess.#ctor">
      <summary>Initialisiert eine neue Instanz der <see cref="T:System.AddIn.Hosting.AddInProcess" />-Klasse.</summary>
    </member>
    <member name="M:System.AddIn.Hosting.AddInProcess.#ctor(System.AddIn.Hosting.Platform)">
      <summary>Initialisiert eine neue Instanz der <see cref="T:System.AddIn.Hosting.AddInProcess" /> -Klasse, gibt die Bits pro Wort des Prozesses, in dem das Add-In ausgeführt wird.</summary>
      <param name="platform">Ein Wert, der die Bits pro Wort des Prozesses angibt, der das Add-In ausgeführt wird.</param>
      <exception cref="T:System.InvalidOperationException">Der Registrierungseintrag für den Pfad zur ausführbaren Datei (AddInProcess.exe oder AddInProcess32.exe) ist nicht vorhanden.- oder - Die ausführbare Datei ist nicht vorhanden.</exception>
    </member>
    <member name="M:System.AddIn.Hosting.AddInProcess.Shutdown">
      <summary>Erzwingt das Beenden des externen Prozesses.</summary>
      <returns>true Wenn der externe Prozess ausgeführt und wurde erfolgreich beendet; false Wenn kein aktiver Prozess zugeordnet ist die <see cref="T:System.AddIn.Hosting.AddInProcess" />.</returns>
      <exception cref="T:System.InvalidOperationException">Das Add-In wird ausgeführten prozessintern mit der hostanwendung. Starten und Beenden des Prozesses ist nur für externe Prozesse und nicht für den Hostprozess zulässig.</exception>
    </member>
    <member name="M:System.AddIn.Hosting.AddInProcess.Start">
      <summary>Der externe Prozess gestartet.</summary>
      <returns>true Wenn der Prozess erfolgreich gestartet wurde. false wenn der Prozess bereits ausgeführt wird.</returns>
      <exception cref="T:System.InvalidOperationException">Das Add-In wird ausgeführten prozessintern mit der hostanwendung. Starten und Beenden des Prozesses ist nur für externe Prozesse und nicht für den Hostprozess zulässig.</exception>
    </member>
    <member name="M:System.AddIn.Hosting.AddInSegmentDirectoryNotFoundException.#ctor">
      <summary>Initialisiert eine neue Instanz der <see cref="T:System.AddIn.Hosting.AddInSegmentDirectoryNotFoundException" />-Klasse.</summary>
    </member>
    <member name="M:System.AddIn.Hosting.AddInSegmentDirectoryNotFoundException.#ctor(System.Runtime.Serialization.SerializationInfo,System.Runtime.Serialization.StreamingContext)">
      <summary>Initialisiert eine neue Instanz der <see cref="T:System.AddIn.Hosting.AddInSegmentDirectoryNotFoundException" /> -Klasse mit Serialisierungsdaten.</summary>
      <param name="info">Das Objekt, das die Daten des serialisierten Objekts enthält.</param>
      <param name="context">Die Kontextinformationen über die Quelle oder Ziel-Objekt.</param>
    </member>
    <member name="M:System.AddIn.Hosting.AddInSegmentDirectoryNotFoundException.#ctor(System.String)">
      <summary>Initialisiert eine neue Instanz der <see cref="T:System.AddIn.Hosting.AddInSegmentDirectoryNotFoundException" /> -Klasse mit einer angegebenen Meldung.</summary>
      <param name="message">Eine Meldung mit einer Beschreibung des Fehlers.</param>
    </member>
    <member name="M:System.AddIn.Hosting.AddInSegmentDirectoryNotFoundException.#ctor(System.String,System.Exception)">
      <summary>Initialisiert eine neue Instanz der <see cref="T:System.AddIn.Hosting.AddInSegmentDirectoryNotFoundException" />-Klasse mit einer angegebenen Fehlermeldung und einem Verweis auf die innere Ausnahme, die diese Ausnahme ausgelöst hat.</summary>
      <param name="message">Eine Meldung mit einer Beschreibung des Fehlers.</param>
      <param name="innerException">Die Ausnahme, die die Ursache der aktuellen Ausnahme ist. Wenn der <paramref name="innerException" /> Parameter ist kein null-Verweis, der die aktuelle Ausnahme wird ausgelöst, in einem Catch-Block, der die innere Ausnahme behandelt.</param>
    </member>
    <member name="M:System.AddIn.Hosting.AddInStore.FindAddIn(System.Type,System.String,System.String,System.String)">
      <summary>Sucht ein bestimmtes Add-in.</summary>
      <param name="hostViewOfAddIn">Der Typ, der die Hostansicht des Add-Ins definiert.</param>
      <param name="pipelineRootFolderPath">Der Pfad zum Stamm der Pipelineverzeichnisstruktur.</param>
      <param name="addInFilePath">Der Pfad und der Name der das Add-in zu suchen.</param>
      <param name="addInTypeName">Der Name des Add-Ins.</param>
      <returns>Eine Auflistung von Token, die enthält nur das Token, die das Add-in, das gefunden wurde, darstellt.</returns>
      <exception cref="T:System.ArgumentException">Die Länge des <paramref name="pipelineRootFolderPath" /> oder <paramref name="addInFilePath" /> oder <paramref name="addInTypeName" /> ist 0.- oder -Die Add-in Datei ist nicht vorhanden, <paramref name="addInfilePath" />.</exception>
      <exception cref="T:System.ArgumentNullException">Ein oder mehrere Parameter sind null.</exception>
      <exception cref="T:System.Security.SecurityException">Der Aufrufer verfügt nicht über Lesezugriff auf die Berechtigung zum <paramref name="pipelineRootFolderPath" />.</exception>
    </member>
    <member name="M:System.AddIn.Hosting.AddInStore.FindAddIns(System.Type,System.AddIn.Hosting.PipelineStoreLocation)">
      <summary>Sucht alle Add-Ins für eine angegebene Hostansicht für das Add-in an einem Ort, angegeben durch die <see cref="T:System.AddIn.Hosting.PipelineStoreLocation" /> -Enumerationswert.</summary>
      <param name="hostViewOfAddIn">Der Typ, der die Hostansicht des Add-Ins definiert.</param>
      <param name="location">Basisverzeichnis für die Host-Anwendung.</param>
      <returns>Eine Auflistung von Token, die Add-Ins darstellen, die gefunden wurden.</returns>
      <exception cref="T:System.AddIn.Hosting.InvalidPipelineStoreException">Es ist eine Verletzung der Pipeline-Verzeichnisstruktur.</exception>
      <exception cref="T:System.ArgumentException">
        <paramref name="location" /> ist ein ungültiger <see cref="T:System.AddIn.Hosting.PipelineStoreLocation" /> Wert.</exception>
    </member>
    <member name="M:System.AddIn.Hosting.AddInStore.FindAddIns(System.Type,System.AddIn.Hosting.PipelineStoreLocation,System.String[])">
      <summary>Sucht alle Add-Ins für eine angegebene Hostansicht des Add-in-am angegebenen Speicherort eine <see cref="T:System.AddIn.Hosting.PipelineStoreLocation" /> Wert und einem optionalen Add-in-Ordner.</summary>
      <param name="hostViewOfAddIn">Der Typ, der die Hostansicht des Add-Ins definiert.</param>
      <param name="location">Einer der Enumerationswerte.Derzeit ist der einzige Wert in dieser Enumeration von angegebene Verzeichnis der <see cref="P:System.AppDomainSetup.ApplicationBase" />  -Eigenschaft, die mit der Anwendungsdomäne des Hosts eingerichtet wurde.</param>
      <param name="addInFolderPaths">(Optional) Der Pfad des Verzeichnisses, das ein oder mehrere Unterverzeichnisse von Add-Ins enthält. Da dieser Parameter ein Array von Zeichenfolgen akzeptiert, können Sie mehrere Pfade angeben.Dieser Parameter ist nicht erforderlich, wenn Ihre Add-Ins in der Pipelineverzeichnisstruktur im Ordner AddIns befinden.</param>
      <returns>Eine Auflistung von Token, die Add-Ins darstellen, die gefunden wurden.</returns>
      <exception cref="T:System.AddIn.Hosting.InvalidPipelineStoreException">Es ist eine Verletzung der Pipeline-Verzeichnisstruktur.</exception>
      <exception cref="T:System.ArgumentException">
        <paramref name="location" /> ist ein ungültiger <see cref="T:System.AddIn.Hosting.PipelineStoreLocation" /> Wert.</exception>
    </member>
    <member name="M:System.AddIn.Hosting.AddInStore.FindAddIns(System.Type,System.String,System.String[])">
      <summary>Sucht alle Add-Ins für eine angegebene Hostansicht für das Add-in aus einem angegebenen Stammverzeichnis.</summary>
      <param name="hostViewOfAddIn">Der Typ, der die Hostansicht des Add-Ins definiert.</param>
      <param name="pipelineRootFolderPath">Der Pfad zum Stamm der Pipelineverzeichnisstruktur.</param>
      <param name="addInFolderPaths">(Optional) Der Pfad des Verzeichnisses, das ein oder mehrere Unterverzeichnisse von Add-Ins enthält. Da dieser Parameter ein Array von Zeichenfolgen akzeptiert, können Sie mehrere Pfade angeben.Dieser Parameter ist nicht erforderlich, wenn Ihre Add-Ins in der Pipelineverzeichnisstruktur im Ordner AddIns befinden.</param>
      <returns>Eine Auflistung von Token, die Add-Ins darstellen, die gefunden wurden.</returns>
      <exception cref="T:System.AddIn.Hosting.InvalidPipelineStoreException">Es ist eine Verletzung der Pipeline-Verzeichnisstruktur.</exception>
    </member>
    <member name="M:System.AddIn.Hosting.AddInStore.Rebuild(System.AddIn.Hosting.PipelineStoreLocation)">
      <summary>Erstellt den Pipelinesegmentcache neu und schließt neue Segmente am angegebenen Speicherort eine <see cref="T:System.AddIn.Hosting.PipelineStoreLocation" /> Wert.</summary>
      <param name="location">Einer der Enumerationswerte.Derzeit ist der einzige Wert in dieser Enumeration von angegebene Verzeichnis der <see cref="P:System.AppDomainSetup.ApplicationBase" />  -Eigenschaft, die mit der Anwendungsdomäne des Hosts eingerichtet wurde.</param>
      <returns>Eine Auflistung von Zeichenfolgen, die Warnungen beschreiben, wie die Pipelinesegmente ausgewertet werden.</returns>
      <exception cref="T:System.AddIn.Hosting.AddInSegmentDirectoryNotFoundException">Ein Segmentverzeichnis fehlt in der Pipelineverzeichnisstruktur zur Verfügung.</exception>
      <exception cref="T:System.AddIn.Hosting.InvalidPipelineStoreException">Es ist eine Verletzung der Pipeline-Verzeichnisstruktur.</exception>
      <exception cref="T:System.ArgumentException">
        <paramref name="location" /> ist ein ungültiger <see cref="T:System.AddIn.Hosting.PipelineStoreLocation" /> Wert.</exception>
    </member>
    <member name="M:System.AddIn.Hosting.AddInStore.Rebuild(System.String)">
      <summary>Erstellt den Pipelinesegmentcache neu und schließt neue Segmente aus einem angegebenen Stammverzeichnis.</summary>
      <param name="pipelineRootFolderPath">Der Pfad zum Stamm der Pipelineverzeichnisstruktur.</param>
      <returns>Eine Auflistung von Zeichenfolgen, die Warnungen beschreiben, wie die Pipelinesegmente ausgewertet werden.</returns>
      <exception cref="T:System.AddIn.Hosting.AddInSegmentDirectoryNotFoundException">Ein Segmentverzeichnis fehlt in der Pipelineverzeichnisstruktur zur Verfügung.</exception>
      <exception cref="T:System.AddIn.Hosting.InvalidPipelineStoreException">Es ist eine Verletzung der Pipeline-Verzeichnisstruktur.</exception>
    </member>
    <member name="M:System.AddIn.Hosting.AddInStore.RebuildAddIns(System.String)">
      <summary>Erstellt den Add-in-Cache neu und schließt neue Add-Ins aus einem angegebenen Stammverzeichnis.</summary>
      <param name="addInsFolderPath">Der Pfad des Verzeichnisses, das ein oder mehrere Unterverzeichnisse von Add-Ins enthält.</param>
      <returns>Eine Auflistung von Zeichenfolgen, die Warnungen beschreiben, wie die Pipelinesegmente ausgewertet werden.</returns>
      <exception cref="T:System.AddIn.Hosting.AddInSegmentDirectoryNotFoundException">Ein Segmentverzeichnis fehlt in der Pipelineverzeichnisstruktur zur Verfügung.</exception>
      <exception cref="T:System.AddIn.Hosting.InvalidPipelineStoreException">Es ist eine Verletzung der Pipeline-Verzeichnisstruktur.</exception>
      <exception cref="T:System.ArgumentNullException">
        <paramref name="addInsFolderPath" /> ist null.</exception>
      <exception cref="T:System.Security.SecurityException">Aufrufer verfügt nicht über Lese-und Schreibzugriff auf den Speicherort der von angegebenen <paramref name="addInsFolderPath" />.</exception>
    </member>
    <member name="M:System.AddIn.Hosting.AddInStore.Update(System.AddIn.Hosting.PipelineStoreLocation)">
      <summary>Updates den Pipelinesegmentcache mit neuen Segmenten am angegebenen Speicherort eine <see cref="T:System.AddIn.Hosting.PipelineStoreLocation" /> Wert.</summary>
      <param name="location">Einer der Enumerationswerte.Derzeit ist der einzige Wert in dieser Enumeration das Verzeichnis gemäß der <see cref="P:System.AppDomainSetup.ApplicationBase" />  -Eigenschaft, die mit der Anwendungsdomäne des Hosts eingerichtet wurde.</param>
      <returns>Eine Auflistung von Zeichenfolgen, die Warnungen beschreiben, wie die Pipelinesegmente ausgewertet werden.</returns>
      <exception cref="T:System.AddIn.Hosting.AddInSegmentDirectoryNotFoundException">Ein Segmentverzeichnis fehlt in der Pipelineverzeichnisstruktur zur Verfügung.</exception>
      <exception cref="T:System.AddIn.Hosting.InvalidPipelineStoreException">Es ist eine Verletzung der Pipeline-Verzeichnisstruktur.</exception>
      <exception cref="T:System.ArgumentException">
        <paramref name="location" /> ist ein ungültiger <see cref="T:System.AddIn.Hosting.PipelineStoreLocation" /> Wert.</exception>
    </member>
    <member name="M:System.AddIn.Hosting.AddInStore.Update(System.String)">
      <summary>Aktualisiert den Pipelinesegmentcache mit neuen Segmenten aus einem angegebenen Stammverzeichnis.</summary>
      <param name="pipelineRootFolderPath">Der Pfad zum Stamm der Pipelineverzeichnisstruktur.</param>
      <returns>Eine Auflistung von Zeichenfolgen, die Warnungen beschreiben, wie die Pipelinesegmente ausgewertet werden.</returns>
      <exception cref="T:System.AddIn.Hosting.AddInSegmentDirectoryNotFoundException">Ein Segmentverzeichnis fehlt in der Pipelineverzeichnisstruktur zur Verfügung.</exception>
      <exception cref="T:System.AddIn.Hosting.InvalidPipelineStoreException">Es ist eine Verletzung der Pipeline-Verzeichnisstruktur.</exception>
    </member>
    <member name="M:System.AddIn.Hosting.AddInStore.UpdateAddIns(System.String)">
      <summary>Aktualisiert den Add-in-Cache und schließt neue Add-Ins an einem angegebenen Speicherort.</summary>
      <param name="addInsFolderPath">Der Pfad des Verzeichnisses, das ein oder mehrere Unterverzeichnisse von Add-Ins enthält.</param>
      <returns>Eine Auflistung von Zeichenfolgen, die Warnungen beschreiben, wie die Pipelinesegmente ausgewertet werden.</returns>
      <exception cref="T:System.AddIn.Hosting.AddInSegmentDirectoryNotFoundException">Ein Segmentverzeichnis fehlt in der Pipelineverzeichnisstruktur zur Verfügung.</exception>
      <exception cref="T:System.AddIn.Hosting.InvalidPipelineStoreException">Es ist eine Verletzung der Pipeline-Verzeichnisstruktur.</exception>
      <exception cref="T:System.ArgumentNullException">
        <paramref name="addInsFolderPath" /> ist null.</exception>
      <exception cref="T:System.Security.SecurityException">Aufrufer verfügt nicht über Lese-und Schreibzugriff auf den Speicherort der von angegebenen <paramref name="addInsFolderPath" />.</exception>
    </member>
    <member name="M:System.AddIn.Hosting.AddInToken.Activate``1(System.AddIn.Hosting.AddInEnvironment)">
      <summary>Aktiviert ein Add-in in der Umgebung von einem anderen Add-in.</summary>
      <param name="environment">Die Anwendungsdomäne und Prozess, der die ursprüngliche Add-In enthält.</param>
      <typeparam name="T">Die Schnittstelle oder abstrakten Basistyp, der die Hostansicht des Add-Ins darstellt.</typeparam>
      <returns>Die Hostansicht des Add-Ins.</returns>
    </member>
    <member name="M:System.AddIn.Hosting.AddInToken.Activate``1(System.AddIn.Hosting.AddInProcess,System.AddIn.Hosting.AddInSecurityLevel)">
      <summary>Ein Add-in in einem externen Prozess in einer neuen Anwendungsdomäne mit einer angegebenen Vertrauensebene aktiviert.</summary>
      <param name="process">Der externe Prozess, um das Add-in zu aktivieren.</param>
      <param name="level">Einer der Enumerationswerte, der die Vertrauensebene angibt.</param>
      <typeparam name="T">Die Schnittstelle oder abstrakten Basistyp, der die Hostansicht des Add-Ins darstellt.</typeparam>
      <returns>Die Hostansicht des Add-Ins.</returns>
    </member>
    <member name="M:System.AddIn.Hosting.AddInToken.Activate``1(System.AddIn.Hosting.AddInProcess,System.Security.PermissionSet)">
      <summary>Aktiviert ein Add-in in einem externen Prozess in einer neuen Anwendungsdomäne mit einem angegebenen Berechtigungssatz.</summary>
      <param name="process">Der externe Prozess, um das Add-in zu aktivieren.</param>
      <param name="permissionSet">Die erforderliche gewährte Berechtigungssatz für das Add-in.</param>
      <typeparam name="T">Die Schnittstelle oder abstrakten Basistyp, der die Hostansicht des Add-Ins darstellt.</typeparam>
      <returns>Die Hostansicht des Add-Ins.</returns>
    </member>
    <member name="M:System.AddIn.Hosting.AddInToken.Activate``1(System.AddIn.Hosting.AddInSecurityLevel)">
      <summary>Aktiviert ein Add-in mit einer angegebenen Vertrauensebene in einer neuen Anwendungsdomäne.</summary>
      <param name="trustLevel">Einer der Enumerationswerte, der die Vertrauensebene angibt.</param>
      <typeparam name="T">Die Schnittstelle oder abstrakten Basistyp, der die Hostansicht des Add-Ins darstellt.</typeparam>
      <returns>Die Hostansicht des Add-Ins.</returns>
    </member>
    <member name="M:System.AddIn.Hosting.AddInToken.Activate``1(System.AddIn.Hosting.AddInSecurityLevel,System.String)">
      <summary>Aktiviert ein Add-in in einer neuen Anwendungsdomäne mit einem angegebenen Namen und Vertrauenswürdigkeit.</summary>
      <param name="trustLevel">Einer der Enumerationswerte, der die Vertrauensebene angibt.</param>
      <param name="appDomainName">Der angezeigte Name der neuen Anwendungsdomäne zugewiesen werden soll.</param>
      <typeparam name="T">Die Schnittstelle oder abstrakten Basistyp, der die Hostansicht des Add-Ins darstellt.</typeparam>
      <returns>Die Hostansicht des Add-Ins.</returns>
    </member>
    <member name="M:System.AddIn.Hosting.AddInToken.Activate``1(System.AppDomain)">
      <summary>Aktiviert ein Add-in in einer vorhandenen Anwendungsdomäne.</summary>
      <param name="target">Die Anwendungsdomäne, der das Add-In aktiviert werden soll.</param>
      <typeparam name="T">Die Schnittstelle oder abstrakten Basistyp, der die Hostansicht des Add-Ins darstellt.</typeparam>
      <returns>Die Hostansicht des Add-Ins.</returns>
      <exception cref="T:System.Security.SecurityException">Volle Vertrauenswürdigkeit erforderlich ist. Ein Aufrufer in der Aufrufkette verfügt nicht über ausreichende Berechtigung.</exception>
    </member>
    <member name="M:System.AddIn.Hosting.AddInToken.Activate``1(System.Security.PermissionSet)">
      <summary>Aktiviert ein Add-in mit einem angegebenen Berechtigungssatz in einer neuen Anwendungsdomäne.</summary>
      <param name="permissions">Die Berechtigungen für das Add-in.</param>
      <typeparam name="T">Die Schnittstelle oder abstrakten Basistyp, der die Hostansicht des Add-Ins darstellt.</typeparam>
      <returns>Die Hostansicht des Add-Ins.</returns>
      <exception cref="T:System.ArgumentNullException">
        <paramref name="permissions" /> ist null.</exception>
    </member>
    <member name="M:System.AddIn.Hosting.AddInToken.Equals(System.Object)">
      <summary>Bestimmt, ob ein angegebenes Objekt gleich der aktuellen Instanz ist.</summary>
      <param name="obj">Das Objekt, das mit der aktuellen Instanz verglichen werden soll.</param>
      <returns>true Wenn das angegebene Objekt und die aktuelle Instanz gleich sind. andernfalls false.</returns>
    </member>
    <member name="M:System.AddIn.Hosting.AddInToken.GetEnumerator">
      <summary>Gibt einen Enumerator für die Qualifizierungsdaten der Pipelinesegmente, die dieses Token zugeordnet sind.</summary>
      <returns>Ein Enumerator, der verwendet werden kann, um die Qualifizierungsdaten der Pipelinesegmente durchlaufen, die dem aktuellen Token zugeordnet sind.</returns>
    </member>
    <member name="M:System.AddIn.Hosting.AddInToken.GetHashCode">
      <summary>Fungiert als Hashfunktion für ein Token.</summary>
      <returns>Ein Hashcode für das aktuelle Token.</returns>
    </member>
    <member name="M:System.AddIn.Hosting.AddInToken.System#Collections#IEnumerable#GetEnumerator">
      <summary>Gibt einen Enumerator für die Qualifizierungsdaten der Pipelinesegmente, die dieses Token zugeordnet sind.</summary>
      <returns>Ein Enumerator, der verwendet werden kann, um die Qualifizierungsdaten der Pipelinesegmente durchlaufen, die dem aktuellen Token zugeordnet sind.</returns>
    </member>
    <member name="M:System.AddIn.Hosting.AddInToken.ToString">
      <summary>Gibt eine Zeichenfolge, die das Token darstellt.</summary>
      <returns>Eine Zeichenfolge, die das Token darstellt.</returns>
    </member>
    <member name="M:System.AddIn.Hosting.InvalidPipelineStoreException.#ctor">
      <summary>Initialisiert eine neue Instanz der <see cref="T:System.AddIn.Hosting.InvalidPipelineStoreException" />-Klasse.</summary>
    </member>
    <member name="M:System.AddIn.Hosting.InvalidPipelineStoreException.#ctor(System.Runtime.Serialization.SerializationInfo,System.Runtime.Serialization.StreamingContext)">
      <summary>Initialisiert eine neue Instanz der <see cref="T:System.AddIn.Hosting.InvalidPipelineStoreException" /> -Klasse mit Serialisierungs- und Stream-Kontextinformationen.</summary>
      <param name="info">Die Daten des serialisierten Objekts.</param>
      <param name="context">Die Kontextinformationen über die Quelle oder Ziel-Objekt.</param>
    </member>
    <member name="M:System.AddIn.Hosting.InvalidPipelineStoreException.#ctor(System.String)">
      <summary>Initialisiert eine neue Instanz der <see cref="T:System.AddIn.Hosting.InvalidPipelineStoreException" />-Klasse mit der angegebenen Meldung.</summary>
      <param name="message">Eine Beschreibung des Fehlers.</param>
    </member>
    <member name="M:System.AddIn.Hosting.InvalidPipelineStoreException.#ctor(System.String,System.Exception)">
      <summary>Initialisiert eine neue Instanz der der <see cref="T:System.AddIn.Hosting.InvalidPipelineStoreException" /> Klasse mit der angegebenen Meldung und einem Verweis auf die innere Ausnahme, die Ursache dieser Ausnahme ist.</summary>
      <param name="message">Eine Beschreibung des Fehlers.</param>
      <param name="innerException">Die Ausnahme, die die Ursache der aktuellen Ausnahme ist. Wenn der <paramref name="innerException" /> Parameter ist kein null-Verweis, der die aktuelle Ausnahme wird ausgelöst, in einem Catch-Block, der die innere Ausnahme behandelt.</param>
    </member>
    <member name="M:System.AddIn.Hosting.QualificationDataItem.Equals(System.Object)">
      <summary>Bestimmt, ob ein angegebenes Objekt gleich dem aktuellen Qualifikation Datenelement ist.</summary>
      <param name="obj">Das zu vergleichende Objekt.</param>
      <returns>true, wenn <paramref name="obj" /> der aktuellen Instanz entspricht, andernfalls false.</returns>
    </member>
    <member name="M:System.AddIn.Hosting.QualificationDataItem.GetHashCode">
      <summary>Ruft den Hashcode für dieses Datenelement Qualifikation ab.</summary>
      <returns>Der Hashcode.</returns>
    </member>
    <member name="M:System.AddIn.Hosting.QualificationDataItem.op_Equality(System.AddIn.Hosting.QualificationDataItem,System.AddIn.Hosting.QualificationDataItem)">
      <summary>Bestimmt, ob zwei <see cref="T:System.AddIn.Hosting.QualificationDataItem" /> -Strukturen gleich sind.</summary>
      <param name="item1">Der erste zu vergleichende <see cref="T:System.AddIn.Hosting.QualificationDataItem" />.</param>
      <param name="item2">Der zweite zu vergleichende <see cref="T:System.AddIn.Hosting.QualificationDataItem" />.</param>
      <returns>true, wenn <paramref name="item1" /> und <paramref name="item2" /> gleich sind, andernfalls false.</returns>
    </member>
    <member name="M:System.AddIn.Hosting.QualificationDataItem.op_Inequality(System.AddIn.Hosting.QualificationDataItem,System.AddIn.Hosting.QualificationDataItem)">
      <summary>Bestimmt, ob zwei <see cref="T:System.AddIn.Hosting.QualificationDataItem" /> -Strukturen unterschiedlich sind.</summary>
      <param name="item1">Der erste zu vergleichende <see cref="T:System.AddIn.Hosting.QualificationDataItem" />.</param>
      <param name="item2">Der zweite zu vergleichende <see cref="T:System.AddIn.Hosting.QualificationDataItem" />.</param>
      <returns>true, wenn <paramref name="item1" /> und <paramref name="item2" /> ungleich sind, andernfalls false.</returns>
    </member>
    <member name="M:System.AddIn.Pipeline.AddInAdapterAttribute.#ctor">
      <summary>Initialisiert eine neue Instanz der <see cref="T:System.AddIn.Pipeline.AddInAdapterAttribute" />-Klasse.</summary>
    </member>
    <member name="M:System.AddIn.Pipeline.AddInBaseAttribute.#ctor">
      <summary>Initialisiert eine neue Instanz der <see cref="T:System.AddIn.Pipeline.AddInBaseAttribute" />-Klasse.</summary>
    </member>
    <member name="M:System.AddIn.Pipeline.CollectionAdapters.ToIList``1(System.AddIn.Contract.IListContract{``0})">
      <summary>Konvertiert das angegebene <see cref="T:System.AddIn.Contract.IListContract`1" /> -Auflistung, um eine <see cref="T:System.Collections.Generic.IList`1" /> Auflistung.</summary>
      <param name="collection">Die Auflistung von der anderen Seite der Pipeline.</param>
      <typeparam name="T">Der Typ der Objekte, die in der Liste enthalten sind.<paramref name="T" /> muss serialisierbar sein.</typeparam>
      <returns>Die konvertierte Auflistung.</returns>
    </member>
    <member name="M:System.AddIn.Pipeline.CollectionAdapters.ToIList``2(System.AddIn.Contract.IListContract{``0},System.Converter{``0,``1},System.Converter{``1,``0})">
      <summary>Konvertiert eine angegebene <see cref="T:System.AddIn.Contract.IListContract`1" /> -Auflistung, um eine <see cref="T:System.Collections.Generic.IList`1" /> Auflistung mit Konverteradaptern für.</summary>
      <param name="collection">Die Auflistung, auf die andere Seite der Pipeline übergeben.</param>
      <param name="contractViewAdapter">Ein Konverter, der die Daten aus den in der Vertrag, der erwartete Typ in der Ansicht definierten Typ passt.</param>
      <param name="viewContractAdapter">Ein Konverter, der die Daten des Typs definiert, die in der Ansicht in den Typ, der vom Vertrag erwartet wird.</param>
      <typeparam name="TView">Der Typ, der die Ansicht der Objekte in der Liste definiert.</typeparam>
      <typeparam name="TContract">Der Typ, der den Vertrag für die Übergabe von Objekten des Typs definiert <paramref name="TView" /> der Isolierungsgrenze.</typeparam>
      <returns>Die konvertierte Auflistung.</returns>
    </member>
    <member name="M:System.AddIn.Pipeline.CollectionAdapters.ToIListContract``1(System.Collections.Generic.IList{``0})">
      <summary>Konvertiert eine angegebene <see cref="T:System.Collections.Generic.IList`1" /> -Auflistung, um eine <see cref="T:System.AddIn.Contract.IListContract`1" /> Auflistung.</summary>
      <param name="collection">Die zu konvertierende Auflistung.</param>
      <typeparam name="T">Der Typ der Objekte, die in der Liste enthalten sind.<paramref name="T" /> muss serialisierbar sein.</typeparam>
      <returns>Die konvertierte Auflistung.</returns>
    </member>
    <member name="M:System.AddIn.Pipeline.CollectionAdapters.ToIListContract``2(System.Collections.Generic.IList{``0},System.Converter{``0,``1},System.Converter{``1,``0})">
      <summary>Konvertiert eine angegebene <see cref="T:System.Collections.Generic.IList`1" /> -Auflistung, um eine <see cref="T:System.AddIn.Contract.IListContract`1" /> Auflistung mit Konverteradaptern für.</summary>
      <param name="collection">Die zu konvertierende Auflistung.</param>
      <param name="viewContractAdapter">Ein Konverter, der die Daten des Typs definiert, die in der Ansicht in den Typ, der vom Vertrag erwartet wird.</param>
      <param name="contractViewAdapter">Ein Konverter, der die Daten aus den in der Vertrag, der erwartete Typ in der Ansicht definierten Typ passt.</param>
      <typeparam name="TView">Der Typ, der die Ansicht der Objekte in der Liste definiert.</typeparam>
      <typeparam name="TContract">Der Typ, der den Vertrag für die Übergabe von Objekten des Typs definiert <paramref name="TView" /> der Isolierungsgrenze.</typeparam>
      <returns>Die konvertierte Auflistung.</returns>
    </member>
    <member name="M:System.AddIn.Pipeline.ContractAdapter.ContractToViewAdapter``1(System.AddIn.Pipeline.ContractHandle,System.AddIn.Hosting.PipelineStoreLocation)">
      <summary>Ruft eine Hostansicht für ein Add-in ab, wenn ein entsprechender hostseitiger Adapter an durch einen Wert vom angegebenen Speicherort gefunden wird die <see cref="T:System.AddIn.Hosting.PipelineStoreLocation" /> Enumeration.</summary>
      <param name="contract">Ein Handle für den Vertrag, mit denen das Add-in gemeinsam genutzt werden.</param>
      <param name="location">Anwendungsbasis des Hosts.</param>
      <typeparam name="TView">Der Typ, der die Hostansicht des Add-Ins definiert.</typeparam>
      <returns>Die Hostansicht für das Add-in, das freigegeben wird.</returns>
      <exception cref="T:System.ArgumentException">
        <paramref name="location" /> ist ungültig.</exception>
    </member>
    <member name="M:System.AddIn.Pipeline.ContractAdapter.ContractToViewAdapter``1(System.AddIn.Pipeline.ContractHandle,System.String)">
      <summary>Ruft eine Hostansicht für ein Add-in ab, wenn ein entsprechender hostseitiger Adapter an ein Pfad angegebenen Speicherort gefunden wird.</summary>
      <param name="contract">Ein Handle für den Vertrag, mit denen das Add-in gemeinsam genutzt werden.</param>
      <param name="pipelineRoot">Ein Pfad zu dem Add-in Speicher.</param>
      <typeparam name="TView">Der Typ, der die Hostansicht des Add-Ins definiert.</typeparam>
      <returns>Die Hostansicht für das Add-in, das freigegeben wird.</returns>
    </member>
    <member name="M:System.AddIn.Pipeline.ContractAdapter.ViewToContractAdapter(System.Object)">
      <summary>Ruft das Handle für den Vertrag für eine bereitgestellte Hostansicht für ein Add-in ab.</summary>
      <param name="view">Die Hostansicht des Add-Ins durch das System von der aktuellen Anwendungsdomäne aktiviert.</param>
      <returns>Ein Handle für den Vertrag.</returns>
      <exception cref="T:System.ArgumentNullException">
        <paramref name="view" /> ist null.</exception>
    </member>
    <member name="M:System.AddIn.Pipeline.ContractBase.#ctor">
      <summary>Initialisiert eine neue Instanz der <see cref="T:System.AddIn.Pipeline.ContractBase" />-Klasse.</summary>
    </member>
    <member name="M:System.AddIn.Pipeline.ContractBase.AcquireLifetimeToken">
      <summary>Ruft ein Lebensdauertoken.</summary>
      <returns>Eine Zufallszahl, die ein Token identifiziert.</returns>
      <exception cref="T:System.InvalidOperationException">Alle zuvor abgerufenen Token wurden gesperrt.  Es sind keine weiteren Token verfügbar.</exception>
    </member>
    <member name="M:System.AddIn.Pipeline.ContractBase.GetRemoteHashCode">
      <summary>Ruft den Hashcode für die aktuelle <see cref="T:System.AddIn.Pipeline.ContractBase" /> Objekt.</summary>
      <returns>Ein Hashcode für die aktuelle <see cref="T:System.AddIn.Pipeline.ContractBase" /> Objekt.</returns>
    </member>
    <member name="M:System.AddIn.Pipeline.ContractBase.OnFinalRevoke">
      <summary>Ruft beim Überschreiben in einer Add-In-seitige Adapter frei systemeigene Ressourcen frei, die für den Adapter.</summary>
    </member>
    <member name="M:System.AddIn.Pipeline.ContractBase.QueryContract(System.String)">
      <summary>Reflektiert über die Instanz eines Vertrags und gibt den this Zeiger, wenn das aktuelle Objekt diesen Vertrag implementiert.</summary>
      <param name="contractIdentifier">Der vollständige Name des Vertrags, einschließlich des Assemblynamens.</param>
      <returns>Die this Zeiger auf eine <see cref="T:System.AddIn.Contract.IContract" /> -Schnittstelle oder null wenn der Vertrag nicht implementiert ist.</returns>
      <exception cref="T:System.ArgumentNullException">
        <paramref name="contractIdentifier" /> ist null.</exception>
    </member>
    <member name="M:System.AddIn.Pipeline.ContractBase.RemoteEquals(System.AddIn.Contract.IContract)">
      <summary>Vergleicht ein Objekt mit einem Remoteobjekt auf Gleichheit.</summary>
      <param name="contract">Das Objekt auf Gleichheit mit dem Remoteobjekt.</param>
      <returns>true Wenn das Objekt gleich dem Remoteobjekt ist. andernfalls false.</returns>
    </member>
    <member name="M:System.AddIn.Pipeline.ContractBase.RemoteToString">
      <summary>Ruft eine Zeichenfolge, die ein Remoteobjekt identifiziert.</summary>
      <returns>Eine Zeichenfolge, die das Remoteobjekt identifiziert.</returns>
    </member>
    <member name="M:System.AddIn.Pipeline.ContractBase.Renewal(System.Runtime.Remoting.Lifetime.ILease)">
      <summary>Fordert ein Sponsoren Client die Lease für das angegebene Objekt zu erneuern.</summary>
      <param name="lease">Das Lebensdauerlease-Objekt, das vom Remoting-Lebensdauerdienst verwendet wird.</param>
      <returns>Der erneuerte Lease.</returns>
      <exception cref="T:System.ArgumentNullException">
        <paramref name="lease" /> ist null.</exception>
    </member>
    <member name="M:System.AddIn.Pipeline.ContractBase.RevokeLifetimeToken(System.Int32)">
      <summary>Entfernt das angegebene Token aus der Liste der ausstehenden Lifetime Tokens.</summary>
      <param name="token">Die Tokennummer.</param>
      <exception cref="T:System.InvalidOperationException">
        <paramref name="token" /> in der Liste der ausstehenden Lifetime Tokens wurde nicht gefunden werden.</exception>
    </member>
    <member name="M:System.AddIn.Pipeline.ContractHandle.#ctor(System.AddIn.Contract.IContract)">
      <summary>Initialisiert eine neue Instanz der <see cref="T:System.AddIn.Pipeline.ContractHandle" />-Klasse.</summary>
      <param name="contract">Der Vertrag, der in der Pipeline verwendet.</param>
      <exception cref="T:System.ArgumentNullException">
        <paramref name="contract" /> ist null.</exception>
    </member>
    <member name="M:System.AddIn.Pipeline.ContractHandle.AppDomainOwner(System.AppDomain)">
      <summary>Ruft die Instanz von der Add-In-seitige Adapter ab, wenn die Anwendungsdomäne erstellt wurde.</summary>
      <param name="domain">Die zu überprüfende Anwendungsdomäne.</param>
      <returns>Ein <see cref="T:System.AddIn.Contract.IContract" /> -Objekt, das den Besitzer der Anwendungsdomäne darstellt.</returns>
      <exception cref="T:System.ArgumentNullException">
        <paramref name="domain" /> ist null.</exception>
    </member>
    <member name="M:System.AddIn.Pipeline.ContractHandle.ContractOwnsAppDomain(System.AddIn.Contract.IContract,System.AppDomain)">
      <summary>Bestimmt, ob eine Anwendungsdomäne dem angegebenen Vertrag gehört.</summary>
      <param name="contract">Der zu überprüfende Vertrag.</param>
      <param name="domain">Die zu überprüfende Anwendungsdomäne.</param>
      <returns>true Wenn der Vertrag die Anwendungsdomäne besitzt; andernfalls false.</returns>
      <exception cref="T:System.ArgumentNullException">
        <paramref name="contract" /> oder <paramref name="domain" /> ist null.</exception>
    </member>
    <member name="M:System.AddIn.Pipeline.ContractHandle.Dispose">
      <summary>Hebt das Lebensdauertoken eines Vertrags, unabhängig von der Eingabe.</summary>
    </member>
    <member name="M:System.AddIn.Pipeline.ContractHandle.Dispose(System.Boolean)">
      <summary>Widerruft das Lebensdauertoken für den Vertrag unabhängig von der Eingabe und optional die verwalteten Ressourcen frei.</summary>
      <param name="disposing">true, um sowohl verwaltete als auch nicht verwaltete Ressourcen freizugeben, false, um ausschließlich nicht verwaltete Ressourcen freizugeben.</param>
    </member>
    <member name="M:System.AddIn.Pipeline.ContractHandle.Finalize">
      <summary>Gibt die zugeordneten Ressourcen die <see cref="T:System.AddIn.Pipeline.ContractHandle" /> Instanz.</summary>
    </member>
    <member name="M:System.AddIn.Pipeline.HostAdapterAttribute.#ctor">
      <summary>Initialisiert eine neue Instanz der <see cref="T:System.AddIn.Pipeline.HostAdapterAttribute" />-Klasse.</summary>
    </member>
    <member name="P:System.AddIn.AddInAttribute.Description">
      <summary>Ruft ab oder legt die Beschreibung für ein Add-in.</summary>
      <returns>Die aktuelle Beschreibung des Add-Ins.</returns>
    </member>
    <member name="P:System.AddIn.AddInAttribute.Name">
      <summary>Ruft den Namen des Add-Ins ab.</summary>
      <returns>Der Name des Add-Ins.</returns>
    </member>
    <member name="P:System.AddIn.AddInAttribute.Publisher">
      <summary>Ruft ab oder legt den Herausgeber des Add-Ins.</summary>
      <returns>Der Herausgeber des Add-Ins.</returns>
    </member>
    <member name="P:System.AddIn.AddInAttribute.Version">
      <summary>Ruft ab oder legt die Softwareversion des Add-Ins.</summary>
      <returns>Die Softwareversion des Add-Ins.</returns>
    </member>
    <member name="P:System.AddIn.Hosting.AddInController.AddInEnvironment">
      <summary>Ruft ein <see cref="T:System.AddIn.Hosting.AddInEnvironment" /> Objekt.</summary>
      <returns>Ein Objekt, das verwendet werden kann, um andere Add-Ins in derselben Umgebung wie das ursprüngliche Add-in zu aktivieren.</returns>
    </member>
    <member name="P:System.AddIn.Hosting.AddInController.AppDomain">
      <summary>Ruft die Anwendungsdomäne, die ein Add-In enthält.</summary>
      <returns>Die Anwendungsdomäne des Add-Ins.</returns>
    </member>
    <member name="P:System.AddIn.Hosting.AddInController.Token">
      <summary>Ruft das Token, das Add-In darstellt.</summary>
      <returns>Ein Objekt, das das Add-In darstellt.</returns>
    </member>
    <member name="P:System.AddIn.Hosting.AddInEnvironment.Process">
      <summary>Ruft die <see cref="T:System.AddIn.Hosting.AddInProcess" /> -Objekt, das den Prozess darstellt, in dem das Add-In ausgeführt wird.</summary>
      <returns>Der Prozess, in dem das Add-In ausgeführt wird.</returns>
    </member>
    <member name="P:System.AddIn.Hosting.AddInProcess.IsCurrentProcess">
      <summary>Ruft einen Wert, der angibt, ob die aktuelle <see cref="T:System.AddIn.Hosting.AddInProcess" /> -Objekt den Hostanwendungsprozess darstellt.</summary>
      <returns>true Wenn die <see cref="T:System.AddIn.Hosting.AddInProcess" /> dem aktuellen Objekt entspricht, andernfalls false.</returns>
    </member>
    <member name="P:System.AddIn.Hosting.AddInProcess.KeepAlive">
      <summary>Ruft ab oder legt einen Wert, der angibt, ob den externen Prozess beibehalten werden soll.</summary>
      <returns>true Wenn der externe Prozess beibehalten werden soll; andernfalls false. Die Standardeinstellung ist false.</returns>
    </member>
    <member name="P:System.AddIn.Hosting.AddInProcess.Platform">
      <summary>Ruft die Bits pro Wort des Prozesses, in dem die Out-of-Process-add-in ausgeführt wird.</summary>
      <returns>Die Bits pro Wort des Prozesses, der das Add-In ausgeführt wird.</returns>
    </member>
    <member name="P:System.AddIn.Hosting.AddInProcess.ProcessId">
      <summary>Ruft die Prozess-ID des externen Prozesses ab.</summary>
      <returns>Die Prozess-ID oder -1, wenn der externe Prozess nicht gestartet wurde.</returns>
    </member>
    <member name="P:System.AddIn.Hosting.AddInProcess.StartupTimeout">
      <summary>Ruft ab oder legt die Anzahl der Sekunden, für den Prozess zu starten.</summary>
      <returns>Die Anzahl von Sekunden zum Starten des Prozesses zu ermöglichen.</returns>
      <exception cref="T:System.InvalidOperationException">Der Prozess wird bereits ausgeführt.</exception>
      <exception cref="T:System.ArgumentOutOfRangeException">Der zugewiesene Wert ist kleiner als 0 (null).</exception>
    </member>
    <member name="P:System.AddIn.Hosting.AddInToken.AddInFullName">
      <summary>Ruft den Namespace und den Typ des Add-Ins.</summary>
      <returns>Der Typ des Add-Ins, vollqualifizierten Namespace.</returns>
    </member>
    <member name="P:System.AddIn.Hosting.AddInToken.AssemblyName">
      <summary>Ruft den Namen der Assembly, die das Add-In enthält.</summary>
      <returns>Der Name der Assembly.</returns>
    </member>
    <member name="P:System.AddIn.Hosting.AddInToken.Description">
      <summary>Ruft die Beschreibung des Add-Ins ab.</summary>
      <returns>Eine Beschreibung für das Add-in oder null wenn die Beschreibung nicht, in angegeben wird der <see cref="T:System.AddIn.AddInAttribute" /> Attribut.</returns>
    </member>
    <member name="P:System.AddIn.Hosting.AddInToken.EnableDirectConnect">
      <summary>Ruft ab und legt einen Wert, der angibt, ob-add-ins direkt auf ihren Hosts verbunden werden soll, wenn die Umstände es erlauben.</summary>
      <returns>true Wenn das Add-in direkt mit dem Host verbunden werden soll; andernfalls false. Die Standardeinstellung ist false.</returns>
    </member>
    <member name="P:System.AddIn.Hosting.AddInToken.Name">
      <summary>Ruft den Namen des Add-Ins ab.</summary>
      <returns>Der Name des Add-Ins.</returns>
    </member>
    <member name="P:System.AddIn.Hosting.AddInToken.Publisher">
      <summary>Ruft den Herausgeber des Add-Ins ab.</summary>
      <returns>Der Herausgeber, der das Add-in oder null Wenn der Verleger nicht, in angegeben wird der <see cref="T:System.AddIn.AddInAttribute" /> Attribut.</returns>
    </member>
    <member name="P:System.AddIn.Hosting.AddInToken.QualificationData">
      <summary>Ruft ein Wörterbuch von Daten über die Segmente in der Pipeline, die dem aktuellen Token zugeordnet.</summary>
      <returns>Ein Wörterbuch, dessen Schlüssel Pipelinesegmente sind und dessen Werte Wörterbücher von Name/Wert-Paaren, stellen Qualifizierungsdaten für jedes Segment.</returns>
    </member>
    <member name="P:System.AddIn.Hosting.AddInToken.Version">
      <summary>Ruft die Version des Add-Ins, gemäß der <see cref="T:System.AddIn.AddInAttribute" /> Attribut.</summary>
      <returns>Die Version des Add-Ins oder null wenn die Versionsnummer nicht, in angegeben wird der <see cref="T:System.AddIn.AddInAttribute" /> Attribut.</returns>
    </member>
    <member name="P:System.AddIn.Hosting.QualificationDataItem.Name">
      <summary>Ruft den Namen des Qualifizierungsdatenelements.</summary>
      <returns>Der Name des Qualifizierungsdatenelements.</returns>
    </member>
    <member name="P:System.AddIn.Hosting.QualificationDataItem.Segment">
      <summary>Ruft einem Wert, der Pipelinesegment identifiziert, Qualifizierung angewendet wurde.</summary>
      <returns>Die Art des Pipelinesegment, das Datenelement angewendet wurde.</returns>
    </member>
    <member name="P:System.AddIn.Hosting.QualificationDataItem.Value">
      <summary>Ruft den Wert des Qualifizierungsdatenelements.</summary>
      <returns>Der Wert des Elements.</returns>
    </member>
    <member name="P:System.AddIn.Pipeline.AddInBaseAttribute.ActivatableAs">
      <summary>Ruft ab oder legt fest, ob ein oder mehrere Add-in-Basis, die ein einzelnen Add-In-seitiger Adapter verwenden können, um die Pipeline zu erstellen.</summary>
      <returns>Ein Array von Add-in-Basistypen.</returns>
    </member>
    <member name="P:System.AddIn.Pipeline.ContractHandle.Contract">
      <summary>Ruft den von einer Pipeline verwendeten Vertrag ab.</summary>
      <returns>Der Vertrag, die von abgeleitet ist <see cref="T:System.AddIn.Contract.IContract" />.</returns>
    </member>
    <member name="T:System.AddIn.AddInAttribute">
      <summary>Identifiziert ein Objekt als Add-in.</summary>
    </member>
    <member name="T:System.AddIn.Hosting.AddInController">
      <summary>Bietet Zugriff auf ein Add-In für eine Vielzahl von Aufgaben.</summary>
    </member>
    <member name="T:System.AddIn.Hosting.AddInEnvironment">
      <summary>Bietet Zugriff auf die Anwendungsdomäne und Prozess ein Add-in.</summary>
    </member>
    <member name="T:System.AddIn.Hosting.AddInProcess">
      <summary>Stellt einen externen Prozess zum Ausführen von-add-ins Out-of-Process aus der hostanwendung bereit.</summary>
    </member>
    <member name="T:System.AddIn.Hosting.AddInSecurityLevel">
      <summary>Gibt die Vertrauensebene an, die die Anwendungsdomäne gewährt wird, die in ein Add-In geladen wird.</summary>
    </member>
    <member name="F:System.AddIn.Hosting.AddInSecurityLevel.Internet">
      <summary>Verwenden Sie die Internet-Sicherheitsstufe für Add-Ins, die eine niedrigen Vertrauensebene aufweisen.</summary>
    </member>
    <member name="F:System.AddIn.Hosting.AddInSecurityLevel.Intranet">
      <summary>Verwenden Sie die Sicherheitsstufe für Intranet für Add-Ins, die auf dem Intranet eines Unternehmens befinden. Diese Add-Ins können eine höhere Vertrauensebene haben, da die Server und Daten innerhalb der Firewall eines Unternehmens sind.</summary>
    </member>
    <member name="F:System.AddIn.Hosting.AddInSecurityLevel.FullTrust">
      <summary>Verwenden Sie die Sicherheitsstufe für volle Vertrauenswürdigkeit für Add-Ins, die zulässig sind, zum Lesen und Schreiben in das lokale Dateisystem, Netzwerkverbindungen zu erstellen und aus der Registrierung gelesen. Diese Sicherheitsstufe gewährt vollen Zugriff auf das Add-in Code Access Security (CAS) durch Anwenden der <see cref="F:System.Security.Permissions.PermissionState.Unrestricted" /> Feld.</summary>
    </member>
    <member name="F:System.AddIn.Hosting.AddInSecurityLevel.Host">
      <summary>Verwenden Sie die Sicherheitsstufe für den Host, um das Add-in derselben Hostcode derzeit erteilten Berechtigungen erteilen.</summary>
    </member>
    <member name="T:System.AddIn.Hosting.AddInSegmentDirectoryNotFoundException">
      <summary>Die Ausnahme, die ausgelöst wird, wenn in der Pipelineverzeichnisstruktur ein Segmentverzeichnis fehlt.</summary>
    </member>
    <member name="T:System.AddIn.Hosting.AddInSegmentType">
      <summary>Gibt den Typ eines Segments Pipeline.</summary>
    </member>
    <member name="F:System.AddIn.Hosting.AddInSegmentType.HostViewOfAddIn">
      <summary>Gibt die Hostansicht des Add-in-Segments.</summary>
    </member>
    <member name="F:System.AddIn.Hosting.AddInSegmentType.HostSideAdapter">
      <summary>Gibt ein hostseitiges-Segment an.</summary>
    </member>
    <member name="F:System.AddIn.Hosting.AddInSegmentType.Contract">
      <summary>Gibt ein Vertragssegment an.</summary>
    </member>
    <member name="F:System.AddIn.Hosting.AddInSegmentType.AddInSideAdapter">
      <summary>Gibt ein Add-In-seitige Adaptersegment.</summary>
    </member>
    <member name="F:System.AddIn.Hosting.AddInSegmentType.AddInView">
      <summary>Gibt ein Add-In-Ansicht-Segment.</summary>
    </member>
    <member name="F:System.AddIn.Hosting.AddInSegmentType.AddIn">
      <summary>Gibt ein Add-in-Segment an.</summary>
    </member>
    <member name="T:System.AddIn.Hosting.AddInStore">
      <summary>Stellt Methoden zum Speichern und Suchen von Informationen zu verfügbaren Add-Ins und Pipelinesegmente bereit.</summary>
    </member>
    <member name="T:System.AddIn.Hosting.AddInToken">
      <summary>Stellt ein Add-in, das aktiviert werden kann.</summary>
    </member>
    <member name="T:System.AddIn.Hosting.InvalidPipelineStoreException">
      <summary>Diese Ausnahme wird ausgelöst, wenn ein Verzeichnis nicht gefunden wird und der Benutzer besitzt keine Berechtigung zum Zugreifen auf den Stammpfad der Pipeline oder einen Add-in Pfad.</summary>
    </member>
    <member name="T:System.AddIn.Hosting.PipelineStoreLocation">
      <summary>Gibt alternative Speicherorte für einen Pipelinespeicher anstelle eines Pfads zu einem Verzeichnis.</summary>
    </member>
    <member name="F:System.AddIn.Hosting.PipelineStoreLocation.ApplicationBase">
      <summary>Vom angegebenen Speicherort der <see cref="P:System.AppDomainSetup.ApplicationBase" /> -Eigenschaft für das Einrichten der Anwendungsdomäne des Hosts.</summary>
    </member>
    <member name="T:System.AddIn.Hosting.Platform">
      <summary>Gibt die Bits pro Wort des Prozesses, in dem ein Out-of-Process-add-in ausgeführt wird.</summary>
    </member>
    <member name="F:System.AddIn.Hosting.Platform.Host">
      <summary>Das Add-In wird in einen externen Prozess mit der gleichen Bits pro Wort wie der Hostprozess geladen.</summary>
    </member>
    <member name="F:System.AddIn.Hosting.Platform.AnyCpu">
      <summary>Das Add-In wird in einen externen Prozess mit der gleichen Bits pro Wort wie das Betriebssystem geladen.</summary>
    </member>
    <member name="F:System.AddIn.Hosting.Platform.X86">
      <summary>Das Add-In wird in einen externen 32-Bit-Prozess geladen.</summary>
    </member>
    <member name="F:System.AddIn.Hosting.Platform.X64">
      <summary>Das Add-In wird in einen externen 64-Bit-Prozess geladen.</summary>
    </member>
    <member name="F:System.AddIn.Hosting.Platform.ARM">
      <summary>Das Add-In wird in eine 32-Bit-Prozess auf einem ARM-Prozessor geladen.</summary>
    </member>
    <member name="T:System.AddIn.Hosting.QualificationDataItem">
      <summary>Stellt Informationen, die vom Entwickler eines Segments Pipeline für die Verwendung durch den Host dar.</summary>
    </member>
    <member name="T:System.AddIn.Pipeline.AddInAdapterAttribute">
      <summary>Identifiziert ein Objekt als ein Add-In-seitige Adaptersegment der Pipeline.</summary>
    </member>
    <member name="T:System.AddIn.Pipeline.AddInBaseAttribute">
      <summary>Identifiziert ein Objekt als eine Add-In-Ansichtssegment der Pipeline.</summary>
    </member>
    <member name="T:System.AddIn.Pipeline.CollectionAdapters">
      <summary>Können Sammlungen, die zwischen einem Add-in und dessen hostanwendung übergeben werden.</summary>
    </member>
    <member name="T:System.AddIn.Pipeline.ContractAdapter">
      <summary>Stellt Methoden zum Freigeben und Neuanpassen von Add-Ins bereit.</summary>
    </member>
    <member name="T:System.AddIn.Pipeline.ContractBase">
      <summary>Stellt eine Standardimplementierung der <see cref="T:System.AddIn.Contract.IContract" /> Member.</summary>
    </member>
    <member name="T:System.AddIn.Pipeline.ContractHandle">
      <summary>Enthält Methoden, die die Lebensdauer eines Add-Ins steuern.</summary>
    </member>
    <member name="T:System.AddIn.Pipeline.HostAdapterAttribute">
      <summary>Identifiziert ein Objekt als hostseitiges Segment der Pipeline.</summary>
    </member>
  </members>
</doc>