﻿<?xml version="1.0" encoding="utf-8"?>
<doc>
  <assembly>
    <name>System.Runtime.Caching</name>
  </assembly>
  <members>
    <member name="F:System.Runtime.Caching.ObjectCache.InfiniteAbsoluteExpiration">
      <summary>Ruft einen Wert, der angibt, dass ein Cacheeintrag keinen absoluten Ablauf hat.</summary>
      <returns>Ein Datum / Uhrzeit-Wert, der auf den maximal möglichen Wert festgelegt ist.</returns>
    </member>
    <member name="F:System.Runtime.Caching.ObjectCache.NoSlidingExpiration">
      <summary>Gibt an, dass ein Cacheeintrag keine gleitende Ablaufzeit hat.</summary>
      <returns>Eine Zeitdauer-Wert, der auf 0 (null) festgelegt ist.</returns>
    </member>
    <member name="M:System.Runtime.Caching.CacheEntryChangeMonitor.#ctor">
      <summary>Initialisiert eine neue Instanz der <see cref="T:System.Runtime.Caching.CacheEntryChangeMonitor" />-Klasse. Dieser Konstruktor wird von Konstruktoren in abgeleiteten Klassen, die die Basisklasse initialisieren aufgerufen.</summary>
    </member>
    <member name="M:System.Runtime.Caching.CacheEntryRemovedArguments.#ctor(System.Runtime.Caching.ObjectCache,System.Runtime.Caching.CacheEntryRemovedReason,System.Runtime.Caching.CacheItem)">
      <summary>Initialisiert eine neue Instanz der <see cref="T:System.Runtime.Caching.CacheEntryRemovedArguments" />-Klasse.</summary>
      <param name="source">Die <see cref="T:System.Runtime.Caching.ObjectCache" /> Instanz, aus der <paramref name="cacheItem" /> entfernt wurde.</param>
      <param name="reason">Einer der Enumerationswerte, die angeben, warum <paramref name="cacheItem" /> wurde entfernt.</param>
      <param name="cacheItem">Eine Instanz des zwischengespeicherten Eintrags, der entfernt wurde.</param>
      <exception cref="T:System.ArgumentNullException">
        <paramref name="source" /> ist null.- oder - <paramref name="cacheItem" /> ist null.</exception>
    </member>
    <member name="M:System.Runtime.Caching.CacheEntryUpdateArguments.#ctor(System.Runtime.Caching.ObjectCache,System.Runtime.Caching.CacheEntryRemovedReason,System.String,System.String)">
      <summary>Initialisiert eine neue Instanz der <see cref="T:System.Runtime.Caching.CacheEntryUpdateArguments" />-Klasse.</summary>
      <param name="source">Die <see cref="T:System.Runtime.Caching.ObjectCache" /> Instanz, aus der der Cacheeintrag auf verweist <paramref name="key" /> entfernt werden.</param>
      <param name="reason">Einer der Enumerationswerte, die angeben, weshalb der Cacheeintrag entfernt wird.</param>
      <param name="key">Der Schlüssel für den Cacheeintrag, der entfernt werden soll.</param>
      <param name="regionName">Der Name des Bereichs im Cache für den Cacheeintrag entfernt werden soll. Dieser Parameter ist optional. Wenn keine Cachebereiche definiert werden, <paramref name="regionName" /> muss null.</param>
      <exception cref="T:System.ArgumentNullException">
        <paramref name="source" /> ist null.</exception>
      <exception cref="T:System.ArgumentNullException">
        <paramref name="key" /> ist null.</exception>
    </member>
    <member name="M:System.Runtime.Caching.CacheItem.#ctor(System.String)">
      <summary>Initialisiert eine neue <see cref="T:System.Runtime.Caching.CacheItem" /> -Instanz mit dem angegebenen Schlüssel einen Eintrag im Cache.</summary>
      <param name="key">Ein eindeutiger Bezeichner für eine <see cref="T:System.Runtime.Caching.CacheItem" /> Eintrag.</param>
    </member>
    <member name="M:System.Runtime.Caching.CacheItem.#ctor(System.String,System.Object)">
      <summary>Initialisiert eine neue <see cref="T:System.Runtime.Caching.CacheItem" /> -Instanz mit dem angegebenen Schlüssel und den Wert des Eintrags im Cache.</summary>
      <param name="key">Ein eindeutiger Bezeichner für eine <see cref="T:System.Runtime.Caching.CacheItem" /> Eintrag.</param>
      <param name="value">Die Daten für eine <see cref="T:System.Runtime.Caching.CacheItem" /> Eintrag.</param>
    </member>
    <member name="M:System.Runtime.Caching.CacheItem.#ctor(System.String,System.Object,System.String)">
      <summary>Initialisiert eine neue <see cref="T:System.Runtime.Caching.CacheItem" /> -Instanz mit dem angegebenen Schlüssel, Wert und Region des Cacheeintrags.</summary>
      <param name="key">Ein eindeutiger Bezeichner für eine <see cref="T:System.Runtime.Caching.CacheItem" /> Eintrag.</param>
      <param name="value">Die Daten für eine <see cref="T:System.Runtime.Caching.CacheItem" /> Eintrag.</param>
      <param name="regionName">Der Name eines Bereichs im Cache, die enthält die <see cref="T:System.Runtime.Caching.CacheItem" /> Eintrag.</param>
    </member>
    <member name="M:System.Runtime.Caching.CacheItemPolicy.#ctor">
      <summary>Initialisiert eine neue Instanz der <see cref="T:System.Runtime.Caching.CacheItemPolicy" />-Klasse.</summary>
    </member>
    <member name="M:System.Runtime.Caching.ChangeMonitor.#ctor">
      <summary>Initialisiert eine neue Instanz der <see cref="T:System.Runtime.Caching.ChangeMonitor" />-Klasse. Dieser Konstruktor wird von Konstruktoren in abgeleiteten Klassen, die die Basisklasse initialisieren aufgerufen.</summary>
    </member>
    <member name="M:System.Runtime.Caching.ChangeMonitor.Dispose">
      <summary>Gibt alle von der aktuellen Instanz der <see cref="T:System.Runtime.Caching.ChangeMonitor" />-Klasse verwendeten Ressourcen frei.</summary>
      <exception cref="T:System.InvalidOperationException">Initialisierung ist nicht vollständig in der abgeleiteten Change-Monitor-Klasse, die die Basis bezeichnet <see cref="M:System.Runtime.Caching.ChangeMonitor.Dispose" /> Methode.</exception>
    </member>
    <member name="M:System.Runtime.Caching.ChangeMonitor.Dispose(System.Boolean)">
      <summary>Gibt alle verwalteten und nicht verwalteten Ressourcen und alle Verweise auf die <see cref="T:System.Runtime.Caching.ChangeMonitor" /> Instanz. Diese Überladung muss von abgeleiteten Änderungsüberwachungsklassen implementiert werden.</summary>
      <param name="disposing">true Freigeben von verwalteten und nicht verwalteten Ressourcen und alle Verweise auf eine <see cref="T:System.Runtime.Caching.ChangeMonitor" /> -Instanz false nur nicht verwaltete Ressourcen freigegeben. Wenn false übergeben wird, wird die <see cref="M:System.Runtime.Caching.ChangeMonitor.Dispose(System.Boolean)" /> Methode wird aufgerufen, indem eine finalizer Thread und alle externen verwalteten Verweise sind wahrscheinlich nicht mehr gültig, da sie bereits über die Garbage Collection freigegeben wurden.</param>
    </member>
    <member name="M:System.Runtime.Caching.ChangeMonitor.InitializationComplete">
      <summary>Wird aufgerufen, aus dem Konstruktor der abgeleiteten Klassen, die darauf hinweisen, dass die Initialisierung abgeschlossen ist.</summary>
    </member>
    <member name="M:System.Runtime.Caching.ChangeMonitor.NotifyOnChanged(System.Runtime.Caching.OnChangedCallback)">
      <summary>Aufgerufen von Cache Implementierern einen Rückruf zu registrieren, und informieren Sie ein <see cref="T:System.Runtime.Caching.ObjectCache" /> -Instanz über die <see cref="T:System.Runtime.Caching.OnChangedCallback" /> delegieren, wenn eine Abhängigkeit geändert hat.</summary>
      <param name="onChangedCallback">Ein Verweis auf eine Methode, die aufgerufen wird, wenn eine Abhängigkeit geändert hat.</param>
      <exception cref="T:System.InvalidOperationException">Die Rückrufmethode wurde bereits aufgerufen.</exception>
      <exception cref="T:System.ArgumentNullException">
        <paramref name="onChangedCallback" /> ist null.</exception>
    </member>
    <member name="M:System.Runtime.Caching.ChangeMonitor.OnChanged(System.Object)">
      <summary>Aufgerufen von abgeleiteten Klassen zum Auslösen des Ereignisses, wenn sich eine Abhängigkeit ändert.</summary>
      <param name="state">Die Daten für das Change-Ereignis. Dieser Wert kann null sein.</param>
    </member>
    <member name="M:System.Runtime.Caching.Configuration.CachingSectionGroup.#ctor">
      <summary>Initialisiert eine neue Instanz der <see cref="T:System.Runtime.Caching.Configuration.CachingSectionGroup" />-Klasse.</summary>
    </member>
    <member name="M:System.Runtime.Caching.Configuration.MemoryCacheElement.#ctor(System.String)">
      <summary>Initialisiert eine neue Instanz der <see cref="T:System.Runtime.Caching.Configuration.MemoryCacheElement" />-Klasse.</summary>
      <param name="name">Der eindeutige Name für eine bestimmte Cachekonfiguration.</param>
    </member>
    <member name="M:System.Runtime.Caching.Configuration.MemoryCacheSection.#ctor">
      <summary>Initialisiert eine neue Instanz der <see cref="T:System.Runtime.Caching.Configuration.MemoryCacheSection" />-Klasse.</summary>
    </member>
    <member name="M:System.Runtime.Caching.Configuration.MemoryCacheSettingsCollection.#ctor">
      <summary>Initialisiert eine neue Instanz der <see cref="T:System.Runtime.Caching.Configuration.MemoryCacheSettingsCollection" />-Klasse.</summary>
    </member>
    <member name="M:System.Runtime.Caching.Configuration.MemoryCacheSettingsCollection.Add(System.Runtime.Caching.Configuration.MemoryCacheElement)">
      <summary>Fügt das angegebene Konfigurationselement, das <see cref="T:System.Runtime.Caching.Configuration.MemoryCacheSettingsCollection" /> Auflistung.</summary>
      <param name="cache">Der Arbeitsspeicher Konfigurationselement hinzu.</param>
    </member>
    <member name="M:System.Runtime.Caching.Configuration.MemoryCacheSettingsCollection.Clear">
      <summary>Löscht alle Elemente aus der <see cref="T:System.Runtime.Caching.Configuration.MemoryCacheSettingsCollection" /> Auflistung.</summary>
    </member>
    <member name="M:System.Runtime.Caching.Configuration.MemoryCacheSettingsCollection.IndexOf(System.Runtime.Caching.Configuration.MemoryCacheElement)">
      <summary>Ruft den Index des angegebenen Konfigurationselements in der <see cref="T:System.Runtime.Caching.Configuration.MemoryCacheSettingsCollection" /> Auflistung.</summary>
      <param name="cache">Das zum Abrufen des Index für die Cache-Konfigurationselement.</param>
      <returns>Der Index des Konfigurationselements für Arbeitsspeicher-Cache.</returns>
    </member>
    <member name="M:System.Runtime.Caching.Configuration.MemoryCacheSettingsCollection.Remove(System.Runtime.Caching.Configuration.MemoryCacheElement)">
      <summary>Entfernt das angegebene Konfigurationselement aus der <see cref="T:System.Runtime.Caching.Configuration.MemoryCacheSettingsCollection" /> Klasse.</summary>
      <param name="cache">Der Speicher-Cache zu entfernenden Konfigurationselements.</param>
    </member>
    <member name="M:System.Runtime.Caching.Configuration.MemoryCacheSettingsCollection.RemoveAt(System.Int32)">
      <summary>Entfernt das Konfigurationselement am angegebenen Speicherort in der <see cref="T:System.Runtime.Caching.Configuration.MemoryCacheSettingsCollection" /> Klasse.</summary>
      <param name="index">Der nullbasierte Index, an dem das Konfigurationselement des Arbeitsspeichercache entfernt werden soll.</param>
    </member>
    <member name="M:System.Runtime.Caching.FileChangeMonitor.#ctor">
      <summary>Initialisiert eine neue Instanz der <see cref="T:System.Runtime.Caching.FileChangeMonitor" />-Klasse. Dieser Konstruktor wird von Konstruktoren in abgeleiteten Klassen aufgerufen, um die Basisklasse zu initialisieren.</summary>
    </member>
    <member name="M:System.Runtime.Caching.HostFileChangeMonitor.#ctor(System.Collections.Generic.IList{System.String})">
      <summary>Initialisiert eine neue Instanz der <see cref="T:System.Runtime.Caching.HostFileChangeMonitor" />-Klasse.</summary>
      <param name="filePaths">Eine Liste mit Verzeichnispfaden oder Dateipfade zu überwachen.</param>
      <exception cref="T:System.ArgumentNullException">
        <paramref name="filePaths" /> ist null.</exception>
      <exception cref="T:System.ArgumentException">
        <paramref name="filePaths" /> enthält NULL Elemente.- oder - Ein Pfad in der <paramref name="filePaths" /> Liste null oder eine leere Zeichenfolge.</exception>
    </member>
    <member name="M:System.Runtime.Caching.Hosting.IApplicationIdentifier.GetApplicationId">
      <summary>Ruft einen Bezeichner für eine Anwendungsdomäne ab.</summary>
      <returns>Ein eindeutiger Bezeichner für die aktuelle Anwendungsdomäne.</returns>
    </member>
    <member name="M:System.Runtime.Caching.Hosting.IFileChangeNotificationSystem.StartMonitoring(System.String,System.Runtime.Caching.OnChangedCallback,System.Object@,System.DateTimeOffset@,System.Int64@)">
      <summary>Registriert einen Dateipfad mit der Host-Umgebung überwacht.</summary>
      <param name="filePath">Der vollständig qualifizierte physische Pfad des Verzeichnisses oder einer Datei Änderungen überwachen.</param>
      <param name="onChangedCallback">Ein Verweis auf eine Methode, implementiert die <see cref="T:System.Runtime.Caching.OnChangedCallback" /> delegieren. Wenn überwachten Datei oder des Verzeichnisses ändert, der Host-Umgebung Implementierung der <see cref="T:System.Runtime.Caching.Hosting.IFileChangeNotificationSystem" /> Schnittstelle löst ein Ereignis durch Aufrufen der <see cref="T:System.Runtime.Caching.OnChangedCallback" /> Klasse.</param>
      <param name="state">Der Zustand, der von der Host-Umgebung bereitgestellt wird. Den Statuswert sollten als nicht transparent behandeln, Cache-Implementierungen und benutzerdefinierten Änderungen überwacht. Allerdings der Zustand muss gespeichert werden, damit sie die Host-Umgebung gesendet werden kann, wenn die Cacheimplementierung Ruft die <see cref="M:System.Runtime.Caching.Hosting.IFileChangeNotificationSystem.StopMonitoring(System.String,System.Object)" /> Methode.</param>
      <param name="lastWriteTime">Wenn diese Methode zurückgibt, enthält das letzte Datum und Uhrzeit des Auftretens ein Schreibvorgangs auf <paramref name="filePath" />. Dieser Parameter wird nicht initialisiert übergeben. Dieser Parameter wird von der Host-Umgebung zurückgegeben.</param>
      <param name="fileSize">Bei der Rückgabe dieser Methode enthält die Gesamtgröße der überwachten <paramref name="filePath" />. Dieser Parameter wird nicht initialisiert übergeben. Dieser Parameter wird von der Host-Umgebung zurückgegeben.</param>
    </member>
    <member name="M:System.Runtime.Caching.Hosting.IFileChangeNotificationSystem.StopMonitoring(System.String,System.Object)">
      <summary>Enden ändern überwachen.</summary>
      <param name="filePath">Der Pfad einer Datei oder eines Ordners nicht mehr überwacht. Dies sollte einen Datei Path-Wert, der in einem früheren Aufruf übergeben wurde entsprechen den <see cref="M:System.Runtime.Caching.Hosting.IFileChangeNotificationSystem.StartMonitoring(System.String,System.Runtime.Caching.OnChangedCallback,System.Object@,System.DateTimeOffset@,System.Int64@)" /> Methode.</param>
      <param name="state">Die Zustandsinformationen, die ursprünglich von der hostumgebung, bei einem früheren Aufruf bereitgestellt wurde der <see cref="M:System.Runtime.Caching.Hosting.IFileChangeNotificationSystem.StartMonitoring(System.String,System.Runtime.Caching.OnChangedCallback,System.Object@,System.DateTimeOffset@,System.Int64@)" /> Methode.</param>
    </member>
    <member name="M:System.Runtime.Caching.Hosting.IMemoryCacheManager.ReleaseCache(System.Runtime.Caching.MemoryCache)">
      <summary>Entfernt alle Verweise auf einen Cache in der Host-Umgebung.</summary>
      <param name="cache">Ein Verweis auf den Cache.</param>
    </member>
    <member name="M:System.Runtime.Caching.Hosting.IMemoryCacheManager.UpdateCacheSize(System.Int64,System.Runtime.Caching.MemoryCache)">
      <summary>Gibt die Größe des aktuellen Caches.</summary>
      <param name="size">Die Größe des Speichers in Bytes, die der Cache verbraucht.</param>
      <param name="cache">Ein Verweis auf den Cache.</param>
    </member>
    <member name="M:System.Runtime.Caching.MemoryCache.#ctor(System.String,System.Collections.Specialized.NameValueCollection)">
      <summary>Initialisiert eine neue Instanz der <see cref="T:System.Runtime.Caching.MemoryCache" />-Klasse.</summary>
      <param name="name">Der Name, der beim Nachschlagen von Konfigurationsinformationen verwendet werden soll.<paramref name="Note" />   Es ist nicht erforderlich, dass für jeden Namen Konfigurationsinformationen vorhanden sind.Wenn ein passender Konfigurationseintrag vorhanden ist, werden die Konfigurationsinformationen verwendet, um die <see cref="T:System.Runtime.Caching.MemoryCache" />-Instanz zu konfigurieren. Wenn kein entsprechender Konfigurationseintrag vorhanden ist, kann auf den Namen über die <see cref="P:System.Runtime.Caching.MemoryCache.Name" />-Eigenschaft zugegriffen werden, da der angegebene Name der <see cref="T:System.Runtime.Caching.MemoryCache" />-Instanz zugeordnet ist. Weitere Informationen über die Speichercachekonfiguration finden Sie unter <see cref="T:System.Runtime.Caching.Configuration.MemoryCacheElement" />.</param>
      <param name="config">Eine Auflistung von Name-Wert-Paaren mit Konfigurationsinformationen zum Konfigurieren des Caches.</param>
      <exception cref="T:System.ArgumentNullException">
        <paramref name="name" /> ist null.</exception>
      <exception cref="T:System.ArgumentException">
        <paramref name="name" /> ist eine leere Zeichenfolge.</exception>
      <exception cref="T:System.ArgumentException">Der Zeichenfolgenwert "Default" (ohne Berücksichtigung der Groß-und Kleinschreibung) zugewiesen wird <paramref name="name" />. Der Wert "Default" kann nicht zugewiesen werden, auf einen neuen <see cref="T:System.Runtime.Caching.MemoryCache" /> -Instanz, da der Wert für die Verwendung durch reserviert ist die <see cref="P:System.Runtime.Caching.MemoryCache.Default" /> Eigenschaft.</exception>
      <exception cref="T:System.Configuration.ConfigurationException">Ein Wert in der <paramref name="config" /> Auflistung ist ungültig.</exception>
      <exception cref="T:System.ArgumentException">Einen Namen oder Wert in der <paramref name="config" /> Parameter konnte nicht analysiert werden.</exception>
    </member>
    <member name="M:System.Runtime.Caching.MemoryCache.Add(System.Runtime.Caching.CacheItem,System.Runtime.Caching.CacheItemPolicy)">
      <summary>Fügt einen Cacheeintrag als eine <see cref="T:System.Runtime.Caching.CacheItem" />-Instanz ein und fügt Details wie der Eintrag zu entfernen ist im Cache hinzu.</summary>
      <param name="item">Das hinzuzufügende Objekt.</param>
      <param name="policy">Ein Objekt, das Entfernungsdetails für den Cacheeintrag enthält. Dieses Objekt stellt mehr Optionen für das Entfernen bereit als ein einfacher absoluter Ablauf.</param>
      <returns>"true", wenn der Eintrag eingefügt wird, oder "false", wenn bereits ein Eintrag mit demselben Schlüssel wie das Element im Cache vorhanden ist.</returns>
    </member>
    <member name="M:System.Runtime.Caching.MemoryCache.AddOrGetExisting(System.Runtime.Caching.CacheItem,System.Runtime.Caching.CacheItemPolicy)">
      <summary>Fügt einen Cacheeintrag unter Verwendung der angegebenen <see cref="T:System.Runtime.Caching.CacheItem" />-Instanz und Details zur Entfernung des Eintrags im Cache hinzu.</summary>
      <param name="item">Das hinzuzufügende Objekt.</param>
      <param name="policy">Ein Objekt, das Entfernungsdetails für den Cacheeintrag enthält. Dieses Objekt stellt mehr Optionen für das Entfernen bereit als ein einfacher absoluter Ablauf.</param>
      <returns>Der vorhandene Cacheeintrag, wenn ein Cacheeintrag mit demselben Schlüssel vorhanden ist, andernfalls null.</returns>
      <exception cref="T:System.ArgumentNullException">
        <paramref name="item" /> ist null.</exception>
      <exception cref="T:System.ArgumentNullException">Die <see cref="P:System.Runtime.Caching.CacheItem.Value" />-Eigenschaft ist null.</exception>
      <exception cref="T:System.ArgumentException">Ein <see cref="P:System.Runtime.Caching.CacheItemPolicy.UpdateCallback" /> Eigenschaft wurde angegeben.Die <see cref="Overload:System.Runtime.Caching.ObjectCache.Add" /> und <see cref="Overload:System.Runtime.Caching.ObjectCache.AddOrGetExisting" /> überladene Methoden unterstützen nicht die <see cref="P:System.Runtime.Caching.CacheItemPolicy.UpdateCallback" /> Eigenschaft. Aus diesem Grund Festlegen der <see cref="P:System.Runtime.Caching.CacheItemPolicy.UpdateCallback" /> -Eigenschaft für einen Eintrag im Cache, verwenden die <see cref="Overload:System.Runtime.Caching.MemoryCache.Set" /> Methode überlädt stattdessen.</exception>
      <exception cref="T:System.ArgumentException">Die absoluten und gleitenden für die <see cref="T:System.Runtime.Caching.CacheItemPolicy" /> Objekt andere Werte als die Standardwerte festgelegt sind <see cref="F:System.Runtime.Caching.ObjectCache.InfiniteAbsoluteExpiration" /> und <see cref="F:System.Runtime.Caching.ObjectCache.NoSlidingExpiration" /> Felder. Die <see cref="T:System.Runtime.Caching.MemoryCache" /> -Klasse kann keine Ablaufrichtlinie basierend auf einer Kombination aus einer absoluten und einer gleitenden Ablaufzeit festlegen. Nur eine Einstellung für die Gültigkeitsdauer kann explizit festgelegt werden, wenn Sie verwenden die <see cref="T:System.Runtime.Caching.MemoryCache" /> Instanz. Die anderen Ablauf muss festgelegt sein <see cref="F:System.Runtime.Caching.ObjectCache.InfiniteAbsoluteExpiration" /> Feld oder <see cref="F:System.Runtime.Caching.ObjectCache.NoSlidingExpiration" /> Feld.</exception>
      <exception cref="T:System.ArgumentOutOfRangeException">Die <see cref="P:System.Runtime.Caching.CacheItemPolicy.SlidingExpiration" /> -Eigenschaft wird festgelegt, auf einen Wert kleiner als <see cref="F:System.TimeSpan.Zero" />.- oder - Die <see cref="P:System.Runtime.Caching.CacheItemPolicy.SlidingExpiration" /> Eigenschaft auf einen Wert größer als ein Jahr festgelegt ist.- oder - Die <see cref="P:System.Runtime.Caching.CacheItemPolicy.Priority" /> Eigenschaft ist nicht der Wert der <see cref="T:System.Runtime.Caching.CacheItemPriority" /> Enumeration.</exception>
    </member>
    <member name="M:System.Runtime.Caching.MemoryCache.AddOrGetExisting(System.String,System.Object,System.DateTimeOffset,System.String)">
      <summary>Fügt einen Cacheeintrag unter Verwendung des angegebenen Schlüssels, eines Werts und eines absoluten Ablaufwerts im Cache hinzu.</summary>
      <param name="key">Ein eindeutiger Bezeichner für den hinzuzufügenden Cacheeintrag.</param>
      <param name="value">Die Daten für den Cacheeintrag.</param>
      <param name="absoluteExpiration">Das feste Datum und die Uhrzeit, an dem bzw. zu der der Cacheeintrag abläuft.</param>
      <param name="regionName">Ein benannter Bereich im Cache, dem ein Cacheeintrag hinzugefügt werden kann. Übergeben Sie keinen Wert für diesen Parameter. Dieser Parameter ist standardmäßig null, da die <see cref="T:System.Runtime.Caching.MemoryCache" />-Klasse keine Bereiche implementiert.</param>
      <returns>Der vorhandene Cacheeintrag, wenn ein Cacheeintrag mit demselben Schlüssel vorhanden ist, andernfalls null.</returns>
      <exception cref="T:System.ArgumentNullException">
        <paramref name="key" /> ist null.</exception>
      <exception cref="T:System.NotSupportedException">
        <paramref name="regionName " />ist kein null.</exception>
      <exception cref="T:System.ArgumentNullException">
        <paramref name="value " />ist kein null.</exception>
      <exception cref="T:System.ArgumentException">Ein <see cref="P:System.Runtime.Caching.CacheItemPolicy.UpdateCallback" /> Eigenschaft wurde angegeben.Die <see cref="Overload:System.Runtime.Caching.ObjectCache.Add" /> und die <see cref="Overload:System.Runtime.Caching.ObjectCache.AddOrGetExisting" /> überladene Methoden unterstützen nicht die <see cref="P:System.Runtime.Caching.CacheItemPolicy.UpdateCallback" /> Eigenschaft. Aus diesem Grund Festlegen der <see cref="P:System.Runtime.Caching.CacheItemPolicy.UpdateCallback" /> -Eigenschaft für einen Eintrag im Cache, verwenden die <see cref="Overload:System.Runtime.Caching.MemoryCache.Set" /> stattdessen überlädt.</exception>
      <exception cref="T:System.ArgumentException">Die absoluten und gleitenden für die <see cref="T:System.Runtime.Caching.CacheItemPolicy" /> Objekt andere Werte als die Standardwerte festgelegt sind <see cref="F:System.Runtime.Caching.ObjectCache.InfiniteAbsoluteExpiration" /> und <see cref="F:System.Runtime.Caching.ObjectCache.NoSlidingExpiration" /> Felder. Die <see cref="T:System.Runtime.Caching.MemoryCache" /> -Klasse kann keine Ablaufrichtlinie basierend auf einer Kombination aus einer absoluten und einer gleitenden Ablaufzeit festlegen. Nur eine Einstellung für die Gültigkeitsdauer kann explizit festgelegt werden, wenn Sie verwenden die <see cref="T:System.Runtime.Caching.MemoryCache" /> Instanz. Die anderen Ablauf muss festgelegt sein <see cref="F:System.Runtime.Caching.ObjectCache.InfiniteAbsoluteExpiration" /> oder <see cref="F:System.Runtime.Caching.ObjectCache.NoSlidingExpiration" /></exception>
      <exception cref="T:System.ArgumentOutOfRangeException">Die <see cref="P:System.Runtime.Caching.CacheItemPolicy.SlidingExpiration" /> -Eigenschaft wird festgelegt, auf einen Wert kleiner als <see cref="F:System.TimeSpan.Zero" />.- oder - Die <see cref="P:System.Runtime.Caching.CacheItemPolicy.SlidingExpiration" /> Eigenschaft auf einen Wert größer als ein Jahr festgelegt ist.- oder - Die <see cref="P:System.Runtime.Caching.CacheItemPolicy.Priority" /> Eigenschaft ist nicht der Wert der <see cref="T:System.Runtime.Caching.CacheItemPriority" /> Enumeration.</exception>
    </member>
    <member name="M:System.Runtime.Caching.MemoryCache.AddOrGetExisting(System.String,System.Object,System.Runtime.Caching.CacheItemPolicy,System.String)">
      <summary>Fügt einen Cacheeintrag unter Verwendung des angegebenen Schlüssels und Werts und der angegebenen Details zur Entfernung in den Cache ein.</summary>
      <param name="key">Ein eindeutiger Bezeichner für den Cacheeintrag, der hinzugefügt oder abgerufen werden soll.</param>
      <param name="value">Die Daten für den Cacheeintrag.</param>
      <param name="policy">Ein Objekt, das Entfernungsdetails für den Cacheeintrag enthält. Dieses Objekt stellt mehr Optionen für das Entfernen bereit als ein einfacher absoluter Ablauf.</param>
      <param name="regionName">Ein benannter Bereich im Cache, dem ein Cacheeintrag hinzugefügt werden kann. Übergeben Sie keinen Wert für diesen Parameter. Dieser Parameter ist standardmäßig null, da die <see cref="T:System.Runtime.Caching.MemoryCache" />-Klasse keine Bereiche implementiert.</param>
      <returns>Ein Cacheeintrag, wenn bereits ein entsprechender Cacheeintrag vorhanden ist, andernfalls null.</returns>
      <exception cref="T:System.ArgumentNullException">
        <paramref name="key" /> ist null.</exception>
      <exception cref="T:System.ArgumentNullException">
        <paramref name="value" /> ist null.</exception>
      <exception cref="T:System.ArgumentException">Die absoluten und gleitenden von <see cref="T:System.Runtime.Caching.CacheItemPolicy" /> Objekt andere Werte als die Standardwerte festgelegt sind <see cref="F:System.Runtime.Caching.ObjectCache.InfiniteAbsoluteExpiration" /> und <see cref="F:System.Runtime.Caching.ObjectCache.NoSlidingExpiration" />. Die <see cref="T:System.Runtime.Caching.MemoryCache" /> -Klasse kann keine Ablaufrichtlinie basierend auf einer Kombination aus einer absoluten und einer gleitenden Ablaufzeit festlegen. Nur eine Einstellung für die Gültigkeitsdauer kann explizit festgelegt werden, wenn Sie verwenden die <see cref="T:System.Runtime.Caching.MemoryCache" /> Klasse. Die andere Einstellung muss festgelegt werden, um <see cref="F:System.Runtime.Caching.ObjectCache.InfiniteAbsoluteExpiration" /> oder <see cref="F:System.Runtime.Caching.ObjectCache.NoSlidingExpiration" />.- oder - Der Rückruf entfernt und der Updaterückruf für die angegeben wurden <see cref="T:System.Runtime.Caching.CacheItemPolicy" />. Die <see cref="T:System.Runtime.Caching.MemoryCache" /> unterstützt nur das Verwenden von einem Typ von Rückruf pro Cacheeintrag.</exception>
      <exception cref="T:System.ArgumentOutOfRangeException">Die <see cref="P:System.Runtime.Caching.CacheItemPolicy.SlidingExpiration" /> -Eigenschaft wird festgelegt, auf einen Wert kleiner als <see cref="F:System.TimeSpan.Zero" />.- oder - Die <see cref="P:System.Runtime.Caching.CacheItemPolicy.SlidingExpiration" /> wurde auf einen Wert größer als ein Jahr festgelegt wurde.- oder - Die <see cref="P:System.Runtime.Caching.CacheItemPolicy.Priority" /> Eigenschaft ist nicht der Wert der <see cref="T:System.Runtime.Caching.CacheItemPriority" /> Enumeration.</exception>
    </member>
    <member name="M:System.Runtime.Caching.MemoryCache.Contains(System.String,System.String)">
      <summary>Bestimmt, ob ein Cacheeintrag im Cache vorhanden ist.</summary>
      <param name="key">Ein eindeutiger Bezeichner für den zu suchenden Cacheeintrag.</param>
      <param name="regionName">Ein benannter Bereich im Cache, dem ein Cacheeintrag hinzugefügt wurde. Übergeben Sie keinen Wert für diesen Parameter. Dieser Parameter ist standardmäßig null, da die <see cref="T:System.Runtime.Caching.MemoryCache" />-Klasse keine Bereiche implementiert.</param>
      <returns>true, wenn der Cache einen Cacheeintrag enthält, dessen Schlüssel <paramref name="key" /> entspricht, andernfalls false.</returns>
      <exception cref="T:System.ArgumentNullException">
        <paramref name="key" /> ist null.</exception>
      <exception cref="T:System.NotSupportedException">
        <paramref name="regionName " />ist kein null.</exception>
    </member>
    <member name="M:System.Runtime.Caching.MemoryCache.CreateCacheEntryChangeMonitor(System.Collections.Generic.IEnumerable{System.String},System.String)">
      <summary>Erstellt ein <see cref="T:System.Runtime.Caching.CacheEntryChangeMonitor" />-Objekt, das Ereignisse auslösen kann, wenn Änderungen an angegebenen Cacheeinträgen vorgenommen werden.</summary>
      <param name="keys">Eine Enumeration eindeutiger Cacheeintragsschlüssel für das <see cref="T:System.Runtime.Caching.CacheEntryChangeMonitor" />-Objekt.</param>
      <param name="regionName">Ein benannter Bereich im Cache, dem ein Cacheeintrag hinzugefügt werden kann. Übergeben Sie keinen Wert für diesen Parameter. Dieser Parameter ist standardmäßig null, da die <see cref="T:System.Runtime.Caching.MemoryCache" />-Klasse keine Bereiche implementiert.</param>
      <returns>Eine Änderungsüberwachung, die Einträge im Cache überwacht.</returns>
      <exception cref="T:System.NotSupportedException">
        <paramref name="regionName " />ist kein null.</exception>
      <exception cref="T:System.ArgumentNullException">
        <paramref name="keys" /> ist null.</exception>
      <exception cref="T:System.ArgumentException">Die Anzahl der Elemente im <paramref name="keys" /> 0 (null).</exception>
      <exception cref="T:System.ArgumentException">Ein Element in der <paramref name="keys" /> Auflistung ist null.</exception>
    </member>
    <member name="M:System.Runtime.Caching.MemoryCache.Dispose">
      <summary>Gibt alle von der aktuellen Instanz der <see cref="T:System.Runtime.Caching.MemoryCache" />-Klasse verwendeten Ressourcen frei.</summary>
    </member>
    <member name="M:System.Runtime.Caching.MemoryCache.Get(System.String,System.String)">
      <summary>Gibt einen Eintrag aus dem Cache zurück.</summary>
      <param name="key">Ein eindeutiger Bezeichner für den Cacheeintrag, der abgerufen werden soll.</param>
      <param name="regionName">Ein benannter Bereich im Cache, dem ein Cacheeintrag hinzugefügt wurde. Übergeben Sie keinen Wert für diesen Parameter. Dieser Parameter ist standardmäßig null, da die <see cref="T:System.Runtime.Caching.MemoryCache" />-Klasse keine Bereiche implementiert.</param>
      <returns>Ein Verweis auf den Cacheeintrag, der von <paramref name="key" /> identifiziert wird, wenn der Eintrag vorhanden ist, andernfalls null.</returns>
      <exception cref="T:System.NotSupportedException">
        <paramref name="regionName " />ist kein null.</exception>
      <exception cref="T:System.ArgumentNullException">
        <paramref name="key" /> ist null.</exception>
    </member>
    <member name="M:System.Runtime.Caching.MemoryCache.GetCacheItem(System.String,System.String)">
      <summary>Gibt den angegebenen Eintrag als <see cref="T:System.Runtime.Caching.CacheItem" />-Instanz aus dem Cache zurück.</summary>
      <param name="key">Ein eindeutiger Bezeichner für den Cacheeintrag, der abgerufen werden soll.</param>
      <param name="regionName">Ein benannter Bereich im Cache, dem ein Cacheeintrag hinzugefügt wurde. Übergeben Sie keinen Wert für diesen Parameter. Dieser Parameter ist standardmäßig null, da die <see cref="T:System.Runtime.Caching.MemoryCache" />-Klasse keine Bereiche implementiert.</param>
      <returns>Ein Verweis auf den Cacheeintrag, der von <paramref name="key" /> identifiziert wird, wenn der Eintrag vorhanden ist, andernfalls null.</returns>
      <exception cref="T:System.NotSupportedException">
        <paramref name="regionName " />ist kein null.</exception>
      <exception cref="T:System.ArgumentNullException">
        <paramref name="key" /> ist null.</exception>
    </member>
    <member name="M:System.Runtime.Caching.MemoryCache.GetCount(System.String)">
      <summary>Gibt die Gesamtanzahl von Cacheeinträgen im Cache zurück.</summary>
      <param name="regionName">Ein benannter Bereich im Cache, dem ein Cacheeintrag hinzugefügt wurde. Übergeben Sie keinen Wert für diesen Parameter. Dieser Parameter ist standardmäßig null, da die <see cref="T:System.Runtime.Caching.MemoryCache" />-Klasse keine Bereiche implementiert.</param>
      <returns>Die Anzahl von Einträgen im Cache.</returns>
      <exception cref="T:System.NotSupportedException">
        <paramref name="regionName " />ist kein null.</exception>
    </member>
    <member name="M:System.Runtime.Caching.MemoryCache.GetEnumerator">
      <summary>Erstellt einen Enumerator, der zum Durchlaufen einer Auflistung von Cacheeinträgen verwendet werden kann.</summary>
      <returns>Das Enumeratorobjekt, das Zugriff auf die Elemente im Cache bietet.</returns>
    </member>
    <member name="M:System.Runtime.Caching.MemoryCache.GetValues(System.Collections.Generic.IEnumerable{System.String},System.String)">
      <summary>Gibt einen Satz von Cacheeinträgen zurück, die den angegebenen Schlüsseln entsprechen.</summary>
      <param name="keys">Ein Satz von eindeutigen Bezeichnern für die zurückzugebenden Cacheeinträge.</param>
      <param name="regionName">Ein benannter Bereich im Cache, dem ein Cacheeintrag hinzugefügt wurde. Übergeben Sie keinen Wert für diesen Parameter. Dieser Parameter ist standardmäßig null, da die <see cref="T:System.Runtime.Caching.MemoryCache" />-Klasse keine Bereiche implementiert.</param>
      <returns>Ein Satz von Cacheeinträgen, die den angegebenen Schlüsseln entsprechen.</returns>
      <exception cref="T:System.NotSupportedException">
        <paramref name="regionName " />ist kein null.</exception>
      <exception cref="T:System.ArgumentNullException">
        <paramref name="keys" /> ist null.</exception>
      <exception cref="T:System.ArgumentException">Ein einzelner Schlüssel in der Auflistung ist null.</exception>
    </member>
    <member name="M:System.Runtime.Caching.MemoryCache.Remove(System.String,System.String)">
      <summary>Entfernt einen Cacheeintrag aus dem Cache.</summary>
      <param name="key">Ein eindeutiger Bezeichner für den Cacheeintrag, der entfernt werden soll.</param>
      <param name="regionName">Ein benannter Bereich im Cache, dem ein Cacheeintrag hinzugefügt wurde. Übergeben Sie keinen Wert für diesen Parameter. Dieser Parameter ist standardmäßig null, da die <see cref="T:System.Runtime.Caching.MemoryCache" />-Klasse keine Bereiche implementiert.</param>
      <returns>Der entfernte Cacheeintrag, wenn der Eintrag im Cache gefunden wird, andernfalls null.</returns>
      <exception cref="T:System.NotSupportedException">
        <paramref name="regionName " />ist kein null.</exception>
      <exception cref="T:System.ArgumentNullException">
        <paramref name="key" /> ist null.</exception>
    </member>
    <member name="M:System.Runtime.Caching.MemoryCache.Set(System.Runtime.Caching.CacheItem,System.Runtime.Caching.CacheItemPolicy)">
      <summary>Fügt einen Cacheeintrag in den Cache ein und gibt dabei mit einer <see cref="T:System.Runtime.Caching.CacheItem" />-Instanz den Schlüssel und den Wert für den Cacheeintrag an.</summary>
      <param name="item">Ein Objekt, das einen einzufügenden Cacheeintrag darstellt.</param>
      <param name="policy">Ein Objekt, das Entfernungsdetails für den Cacheeintrag enthält. Dieses Objekt stellt mehr Optionen für das Entfernen bereit als ein einfacher absoluter Ablauf.</param>
      <exception cref="T:System.ArgumentNullException">
        <paramref name="item" /> ist null.- oder - Die <see cref="P:System.Runtime.Caching.CacheItem.Key" />-Eigenschaft ist null.- oder - Die <see cref="P:System.Runtime.Caching.CacheItem.Value" />-Eigenschaft ist null.</exception>
      <exception cref="T:System.ArgumentException">Eine ungültige Kombination der Argumente für den Cacheeintrag wurde übergeben. Dies tritt auf, wenn die folgenden Ablaufdetails für das Richtlinienobjekt für den Cacheeintrag festgelegt werden:Wenn die absoluten und gleitenden von der <see cref="T:System.Runtime.Caching.CacheItemPolicy" /> Objekt andere Werte als die Standardwerte festgelegt sind <see cref="F:System.Runtime.Caching.ObjectCache.InfiniteAbsoluteExpiration" /> und <see cref="F:System.Runtime.Caching.ObjectCache.NoSlidingExpiration" /> Felder. Die <see cref="T:System.Runtime.Caching.MemoryCache" /> -Klasse kann keine Ablaufrichtlinie auf Grundlage einer absoluten Ablaufzeit und Ablaufzeit festlegen. Nur eine Einstellung für die Gültigkeitsdauer kann explizit festgelegt werden, wenn Sie verwenden die <see cref="T:System.Runtime.Caching.MemoryCache" /> Klasse. Die andere Einstellung muss festgelegt werden, um <see cref="F:System.Runtime.Caching.ObjectCache.InfiniteAbsoluteExpiration" /> oder <see cref="F:System.Runtime.Caching.ObjectCache.NoSlidingExpiration" /> Eigenschaft.Wenn der Rückruf entfernt und der Updaterückruf für angegeben werden <see cref="T:System.Runtime.Caching.CacheItemPolicy" /> Objekt. Die <see cref="T:System.Runtime.Caching.MemoryCache" /> -Klasse unterstützt nur mit einem Typ von Rückruf pro Cacheeintrag.</exception>
      <exception cref="T:System.ArgumentOutOfRangeException">Die <see cref="P:System.Runtime.Caching.CacheItemPolicy.SlidingExpiration" /> -Eigenschaft wird festgelegt, auf einen Wert kleiner als <see cref="F:System.TimeSpan.Zero" />.- oder - Die <see cref="P:System.Runtime.Caching.CacheItemPolicy.SlidingExpiration" /> Eigenschaft auf einen Wert größer als ein Jahr festgelegt ist.- oder - Die <see cref="P:System.Runtime.Caching.CacheItemPolicy.Priority" /> ist kein Wert für die <see cref="T:System.Runtime.Caching.CacheItemPriority" /> Enumeration.</exception>
    </member>
    <member name="M:System.Runtime.Caching.MemoryCache.Set(System.String,System.Object,System.DateTimeOffset,System.String)">
      <summary>Fügt einen Cacheeintrag unter Verwendung eines Schlüssels und eines Werts in den Cache ein und gibt zeitbasierte Ablaufdetails an.</summary>
      <param name="key">Ein eindeutiger Bezeichner für den einzufügenden Cacheeintrag.</param>
      <param name="value">Die Daten für den Cacheeintrag.</param>
      <param name="absoluteExpiration">Das feste Datum und die Uhrzeit, an dem bzw. zu der der Cacheeintrag abläuft.</param>
      <param name="regionName">Ein benannter Bereich im Cache, dem ein Cacheeintrag hinzugefügt werden kann. Übergeben Sie keinen Wert für diesen Parameter. Dieser Parameter ist standardmäßig null, da die <see cref="T:System.Runtime.Caching.MemoryCache" />-Klasse keine Bereiche implementiert.</param>
      <exception cref="T:System.NotSupportedException">
        <paramref name="regionName " />ist kein null.</exception>
      <exception cref="T:System.ArgumentNullException">
        <paramref name="key" /> ist null.- oder - <paramref name="Value" /> ist null.</exception>
      <exception cref="T:System.ArgumentException">Eine ungültige Kombination der Argumente für den Cacheeintrag wurde übergeben. Dies tritt auf, wenn die folgenden Ablaufdetails für das Richtlinienobjekt für den Cacheeintrag festgelegt werden:Wenn der absolute und gleitende Ablaufzeit auf Werten <see cref="T:System.Runtime.Caching.CacheItemPolicy" /> Objekt andere Werte als die Standardwerte festgelegt sind <see cref="F:System.Runtime.Caching.ObjectCache.InfiniteAbsoluteExpiration" /> und <see cref="F:System.Runtime.Caching.ObjectCache.NoSlidingExpiration" />. Dies tritt auf, weil die <see cref="T:System.Runtime.Caching.MemoryCache" /> -Klasse ablaufende Einträge auf der Grundlage eines absoluten und gleitenden Ablaufs nicht unterstützt. Nur eine Einstellung für die Gültigkeitsdauer kann explizit festgelegt werden, wenn Sie verwenden die <see cref="T:System.Runtime.Caching.MemoryCache" /> Klasse. Die andere Einstellung muss festgelegt werden, um <see cref="F:System.Runtime.Caching.ObjectCache.InfiniteAbsoluteExpiration" /> oder <see cref="F:System.Runtime.Caching.ObjectCache.NoSlidingExpiration" />.Wenn der Rückruf entfernt und der Updaterückruf angegeben werden, auf <see cref="T:System.Runtime.Caching.CacheItemPolicy" /> Objekt. Die <see cref="T:System.Runtime.Caching.MemoryCache" /> -Klasse unterstützt nur mit einem Typ von Rückruf pro Cacheeintrag.</exception>
      <exception cref="T:System.ArgumentOutOfRangeException">Die <see cref="P:System.Runtime.Caching.CacheItemPolicy.SlidingExpiration" /> -Eigenschaft wird festgelegt, auf einen Wert kleiner als <see cref="F:System.TimeSpan.Zero" />.- oder - Die <see cref="P:System.Runtime.Caching.CacheItemPolicy.SlidingExpiration" /> Eigenschaft auf einen Wert größer als ein Jahr festgelegt ist.- oder - Die <see cref="P:System.Runtime.Caching.CacheItemPolicy.Priority" /> Eigenschaft ist nicht der Wert der <see cref="T:System.Runtime.Caching.CacheItemPriority" /> Enumeration.</exception>
    </member>
    <member name="M:System.Runtime.Caching.MemoryCache.Set(System.String,System.Object,System.Runtime.Caching.CacheItemPolicy,System.String)">
      <summary>Fügt einen Cacheeintrag unter Verwendung eines Schlüssels, eines Werts und von Entfernungsdetails in den Cache ein.</summary>
      <param name="key">Ein eindeutiger Bezeichner für den einzufügenden Cacheeintrag.</param>
      <param name="value">Die Daten für den Cacheeintrag.</param>
      <param name="policy">Ein Objekt, das Entfernungsdetails für den Cacheeintrag enthält. Dieses Objekt stellt mehr Optionen für das Entfernen bereit als ein einfacher absoluter Ablauf.</param>
      <param name="regionName">Ein benannter Bereich im Cache, dem ein Cacheeintrag hinzugefügt werden kann. Übergeben Sie keinen Wert für diesen Parameter. Dieser Parameter ist standardmäßig null, da die <see cref="T:System.Runtime.Caching.MemoryCache" />-Klasse keine Bereiche implementiert.</param>
      <exception cref="T:System.ArgumentNullException">
        <paramref name="key" /> ist null.- oder - <paramref name="value" /> ist null- oder - Der Rückrufverweis, die an die Hilfsmethode in übergeben der <see cref="P:System.Runtime.Caching.CacheItemPolicy.UpdateCallback" /> -Eigenschaft ist null.</exception>
      <exception cref="T:System.ArgumentException">Eine ungültige Kombination der Argumente für den Cacheeintrag vorhanden ist. Dies tritt auf, wenn die folgenden Ablaufdetails für das Richtlinienobjekt für den Cacheeintrag festgelegt werden:Wenn der absolute und gleitende Ablaufzeit auf Werten <see cref="T:System.Runtime.Caching.CacheItemPolicy" /> Objekt andere Werte als die Standardwerte festgelegt sind <see cref="F:System.Runtime.Caching.ObjectCache.InfiniteAbsoluteExpiration" /> und <see cref="F:System.Runtime.Caching.ObjectCache.NoSlidingExpiration" />. Grund hierfür ist die <see cref="T:System.Runtime.Caching.MemoryCache" /> -Klasse ablaufende Einträge auf der Grundlage eines absoluten und gleitenden Ablaufs nicht unterstützt. Nur eine Einstellung für die Gültigkeitsdauer kann explizit festgelegt werden, wenn Sie verwenden die <see cref="T:System.Runtime.Caching.MemoryCache" /> Klasse. Die andere Einstellung muss festgelegt werden, um <see cref="F:System.Runtime.Caching.ObjectCache.InfiniteAbsoluteExpiration" /> oder <see cref="F:System.Runtime.Caching.ObjectCache.NoSlidingExpiration" />.Wenn der Rückruf entfernt und der Updaterückruf auf angegeben werden <see cref="T:System.Runtime.Caching.CacheItemPolicy" /> Klasse. Die <see cref="T:System.Runtime.Caching.MemoryCache" /> -Klasse unterstützt nur mit einem Typ von Rückruf pro Cacheeintrag.</exception>
      <exception cref="T:System.ArgumentOutOfRangeException">Die <see cref="P:System.Runtime.Caching.CacheItemPolicy.SlidingExpiration" /> -Eigenschaft wird festgelegt, auf einen Wert kleiner als <see cref="F:System.TimeSpan.Zero" />.- oder - Die <see cref="P:System.Runtime.Caching.CacheItemPolicy.SlidingExpiration" /> Eigenschaft auf einen Wert größer als ein Jahr festgelegt ist.- oder - Die <see cref="P:System.Runtime.Caching.CacheItemPolicy.Priority" /> Eigenschaft ist nicht der Wert der <see cref="T:System.Runtime.Caching.CacheItemPriority" /> Enumeration.</exception>
      <exception cref="T:System.NotSupportedException">
        <paramref name="regionName " />ist kein null.</exception>
    </member>
    <member name="M:System.Runtime.Caching.MemoryCache.System#Collections#IEnumerable#GetEnumerator">
      <summary>Stellt Unterstützung für eine Iteration durch eine generische Auflistung bereit.</summary>
      <returns>Das Enumeratorobjekt, das Zugriff auf die Einträge im Cache bietet.</returns>
    </member>
    <member name="M:System.Runtime.Caching.MemoryCache.Trim(System.Int32)">
      <summary>Entfernt einen angegebenen Prozentsatz von Cacheeinträgen aus dem Cacheobjekt.</summary>
      <param name="percent">Der Prozentsatz der gesamten Cacheeinträge, der entfernt werden soll.</param>
      <returns>Die Anzahl von Einträgen, die aus dem Cache entfernt wurden.</returns>
    </member>
    <member name="M:System.Runtime.Caching.ObjectCache.#ctor">
      <summary>Von Konstruktoren in abgeleiteten Klassen aufgerufen werden, um die Initialisierung der <see cref="T:System.Runtime.Caching.ObjectCache" /> Klasse.</summary>
    </member>
    <member name="M:System.Runtime.Caching.ObjectCache.Add(System.Runtime.Caching.CacheItem,System.Runtime.Caching.CacheItemPolicy)">
      <summary>Ruft beim Überschreiben in einer abgeleiteten Klasse einen Cacheeintrag in den Cache als einzufügen versucht eine <see cref="T:System.Runtime.Caching.CacheItem" /> -Instanz und fügt Details wie der Eintrag entfernt werden soll.</summary>
      <param name="item">Das hinzuzufügende Objekt.</param>
      <param name="policy">Ein Objekt, das Entfernungsdetails für den Cacheeintrag enthält. Dieses Objekt stellt mehr Optionen für das Entfernen bereit als ein einfacher absoluter Ablauf.</param>
      <returns>true Wenn der Eintrag eingefügt oder false liegt eine bereits ein Eintrag im Cache, der den gleichen Schlüssel wie <paramref name="item" />.</returns>
    </member>
    <member name="M:System.Runtime.Caching.ObjectCache.Add(System.String,System.Object,System.DateTimeOffset,System.String)">
      <summary>Ruft beim Überschreiben in einer abgeleiteten Klasse fügt einen Cacheeintrag in den Cache ohne einen vorhandenen Cacheeintrag zu überschreiben.</summary>
      <param name="key">Ein eindeutiger Bezeichner für den Cacheeintrag.</param>
      <param name="value">Das einzufügende Objekt.</param>
      <param name="absoluteExpiration">Das feste Datum und die Uhrzeit, an dem bzw. zu der der Cacheeintrag abläuft. Dieser Parameter ist erforderlich, wenn die <see cref="Overload:System.Runtime.Caching.ObjectCache.Add" /> Methode wird aufgerufen.</param>
      <param name="regionName">Optional. Ein benannter Bereich im Cache, den der Cacheeintrag hinzugefügt werden kann, falls Bereiche implementiert werden. Da Bereiche nicht in implementiert werden .NET Framework 4, der Standardwert ist null.</param>
      <returns>true Wenn der Eintrag eingefügt oder false liegt eine bereits ein Eintrag im Cache, der den gleichen Schlüssel wie <paramref name="key" />.</returns>
    </member>
    <member name="M:System.Runtime.Caching.ObjectCache.Add(System.String,System.Object,System.Runtime.Caching.CacheItemPolicy,System.String)">
      <summary>Ruft beim Überschreiben in einer abgeleiteten Klasse fügt einen Cacheeintrag in den Cache ein und gibt Informationen darüber, wie der Eintrag entfernt wird.</summary>
      <param name="key">Ein eindeutiger Bezeichner für den Cacheeintrag.</param>
      <param name="value">Das einzufügende Objekt.</param>
      <param name="policy">Ein Objekt, das Entfernungsdetails für den Cacheeintrag enthält. Dieses Objekt stellt mehr Optionen für das Entfernen bereit als ein einfacher absoluter Ablauf.</param>
      <param name="regionName">Optional. Ein benannter Bereich im Cache, den der Cacheeintrag hinzugefügt werden kann, falls Bereiche implementiert werden. Der Standardwert für den optionalen Parameter ist null.</param>
      <returns>true Wenn das erfolgreich eingefügt wird, oder false ist ein bereits ein Eintrag im Cache mit den gleichen Schlüssel wie <paramref name="key" />.</returns>
    </member>
    <member name="M:System.Runtime.Caching.ObjectCache.AddOrGetExisting(System.Runtime.Caching.CacheItem,System.Runtime.Caching.CacheItemPolicy)">
      <summary>Fügt beim Überschreiben in einer abgeleiteten Klasse den angegebenen <see cref="T:System.Runtime.Caching.CacheItem" /> Objekt in den Cache ein und gibt Informationen darüber, wie der Eintrag entfernt wird.</summary>
      <param name="value">Das einzufügende Objekt.</param>
      <param name="policy">Ein Objekt, das Entfernungsdetails für den Cacheeintrag enthält. Dieses Objekt stellt mehr Optionen für das Entfernen bereit als ein einfacher absoluter Ablauf.</param>
      <returns>Wenn ein Cacheeintrag mit demselben Schlüssel, die den angegebenen Cacheeintrag vorhanden ist. andernfalls null.</returns>
    </member>
    <member name="M:System.Runtime.Caching.ObjectCache.AddOrGetExisting(System.String,System.Object,System.DateTimeOffset,System.String)">
      <summary>Ruft beim Überschreiben in einer abgeleiteten Klasse fügt einen Cacheeintrag in den Cache mithilfe eines Schlüssels, eines Objekts für den Cacheeintrag, eines absoluten Ablaufwerts und eines optionalen Bereichs zum Hinzufügen des Caches in.</summary>
      <param name="key">Ein eindeutiger Bezeichner für den Cacheeintrag.</param>
      <param name="value">Das einzufügende Objekt.</param>
      <param name="absoluteExpiration">Das feste Datum und die Uhrzeit, an dem bzw. zu der der Cacheeintrag abläuft.</param>
      <param name="regionName">Optional. Ein benannter Bereich im Cache, den der Cacheeintrag hinzugefügt werden kann, falls Bereiche implementiert werden. Der Standardwert für den optionalen Parameter ist null.</param>
      <returns>Wenn ein Cacheeintrag mit demselben Schlüssel, die den angegebenen Cacheeintrag Wert vorhanden ist. andernfalls null.</returns>
    </member>
    <member name="M:System.Runtime.Caching.ObjectCache.AddOrGetExisting(System.String,System.Object,System.Runtime.Caching.CacheItemPolicy,System.String)">
      <summary>Ruft beim Überschreiben in einer abgeleiteten Klasse fügt einen Cacheeintrag in den Cache ein und gibt einen Schlüssel und einen Wert für den Cacheeintrag sowie Informationen wie der Eintrag entfernt wird.</summary>
      <param name="key">Ein eindeutiger Bezeichner für den Cacheeintrag.</param>
      <param name="value">Das einzufügende Objekt.</param>
      <param name="policy">Ein Objekt, das Entfernungsdetails für den Cacheeintrag enthält. Dieses Objekt stellt mehr Optionen für das Entfernen bereit als ein einfacher absoluter Ablauf.</param>
      <param name="regionName">Optional. Ein benannter Bereich im Cache, den der Cacheeintrag hinzugefügt werden kann, falls Bereiche implementiert werden. Der Standardwert für den optionalen Parameter ist null.</param>
      <returns>Wenn ein Cacheeintrag mit demselben Schlüssel, die den angegebenen Cacheeintrag Wert vorhanden ist. andernfalls null.</returns>
    </member>
    <member name="M:System.Runtime.Caching.ObjectCache.Contains(System.String,System.String)">
      <summary>Beim Überschreiben in einer abgeleiteten Klasse wird überprüft, ob der Cacheeintrag bereits im Cache vorhanden ist.</summary>
      <param name="key">Ein eindeutiger Bezeichner für den Cacheeintrag.</param>
      <param name="regionName">Optional. Ein benannter Bereich im Cache, in dem der Cache gefunden werden kann falls Bereiche implementiert werden. Der Standardwert für den optionalen Parameter ist null.</param>
      <returns>true Wenn der Cache einen Cacheeintrag mit demselben Schlüsselwert als enthält <paramref name="key" />andernfalls false.</returns>
    </member>
    <member name="M:System.Runtime.Caching.ObjectCache.CreateCacheEntryChangeMonitor(System.Collections.Generic.IEnumerable{System.String},System.String)">
      <summary>Erstellt beim Überschreiben in einer abgeleiteten Klasse eine <see cref="T:System.Runtime.Caching.CacheEntryChangeMonitor" /> angegebenen Cacheeinträgen vorgenommen-Objekt, das in Reaktion auf Änderungen an Ereignisse auslösen kann.</summary>
      <param name="keys">Der eindeutige Bezeichner für die zu überwachenden Cacheeinträge.</param>
      <param name="regionName">Optional. Ein benannter Bereich im Cache, in dem sich die Cacheschlüssel in, der <paramref name="keys" /> -Parameter befinden, falls Bereiche implementiert werden. Der Standardwert für den optionalen Parameter ist null.</param>
      <returns>Eine änderungsüberwachung, die Cacheeinträge im Cache überwacht.</returns>
    </member>
    <member name="M:System.Runtime.Caching.ObjectCache.Get(System.String,System.String)">
      <summary>Ruft beim Überschreiben in einer abgeleiteten Klasse den angegebenen Cacheeintrag aus dem Cache als Objekt ab.</summary>
      <param name="key">Ein eindeutiger Bezeichner für den Cacheeintrag, der abgerufen werden soll.</param>
      <param name="regionName">Optional. Ein benannter Bereich im Cache, den der Cacheeintrag hinzugefügt wurde, falls Bereiche implementiert werden. Der Standardwert für den optionalen Parameter ist null.</param>
      <returns>Den Cacheeintrag, der von angegebene <paramref name="key" />.</returns>
    </member>
    <member name="M:System.Runtime.Caching.ObjectCache.GetCacheItem(System.String,System.String)">
      <summary>Ruft beim Überschreiben in einer abgeleiteten Klasse ruft Sie den angegebenen Cacheeintrag aus dem Cache als eine <see cref="T:System.Runtime.Caching.CacheItem" /> Instanz.</summary>
      <param name="key">Ein eindeutiger Bezeichner für den Cacheeintrag, der abgerufen werden soll.</param>
      <param name="regionName">Optional. Ein benannter Bereich im Cache, den der Cache hinzugefügt wurde, falls Bereiche implementiert werden. Da Bereiche nicht in implementiert werden .NET Framework 4, der Standardwert ist null.</param>
      <returns>Den Cacheeintrag, der von angegebene <paramref name="key" />.</returns>
    </member>
    <member name="M:System.Runtime.Caching.ObjectCache.GetCount(System.String)">
      <summary>Ruft beim Überschreiben in einer abgeleiteten Klasse ruft die Gesamtanzahl von Cacheeinträgen im Cache ab.</summary>
      <param name="regionName">Optional. Ein benannter Bereich im Cache für den Anzahl der Cache-Eintrag berechnet werden soll, falls Bereiche implementiert werden. Der Standardwert für den optionalen Parameter ist null.</param>
      <returns>Die Anzahl von Cacheeinträgen im Cache. Wenn <paramref name="regionName" /> nicht null, die Zahl gibt die Anzahl von Einträgen, die in der angegebenen Region befinden.</returns>
    </member>
    <member name="M:System.Runtime.Caching.ObjectCache.GetEnumerator">
      <summary>Ruft beim Überschreiben in einer abgeleiteten Klasse erstellt einen Enumerator, der zum Durchlaufen einer Auflistung von Cacheeinträgen verwendet werden kann.</summary>
      <returns>Das Enumeratorobjekt, das Zugriff auf die Einträge im Cache bietet.</returns>
    </member>
    <member name="M:System.Runtime.Caching.ObjectCache.GetValues(System.Collections.Generic.IEnumerable{System.String},System.String)">
      <summary>Ruft beim Überschreiben in einer abgeleiteten Klasse ruft einen Satz von Cacheeinträgen, die den angegebenen Schlüsseln entsprechen.</summary>
      <param name="keys">Eine Auflistung von eindeutigen Bezeichnern für die abzurufenden Cacheeinträge.</param>
      <param name="regionName">Optional. Ein benannter Bereich im Cache, die Cache-Einträge hinzugefügt wurden, wenn Bereiche implementiert werden. Der Standardwert für den optionalen Parameter ist null.</param>
      <returns>Ein Wörterbuch von Schlüssel-Wert-Paaren, die Cacheeinträge darstellen.</returns>
    </member>
    <member name="M:System.Runtime.Caching.ObjectCache.GetValues(System.String,System.String[])">
      <summary>Ruft einen Satz von Cacheeinträgen, die den angegebenen Schlüsseln entsprechen.</summary>
      <param name="regionName">Optional. Ein benannter Bereich im Cache, die Cache-Einträge hinzugefügt wurden, wenn Bereiche implementiert werden. Da Bereiche nicht in implementiert werden .NET Framework 4, der Standardwert ist null.</param>
      <param name="keys">Eine Auflistung von eindeutigen Bezeichnern für die abzurufenden Cacheeinträge.</param>
      <returns>Ein Wörterbuch von Schlüssel-Wert-Paaren, die Cacheeinträge darstellen.</returns>
    </member>
    <member name="M:System.Runtime.Caching.ObjectCache.Remove(System.String,System.String)">
      <summary>Beim Überschreiben in einer abgeleiteten Klasse wird den Cacheeintrag aus dem Cache entfernt.</summary>
      <param name="key">Ein eindeutiger Bezeichner für den Cacheeintrag.</param>
      <param name="regionName">Optional. Ein benannter Bereich im Cache, den der Cacheeintrag hinzugefügt wurde, falls Bereiche implementiert werden. Der Standardwert für den optionalen Parameter ist null.</param>
      <returns>Ein Objekt, das den Wert der entfernte Cacheeintrag darstellt, die durch den Schlüssel angegeben wurde oder null wenn der angegebene Eintrag nicht gefunden wurde.</returns>
    </member>
    <member name="M:System.Runtime.Caching.ObjectCache.Set(System.Runtime.Caching.CacheItem,System.Runtime.Caching.CacheItemPolicy)">
      <summary>Ruft beim Überschreiben in einer abgeleiteten Klasse fügt den Cacheeintrag als eine <see cref="T:System.Runtime.Caching.CacheItem" /> -Instanz gibt Informationen darüber, wie der Eintrag entfernt wird.</summary>
      <param name="item">Das Element im Cache hinzu.</param>
      <param name="policy">Ein Objekt, das Entfernungsdetails für den Cacheeintrag enthält. Dieses Objekt stellt mehr Optionen für das Entfernen bereit als ein einfacher absoluter Ablauf.</param>
    </member>
    <member name="M:System.Runtime.Caching.ObjectCache.Set(System.String,System.Object,System.DateTimeOffset,System.String)">
      <summary>Ruft beim Überschreiben in einer abgeleiteten Klasse fügt einen Cacheeintrag in den Cache zeitbasierte Ablaufdetails angeben.</summary>
      <param name="key">Ein eindeutiger Bezeichner für den Cacheeintrag.</param>
      <param name="value">Das einzufügende Objekt.</param>
      <param name="absoluteExpiration">Das feste Datum und die Uhrzeit, an dem bzw. zu der der Cacheeintrag abläuft.</param>
      <param name="regionName">Optional. Ein benannter Bereich im Cache, den der Cacheeintrag hinzugefügt werden kann, falls Bereiche implementiert werden. Der Standardwert für den optionalen Parameter ist null.</param>
    </member>
    <member name="M:System.Runtime.Caching.ObjectCache.Set(System.String,System.Object,System.Runtime.Caching.CacheItemPolicy,System.String)">
      <summary>Ruft beim Überschreiben in einer abgeleiteten Klasse fügt einen Cacheeintrag in den Cache ein.</summary>
      <param name="key">Ein eindeutiger Bezeichner für den Cacheeintrag.</param>
      <param name="value">Das einzufügende Objekt.</param>
      <param name="policy">Ein Objekt, das Entfernungsdetails für den Cacheeintrag enthält. Dieses Objekt stellt mehr Optionen für das Entfernen bereit als ein einfacher absoluter Ablauf.</param>
      <param name="regionName">Optional. Ein benannter Bereich im Cache, den der Cacheeintrag hinzugefügt werden kann, falls Bereiche implementiert werden. Der Standardwert für den optionalen Parameter ist null.</param>
    </member>
    <member name="M:System.Runtime.Caching.ObjectCache.System#Collections#Generic#IEnumerable{System#Collections#Generic#KeyValuePair{System#String@System#Object}}#GetEnumerator">
      <summary>Unterstützt die Iteration durch eine stark typisierte Auflistung.</summary>
      <returns>Das Enumeratorobjekt, das Zugriff auf die Einträge im Cache bietet.</returns>
    </member>
    <member name="M:System.Runtime.Caching.ObjectCache.System#Collections#IEnumerable#GetEnumerator">
      <summary>Unterstützt die Iteration durch eine generische Auflistung.</summary>
      <returns>Das Enumeratorobjekt, das Zugriff auf die Elemente im Cache bietet.</returns>
    </member>
    <member name="M:System.Runtime.Caching.SqlChangeMonitor.#ctor(System.Data.SqlClient.SqlDependency)">
      <summary>Initialisiert eine neue Instanz der <see cref="T:System.Runtime.Caching.SqlChangeMonitor" />-Klasse.</summary>
      <param name="dependency">Ein Objekt, das ein ADO.NET stellt <see cref="T:System.Data.SqlClient.SqlDependency" /> Objekt.</param>
      <exception cref="T:System.ArgumentNullException">
        <paramref name="dependency" /> ist null.</exception>
    </member>
    <member name="P:System.Runtime.Caching.CacheEntryChangeMonitor.CacheKeys">
      <summary>Ruft eine Auflistung von Cacheschlüsseln, die überwacht werden geändert.</summary>
      <returns>Eine Auflistung von Cacheschlüsseln.</returns>
    </member>
    <member name="P:System.Runtime.Caching.CacheEntryChangeMonitor.LastModified">
      <summary>Ruft einen Wert, der die aktuelle Zeit (in UTC-Zeit) angibt, der die überwachten Cacheeintrags geändert wurde.</summary>
      <returns>Die verstrichene Zeit.</returns>
    </member>
    <member name="P:System.Runtime.Caching.CacheEntryChangeMonitor.RegionName">
      <summary>Ruft den Namen eines Bereichs des Caches ab.</summary>
      <returns>Der Name eines Bereichs im Cache.</returns>
    </member>
    <member name="P:System.Runtime.Caching.CacheEntryRemovedArguments.CacheItem">
      <summary>Ruft eine Instanz eines Cacheeintrags, die aus dem Cache entfernt wurde.</summary>
      <returns>Eine Instanz der <see cref="T:System.Runtime.Caching.CacheItem" /> -Klasse, die aus dem Cache entfernt wurde.</returns>
    </member>
    <member name="P:System.Runtime.Caching.CacheEntryRemovedArguments.RemovedReason">
      <summary>Ruft einen Wert, der angibt, warum ein Cacheeintrag entfernt wurde.</summary>
      <returns>Einer der Enumerationswerte, der angibt, warum der Eintrag entfernt wurde.</returns>
    </member>
    <member name="P:System.Runtime.Caching.CacheEntryRemovedArguments.Source">
      <summary>Ruft einen Verweis auf die Quelle <see cref="T:System.Runtime.Caching.ObjectCache" /> -Instanz, die den entfernten Cacheeintrag ursprünglich enthalten.</summary>
      <returns>Ein Verweis auf den Cache, der den entfernten Cacheeintrag ursprünglich enthalten.</returns>
    </member>
    <member name="P:System.Runtime.Caching.CacheEntryUpdateArguments.Key">
      <summary>Ruft den eindeutigen Bezeichner für einen Cacheeintrag, der entfernt werden soll.</summary>
      <returns>Der eindeutige Bezeichner für den Cacheeintrag.</returns>
    </member>
    <member name="P:System.Runtime.Caching.CacheEntryUpdateArguments.RegionName">
      <summary>Ruft den Namen eines Bereichs im Cache, der einen Cacheeintrag enthält.</summary>
      <returns>Der Name eines Bereichs im Cache. Wenn keine Bereiche verwendet werden, ist dieser Wert null.</returns>
    </member>
    <member name="P:System.Runtime.Caching.CacheEntryUpdateArguments.RemovedReason">
      <summary>Ruft den Grund für ein Cacheeintrag aus dem Cache entfernt werden soll.</summary>
      <returns>Einer der Enumerationswerte, der beschreibt, warum ein Cacheeintrag entfernt wird.</returns>
    </member>
    <member name="P:System.Runtime.Caching.CacheEntryUpdateArguments.Source">
      <summary>Ruft einen Verweis auf die <see cref="T:System.Runtime.Caching.ObjectCache" /> -Instanz, die einen Cacheeintrag enthält, die entfernt werden soll.</summary>
      <returns>Ein Verweis auf die Cache-Instanz.</returns>
    </member>
    <member name="P:System.Runtime.Caching.CacheEntryUpdateArguments.UpdatedCacheItem">
      <summary>Ruft ab oder legt den Wert der <see cref="T:System.Runtime.Caching.CacheItem" /> anhand derer das Cacheobjekt zu aktualisieren.</summary>
      <returns>Der Cacheeintrag im Cacheobjekt zu aktualisieren. Die Standardeinstellung ist null.</returns>
    </member>
    <member name="P:System.Runtime.Caching.CacheEntryUpdateArguments.UpdatedCacheItemPolicy">
      <summary>Ruft ab oder legt die Cacherichtlinie Ablauf oder Entfernung von der <see cref="T:System.Runtime.Caching.CacheItem" /> Eintrag, der aktualisiert wird.</summary>
      <returns>Die Entfernung oder Ablauf Cacherichtlinie für das Cacheelement, das aktualisiert wurde. Die Standardeinstellung ist null.</returns>
    </member>
    <member name="P:System.Runtime.Caching.CacheItem.Key">
      <summary>Ruft ab oder legt einen eindeutigen Bezeichner für eine <see cref="T:System.Runtime.Caching.CacheItem" /> Instanz.</summary>
      <returns>Der Bezeichner für eine <see cref="T:System.Runtime.Caching.CacheItem" /> Instanz.</returns>
    </member>
    <member name="P:System.Runtime.Caching.CacheItem.RegionName">
      <summary>Ruft ab oder legt den Namen eines Bereichs im Cache, enthält eine <see cref="T:System.Runtime.Caching.CacheItem" /> Eintrag.</summary>
      <returns>Der Name eines Bereichs in einem Cache. Die Standardeinstellung ist null.</returns>
    </member>
    <member name="P:System.Runtime.Caching.CacheItem.Value">
      <summary>Ruft ab oder legt die Daten für eine <see cref="T:System.Runtime.Caching.CacheItem" /> Instanz.</summary>
      <returns>Die Daten für eine <see cref="T:System.Runtime.Caching.CacheItem" /> Instanz. Die Standardeinstellung ist null.</returns>
    </member>
    <member name="P:System.Runtime.Caching.CacheItemPolicy.AbsoluteExpiration">
      <summary>Ruft ab oder legt einen Wert, der angibt, ob ein Cacheeintrag nach einer bestimmten Zeit entfernt werden soll.</summary>
      <returns>Die Zeitspanne, die verstreichen muss, bevor ein Cacheeintrag entfernt wird. Der Standardwert ist <see cref="F:System.Runtime.Caching.ObjectCache.InfiniteAbsoluteExpiration" />, Bedeutung, das der Eintrag nicht abläuft.</returns>
    </member>
    <member name="P:System.Runtime.Caching.CacheItemPolicy.ChangeMonitors">
      <summary>Ruft eine Auflistung von <see cref="T:System.Runtime.Caching.ChangeMonitor" /> -Objekten, die einen Eintrag im Cache zugeordnet sind.</summary>
      <returns>Eine Auflistung von Monitore ändern. Der Standard ist eine leere Auflistung.</returns>
    </member>
    <member name="P:System.Runtime.Caching.CacheItemPolicy.Priority">
      <summary>Ruft ab oder legt eine Priorität festlegen, die verwendet wird, um zu bestimmen, ob einen Cacheeintrag entfernen.</summary>
      <returns>Einer der Enumerationswerte, der die Priorität für die Entfernung angibt. Der Standardwert für die Priorität ist <see cref="F:System.Runtime.Caching.CacheItemPriority.Default" />, d. h. keine Priorität.</returns>
    </member>
    <member name="P:System.Runtime.Caching.CacheItemPolicy.RemovedCallback">
      <summary>Ruft ab oder legt einen Verweis auf eine <see cref="T:System.Runtime.Caching.CacheEntryRemovedCallback" /> -Delegat, der aufgerufen wird, nachdem Sie ein Eintrag aus dem Cache entfernt wird.</summary>
      <returns>Ein Verweis auf ein Delegat, der durch eine Cacheimplementierung aufgerufen wird.</returns>
    </member>
    <member name="P:System.Runtime.Caching.CacheItemPolicy.SlidingExpiration">
      <summary>Ruft ab oder legt einen Wert, der angibt, ob ein Cacheeintrag entfernt werden soll, wenn es in einer bestimmten Zeitspanne nicht zugegriffen wurde.</summary>
      <returns>Eine Zeitspanne, in dem ein Cacheeintrag zugegriffen werden muss, bevor der Cacheeintrag aus dem Cache entfernt wird. Die Standardeinstellung ist <see cref="F:System.Runtime.Caching.ObjectCache.NoSlidingExpiration" />, d. h., dass das Element nicht ablaufen sollen, basierend auf einen Zeitraum.</returns>
    </member>
    <member name="P:System.Runtime.Caching.CacheItemPolicy.UpdateCallback">
      <summary>Ruft ab oder legt einen Verweis auf eine <see cref="T:System.Runtime.Caching.CacheEntryUpdateCallback" /> -Delegat, der aufgerufen wird, bevor ein Cacheeintrag aus dem Cache entfernt wird.</summary>
      <returns>Ein Verweis auf ein Delegat, der durch eine Cacheimplementierung aufgerufen wird.</returns>
    </member>
    <member name="P:System.Runtime.Caching.ChangeMonitor.HasChanged">
      <summary>Ruft einem Wert, der angibt, den Zustand, der von überwacht wird, die <see cref="T:System.Runtime.Caching.ChangeMonitor" /> Klasse geändert hat.</summary>
      <returns>true Wenn der Zustand, der von überwacht wird, die <see cref="T:System.Runtime.Caching.ChangeMonitor" /> Instanz geändert wurde; andernfalls false.</returns>
    </member>
    <member name="P:System.Runtime.Caching.ChangeMonitor.IsDisposed">
      <summary>Ruft einem Wert, der angibt, die abgeleitete Instanz einer <see cref="T:System.Runtime.Caching.ChangeMonitor" /> Klasse verworfen wird.</summary>
      <returns>true Wenn die Instanz freigegeben wird; andernfalls false.</returns>
    </member>
    <member name="P:System.Runtime.Caching.ChangeMonitor.UniqueId">
      <summary>Ruft einen Wert ab, der <see cref="T:System.Runtime.Caching.ChangeMonitor" /> Klasseninstanz.</summary>
      <returns>Der Bezeichner für eine Change-Monitor-Instanz.</returns>
    </member>
    <member name="P:System.Runtime.Caching.Configuration.CachingSectionGroup.MemoryCaches">
      <summary>Ruft die Auflistung der <see cref="T:System.Runtime.Caching.Configuration.MemoryCacheElement" /> Objekte.</summary>
      <returns>Die Auflistung der Cache-Section-Objekte.</returns>
    </member>
    <member name="P:System.Runtime.Caching.Configuration.MemoryCacheElement.CacheMemoryLimitMegabytes">
      <summary>Ruft ab oder legt die maximale Arbeitsspeichergröße in Megabyte, die eine Instanz einer <see cref="T:System.Runtime.Caching.MemoryCache" /> -Objekts anwachsen kann.</summary>
      <returns>Die Menge der maximalen Arbeitsspeichergröße in Megabyte. Der Standardwert ist 0 (null), der angibt, dass <see cref="T:System.Runtime.Caching.MemoryCache" /> Instanzen verwalten ihre eigenen Arbeitsspeicher auf Grundlage der Menge an Arbeitsspeicher, die auf dem Computer installiert ist.</returns>
    </member>
    <member name="P:System.Runtime.Caching.Configuration.MemoryCacheElement.Name">
      <summary>Ruft ab oder legt den Namen einer bestimmten Cachekonfiguration.</summary>
      <returns>Der Name einer Cachekonfiguration.</returns>
    </member>
    <member name="P:System.Runtime.Caching.Configuration.MemoryCacheElement.PhysicalMemoryLimitPercentage">
      <summary>Ruft ab den Prozentsatz des Serverarbeitsspeichers, die verwendet werden, kann vom Cache.</summary>
      <returns>Der Prozentsatz des physischen Arbeitsspeichers, der den Cache verwendet werden kann, ausgedrückt als ganze Zahl zwischen 1 und 100. Der Standardwert ist 0 (null), der angibt, dass <see cref="T:System.Runtime.Caching.MemoryCache" /> Instanzen verwalten ihre eigenen Arbeitsspeicher auf Grundlage der Menge an Arbeitsspeicher, die auf dem Computer installiert ist.</returns>
    </member>
    <member name="P:System.Runtime.Caching.Configuration.MemoryCacheElement.PollingInterval">
      <summary>Ruft ab oder legt einen Wert, der das Zeitintervall angibt, nach dem die Cacheimplementierung die aktuelle Auslastung des Arbeitsspeichers für die absolute und prozentual Speichergrenzen vergleicht, die für die Cache-Instanz festgelegt werden.</summary>
      <returns>Das Zeitintervall, nach dem die Cacheimplementierung die aktuelle Auslastung des Arbeitsspeichers für die absolute und prozentual Speichergrenzen vergleicht, die für die Cache-Instanz festgelegt werden. Der Standardwert ist 2 Minuten.</returns>
    </member>
    <member name="P:System.Runtime.Caching.Configuration.MemoryCacheSection.NamedCaches">
      <summary>Ruft die Auflistung der Konfigurationseinstellungen für die benannte <see cref="T:System.Runtime.Caching.MemoryCache" /> Instanzen.</summary>
      <returns>Eine Auflistung von Einstellungen für jeden benannten Cache.</returns>
    </member>
    <member name="P:System.Runtime.Caching.Configuration.MemoryCacheSettingsCollection.CollectionType">
      <summary>Ruft den Typ der Konfigurationsauflistung ab.</summary>
      <returns>Der Typ der Auflistung.</returns>
    </member>
    <member name="P:System.Runtime.Caching.Configuration.MemoryCacheSettingsCollection.Item(System.Int32)">
      <summary>Ruft die <see cref="T:System.Runtime.Caching.Configuration.MemoryCacheElement" /> Element, das dem angegebenen Index ab.</summary>
      <param name="index">Der nullbasierte Index des Elements in der Auflistung.</param>
      <returns>Das Element am angegebenen Index.</returns>
    </member>
    <member name="P:System.Runtime.Caching.Configuration.MemoryCacheSettingsCollection.Item(System.String)">
      <summary>Ruft die <see cref="T:System.Runtime.Caching.Configuration.MemoryCacheElement" /> Element mit dem angegebenen Schlüssel enthält.</summary>
      <param name="key">Ein eindeutiger Bezeichner für das Element.</param>
      <returns>Das Element, das durch den Schlüssel angegeben ist.</returns>
    </member>
    <member name="P:System.Runtime.Caching.FileChangeMonitor.FilePaths">
      <summary>Ruft eine Auflistung, die die Pfade der Dateien, die überwacht werden Änderungen enthält.</summary>
      <returns>Eine Auflistung von Dateipfaden.</returns>
    </member>
    <member name="P:System.Runtime.Caching.FileChangeMonitor.LastModified">
      <summary>Ruft einen Wert, der beim letzten angibt, der eine Datei, die überwacht wird, geändert wurde.</summary>
      <returns>Wenn mehrere Dateien überwacht werden, hat die letzte Uhrzeit der zuletzt geänderten Datei; andernfalls das letzte Mal die Datei, die überwacht wird, wurde geändert.</returns>
    </member>
    <member name="P:System.Runtime.Caching.HostFileChangeMonitor.FilePaths">
      <summary>Ruft die Auflistung der Verzeichnisse und Dateipfade, die übergeben wurde, die <see cref="M:System.Runtime.Caching.HostFileChangeMonitor.#ctor(System.Collections.Generic.IList{System.String})" /> Konstruktor.</summary>
      <returns>Eine Auflistung von Verzeichnissen und Dateipfaden.</returns>
    </member>
    <member name="P:System.Runtime.Caching.HostFileChangeMonitor.LastModified">
      <summary>Ruft einen schreibgeschützten Wert, der Zeitpunkt des letzten Schreibzugriffs für eine überwachte Datei oder Pfad angibt.</summary>
      <returns>Zeitpunkts des letzten Schreibvorgangs einer überwachten Datei oder Pfad.</returns>
    </member>
    <member name="P:System.Runtime.Caching.HostFileChangeMonitor.UniqueId">
      <summary>Ruft einen Bezeichner für die <see cref="T:System.Runtime.Caching.HostFileChangeMonitor" /> -Instanz, die auf den überwachten Verzeichnissen und Dateipfaden basiert.</summary>
      <returns>Ein Bezeichner für den Bildschirm ändern.</returns>
    </member>
    <member name="P:System.Runtime.Caching.MemoryCache.CacheMemoryLimit">
      <summary>Ruft den Speicherplatz auf dem Computer, der vom Cache verwendet werden kann, in Bytes ab.</summary>
      <returns>Der Speicherplatz in Bytes.</returns>
    </member>
    <member name="P:System.Runtime.Caching.MemoryCache.Default">
      <summary>Ruft einen Verweis auf die <see cref="T:System.Runtime.Caching.MemoryCache" />-Standardinstanz ab.</summary>
      <returns>Die Standardinstanz des Caches.</returns>
    </member>
    <member name="P:System.Runtime.Caching.MemoryCache.DefaultCacheCapabilities">
      <summary>Ruft eine Beschreibung der Funktionen ab, die der Cache bereitstellt.</summary>
      <returns>Eine bitweise Kombination von Flags, die die Standardfunktionen der Cacheimplementierung angeben.</returns>
    </member>
    <member name="P:System.Runtime.Caching.MemoryCache.Item(System.String)">
      <summary>Ruft einen Wert im Cache mithilfe der Standardindexereigenschaft für eine Instanz der <see cref="T:System.Runtime.Caching.MemoryCache" />-Klasse ab, oder legt ihn fest.</summary>
      <param name="key">Ein eindeutiger Bezeichner für den Cachewert, der abgerufen bzw. festgelegt werden soll.</param>
      <returns>Der Wert in der Cacheinstanz für den angegebenen Schlüssel, falls der Eintrag vorhanden ist, andernfalls null.</returns>
      <exception cref="T:System.ArgumentNullException">
        <paramref name="key" /> ist null.- oder - Der eingefügte Wert ist null.</exception>
    </member>
    <member name="P:System.Runtime.Caching.MemoryCache.Name">
      <summary>Ruft den Namen des Caches ab.</summary>
      <returns>Der Name des Caches.</returns>
    </member>
    <member name="P:System.Runtime.Caching.MemoryCache.PhysicalMemoryLimit">
      <summary>Ruft den Prozentsatz des physischen Arbeitsspeichers ab, der vom Cache verwendet werden kann.</summary>
      <returns>Der Prozentsatz des physischen Arbeitsspeichers, der vom Cache verwendet werden kann.</returns>
    </member>
    <member name="P:System.Runtime.Caching.MemoryCache.PollingInterval">
      <summary>Ruft die maximale Zeit ab, nach der der Cache die Arbeitsspeicherstatistik aktualisiert.</summary>
      <returns>Die maximale Zeit, bevor die Arbeitsspeicherstatistik aktualisiert wird.</returns>
    </member>
    <member name="P:System.Runtime.Caching.ObjectCache.DefaultCacheCapabilities">
      <summary>Ruft beim Überschreiben in einer abgeleiteten Klasse ruft eine Beschreibung der Funktionen, die eine Cacheimplementierung bereitstellt.</summary>
      <returns>Eine bitweise Kombination von Flags, die die Standardfunktionen einer Cache-Implementierung angeben.</returns>
    </member>
    <member name="P:System.Runtime.Caching.ObjectCache.Host">
      <summary>Ruft ab oder legt einen Verweis auf einer verwalteten Hostingumgebung, die zur Verfügung steht <see cref="T:System.Runtime.Caching.ObjectCache" /> Implementierungen und, bieten Dienste hostspezifische <see cref="T:System.Runtime.Caching.ObjectCache" /> Implementierungen.</summary>
      <returns>Ein Verweis auf eine Cache-fähigen verwalteten hosting-Umgebung.</returns>
      <exception cref="T:System.ArgumentNullException">Der Wert der Eigenschaft zugewiesen wird, ist null.</exception>
      <exception cref="T:System.InvalidOperationException">Es wurde versucht, den Wert der Eigenschaft nur einmal festgelegt werden.</exception>
    </member>
    <member name="P:System.Runtime.Caching.ObjectCache.Item(System.String)">
      <summary>Ruft ab oder legt den Standardindexer für die <see cref="T:System.Runtime.Caching.ObjectCache" /> Klasse.</summary>
      <param name="key">Ein eindeutiger Bezeichner für einen Cacheeintrag im Cache.</param>
      <returns>Ein Schlüssel, der als Indexer in der Cacheinstanz dient.</returns>
    </member>
    <member name="P:System.Runtime.Caching.ObjectCache.Name">
      <summary>Ruft den Namen eines bestimmten <see cref="T:System.Runtime.Caching.ObjectCache" /> Instanz.</summary>
      <returns>Der Name einer bestimmten Cacheinstanz.</returns>
    </member>
    <member name="P:System.Runtime.Caching.SqlChangeMonitor.UniqueId">
      <summary>Ruft einen Bezeichner für eine <see cref="T:System.Runtime.Caching.SqlChangeMonitor" /> Instanz.</summary>
      <returns>Ein Bezeichner für den Bildschirm ändern.</returns>
    </member>
    <member name="T:System.Runtime.Caching.CacheEntryChangeMonitor">
      <summary>Stellt eine Basisklasse, die stellt eine <see cref="T:System.Runtime.Caching.ChangeMonitor" /> Typ, der implementiert werden kann, um die Änderungen an der Einträge im Cache überwachen.</summary>
    </member>
    <member name="T:System.Runtime.Caching.CacheEntryRemovedArguments">
      <summary>Enthält Informationen über einen Eintrag im Cache, der aus dem Cache entfernt wurde.</summary>
    </member>
    <member name="T:System.Runtime.Caching.CacheEntryRemovedCallback">
      <summary>Definiert einen Verweis auf eine Methode, die aufgerufen wird, nachdem ein Cacheeintrag aus dem Cache entfernt wird.</summary>
      <param name="arguments">Die Informationen über den Cacheeintrag, der aus dem Cache entfernt wurde.</param>
    </member>
    <member name="T:System.Runtime.Caching.CacheEntryRemovedReason">
      <summary>Gibt den Grund, warum ein Cacheeintrag entfernt wurde oder ein Eintrag wird entfernt werden soll.</summary>
    </member>
    <member name="F:System.Runtime.Caching.CacheEntryRemovedReason.Removed">
      <summary>Ein Cacheeintrag wurde entfernt, mit der <see cref="M:System.Runtime.Caching.ObjectCache.Remove(System.String,System.String)" /> oder <see cref="M:System.Runtime.Caching.ObjectCache.Set(System.String,System.Object,System.DateTimeOffset,System.String)" /> Methode.</summary>
    </member>
    <member name="F:System.Runtime.Caching.CacheEntryRemovedReason.Expired">
      <summary>Ein Cacheeintrag wurde entfernt, weil er abgelaufen ist. Ablauf kann auf einer absoluten Zeit oder einer gleitende Ablaufzeit basieren.</summary>
    </member>
    <member name="F:System.Runtime.Caching.CacheEntryRemovedReason.Evicted">
      <summary>Ein Cacheeintrag wurde zur Freigabe von Arbeitsspeicher im Cache entfernt. Dies tritt auf, wenn eine Cache-Instanz cachespezifische Arbeitsspeicherlimits nähert, oder wenn eine Instanz Prozess oder eine Cacheinstanz computerweiten Arbeitsspeicherlimits nähert.</summary>
    </member>
    <member name="F:System.Runtime.Caching.CacheEntryRemovedReason.ChangeMonitorChanged">
      <summary>Ein Cacheeintrag wurde entfernt, weil eine verwandte Abhängigkeit (z. B. eine Datei oder ein anderer Cacheeintrag) die Entfernung des Cacheeintrags ausgelöst.</summary>
    </member>
    <member name="F:System.Runtime.Caching.CacheEntryRemovedReason.CacheSpecificEviction">
      <summary>Ein Cacheeintrag wurde als Ursache für entfernt, die von einem bestimmten Cacheimplementierung definiert wird.</summary>
    </member>
    <member name="T:System.Runtime.Caching.CacheEntryUpdateArguments">
      <summary>Enthält Informationen über einen Eintrag im Cache, der aus dem Cache entfernt werden.</summary>
    </member>
    <member name="T:System.Runtime.Caching.CacheEntryUpdateCallback">
      <summary>Definiert einen Verweis auf eine Methode, die aufgerufen wird, wird ein Cacheeintrag aus dem Cache entfernt werden soll.</summary>
      <param name="arguments">Informationen über den Eintrag, der aus dem Cache entfernt werden soll.</param>
    </member>
    <member name="T:System.Runtime.Caching.CacheItem">
      <summary>Stellt einen individuellen Cacheeintrag im Cache dar.</summary>
    </member>
    <member name="T:System.Runtime.Caching.CacheItemPolicy">
      <summary>Stellt einen Satz von entfernungs- und Ablaufrichtlinien Details für einen bestimmten Cacheeintrag dar.</summary>
    </member>
    <member name="T:System.Runtime.Caching.CacheItemPriority">
      <summary>Gibt eine Priorität festlegen, die verwendet wird, entscheiden, ob Sie einen Eintrag im Cache zu entfernen.</summary>
    </member>
    <member name="F:System.Runtime.Caching.CacheItemPriority.Default">
      <summary>Gibt an, dass keine Priorität für die Entfernung des Eintrags im Cache vorhanden ist.</summary>
    </member>
    <member name="F:System.Runtime.Caching.CacheItemPriority.NotRemovable">
      <summary>Gibt an, dass ein Cacheeintrag nie aus dem Cache entfernt werden soll.</summary>
    </member>
    <member name="T:System.Runtime.Caching.ChangeMonitor">
      <summary>Stellt eine Basisklasse für einen abgeleiteten benutzerdefinierten Typ, der die Änderungen in den Zustand der Daten überwacht, ein Element im Cache abhängig.</summary>
    </member>
    <member name="T:System.Runtime.Caching.Configuration.CachingSectionGroup">
      <summary>Definiert eine Konfiguration im Abschnitt for.NET Framework Zwischenspeichern. Diese Klasse kann nicht vererbt werden.</summary>
    </member>
    <member name="T:System.Runtime.Caching.Configuration.MemoryCacheElement">
      <summary>Definiert ein Element, das verwendet wird, um einen Cache zu konfigurieren, die basierend auf der <see cref="T:System.Runtime.Caching.MemoryCache" /> Klasse. Diese Klasse kann nicht vererbt werden.</summary>
    </member>
    <member name="T:System.Runtime.Caching.Configuration.MemoryCacheSection">
      <summary>Definiert einen Konfigurationsabschnitt für einen Cache auf Grundlage der <see cref="T:System.Runtime.Caching.MemoryCache" /> Klasse. Diese Klasse kann nicht vererbt werden.</summary>
    </member>
    <member name="T:System.Runtime.Caching.Configuration.MemoryCacheSettingsCollection">
      <summary>Stellt eine Auflistung von <see cref="T:System.Runtime.Caching.Configuration.MemoryCacheSettingsCollection" />-Elementen dar. Diese Klasse kann nicht vererbt werden.</summary>
    </member>
    <member name="T:System.Runtime.Caching.DefaultCacheCapabilities">
      <summary>Stellt einen Satz von Funktionen, die eine Cacheimplementierung bereitstellt.</summary>
    </member>
    <member name="F:System.Runtime.Caching.DefaultCacheCapabilities.None">
      <summary>Eine Cacheimplementierung bietet keinen, die in beschrieben werden die <see cref="T:System.Runtime.Caching.DefaultCacheCapabilities" /> Enumeration.</summary>
    </member>
    <member name="F:System.Runtime.Caching.DefaultCacheCapabilities.InMemoryProvider">
      <summary>Eine Cacheimplementierung, die zumindest teilweise im Arbeitsspeicher ausgeführt wird. Ein verteilter Cache würde dieses Flag nicht festgelegt, während eine cache im Arbeitsspeicher, z. B. die <see cref="T:System.Runtime.Caching.MemoryCache" /> Klasse würde dazu.</summary>
    </member>
    <member name="F:System.Runtime.Caching.DefaultCacheCapabilities.OutOfProcessProvider">
      <summary>Eine Cacheimplementierung wird die Out-of-Process ausgeführt. Einen verteilten Cache würde dieses Flag festgelegt, während eine cache im Arbeitsspeicher, z. B. die <see cref="T:System.Runtime.Caching.MemoryCache" /> -Klasse nicht verwendet werden.</summary>
    </member>
    <member name="F:System.Runtime.Caching.DefaultCacheCapabilities.CacheEntryChangeMonitors">
      <summary>Eine Cacheimplementierung unterstützt die Fähigkeit zum Erstellen von Monitoren ändern, die Einträge zu überwachen.</summary>
    </member>
    <member name="F:System.Runtime.Caching.DefaultCacheCapabilities.AbsoluteExpirations">
      <summary>Eine Cacheimplementierung unterstützt die Möglichkeit, Cache-Einträge automatisch zu einem bestimmten Datum und die Uhrzeit zu entfernen.</summary>
    </member>
    <member name="F:System.Runtime.Caching.DefaultCacheCapabilities.SlidingExpirations">
      <summary>Eine Cacheimplementierung unterstützt die Möglichkeit, automatisch Einträge im Cache zu entfernen, die in einen bestimmten Zeitraum nicht zugegriffen wurde.</summary>
    </member>
    <member name="F:System.Runtime.Caching.DefaultCacheCapabilities.CacheEntryUpdateCallback">
      <summary>Eine Cacheimplementierung kann eine Benachrichtigung auslösen, die ein Eintrag aus dem Cache entfernt werden soll. Diese Einstellung gibt auch an, dass eine Cacheimplementierung unterstützt die Möglichkeit, automatisch ein neuer Cacheeintrag ersetzen den Eintrag, der entfernt wird.</summary>
    </member>
    <member name="F:System.Runtime.Caching.DefaultCacheCapabilities.CacheEntryRemovedCallback">
      <summary>Eine Cacheimplementierung kann eine Benachrichtigung auslösen, dass ein Eintrag aus dem Cache entfernt wurde.</summary>
    </member>
    <member name="F:System.Runtime.Caching.DefaultCacheCapabilities.CacheRegions">
      <summary>Eine Cacheimplementierung unterstützt die Möglichkeit, den Speicher in Cachebereiche partitionieren und die Möglichkeit zum Einfügen von Cacheeinträgen in diesen Regionen und zum Abrufen von Cacheeinträgen aus diesen Regionen unterstützt.</summary>
    </member>
    <member name="T:System.Runtime.Caching.FileChangeMonitor">
      <summary>Stellt ein Objekt, das Änderungen an Dateien überwacht.</summary>
    </member>
    <member name="T:System.Runtime.Caching.HostFileChangeMonitor">
      <summary>Überwacht, Verzeichnisse und Dateipfade und benachrichtigt den Cache für die überwachten Elemente. Diese Klasse kann nicht vererbt werden.</summary>
    </member>
    <member name="T:System.Runtime.Caching.Hosting.IApplicationIdentifier">
      <summary>Definiert einen Bezeichner für Anwendungsdomänen, die eine Cacheimplementierung für die Interaktion mit einer hostumgebung verwenden können.</summary>
    </member>
    <member name="T:System.Runtime.Caching.Hosting.IFileChangeNotificationSystem">
      <summary>Definiert eine Methode zum Bereitstellen eines benutzerdefiniertes <see cref="T:System.Runtime.Caching.FileChangeMonitor" /> Objekt, das eine Cacheimplementierung.</summary>
    </member>
    <member name="T:System.Runtime.Caching.Hosting.IMemoryCacheManager">
      <summary>Definiert eine Schnittstelle, die eine cachespeicherverwendung in einer hostumgebung für die Kommunikation verwendet.</summary>
    </member>
    <member name="T:System.Runtime.Caching.MemoryCache">
      <summary>Stellt den Typ dar, der einen Cache im Arbeitsspeicher implementiert.</summary>
    </member>
    <member name="T:System.Runtime.Caching.ObjectCache">
      <summary>Stellt einen Objektcache dar und stellt die grundlegenden Methoden und Eigenschaften für den Zugriff auf den Objektcache.</summary>
    </member>
    <member name="T:System.Runtime.Caching.OnChangedCallback">
      <summary>Definiert einen Verweis auf eine Methode, die überwachten Objekten behandelt.</summary>
      <param name="state">Der Zustand des abhängigen Objekts, das geändert wurde.</param>
    </member>
    <member name="T:System.Runtime.Caching.SqlChangeMonitor">
      <summary>Ermöglicht die Änderung Überwachung für SQL Server-Datenbanken. Diese Klasse kann nicht vererbt werden.</summary>
    </member>
  </members>
</doc>