﻿<?xml version="1.0" encoding="utf-8"?>
<doc>
  <assembly>
    <name>System.IO.Compression.FileSystem</name>
  </assembly>
  <members>
    <member name="M:System.IO.Compression.ZipFile.CreateFromDirectory(System.String,System.String)">
      <summary>Erstellt ein ZIP-Archiv, das die Dateien und Verzeichnisse im angegebenen Verzeichnis enthält.</summary>
      <param name="sourceDirectoryName">Der Pfad zum Verzeichnis, das archiviert werden soll, angegeben als relativer oder absoluter Pfad. Ein relativer Pfad wird relativ zum aktuellen Arbeitsverzeichnis interpretiert.</param>
      <param name="destinationArchiveFileName">Der Pfad des zu erstellenden Archivs, angegeben als relativer oder absoluter Pfad. Ein relativer Pfad wird relativ zum aktuellen Arbeitsverzeichnis interpretiert.</param>
      <exception cref="T:System.ArgumentException">
        <paramref name="sourceDirectoryName" /> oder <paramref name="destinationArchiveFileName" /> ist <see cref="F:System.String.Empty" />, enthält nur Leerzeichen oder enthält mindestens ein ungültiges Zeichen.</exception>
      <exception cref="T:System.ArgumentNullException">
        <paramref name="sourceDirectoryName" /> oder <paramref name="destinationArchiveFileName" /> ist null.</exception>
      <exception cref="T:System.IO.PathTooLongException">In <paramref name="sourceDirectoryName" /> oder <paramref name="destinationArchiveFileName" />, der angegebene Pfad und/oder Dateiname überschreitet die vom System definierte maximale Länge. Beispielsweise darf ein Pfad auf einer Windows-basierten Plattform nicht mehr als 248 Zeichen und ein Dateiname nicht mehr als 260 Zeichen lang sein.</exception>
      <exception cref="T:System.IO.DirectoryNotFoundException">
        <paramref name="sourceDirectoryName" /> ist ungültig oder nicht vorhanden (z. B. befindet er sich auf einem nicht zugeordneten Laufwerk).</exception>
      <exception cref="T:System.IO.IOException">
        <paramref name="destinationArchiveFileName" /> ist bereits vorhanden.- oder - Eine Datei im angegebenen Verzeichnis konnte nicht geöffnet werden.</exception>
      <exception cref="T:System.UnauthorizedAccessException">
        <paramref name="destinationArchiveFileName" /> Gibt ein Verzeichnis.- oder - Der Aufrufer verfügt nicht über die erforderliche Berechtigung zum Zugriff auf das Verzeichnis im angegebenen <paramref name="sourceDirectoryName" /> oder die angegebene Datei <paramref name="destinationArchiveFileName" />.</exception>
      <exception cref="T:System.NotSupportedException">
        <paramref name="sourceDirectoryName" /> oder <paramref name="destinationArchiveFileName" /> enthält ein ungültiges Format.- oder - Das Zip-Archiv unterstützt keine Schreibvorgänge.</exception>
    </member>
    <member name="M:System.IO.Compression.ZipFile.CreateFromDirectory(System.String,System.String,System.IO.Compression.CompressionLevel,System.Boolean)">
      <summary>Erstellt ein ZIP-Archiv, das die Dateien und Verzeichnisse im angegebenen Verzeichnis enthält, verwendet die angegebene Komprimierungsebene und optional das Basisverzeichnis.</summary>
      <param name="sourceDirectoryName">Der Pfad zum Verzeichnis, das archiviert werden soll, angegeben als relativer oder absoluter Pfad. Ein relativer Pfad wird relativ zum aktuellen Arbeitsverzeichnis interpretiert.</param>
      <param name="destinationArchiveFileName">Der Pfad des zu erstellenden Archivs, angegeben als relativer oder absoluter Pfad. Ein relativer Pfad wird relativ zum aktuellen Arbeitsverzeichnis interpretiert.</param>
      <param name="compressionLevel">Einer der Enumerationswerte, der angibt, ob Geschwindigkeit oder Komprimierungseffektivität priorisiert wird, wenn der Eintrag erstellt.</param>
      <param name="includeBaseDirectory">true Einschließen der Verzeichnisname von <paramref name="sourceDirectoryName" /> im Stammverzeichnis der ZIP-Datei; false nur den Inhalt des Verzeichnisses einbeziehen.</param>
      <exception cref="T:System.ArgumentException">
        <paramref name="sourceDirectoryName" /> oder <paramref name="destinationArchiveFileName" /> ist <see cref="F:System.String.Empty" />, enthält nur Leerzeichen oder enthält mindestens ein ungültiges Zeichen.</exception>
      <exception cref="T:System.ArgumentNullException">
        <paramref name="sourceDirectoryName" /> oder <paramref name="destinationArchiveFileName" /> ist null.</exception>
      <exception cref="T:System.IO.PathTooLongException">In <paramref name="sourceDirectoryName" /> oder <paramref name="destinationArchiveFileName" />, der angegebene Pfad und/oder Dateiname überschreitet die vom System definierte maximale Länge. Beispielsweise darf ein Pfad auf einer Windows-basierten Plattform nicht mehr als 248 Zeichen und ein Dateiname nicht mehr als 260 Zeichen lang sein.</exception>
      <exception cref="T:System.IO.DirectoryNotFoundException">
        <paramref name="sourceDirectoryName" /> ist ungültig oder nicht vorhanden (z. B. befindet er sich auf einem nicht zugeordneten Laufwerk).</exception>
      <exception cref="T:System.IO.IOException">
        <paramref name="destinationArchiveFileName" /> ist bereits vorhanden.- oder - Eine Datei im angegebenen Verzeichnis konnte nicht geöffnet werden.</exception>
      <exception cref="T:System.UnauthorizedAccessException">
        <paramref name="destinationArchiveFileName" /> Gibt ein Verzeichnis.- oder - Der Aufrufer verfügt nicht über die erforderliche Berechtigung zum Zugriff auf das Verzeichnis im angegebenen <paramref name="sourceDirectoryName" /> oder die angegebene Datei <paramref name="destinationArchiveFileName" />.</exception>
      <exception cref="T:System.NotSupportedException">
        <paramref name="sourceDirectoryName" /> oder <paramref name="destinationArchiveFileName" /> enthält ein ungültiges Format.- oder - Das Zip-Archiv unterstützt keine Schreibvorgänge.</exception>
    </member>
    <member name="M:System.IO.Compression.ZipFile.CreateFromDirectory(System.String,System.String,System.IO.Compression.CompressionLevel,System.Boolean,System.Text.Encoding)">
      <summary>Erstellt ein ZIP-Archiv, das die Dateien und Verzeichnisse im angegebenen Verzeichnis enthält, die angegebene Komprimierungsebene und der angegebenen Zeichencodierung für Eintragsnamen verwendet und optional das Basisverzeichnis mit einbezieht.</summary>
      <param name="sourceDirectoryName">Der Pfad zum Verzeichnis, das archiviert werden soll, angegeben als relativer oder absoluter Pfad. Ein relativer Pfad wird relativ zum aktuellen Arbeitsverzeichnis interpretiert.</param>
      <param name="destinationArchiveFileName">Der Pfad des zu erstellenden Archivs, angegeben als relativer oder absoluter Pfad. Ein relativer Pfad wird relativ zum aktuellen Arbeitsverzeichnis interpretiert.</param>
      <param name="compressionLevel">Einer der Enumerationswerte, der angibt, ob Geschwindigkeit oder Komprimierungseffektivität priorisiert wird, wenn der Eintrag erstellt.</param>
      <param name="includeBaseDirectory">true Einschließen der Verzeichnisname von <paramref name="sourceDirectoryName" /> im Stammverzeichnis der ZIP-Datei; false nur den Inhalt des Verzeichnisses einbeziehen.</param>
      <param name="entryNameEncoding">Die Codierung, die beim Lesen oder Schreiben von Eintragsnamen in diesem Archiv verwendet werden soll. Geben Sie einen Wert für diesen Parameter nur an, wenn eine Codierung für die Interoperabilität mit ZIP-Archiv-Tools und -Bibliotheken erforderlich ist, die die UTF-8-Codierung für Eintragsnamen nicht unterstützen.</param>
      <exception cref="T:System.ArgumentException">
        <paramref name="sourceDirectoryName" /> oder <paramref name="destinationArchiveFileName" /> ist <see cref="F:System.String.Empty" />, enthält nur Leerzeichen oder enthält mindestens ein ungültiges Zeichen.- oder - <paramref name="entryNameEncoding" /> ist-Satz in eine Unicode-als UTF-8-Codierung.</exception>
      <exception cref="T:System.ArgumentNullException">
        <paramref name="sourceDirectoryName" /> oder <paramref name="destinationArchiveFileName" /> ist null.</exception>
      <exception cref="T:System.IO.PathTooLongException">In <paramref name="sourceDirectoryName" /> oder <paramref name="destinationArchiveFileName" />, der angegebene Pfad und/oder Dateiname überschreitet die vom System definierte maximale Länge. Beispielsweise darf ein Pfad auf einer Windows-basierten Plattform nicht mehr als 248 Zeichen und ein Dateiname nicht mehr als 260 Zeichen lang sein.</exception>
      <exception cref="T:System.IO.DirectoryNotFoundException">
        <paramref name="sourceDirectoryName" /> ist ungültig oder nicht vorhanden (z. B. befindet er sich auf einem nicht zugeordneten Laufwerk).</exception>
      <exception cref="T:System.IO.IOException">
        <paramref name="destinationArchiveFileName" /> ist bereits vorhanden.- oder - Eine Datei im angegebenen Verzeichnis konnte nicht geöffnet werden.</exception>
      <exception cref="T:System.UnauthorizedAccessException">
        <paramref name="destinationArchiveFileName" /> Gibt ein Verzeichnis.- oder - Der Aufrufer verfügt nicht über die erforderliche Berechtigung zum Zugriff auf das Verzeichnis im angegebenen <paramref name="sourceDirectoryName" /> oder die angegebene Datei <paramref name="destinationArchiveFileName" />.</exception>
      <exception cref="T:System.NotSupportedException">
        <paramref name="sourceDirectoryName" /> oder <paramref name="destinationArchiveFileName" /> enthält ein ungültiges Format.- oder - Das Zip-Archiv unterstützt keine Schreibvorgänge.</exception>
    </member>
    <member name="M:System.IO.Compression.ZipFile.ExtractToDirectory(System.String,System.String)">
      <summary>Extrahiert alle Dateien im angegebenen ZIP-Archiv in ein Verzeichnis im Dateisystem.</summary>
      <param name="sourceArchiveFileName">Der Pfad zum Archiv, das extrahiert werden soll.</param>
      <param name="destinationDirectoryName">Der Pfad zum Verzeichnis, in dem die extrahierten Dateien abgelegt werden sollen, angegeben als relativer oder absoluter Pfad. Ein relativer Pfad wird relativ zum aktuellen Arbeitsverzeichnis interpretiert.</param>
      <exception cref="T:System.ArgumentException">
        <paramref name="destinationDirectoryName" /> oder <paramref name="sourceArchiveFileName" /> ist <see cref="F:System.String.Empty" />, enthält nur Leerzeichen oder enthält mindestens ein ungültiges Zeichen.</exception>
      <exception cref="T:System.ArgumentNullException">
        <paramref name="destinationDirectoryName" /> oder <paramref name="sourceArchiveFileName" /> ist null.</exception>
      <exception cref="T:System.IO.PathTooLongException">Der angegebene Pfad in <paramref name="destinationDirectoryName" /> oder <paramref name="sourceArchiveFileName" /> überschreitet die vom System definierte maximale Länge. Beispielsweise darf ein Pfad auf einer Windows-basierten Plattform nicht mehr als 248 Zeichen und ein Dateiname nicht mehr als 260 Zeichen lang sein.</exception>
      <exception cref="T:System.IO.DirectoryNotFoundException">Der angegebene Pfad ist ungültig (er befindet sich z. B. auf einem nicht zugeordneten Laufwerk).</exception>
      <exception cref="T:System.IO.IOException">Die durch <paramref name="destinationDirectoryName" /> angegebene Verzeichnis bereits vorhanden ist.- oder - Der Name eines Eintrags in diesem Archiv ist gleich <see cref="F:System.String.Empty" />, enthält nur Leerzeichen oder enthält mindestens ein ungültiges Zeichen.- oder - Extrahieren einen Archiveintrag würde erstellen Sie eine Datei, die außerhalb des angegebenen Verzeichnisses <paramref name="destinationDirectoryName" />. (Dies kann beispielsweise passieren, wenn der Name des Eintrags Accessoren für übergeordnete Verzeichnisse enthält.)- oder - Ein Archiveintrag extrahieren hat den gleichen Namen wie ein Eintrag, der bereits aus dem gleichen Archiv extrahiert wurde.</exception>
      <exception cref="T:System.UnauthorizedAccessException">Der Aufrufer besitzt nicht die erforderliche Berechtigung zum Zugriff auf das Archiv oder das Zielverzeichnis.</exception>
      <exception cref="T:System.NotSupportedException">
        <paramref name="destinationDirectoryName" /> oder <paramref name="sourceArchiveFileName" /> enthält ein ungültiges Format.</exception>
      <exception cref="T:System.IO.FileNotFoundException">
        <paramref name="sourceArchiveFileName" /> wurde nicht gefunden.</exception>
      <exception cref="T:System.IO.InvalidDataException">Das Archiv durch angegebene <paramref name="sourceArchiveFileName" /> ist keine gültige Zip-Archiv.- oder - Ein Archiveintrag wurde nicht gefunden oder ist beschädigt.- oder - Ein Archiveintrag wurde mit einer Komprimierungsmethode komprimiert, die nicht unterstützt wird.</exception>
    </member>
    <member name="M:System.IO.Compression.ZipFile.ExtractToDirectory(System.String,System.String,System.Text.Encoding)">
      <summary>Extrahiert alle Dateien im angegebenen ZIP-Archiv in ein Verzeichnis im Dateisystem und verwendet die angegebene Zeichencodierung für Eintragsnamen.</summary>
      <param name="sourceArchiveFileName">Der Pfad zum Archiv, das extrahiert werden soll.</param>
      <param name="destinationDirectoryName">Der Pfad zum Verzeichnis, in dem die extrahierten Dateien abgelegt werden sollen, angegeben als relativer oder absoluter Pfad. Ein relativer Pfad wird relativ zum aktuellen Arbeitsverzeichnis interpretiert.</param>
      <param name="entryNameEncoding">Die Codierung, die beim Lesen oder Schreiben von Eintragsnamen in diesem Archiv verwendet werden soll. Geben Sie einen Wert für diesen Parameter nur an, wenn eine Codierung für die Interoperabilität mit ZIP-Archiv-Tools und -Bibliotheken erforderlich ist, die die UTF-8-Codierung für Eintragsnamen nicht unterstützen.</param>
      <exception cref="T:System.ArgumentException">
        <paramref name="destinationDirectoryName" /> oder <paramref name="sourceArchiveFileName" /> ist <see cref="F:System.String.Empty" />, enthält nur Leerzeichen oder enthält mindestens ein ungültiges Zeichen.- oder - <paramref name="entryNameEncoding" /> ist-Satz in eine Unicode-als UTF-8-Codierung.</exception>
      <exception cref="T:System.ArgumentNullException">
        <paramref name="destinationDirectoryName" /> oder <paramref name="sourceArchiveFileName" /> ist null.</exception>
      <exception cref="T:System.IO.PathTooLongException">Der angegebene Pfad in <paramref name="destinationDirectoryName" /> oder <paramref name="sourceArchiveFileName" /> überschreitet die vom System definierte maximale Länge. Beispielsweise darf ein Pfad auf einer Windows-basierten Plattform nicht mehr als 248 Zeichen und ein Dateiname nicht mehr als 260 Zeichen lang sein.</exception>
      <exception cref="T:System.IO.DirectoryNotFoundException">Der angegebene Pfad ist ungültig (er befindet sich z. B. auf einem nicht zugeordneten Laufwerk).</exception>
      <exception cref="T:System.IO.IOException">Die durch <paramref name="destinationDirectoryName" /> angegebene Verzeichnis bereits vorhanden ist.- oder - Der Name eines Eintrags in diesem Archiv ist gleich <see cref="F:System.String.Empty" />, enthält nur Leerzeichen oder enthält mindestens ein ungültiges Zeichen.- oder - Extrahieren einen Archiveintrag würde erstellen Sie eine Datei, die außerhalb des angegebenen Verzeichnisses <paramref name="destinationDirectoryName" />. (Dies kann beispielsweise passieren, wenn der Name des Eintrags Accessoren für übergeordnete Verzeichnisse enthält.)- oder - Ein Archiveintrag extrahieren hat den gleichen Namen wie ein Eintrag, der bereits aus dem gleichen Archiv extrahiert wurde.</exception>
      <exception cref="T:System.UnauthorizedAccessException">Der Aufrufer besitzt nicht die erforderliche Berechtigung zum Zugriff auf das Archiv oder das Zielverzeichnis.</exception>
      <exception cref="T:System.NotSupportedException">
        <paramref name="destinationDirectoryName" /> oder <paramref name="sourceArchiveFileName" /> enthält ein ungültiges Format.</exception>
      <exception cref="T:System.IO.FileNotFoundException">
        <paramref name="sourceArchiveFileName" /> wurde nicht gefunden.</exception>
      <exception cref="T:System.IO.InvalidDataException">Das Archiv durch angegebene <paramref name="sourceArchiveFileName" /> ist keine gültige Zip-Archiv.- oder - Ein Archiveintrag wurde nicht gefunden oder ist beschädigt.- oder - Ein Archiveintrag wurde mit einer Komprimierungsmethode komprimiert, die nicht unterstützt wird.</exception>
    </member>
    <member name="M:System.IO.Compression.ZipFile.Open(System.String,System.IO.Compression.ZipArchiveMode)">
      <summary>Öffnet ein Zip-Archiv unter dem angegebenen Pfad und im angegebenen Modus.</summary>
      <param name="archiveFileName">Der Pfad zum Archiv, dass geöffnet werden soll, angegeben als relativer oder absoluter Pfad. Ein relativer Pfad wird relativ zum aktuellen Arbeitsverzeichnis interpretiert.</param>
      <param name="mode">Einer der Enumerationswerte, der die Aktionen angibt, die bei den Einträgen im geöffneten Archiv zulässig sind.</param>
      <returns>Das geöffnete ZIP-Archiv.</returns>
      <exception cref="T:System.ArgumentException">
        <paramref name="archiveFileName" /> ist <see cref="F:System.String.Empty" />, enthält nur Leerzeichen oder enthält mindestens ein ungültiges Zeichen.</exception>
      <exception cref="T:System.ArgumentNullException">
        <paramref name="archiveFileName" /> ist null.</exception>
      <exception cref="T:System.IO.PathTooLongException">In <paramref name="archiveFileName" />, der angegebene Pfad und/oder Dateiname überschreitet die vom System definierte maximale Länge. Beispielsweise darf ein Pfad auf einer Windows-basierten Plattform nicht mehr als 248 Zeichen und ein Dateiname nicht mehr als 260 Zeichen lang sein.</exception>
      <exception cref="T:System.IO.DirectoryNotFoundException">
        <paramref name="archiveFileName" /> ist ungültig oder nicht vorhanden (z. B. befindet er sich auf einem nicht zugeordneten Laufwerk).</exception>
      <exception cref="T:System.IO.IOException">
        <paramref name="archiveFileName" /> konnte nicht geöffnet werden.- oder - <paramref name="mode" /> Wert <see cref="F:System.IO.Compression.ZipArchiveMode.Create" />, aber die angegebene Datei <paramref name="archiveFileName" /> bereits vorhanden ist.</exception>
      <exception cref="T:System.UnauthorizedAccessException">
        <paramref name="archiveFileName" /> Gibt ein Verzeichnis.- oder - Der Aufrufer verfügt nicht über die erforderliche Berechtigung zum Zugriff auf die angegebene Datei <paramref name="archiveFileName" />.</exception>
      <exception cref="T:System.ArgumentOutOfRangeException">
        <paramref name="mode" /> Gibt einen ungültigen Wert.</exception>
      <exception cref="T:System.IO.FileNotFoundException">
        <paramref name="mode" /> Wert <see cref="F:System.IO.Compression.ZipArchiveMode.Read" />, aber die angegebene Datei <paramref name="archiveFileName" /> wurde nicht gefunden.</exception>
      <exception cref="T:System.NotSupportedException">
        <paramref name="archiveFileName" /> enthält ein ungültiges Format.</exception>
      <exception cref="T:System.IO.InvalidDataException">
        <paramref name="archiveFileName" /> konnte nicht als Zip-Archiv interpretiert werden.- oder - <paramref name="mode" /> ist <see cref="F:System.IO.Compression.ZipArchiveMode.Update" />, aber ein Eintrag fehlt oder ist beschädigt und kann nicht gelesen werden.- oder - <paramref name="mode" /> ist <see cref="F:System.IO.Compression.ZipArchiveMode.Update" />, aber ein Eintrag ist zu groß, um in den Speicher passen.</exception>
    </member>
    <member name="M:System.IO.Compression.ZipFile.Open(System.String,System.IO.Compression.ZipArchiveMode,System.Text.Encoding)">
      <summary>Öffnet ein Zip-Archiv im angegebenen Pfad im angegebenen Modus und mit der angegebenen Zeichencodierung für Eintragsnamen.</summary>
      <param name="archiveFileName">Der Pfad zum Archiv, dass geöffnet werden soll, angegeben als relativer oder absoluter Pfad. Ein relativer Pfad wird relativ zum aktuellen Arbeitsverzeichnis interpretiert.</param>
      <param name="mode">Einer der Enumerationswerte, der die Aktionen angibt, die bei den Einträgen im geöffneten Archiv zulässig sind.</param>
      <param name="entryNameEncoding">Die Codierung, die beim Lesen oder Schreiben von Eintragsnamen in diesem Archiv verwendet werden soll. Geben Sie einen Wert für diesen Parameter nur an, wenn eine Codierung für die Interoperabilität mit ZIP-Archiv-Tools und -Bibliotheken erforderlich ist, die die UTF-8-Codierung für Eintragsnamen nicht unterstützen.</param>
      <returns>Das geöffnete ZIP-Archiv.</returns>
      <exception cref="T:System.ArgumentException">
        <paramref name="archiveFileName" /> ist <see cref="F:System.String.Empty" />, enthält nur Leerzeichen oder enthält mindestens ein ungültiges Zeichen.- oder - <paramref name="entryNameEncoding" /> ist-Satz in eine Unicode-als UTF-8-Codierung.</exception>
      <exception cref="T:System.ArgumentNullException">
        <paramref name="archiveFileName" /> ist null.</exception>
      <exception cref="T:System.IO.PathTooLongException">In <paramref name="archiveFileName" />, der angegebene Pfad und/oder Dateiname überschreitet die vom System definierte maximale Länge. Beispielsweise darf ein Pfad auf einer Windows-basierten Plattform nicht mehr als 248 Zeichen und ein Dateiname nicht mehr als 260 Zeichen lang sein.</exception>
      <exception cref="T:System.IO.DirectoryNotFoundException">
        <paramref name="archiveFileName" /> ist ungültig oder nicht vorhanden (z. B. befindet er sich auf einem nicht zugeordneten Laufwerk).</exception>
      <exception cref="T:System.IO.IOException">
        <paramref name="archiveFileName" /> konnte nicht geöffnet werden.- oder - <paramref name="mode" /> Wert <see cref="F:System.IO.Compression.ZipArchiveMode.Create" />, aber die angegebene Datei <paramref name="archiveFileName" /> bereits vorhanden ist.</exception>
      <exception cref="T:System.UnauthorizedAccessException">
        <paramref name="archiveFileName" /> Gibt ein Verzeichnis.- oder - Der Aufrufer verfügt nicht über die erforderliche Berechtigung zum Zugriff auf die angegebene Datei <paramref name="archiveFileName" />.</exception>
      <exception cref="T:System.ArgumentOutOfRangeException">
        <paramref name="mode" /> Gibt einen ungültigen Wert.</exception>
      <exception cref="T:System.IO.FileNotFoundException">
        <paramref name="mode" /> Wert <see cref="F:System.IO.Compression.ZipArchiveMode.Read" />, aber die angegebene Datei <paramref name="archiveFileName" /> wurde nicht gefunden.</exception>
      <exception cref="T:System.NotSupportedException">
        <paramref name="archiveFileName" /> enthält ein ungültiges Format.</exception>
      <exception cref="T:System.IO.InvalidDataException">
        <paramref name="archiveFileName" /> konnte nicht als Zip-Archiv interpretiert werden.- oder - <paramref name="mode" /> ist <see cref="F:System.IO.Compression.ZipArchiveMode.Update" />, aber ein Eintrag fehlt oder ist beschädigt und kann nicht gelesen werden.- oder - <paramref name="mode" /> ist <see cref="F:System.IO.Compression.ZipArchiveMode.Update" />, aber ein Eintrag ist zu groß, um in den Speicher passen.</exception>
    </member>
    <member name="M:System.IO.Compression.ZipFile.OpenRead(System.String)">
      <summary>Öffnet ein Zip-Archiv für das Lesen im angegebenen Pfad.</summary>
      <param name="archiveFileName">Der Pfad zum Archiv, dass geöffnet werden soll, angegeben als relativer oder absoluter Pfad. Ein relativer Pfad wird relativ zum aktuellen Arbeitsverzeichnis interpretiert.</param>
      <returns>Das geöffnete ZIP-Archiv.</returns>
      <exception cref="T:System.ArgumentException">
        <paramref name="archiveFileName" /> ist <see cref="F:System.String.Empty" />, enthält nur Leerzeichen oder enthält mindestens ein ungültiges Zeichen.</exception>
      <exception cref="T:System.ArgumentNullException">
        <paramref name="archiveFileName" /> ist null.</exception>
      <exception cref="T:System.IO.PathTooLongException">In <paramref name="archiveFileName" />, der angegebene Pfad und/oder Dateiname überschreitet die vom System definierte maximale Länge. Beispielsweise darf ein Pfad auf einer Windows-basierten Plattform nicht mehr als 248 Zeichen und ein Dateiname nicht mehr als 260 Zeichen lang sein.</exception>
      <exception cref="T:System.IO.DirectoryNotFoundException">
        <paramref name="archiveFileName" /> ist ungültig oder nicht vorhanden (z. B. befindet er sich auf einem nicht zugeordneten Laufwerk).</exception>
      <exception cref="T:System.IO.IOException">
        <paramref name="archiveFileName" /> konnte nicht geöffnet werden.</exception>
      <exception cref="T:System.UnauthorizedAccessException">
        <paramref name="archiveFileName" /> Gibt ein Verzeichnis.- oder - Der Aufrufer verfügt nicht über die erforderliche Berechtigung zum Zugriff auf die angegebene Datei <paramref name="archiveFileName" />.</exception>
      <exception cref="T:System.IO.FileNotFoundException">Die angegebene Datei <paramref name="archiveFileName" /> wurde nicht gefunden.</exception>
      <exception cref="T:System.NotSupportedException">
        <paramref name="archiveFileName" /> enthält ein ungültiges Format.</exception>
      <exception cref="T:System.IO.InvalidDataException">
        <paramref name="archiveFileName" /> konnte nicht als Zip-Archiv interpretiert werden.</exception>
    </member>
    <member name="M:System.IO.Compression.ZipFileExtensions.CreateEntryFromFile(System.IO.Compression.ZipArchive,System.String,System.String)">
      <summary>Archiviert eine Datei durch Komprimierung und Zip-Archiv hinzugefügt.</summary>
      <param name="destination">Die Zip-Archiv zu der Datei hinzugefügt werden soll.</param>
      <param name="sourceFileName">Der Pfad zu der Datei, die archiviert werden. Sie können einen relativen oder einen absoluten Pfad angeben. Ein relativer Pfad wird relativ zum aktuellen Arbeitsverzeichnis interpretiert.</param>
      <param name="entryName">Der Name des Eintrags im Zip-Archiv zu erstellen.</param>
      <returns>Ein Wrapper für den neuen Eintrag im Zip-Archiv.</returns>
      <exception cref="T:System.ArgumentException">
        <paramref name="sourceFileName" /> ist <see cref="F:System.String.Empty" />, enthält nur Leerzeichen oder enthält mindestens ein ungültiges Zeichen.- oder - <paramref name="entryName" /> ist <see cref="F:System.String.Empty" />.</exception>
      <exception cref="T:System.ArgumentNullException">
        <paramref name="sourceFileName" /> oder <paramref name="entryName" /> ist null.</exception>
      <exception cref="T:System.IO.PathTooLongException">In <paramref name="sourceFileName" />, der angegebene Pfad und/oder Dateiname überschreitet die vom System definierte maximale Länge. Beispielsweise darf ein Pfad auf einer Windows-basierten Plattform nicht mehr als 248 Zeichen und ein Dateiname nicht mehr als 260 Zeichen lang sein.</exception>
      <exception cref="T:System.IO.DirectoryNotFoundException">
        <paramref name="sourceFileName" /> ist ungültig (z. B. befindet er sich auf einem nicht zugeordneten Laufwerk).</exception>
      <exception cref="T:System.IO.IOException">Die angegebene Datei <paramref name="sourceFileName" /> kann nicht geöffnet werden.</exception>
      <exception cref="T:System.UnauthorizedAccessException">
        <paramref name="sourceFileName" /> Gibt ein Verzeichnis.- oder - Der Aufrufer verfügt nicht über die erforderliche Berechtigung zum Zugriff auf die angegebene Datei <paramref name="sourceFileName" />.</exception>
      <exception cref="T:System.IO.FileNotFoundException">Die angegebene Datei <paramref name="sourceFileName" /> wurde nicht gefunden.</exception>
      <exception cref="T:System.NotSupportedException">Die <paramref name="sourceFileName" /> Parameter ist ein ungültiges Format.- oder - Das Zip-Archiv unterstützt keine Schreibvorgänge.</exception>
      <exception cref="T:System.ObjectDisposedException">Das Zip-Archiv wurde verworfen.</exception>
    </member>
    <member name="M:System.IO.Compression.ZipFileExtensions.CreateEntryFromFile(System.IO.Compression.ZipArchive,System.String,System.String,System.IO.Compression.CompressionLevel)">
      <summary>Eine Datei mit die angegebene Komprimierungsebene und das Hinzufügen zur Zip-Archiv komprimieren archiviert werden.</summary>
      <param name="destination">Die Zip-Archiv zu der Datei hinzugefügt werden soll.</param>
      <param name="sourceFileName">Der Pfad zu der Datei, die archiviert werden. Sie können einen relativen oder einen absoluten Pfad angeben. Ein relativer Pfad wird relativ zum aktuellen Arbeitsverzeichnis interpretiert.</param>
      <param name="entryName">Der Name des Eintrags im Zip-Archiv zu erstellen.</param>
      <param name="compressionLevel">Einer der Enumerationswerte, der angibt, ob Geschwindigkeit oder Komprimierungseffektivität priorisiert wird, wenn der Eintrag erstellt.</param>
      <returns>Ein Wrapper für den neuen Eintrag im Zip-Archiv.</returns>
      <exception cref="T:System.ArgumentException">
        <paramref name="sourceFileName" /> ist <see cref="F:System.String.Empty" />, enthält nur Leerzeichen oder enthält mindestens ein ungültiges Zeichen.- oder - <paramref name="entryName" /> ist <see cref="F:System.String.Empty" />.</exception>
      <exception cref="T:System.ArgumentNullException">
        <paramref name="sourceFileName" /> oder <paramref name="entryName" /> ist null.</exception>
      <exception cref="T:System.IO.DirectoryNotFoundException">
        <paramref name="sourceFileName" /> ist ungültig (z. B. befindet er sich auf einem nicht zugeordneten Laufwerk).</exception>
      <exception cref="T:System.IO.PathTooLongException">In <paramref name="sourceFileName" />, der angegebene Pfad und/oder Dateiname überschreitet die vom System definierte maximale Länge. Beispielsweise darf ein Pfad auf einer Windows-basierten Plattform nicht mehr als 248 Zeichen und ein Dateiname nicht mehr als 260 Zeichen lang sein.</exception>
      <exception cref="T:System.IO.IOException">Die angegebene Datei <paramref name="sourceFileName" /> kann nicht geöffnet werden.</exception>
      <exception cref="T:System.UnauthorizedAccessException">
        <paramref name="sourceFileName" /> Gibt ein Verzeichnis.- oder - Der Aufrufer verfügt nicht über die erforderliche Berechtigung zum Zugriff auf die angegebene Datei <paramref name="sourceFileName" />.</exception>
      <exception cref="T:System.IO.FileNotFoundException">Die angegebene Datei <paramref name="sourceFileName" /> wurde nicht gefunden.</exception>
      <exception cref="T:System.NotSupportedException">Die <paramref name="sourceFileName" /> Parameter ist ein ungültiges Format.- oder - Das Zip-Archiv unterstützt keine Schreibvorgänge.</exception>
      <exception cref="T:System.ObjectDisposedException">Das Zip-Archiv wurde verworfen.</exception>
    </member>
    <member name="M:System.IO.Compression.ZipFileExtensions.ExtractToDirectory(System.IO.Compression.ZipArchive,System.String)">
      <summary>Extrahiert alle Dateien im ZIP-Archiv in ein Verzeichnis im Dateisystem.</summary>
      <param name="source">Das ZIP-Archiv, aus dem Dateien extrahiert werden sollen.</param>
      <param name="destinationDirectoryName">Der Pfad zu dem Verzeichnis, in dem die extrahierten Dateien gespeichert werden soll. Sie können einen relativen oder einen absoluten Pfad angeben. Ein relativer Pfad wird relativ zum aktuellen Arbeitsverzeichnis interpretiert.</param>
      <exception cref="T:System.ArgumentException">
        <paramref name="destinationDirectoryName" /> ist gleich <see cref="F:System.String.Empty" />, enthält nur Leerzeichen oder enthält mindestens ein ungültiges Zeichen.</exception>
      <exception cref="T:System.ArgumentNullException">
        <paramref name="destinationDirectoryName" /> ist null.</exception>
      <exception cref="T:System.IO.PathTooLongException">Der angegebene Pfad überschreitet die für das System definierte maximale Länge. Beispielsweise darf ein Pfad auf einer Windows-basierten Plattform nicht mehr als 248 Zeichen und ein Dateiname nicht mehr als 260 Zeichen lang sein.</exception>
      <exception cref="T:System.IO.DirectoryNotFoundException">Der angegebene Pfad ist ungültig (er befindet sich z. B. auf einem nicht zugeordneten Laufwerk).</exception>
      <exception cref="T:System.IO.IOException">Die durch <paramref name="destinationDirectoryName" /> angegebene Verzeichnis bereits vorhanden ist.- oder - Der Name eines Eintrags in diesem Archiv ist gleich <see cref="F:System.String.Empty" />, enthält nur Leerzeichen oder enthält mindestens ein ungültiges Zeichen.- oder - Extrahieren eines Eintrags aus dem Archiv würde Sie eine Datei erstellen, die sich außerhalb des Verzeichnisses befindet, das durch <paramref name="destinationDirectoryName" /> angegeben ist. (Dies kann beispielsweise passieren, wenn der Name des Eintrags Accessoren für übergeordnete Verzeichnisse enthält.)- oder - Mehrere Einträge im Archiv haben denselben Namen.</exception>
      <exception cref="T:System.UnauthorizedAccessException">Der Aufrufer hat nicht die erforderliche Berechtigung, um in das Zielverzeichnis zu schreiben.</exception>
      <exception cref="T:System.NotSupportedException">
        <paramref name="destinationDirectoryName" /> enthält ein ungültiges Format.</exception>
      <exception cref="T:System.IO.InvalidDataException">Ein Archiveintrag wird nicht gefunden oder ist beschädigt.- oder - Ein Archiveintrag wurde mit einer Komprimierungsmethode komprimiert, die nicht unterstützt wird.</exception>
    </member>
    <member name="M:System.IO.Compression.ZipFileExtensions.ExtractToFile(System.IO.Compression.ZipArchiveEntry,System.String)">
      <summary>Extrahiert einen Eintrag im Zip-Archiv in eine Datei.</summary>
      <param name="source">Der ZIP-Archiveintrag, aus dem eine Datei extrahiert werden soll.</param>
      <param name="destinationFileName">Der Pfad der Datei, die aus den Inhalten des Eintrags erstellt werden soll. Sie können einen relativen oder einen absoluten Pfad angeben. Ein relativer Pfad wird relativ zum aktuellen Arbeitsverzeichnis interpretiert.</param>
      <exception cref="T:System.ArgumentException">
        <paramref name="destinationFileName" /> ist eine leere Zeichenfolge, enthält nur Leerzeichen oder mindestens ein ungültiges Zeichen gemäß der Definition von <see cref="F:System.IO.Path.InvalidPathChars" />.- oder - <paramref name="destinationFileName" /> gibt ein Verzeichnis an.</exception>
      <exception cref="T:System.ArgumentNullException">
        <paramref name="destinationFileName" /> ist null.</exception>
      <exception cref="T:System.IO.PathTooLongException">Der angegebene Pfad und/oder Dateiname überschreiten die vom System definierte maximale Länge. Beispielsweise darf ein Pfad auf einer Windows-basierten Plattform nicht mehr als 248 Zeichen und ein Dateiname nicht mehr als 260 Zeichen lang sein.</exception>
      <exception cref="T:System.IO.DirectoryNotFoundException">Der angegebene Pfad ist ungültig (er befindet sich z. B. auf einem nicht zugeordneten Laufwerk).</exception>
      <exception cref="T:System.IO.IOException">
        <paramref name="destinationFileName" /> ist bereits vorhanden.- oder -  E/A-Fehler- oder - Der Eintrag ist derzeit zum Schreiben geöffnet.- oder - Das Element wurde aus dem Archiv gelöscht.</exception>
      <exception cref="T:System.UnauthorizedAccessException">Der Aufrufer verfügt nicht über die erforderliche Berechtigung, um die neue Datei zu erstellen.</exception>
      <exception cref="T:System.IO.InvalidDataException">Der Eintrag aus dem Archiv fehlt oder ist beschädigt und kann nicht gelesen werden.- oder - Der Eintrag wurde mit einer Komprimierungsmethode komprimiert, die nicht unterstützt wird.</exception>
      <exception cref="T:System.ObjectDisposedException">Das ZIP-Archiv, zu dem dieser Eintrag gehört, wurde verworfen.</exception>
      <exception cref="T:System.NotSupportedException">
        <paramref name="destinationFileName" /> weist ein ungültiges Format auf.- oder - Das ZIP-Archiv für diesen Eintrag wurde im <see cref="F:System.IO.Compression.ZipArchiveMode.Create" />-Modus geöffnet, der das Abrufen von Einträgen nicht zulässt.</exception>
    </member>
    <member name="M:System.IO.Compression.ZipFileExtensions.ExtractToFile(System.IO.Compression.ZipArchiveEntry,System.String,System.Boolean)">
      <summary>Extrahiert einen Eintrag im ZIP-Archiv in eine Datei und überschreibt optional eine vorhandene Datei gleichen Namens.</summary>
      <param name="source">Der ZIP-Archiveintrag, aus dem eine Datei extrahiert werden soll.</param>
      <param name="destinationFileName">Der Pfad der Datei, die aus den Inhalten des Eintrags erstellt werden soll. Sie können einen relativen oder einen absoluten Pfad angeben. Ein relativer Pfad wird relativ zum aktuellen Arbeitsverzeichnis interpretiert.</param>
      <param name="overwrite">true, um eine vorhandene Datei zu überschreiben, die den gleichen Namen wie die Zieldatei aufweist, andernfalls false.</param>
      <exception cref="T:System.ArgumentException">
        <paramref name="destinationFileName" /> ist eine leere Zeichenfolge, enthält nur Leerzeichen oder mindestens ein ungültiges Zeichen gemäß der Definition von <see cref="F:System.IO.Path.InvalidPathChars" />.- oder - <paramref name="destinationFileName" /> gibt ein Verzeichnis an.</exception>
      <exception cref="T:System.ArgumentNullException">
        <paramref name="destinationFileName" /> ist null.</exception>
      <exception cref="T:System.IO.PathTooLongException">Der angegebene Pfad und/oder Dateiname überschreiten die vom System definierte maximale Länge. Beispielsweise darf ein Pfad auf einer Windows-basierten Plattform nicht mehr als 248 Zeichen und ein Dateiname nicht mehr als 260 Zeichen lang sein.</exception>
      <exception cref="T:System.IO.DirectoryNotFoundException">Der angegebene Pfad ist ungültig (er befindet sich z. B. auf einem nicht zugeordneten Laufwerk).</exception>
      <exception cref="T:System.IO.IOException">
        <paramref name="destinationFileName" /> ist bereits vorhanden, und <paramref name="overwrite" /> ist false.- oder -  E/A-Fehler- oder - Der Eintrag ist derzeit zum Schreiben geöffnet.- oder - Das Element wurde aus dem Archiv gelöscht.</exception>
      <exception cref="T:System.UnauthorizedAccessException">Der Aufrufer verfügt nicht über die erforderliche Berechtigung, um die neue Datei zu erstellen.</exception>
      <exception cref="T:System.IO.InvalidDataException">Der Eintrag fehlt im Archiv oder ist beschädigt und kann nicht gelesen werden.- oder - Der Eintrag wurde mit einer Komprimierungsmethode komprimiert, die nicht unterstützt wird.</exception>
      <exception cref="T:System.ObjectDisposedException">Das ZIP-Archiv, zu dem dieser Eintrag gehört, wurde verworfen.</exception>
      <exception cref="T:System.NotSupportedException">
        <paramref name="destinationFileName" /> weist ein ungültiges Format auf.- oder - Das ZIP-Archiv für diesen Eintrag wurde im <see cref="F:System.IO.Compression.ZipArchiveMode.Create" />-Modus geöffnet, der das Abrufen von Einträgen nicht zulässt.</exception>
    </member>
    <member name="T:System.IO.Compression.ZipFile">
      <summary>Stellt statische Methoden zum Erstellen, Extrahieren und Öffnen von Zip-Archiven bereit.</summary>
    </member>
    <member name="T:System.IO.Compression.ZipFileExtensions">
      <summary>Stellt Erweiterungsmethoden für die <see cref="T:System.IO.Compression.ZipArchive" /> und <see cref="T:System.IO.Compression.ZipArchiveEntry" /> Klassen.</summary>
    </member>
  </members>
</doc>