﻿<?xml version="1.0" encoding="utf-8"?>
<doc>
  <assembly>
    <name>System.Web.DynamicData.Design</name>
  </assembly>
  <members>
    <member name="M:System.Web.DynamicData.Design.DataControlReferenceCollectionEditor.#ctor(System.Type)">
      <summary>Initialisiert eine neue Instanz der <see cref="T:System.Web.DynamicData.Design.DataControlReferenceCollectionEditor" /> -Klasse unter Verwendung des angegebenen Auflistungstyps.</summary>
      <param name="type">Der Typ der Auflistung zu bearbeiten.</param>
    </member>
    <member name="M:System.Web.DynamicData.Design.DataControlReferenceCollectionEditor.CreateCollectionItemType">
      <summary>Ruft den Typ der Auflistung zu bearbeiten.</summary>
      <returns>Der Typ der Auflistung zu bearbeiten.</returns>
    </member>
    <member name="M:System.Web.DynamicData.Design.DataControlReferenceIDConverter.#ctor">
      <summary>Initialisiert eine neue Instanz der <see cref="T:System.Web.DynamicData.Design.DataControlReferenceIDConverter" />-Klasse.</summary>
    </member>
    <member name="M:System.Web.DynamicData.Design.DataControlReferenceIDConverter.GetStandardValues(System.ComponentModel.ITypeDescriptorContext)">
      <summary>Gibt eine Auflistung der verfügbaren Steuerelementwerte zurück.</summary>
      <param name="context">Ein Objekt, das Kontextinformationen für diesen Typkonverter bereitstellt.</param>
      <returns>Eine Auflistung, die die Namen der verfügbaren Steuerelemente enthält.</returns>
    </member>
    <member name="M:System.Web.DynamicData.Design.DataControlReferenceIDConverter.GetStandardValuesExclusive(System.ComponentModel.ITypeDescriptorContext)">
      <summary>Gibt einen Wert, der angibt, ob die zurückgegebenen Steuerelementnamen eine exklusive Liste aller möglichen Werte sind.</summary>
      <param name="context">Ein Objekt, das Kontextinformationen für diesen Typkonverter bereitstellt.</param>
      <returns>Immer false.</returns>
    </member>
    <member name="M:System.Web.DynamicData.Design.DataControlReferenceIDConverter.GetStandardValuesSupported(System.ComponentModel.ITypeDescriptorContext)">
      <summary>Gibt einen Wert, der angibt, ob dieser Konverter eine Standardmenge von Steuerelementnamen unterstützt, die aus der Auflistung ausgewählt werden können.</summary>
      <param name="context">Ein Objekt, das Kontextinformationen für diesen Typkonverter bereitstellt.</param>
      <returns>Immer true.</returns>
    </member>
    <member name="M:System.Web.DynamicData.Design.DynamicDataManagerDesigner.#ctor">
      <summary>Initialisiert eine neue Instanz der <see cref="T:System.Web.DynamicData.Design.DynamicDataManagerDesigner" />-Klasse.</summary>
    </member>
    <member name="M:System.Web.DynamicData.Design.DynamicDataManagerDesigner.GetDesignTimeHtml">
      <summary>Generiert das HTML-Markup, mit dem das Rendering des zugeordneten <see cref="T:System.Web.DynamicData.DynamicDataManager" /> -Steuerelements zur Entwurfszeit.</summary>
      <returns>Das HTML-Markup, mit dem das Rendering des zugeordneten  <see cref="T:System.Web.DynamicData.DynamicDataManager" /> -Steuerelements zur Entwurfszeit.</returns>
    </member>
    <member name="M:System.Web.DynamicData.Design.DynamicFieldDesigner.#ctor">
      <summary>Initialisiert eine neue Instanz der <see cref="T:System.Web.DynamicData.Design.DynamicFieldDesigner" />-Klasse.</summary>
    </member>
    <member name="M:System.Web.DynamicData.Design.DynamicFieldDesigner.CreateField">
      <summary>Erstellt ein leeres <see cref="T:System.Web.DynamicData.DynamicField" />-Objekt.</summary>
      <returns>Ein leeres Feld-Objekt.</returns>
    </member>
    <member name="M:System.Web.DynamicData.Design.DynamicFieldDesigner.CreateField(System.Web.UI.Design.IDataSourceFieldSchema)">
      <summary>Erstellt ein neues <see cref="T:System.Web.DynamicData.DynamicField" /> Objekt mit dem angegebenen Feld.</summary>
      <param name="fieldSchema">Schemainformationen, die die Struktur des Datenfelds enthält.</param>
      <returns>Ein neues Feldobjekt.</returns>
    </member>
    <member name="M:System.Web.DynamicData.Design.DynamicFieldDesigner.CreateTemplateField(System.Web.UI.WebControls.DataControlField,System.Web.UI.WebControls.DataBoundControl)">
      <summary>Erstellt eine <see cref="T:System.Web.UI.WebControls.TemplateField" /> für das angegebene Datenfeld.</summary>
      <param name="dataControlField">Das Feld-Objekt.</param>
      <param name="dataBoundControl">Die datengebundenen Steuerelement, das das Feld Datenobjekt enthält.</param>
      <returns>Das neue Vorlagenfeld.</returns>
    </member>
    <member name="M:System.Web.DynamicData.Design.DynamicFieldDesigner.GetNodeText(System.Web.UI.WebControls.DataControlField)">
      <summary>Ruft den angezeigten Namen für das Datenfeld im Feld-Editor ab.</summary>
      <param name="dataControlField">Das Feld-Objekt.</param>
      <returns>Der Name, der für das Datenfeld im Feld-Editor angezeigt wird.</returns>
    </member>
    <member name="M:System.Web.DynamicData.Design.DynamicFieldDesigner.GetTemplateContent(System.Web.UI.WebControls.DataControlField,System.Web.UI.WebControls.DataBoundControlMode)">
      <summary>Ruft den Inhalt des Vorlagenfelds ab.</summary>
      <param name="dataControlField">Das Feld-Objekt.</param>
      <param name="mode">Der Anzeigemodus für das angegebene Feld.</param>
      <returns>Der Inhalt des Vorlagenfelds.</returns>
    </member>
    <member name="M:System.Web.DynamicData.Design.DynamicFieldDesigner.IsEnabled(System.Web.UI.WebControls.DataBoundControl)">
      <summary>Ruft einen Wert, der angibt, ob das Datenfeld im Feld-Editor aktiviert ist.</summary>
      <param name="parent">Das datengebundene Steuerelement Felder, deren Daten bearbeitet werden.</param>
      <returns>true Wenn das Datenfeld im Feld-Editor aktiviert ist; false Wenn das Datenfeld im Feld-Editor nicht angezeigt wird.</returns>
    </member>
    <member name="P:System.Web.DynamicData.Design.DynamicDataManagerDesigner.ActionLists">
      <summary>Ruft eine Auflistung von <see cref="T:System.ComponentModel.Design.DesignerActionList" />-Objekten ab.</summary>
      <returns>Eine Auflistung von <see cref="T:System.ComponentModel.Design.DesignerActionList" />-Objekten.</returns>
    </member>
    <member name="P:System.Web.DynamicData.Design.DynamicFieldDesigner.DefaultNodeText">
      <summary>Ruft den Standardtext, der angezeigt wird, für das Datenfeld im Feld-Editor ab.</summary>
      <returns>Der Standardtext, der für das Datenfeld im Feld-Editor angezeigt wird.</returns>
    </member>
    <member name="P:System.Web.DynamicData.Design.DynamicFieldDesigner.UsesSchema">
      <summary>Ruft einen Wert, der angibt, ob Schemainformationen verwendet wird, um die Datenfelder zu laden.</summary>
      <returns>true in allen Fällen.</returns>
    </member>
    <member name="T:System.Web.DynamicData.Design.DataControlReferenceCollectionEditor">
      <summary>Stellt einen Komponenten-Editor für die Auflistung der Steuerelemente der <see cref="T:System.Web.DynamicData.DynamicDataManager" /> Steuerelement.</summary>
    </member>
    <member name="T:System.Web.DynamicData.Design.DataControlReferenceIDConverter">
      <summary>Erstellt eine auswählbaren Auflistung von Datensteuerelementen.</summary>
    </member>
    <member name="T:System.Web.DynamicData.Design.DynamicDataManagerDesigner">
      <summary>Stellt Entwurfszeitunterstützung in einem visuellen Designer für das <see cref="T:System.Web.DynamicData.DynamicDataManager" />-Steuerelement bereit.</summary>
    </member>
    <member name="T:System.Web.DynamicData.Design.DynamicFieldDesigner">
      <summary>Stellt Unterstützung während der Entwurfszeit in einem visuellen Designer für das <see cref="T:System.Web.DynamicData.DynamicField" /> Objekt.</summary>
    </member>
  </members>
</doc>