﻿<?xml version="1.0" encoding="utf-8"?>
<doc>
  <assembly>
    <name>System.Activities.Core.Presentation</name>
  </assembly>
  <members>
    <member name="F:System.Activities.Core.Presentation.FlowchartDesignerCommands.ConnectNodesCommand">
      <summary>Gibt den Befehl an, der verwendet wird, um Flussdiagrammknoten im Flussdiagramm-Designer zu verknüpfen.</summary>
    </member>
    <member name="F:System.ServiceModel.Activities.Presentation.ServiceContractImporter.ContractTypeViewStateKey">
      <summary>Gibt den Vertrag Typ View State-Schlüssel.</summary>
    </member>
    <member name="M:System.Activities.Core.Presentation.DesignerMetadata.#ctor">
      <summary>Initialisiert eine neue Instanz der <see cref="T:System.Activities.Core.Presentation.DesignerMetadata" />-Klasse.</summary>
    </member>
    <member name="M:System.Activities.Core.Presentation.DesignerMetadata.Register">
      <summary>Registriert die Laufzeitmetadaten.</summary>
    </member>
    <member name="M:System.Activities.Core.Presentation.Factories.ForEachWithBodyFactory`1.#ctor">
      <summary>Initialisiert eine neue Instanz der <see cref="T:System.Activities.Core.Presentation.Factories.ForEachWithBodyFactory`1" />-Klasse.</summary>
    </member>
    <member name="M:System.Activities.Core.Presentation.Factories.ForEachWithBodyFactory`1.Create(System.Windows.DependencyObject)">
      <summary>Erstellt eine neue <see cref="T:System.Activities.Statements.ForEach`1" />-Aktivität mit Text.</summary>
      <param name="target">Das Benutzeroberflächenelement des Workflows, das der visuelle Container der neuen Aktivität ist.</param>
      <returns>Eine neue <see cref="T:System.Activities.Statements.ForEach`1" />-Aktivität mit Text.</returns>
    </member>
    <member name="M:System.Activities.Core.Presentation.Factories.ParallelForEachWithBodyFactory`1.#ctor">
      <summary>Initialisiert eine neue Instanz der <see cref="T:System.Activities.Core.Presentation.Factories.ParallelForEachWithBodyFactory`1" />-Klasse.</summary>
    </member>
    <member name="M:System.Activities.Core.Presentation.Factories.ParallelForEachWithBodyFactory`1.Create(System.Windows.DependencyObject)">
      <summary>Erstellt eine neue <see cref="T:System.Activities.Statements.ParallelForEach`1" />-Aktivität mit Text.</summary>
      <param name="target">Das Benutzeroberflächenelement des Workflows, das der visuelle Container der neuen Aktivität ist.</param>
      <returns>Eine neue <see cref="T:System.Activities.Statements.ParallelForEach`1" />-Aktivität mit Text.</returns>
    </member>
    <member name="M:System.Activities.Core.Presentation.Factories.PickWithTwoBranchesFactory.#ctor">
      <summary>Initialisiert eine neue Instanz der <see cref="T:System.Activities.Core.Presentation.Factories.PickWithTwoBranchesFactory" />-Klasse.</summary>
    </member>
    <member name="M:System.Activities.Core.Presentation.Factories.PickWithTwoBranchesFactory.Create(System.Windows.DependencyObject)">
      <summary>Erstellt eine neue <see cref="T:System.Activities.Statements.Pick" />-Aktivität, die zwei Verzweigungen enthält.</summary>
      <param name="target">Das Benutzeroberflächenelement des Workflows, das der visuelle Container der neuen Aktivität ist. Dieser Parameter wird ignoriert.</param>
      <returns>Eine neue <see cref="T:System.Activities.Statements.Pick" />-Aktivität, die zwei Verzweigungen enthält.</returns>
    </member>
    <member name="M:System.Activities.Core.Presentation.Factories.StateMachineWithInitialStateFactory.#ctor">
      <summary>Initialisiert eine neue Instanz der <see cref="T:System.Activities.Core.Presentation.Factories.StateMachineWithInitialStateFactory" />-Klasse.</summary>
    </member>
    <member name="M:System.Activities.Core.Presentation.Factories.StateMachineWithInitialStateFactory.Create(System.Windows.DependencyObject)">
      <summary>Erstellt eine Zustandsautomatenaktivität, die einen Anfangszustand enthält.</summary>
      <param name="target">Das Benutzeroberflächenelement des Workflows, das der visuelle Container der neuen Aktivität ist. Dieser Parameter wird ignoriert.</param>
      <returns>Gibt <see cref="T:System.Activities.Activity" />zurück.</returns>
    </member>
    <member name="M:System.Activities.Core.Presentation.FinalState.#ctor">
      <summary>Initialisiert eine neue Instanz der <see cref="T:System.Activities.Core.Presentation.FinalState" />-Klasse.</summary>
    </member>
    <member name="M:System.Activities.Core.Presentation.GenericTypeArgumentConverter.#ctor">
      <summary>Initialisiert eine neue Instanz der <see cref="T:System.Activities.Core.Presentation.GenericTypeArgumentConverter" />-Klasse.</summary>
    </member>
    <member name="M:System.Activities.Core.Presentation.GenericTypeArgumentConverter.Convert(System.Object,System.Type,System.Object,System.Globalization.CultureInfo)">
      <summary>Gibt das Typargument an der angegebenen Parameterposition des angegebenen generischen Typs zurück.</summary>
      <param name="value">Der generische Typ in der Bindungsquelle, aus der das Typargument abgerufen werden soll.</param>
      <param name="targetType">Der Typ der Bindungsziel-Eigenschaft.</param>
      <param name="parameter">Die nullbasierte Position des abzurufenden Typarguments. Dies entspricht der Position des Arguments in der Reihenfolge, in der es in der Liste der Typargumente für den generischen Typ angezeigt wird.</param>
      <param name="culture">Die Kulturinformationen.</param>
      <returns> Das Typargument.</returns>
    </member>
    <member name="M:System.Activities.Core.Presentation.GenericTypeArgumentConverter.ConvertBack(System.Object,System.Type,System.Object,System.Globalization.CultureInfo)">
      <summary>Nicht implementiert.</summary>
      <param name="value">Nicht implementiert.</param>
      <param name="targetType">Nicht implementiert.</param>
      <param name="parameter">Nicht implementiert.</param>
      <param name="culture">Nicht implementiert.</param>
      <returns>Löst eine <see cref="T:System.NotSupportedException" /> aus.</returns>
    </member>
    <member name="M:System.Activities.Core.Presentation.LocationChangedEventArgs.#ctor(System.Windows.Point)">
      <summary>Initialisiert eine neue Instanz der <see cref="T:System.Activities.Core.Presentation.LocationChangedEventArgs" />-Klasse.</summary>
      <param name="newLocation">Der neue Speicherort.</param>
    </member>
    <member name="M:System.Activities.Core.Presentation.Themes.DesignerStylesDictionary.InitializeComponent">
      <summary>Initialisiert die aktuelle Wörterbuchinstanz aus einer XAML-Datei an einem bestimmten Ressourcenspeicherort.</summary>
    </member>
    <member name="M:System.Activities.Core.Presentation.Themes.DesignerStylesDictionary.System#Windows#Markup#IComponentConnector#Connect(System.Int32,System.Object)">
      <summary>Fügt Ereignisse und Namen an kompilierten Inhalt an.</summary>
      <param name="connectionId">Die Verbindungs-ID.</param>
      <param name="target">Das Ziel.</param>
    </member>
    <member name="M:System.Activities.Presentation.DynamicArgumentDesignerOptions.#ctor">
      <summary>Initialisiert eine neue Instanz der <see cref="T:System.Activities.Presentation.DynamicArgumentDesignerOptions" />-Klasse.</summary>
    </member>
    <member name="M:System.Activities.Presentation.DynamicArgumentDialog.ShowDialog(System.Activities.Presentation.Model.ModelItem,System.Activities.Presentation.Model.ModelItem,System.Activities.Presentation.EditingContext,System.Windows.DependencyObject,System.Activities.Presentation.DynamicArgumentDesignerOptions)">
      <summary>Zeigt das Dialogfeld für das dynamische Argument mit den Schaltflächen OK und Abbrechen an und führt die Rückgabe aus, nachdem das Dialogfeld geschlossen wurde.</summary>
      <param name="activity">Die Aktivität, die dem Dialogfeld für das dynamische Argument zugeordnet ist.</param>
      <param name="data">Die Daten, die dem Dialogfeld für das dynamische Argument zugeordnet sind.</param>
      <param name="context">Der Bearbeitungskontext, der dem Dialogfeld für das dynamische Argument zugeordnet ist.</param>
      <param name="owner">Der Besitzer des Dialogfelds für das dynamische Argument.</param>
      <param name="options">Die Optionen des dynamischen Argument-Designers, die das Argumentpräfix und den Designertitel enthalten. Das Dialogfeld für das dynamische Argument weist als Inhalt den Designer auf.</param>
      <returns>true Wenn der Benutzer das Dialogfeld zugelassen. false wenn der Benutzer das Dialogfeld abgebrochen hat.</returns>
    </member>
    <member name="M:System.ServiceModel.Activities.Presentation.Factories.ReceiveAndSendReplyFactory.#ctor">
      <summary>Initialisiert eine neue Instanz der <see cref="T:System.ServiceModel.Activities.Presentation.Factories.ReceiveAndSendReplyFactory" />-Klasse.</summary>
    </member>
    <member name="M:System.ServiceModel.Activities.Presentation.Factories.ReceiveAndSendReplyFactory.Create(System.Windows.DependencyObject)">
      <summary>Erstellt eine neue <see cref="T:System.Activities.Statements.Sequence" />-Aktivität, die aus einem  <see cref="T:System.ServiceModel.Activities.Receive" />- und <see cref="T:System.ServiceModel.Activities.SendReply" />-Paar besteht.</summary>
      <param name="target">Das Benutzeroberflächenelement des Workflows, das der visuelle Container der neuen Aktivität ist.</param>
      <returns>Eine neue <see cref="T:System.Activities.Statements.Sequence" />-Aktivität, die aus einem  <see cref="T:System.ServiceModel.Activities.Receive" />- und <see cref="T:System.ServiceModel.Activities.SendReply" />-Paar besteht.</returns>
    </member>
    <member name="M:System.ServiceModel.Activities.Presentation.Factories.SendAndReceiveReplyFactory.#ctor">
      <summary>Initialisiert eine neue Instanz der <see cref="T:System.ServiceModel.Activities.Presentation.Factories.SendAndReceiveReplyFactory" />-Klasse.</summary>
    </member>
    <member name="M:System.ServiceModel.Activities.Presentation.Factories.SendAndReceiveReplyFactory.Create(System.Windows.DependencyObject)">
      <summary>Erstellt eine neue <see cref="T:System.Activities.Statements.Sequence" />-Aktivität, die aus einem  <see cref="T:System.ServiceModel.Activities.Send" />- und <see cref="T:System.ServiceModel.Activities.ReceiveReply" />-Paar besteht.</summary>
      <param name="target">Das Benutzeroberflächenelement des Workflows, das der visuelle Container der neuen Aktivität ist.</param>
      <returns>Eine neue <see cref="T:System.Activities.Statements.Sequence" />-Aktivität, die aus einem  <see cref="T:System.ServiceModel.Activities.Send" />- und <see cref="T:System.ServiceModel.Activities.ReceiveReply" />-Paar besteht.</returns>
    </member>
    <member name="M:System.ServiceModel.Activities.Presentation.ServiceContractImporter.GenerateActivityTemplates(System.Type)">
      <summary>Generiert eine Dienstvorlage für die Aktivität mit dem angegebenen Vertragstyp.</summary>
      <param name="contractType">Der Vertragstyp für den Dienst.</param>
      <returns>Eine Auflistung von Dienstvorlagen-Aktivität.</returns>
    </member>
    <member name="M:System.ServiceModel.Activities.Presentation.ServiceContractImporter.SaveActivityTemplate(System.Activities.Presentation.Toolbox.ActivityTemplateFactoryBuilder)">
      <summary>Speichert eine Aktivitätsvorlage aus dem Vertrag.</summary>
      <param name="activityTemplate">Die Vorlage zu speichern.</param>
      <returns>Die Vorlage.</returns>
    </member>
    <member name="M:System.ServiceModel.Activities.Presentation.ServiceContractImporter.SelectContractType(System.Reflection.AssemblyName,System.Collections.Generic.IList{System.Reflection.AssemblyName},System.Activities.Presentation.EditingContext)">
      <summary>Ruft einen Typ des Vertrags mit einer angegebenen lokalen Assemblynamen aus der Liste der referenzierten Assemblys ab.</summary>
      <param name="localAssemblyName">Der Name der lokalen Assembly.</param>
      <param name="referencedAssemblies">Die Assemblys, auf die verwiesen wird.</param>
      <param name="editingContext">Der Bearbeitungskontext.</param>
      <returns>Der Vertragstyp für den Dienst.</returns>
    </member>
    <member name="M:XamlGeneratedNamespace.GeneratedInternalTypeHelper.#ctor">
      <summary>Initialisiert eine neue Instanz der <see cref="T:XamlGeneratedNamespace.GeneratedInternalTypeHelper" />-Klasse.</summary>
    </member>
    <member name="P:System.Activities.Core.Presentation.LocationChangedEventArgs.NewLocation">
      <summary>Ruft den neuen Speicherort ab.</summary>
      <returns>Eine Instanz von <see cref="T:System.Windows.Point" />, die den neuen Speicherort enthält.</returns>
    </member>
    <member name="P:System.Activities.Core.Presentation.Themes.DesignerStylesDictionary.SequenceStyle">
      <summary>Ruft das in dieser <see cref="T:System.Activities.Core.Presentation.Themes.DesignerStylesDictionary" />-Instanz gespeicherte Sequenzformat ab. Versiegelt zudem das Sequenzformat, wenn es nicht bereits versiegelt ist.</summary>
      <returns>Das in dieser <see cref="T:System.Activities.Core.Presentation.Themes.DesignerStylesDictionary" />-Instanz gespeicherte Sequenzformat.</returns>
    </member>
    <member name="P:System.Activities.Presentation.DynamicArgumentDesignerOptions.ArgumentPrefix">
      <summary>Ruft das Standardargumentpräfix ab oder legt es fest.</summary>
      <returns>Das standardmäßige Argumentpräfix.</returns>
    </member>
    <member name="P:System.Activities.Presentation.DynamicArgumentDesignerOptions.Title">
      <summary>Ruft den Titel des dynamischen Argument-Designers ab oder legt ihn fest.</summary>
      <returns>Der Titel des dynamischen Argument-Designers.</returns>
    </member>
    <member name="T:System.Activities.Core.Presentation.ConnectionPointType">
      <summary>Gibt den Typ des Verbindungspunkts an.</summary>
    </member>
    <member name="F:System.Activities.Core.Presentation.ConnectionPointType.Default">
      <summary>Ein Standardverbindungspunkt.</summary>
    </member>
    <member name="F:System.Activities.Core.Presentation.ConnectionPointType.Incoming">
      <summary>Ein eingehender Verbindungspunkt.</summary>
    </member>
    <member name="F:System.Activities.Core.Presentation.ConnectionPointType.Outgoing">
      <summary>Ein ausgehender Verbindungspunkt.</summary>
    </member>
    <member name="T:System.Activities.Core.Presentation.DesignerMetadata">
      <summary>Enthält Metadaten für den Designer.</summary>
    </member>
    <member name="T:System.Activities.Core.Presentation.Factories.ForEachWithBodyFactory`1">
      <summary>Erstellt neue <see cref="T:System.Activities.Statements.ForEach`1" />-Aktivitäten mit Text.</summary>
      <typeparam name="T">Der Typ der Werte, die in der <see cref="P:System.Activities.Statements.ForEach`1.Values" />-Auflistung der <see cref="T:System.Activities.Statements.ForEach`1" />-Aktivität bereitgestellt werden.</typeparam>
    </member>
    <member name="T:System.Activities.Core.Presentation.Factories.ParallelForEachWithBodyFactory`1">
      <summary>Erstellt neue <see cref="T:System.Activities.Statements.ParallelForEach" />-Aktivitäten mit Text.</summary>
      <typeparam name="T">Der Typ der Werte, die in der <see cref="P:System.Activities.Statements.ParallelForEach`1.Values" />-Auflistung der <see cref="T:System.Activities.Statements.ParallelForEach`1" />-Aktivität bereitgestellt werden.</typeparam>
    </member>
    <member name="T:System.Activities.Core.Presentation.Factories.PickWithTwoBranchesFactory">
      <summary>Erstellt <see cref="T:System.Activities.Statements.Pick" />-Aktivitäten, die jeweils zwei Verzweigungen enthalten.</summary>
    </member>
    <member name="T:System.Activities.Core.Presentation.Factories.StateMachineWithInitialStateFactory">
      <summary>Erstellt eine Zustandsautomatenaktivität, die einen Anfangszustand enthält.</summary>
    </member>
    <member name="T:System.Activities.Core.Presentation.FinalState">
      <summary>Ein Endzustand ist ein Zustand, durch den die Zustandsautomateninstanz beendet wird und der nicht über eine Transitions-Auflistung verfügen kann.</summary>
    </member>
    <member name="T:System.Activities.Core.Presentation.FlowchartDesignerCommands">
      <summary>Wird von Visual Studio verwendet, um Befehle des Flussdiagramm-Designers auszulösen.</summary>
    </member>
    <member name="T:System.Activities.Core.Presentation.GenericTypeArgumentConverter">
      <summary>Aktiviert den Abruf der Typargumente von generischen Typen.</summary>
    </member>
    <member name="T:System.Activities.Core.Presentation.LocationChangedEventArgs">
      <summary>Enthält die Argumente für das LocationChanged-Ereignis.</summary>
    </member>
    <member name="T:System.Activities.Core.Presentation.Themes.DesignerStylesDictionary">
      <summary>Stellt ein Wörterbuch für Designerformate bereit.</summary>
    </member>
    <member name="T:System.Activities.Presentation.DynamicArgumentDesignerOptions">
      <summary>Stellt Optionen für den dynamischen Argument-Designer bereit.</summary>
    </member>
    <member name="T:System.Activities.Presentation.DynamicArgumentDialog">
      <summary>Stellt ein Dialogfeld für ein dynamisches Argumentelement dar.</summary>
    </member>
    <member name="T:System.ServiceModel.Activities.Presentation.Factories.ReceiveAndSendReplyFactory">
      <summary>Erstellt eine konfigurierte Instanz der Aktivitätspaare <see cref="T:System.ServiceModel.Activities.Receive" /> und <see cref="T:System.ServiceModel.Activities.SendReply" />.</summary>
    </member>
    <member name="T:System.ServiceModel.Activities.Presentation.Factories.SendAndReceiveReplyFactory">
      <summary>Erstellt eine konfigurierte Instanz der Aktivitätspaare <see cref="T:System.ServiceModel.Activities.Send" /> und <see cref="T:System.ServiceModel.Activities.ReceiveReply" />.</summary>
    </member>
    <member name="T:System.ServiceModel.Activities.Presentation.ServiceContractImporter">
      <summary>Stellt einen Dienst Vertrag Importer dar.</summary>
    </member>
    <member name="T:XamlGeneratedNamespace.GeneratedInternalTypeHelper">
      <summary>Bietet Unterstützung für XAML-Markupcompiler und Entwicklertools.</summary>
    </member>
  </members>
</doc>