﻿<?xml version="1.0" encoding="utf-8"?>
<doc>
  <assembly>
    <name>System.Web.RegularExpressions</name>
  </assembly>
  <members>
    <member name="M:System.Web.RegularExpressions.AspCodeRegex.#ctor">
      <summary>Initialisiert eine neue Instanz der <see cref="T:System.Web.RegularExpressions.AspCodeRegex" />-Klasse.</summary>
    </member>
    <member name="M:System.Web.RegularExpressions.AspCodeRegex.#ctor(System.TimeSpan)">
      <summary>Initialisiert eine neue Instanz der <see cref="T:System.Web.RegularExpressions.AspCodeRegex" /> -Klasse mit einem angegebenen Timeout-Wert.</summary>
      <param name="A_1">Ein Timeoutintervall oder <see cref="F:System.Text.RegularExpressions.Regex.InfiniteMatchTimeout" /> Wenn entsprechende Vorgänge sollten nicht zu einem Timeout.</param>
    </member>
    <member name="M:System.Web.RegularExpressions.AspEncodedExprRegex.#ctor">
      <summary>Initialisiert eine neue Instanz der <see cref="T:System.Web.RegularExpressions.AspEncodedExprRegex" />-Klasse.</summary>
    </member>
    <member name="M:System.Web.RegularExpressions.AspEncodedExprRegex.#ctor(System.TimeSpan)">
      <summary>Initialisiert eine neue Instanz der <see cref="T:System.Web.RegularExpressions.AspEncodedExprRegex" /> -Klasse mit einem angegebenen Timeout-Wert.</summary>
      <param name="A_1">Ein Timeoutintervall oder <see cref="F:System.Text.RegularExpressions.Regex.InfiniteMatchTimeout" /> Wenn entsprechende Vorgänge sollten nicht zu einem Timeout.</param>
    </member>
    <member name="M:System.Web.RegularExpressions.AspExprRegex.#ctor">
      <summary>Initialisiert eine neue Instanz der <see cref="T:System.Web.RegularExpressions.AspExprRegex" />-Klasse.</summary>
    </member>
    <member name="M:System.Web.RegularExpressions.AspExprRegex.#ctor(System.TimeSpan)">
      <summary>Initialisiert eine neue Instanz der <see cref="T:System.Web.RegularExpressions.AspExprRegex" /> -Klasse mit einem angegebenen Timeout-Wert.</summary>
      <param name="A_1">Ein Timeoutintervall oder <see cref="F:System.Text.RegularExpressions.Regex.InfiniteMatchTimeout" /> Wenn entsprechende Vorgänge sollten nicht zu einem Timeout.</param>
    </member>
    <member name="M:System.Web.RegularExpressions.CommentRegex.#ctor">
      <summary>Initialisiert eine neue Instanz der <see cref="T:System.Web.RegularExpressions.CommentRegex" />-Klasse.</summary>
    </member>
    <member name="M:System.Web.RegularExpressions.CommentRegex.#ctor(System.TimeSpan)">
      <summary>Initialisiert eine neue Instanz der <see cref="T:System.Web.RegularExpressions.CommentRegex" /> -Klasse mit dem angegebenen Timeoutwert.</summary>
      <param name="A_1">Ein Timeoutintervall oder <see cref="F:System.Text.RegularExpressions.Regex.InfiniteMatchTimeout" /> Wenn entsprechende Vorgänge sollten nicht zu einem Timeout.</param>
    </member>
    <member name="M:System.Web.RegularExpressions.DatabindExprRegex.#ctor">
      <summary>Initialisiert eine neue Instanz der <see cref="T:System.Web.RegularExpressions.DatabindExprRegex" />-Klasse.</summary>
    </member>
    <member name="M:System.Web.RegularExpressions.DatabindExprRegex.#ctor(System.TimeSpan)">
      <summary>Initialisiert eine neue Instanz der <see cref="T:System.Web.RegularExpressions.DatabindExprRegex" /> -Klasse mit einem angegebenen Timeout-Wert.</summary>
      <param name="A_1">Ein Timeoutintervall oder <see cref="F:System.Text.RegularExpressions.Regex.InfiniteMatchTimeout" /> Wenn entsprechende Vorgänge sollten nicht zu einem Timeout.</param>
    </member>
    <member name="M:System.Web.RegularExpressions.DataBindRegex.#ctor">
      <summary>Initialisiert eine neue Instanz der <see cref="T:System.Web.RegularExpressions.DataBindRegex" />-Klasse.</summary>
    </member>
    <member name="M:System.Web.RegularExpressions.DataBindRegex.#ctor(System.TimeSpan)">
      <summary>Initialisiert eine neue Instanz der <see cref="T:System.Web.RegularExpressions.DataBindRegex" /> -Klasse mit einem angegebenen Timeout-Wert.</summary>
      <param name="A_1">Ein Timeoutintervall oder <see cref="F:System.Text.RegularExpressions.Regex.InfiniteMatchTimeout" /> Wenn entsprechende Vorgänge sollten nicht zu einem Timeout.</param>
    </member>
    <member name="M:System.Web.RegularExpressions.DirectiveRegex.#ctor">
      <summary>Initialisiert eine neue Instanz der <see cref="T:System.Web.RegularExpressions.DirectiveRegex" />-Klasse.</summary>
    </member>
    <member name="M:System.Web.RegularExpressions.DirectiveRegex.#ctor(System.TimeSpan)">
      <summary>Initialisiert eine neue Instanz der <see cref="T:System.Web.RegularExpressions.DirectiveRegex" /> -Klasse mit einem angegebenen Timeout-Wert.</summary>
      <param name="A_1">Ein Timeoutintervall oder <see cref="F:System.Text.RegularExpressions.Regex.InfiniteMatchTimeout" /> Wenn entsprechende Vorgänge sollten nicht zu einem Timeout.</param>
    </member>
    <member name="M:System.Web.RegularExpressions.EndTagRegex.#ctor">
      <summary>Initialisiert eine neue Instanz der <see cref="T:System.Web.RegularExpressions.EndTagRegex" />-Klasse.</summary>
    </member>
    <member name="M:System.Web.RegularExpressions.EndTagRegex.#ctor(System.TimeSpan)">
      <summary>Initialisiert eine neue Instanz der <see cref="T:System.Web.RegularExpressions.EndTagRegex" /> -Klasse mit einem angegebenen Timeout-Wert.</summary>
      <param name="A_1">Ein Timeoutintervall oder <see cref="F:System.Text.RegularExpressions.Regex.InfiniteMatchTimeout" /> Wenn entsprechende Vorgänge sollten nicht zu einem Timeout.</param>
    </member>
    <member name="M:System.Web.RegularExpressions.GTRegex.#ctor">
      <summary>Initialisiert eine neue Instanz der <see cref="T:System.Web.RegularExpressions.GTRegex" />-Klasse.</summary>
    </member>
    <member name="M:System.Web.RegularExpressions.GTRegex.#ctor(System.TimeSpan)">
      <summary>Initialisiert eine neue Instanz der <see cref="T:System.Web.RegularExpressions.GTRegex" /> -Klasse mit einem angegebenen Timeout-Wert.</summary>
      <param name="A_1">Ein Timeoutintervall oder <see cref="F:System.Text.RegularExpressions.Regex.InfiniteMatchTimeout" /> Wenn entsprechende Vorgänge sollten nicht zu einem Timeout.</param>
    </member>
    <member name="M:System.Web.RegularExpressions.IncludeRegex.#ctor">
      <summary>Initialisiert eine neue Instanz der <see cref="T:System.Web.RegularExpressions.IncludeRegex" />-Klasse.</summary>
    </member>
    <member name="M:System.Web.RegularExpressions.IncludeRegex.#ctor(System.TimeSpan)">
      <summary>Initialisiert eine neue Instanz der <see cref="T:System.Web.RegularExpressions.IncludeRegex" /> -Klasse mit einem angegebenen Timeout-Wert.</summary>
      <param name="A_1">Ein Timeoutintervall oder <see cref="F:System.Text.RegularExpressions.Regex.InfiniteMatchTimeout" /> Wenn entsprechende Vorgänge sollten nicht zu einem Timeout.</param>
    </member>
    <member name="M:System.Web.RegularExpressions.LTRegex.#ctor">
      <summary>Initialisiert eine neue Instanz der <see cref="T:System.Web.RegularExpressions.LTRegex" />-Klasse.</summary>
    </member>
    <member name="M:System.Web.RegularExpressions.LTRegex.#ctor(System.TimeSpan)">
      <summary>Initialisiert eine neue Instanz der <see cref="T:System.Web.RegularExpressions.LTRegex" /> -Klasse mit einem angegebenen Timeout-Wert.</summary>
      <param name="A_1">Ein Timeoutintervall oder <see cref="F:System.Text.RegularExpressions.Regex.InfiniteMatchTimeout" /> Wenn entsprechende Vorgänge sollten nicht zu einem Timeout.</param>
    </member>
    <member name="M:System.Web.RegularExpressions.RunatServerRegex.#ctor">
      <summary>Initialisiert eine neue Instanz der <see cref="T:System.Web.RegularExpressions.RunatServerRegex" />-Klasse.</summary>
    </member>
    <member name="M:System.Web.RegularExpressions.RunatServerRegex.#ctor(System.TimeSpan)">
      <summary>Initialisiert eine neue Instanz der <see cref="T:System.Web.RegularExpressions.RunatServerRegex" /> -Klasse mit einem angegebenen Timeout-Wert.</summary>
      <param name="A_1">Ein Timeoutintervall oder <see cref="F:System.Text.RegularExpressions.Regex.InfiniteMatchTimeout" /> Wenn entsprechende Vorgänge sollten nicht zu einem Timeout.</param>
    </member>
    <member name="M:System.Web.RegularExpressions.ServerTagsRegex.#ctor">
      <summary>Initialisiert eine neue Instanz der <see cref="T:System.Web.RegularExpressions.ServerTagsRegex" />-Klasse.</summary>
    </member>
    <member name="M:System.Web.RegularExpressions.ServerTagsRegex.#ctor(System.TimeSpan)">
      <summary>Initialisiert eine neue Instanz der <see cref="T:System.Web.RegularExpressions.ServerTagsRegex" /> -Klasse mit einem angegebenen Timeout-Wert.</summary>
      <param name="A_1">Ein Timeoutintervall oder <see cref="F:System.Text.RegularExpressions.Regex.InfiniteMatchTimeout" /> Wenn entsprechende Vorgänge sollten nicht zu einem Timeout.</param>
    </member>
    <member name="M:System.Web.RegularExpressions.SimpleDirectiveRegex.#ctor">
      <summary>Initialisiert eine neue Instanz der <see cref="T:System.Web.RegularExpressions.SimpleDirectiveRegex" />-Klasse.</summary>
    </member>
    <member name="M:System.Web.RegularExpressions.SimpleDirectiveRegex.#ctor(System.TimeSpan)">
      <summary>Initialisiert eine neue Instanz der <see cref="T:System.Web.RegularExpressions.SimpleDirectiveRegex" /> -Klasse mit einem angegebenen Timeout-Wert.</summary>
      <param name="A_1">Ein Timeoutintervall oder <see cref="F:System.Text.RegularExpressions.Regex.InfiniteMatchTimeout" /> Wenn entsprechende Vorgänge sollten nicht zu einem Timeout.</param>
    </member>
    <member name="M:System.Web.RegularExpressions.TagRegex.#ctor">
      <summary>Initialisiert eine neue Instanz der <see cref="T:System.Web.RegularExpressions.TagRegex" />-Klasse.</summary>
    </member>
    <member name="M:System.Web.RegularExpressions.TagRegex.#ctor(System.TimeSpan)">
      <summary>Initialisiert eine neue Instanz der <see cref="T:System.Web.RegularExpressions.TagRegex" /> -Klasse mit einem angegebenen Timeout-Wert.</summary>
      <param name="A_1">Ein Timeoutintervall oder <see cref="F:System.Text.RegularExpressions.Regex.InfiniteMatchTimeout" /> Wenn entsprechende Vorgänge sollten nicht zu einem Timeout.</param>
    </member>
    <member name="M:System.Web.RegularExpressions.TagRegex35.#ctor">
      <summary>Initialisiert eine neue Instanz der <see cref="T:System.Web.RegularExpressions.TagRegex35" />-Klasse.</summary>
    </member>
    <member name="M:System.Web.RegularExpressions.TagRegex35.#ctor(System.TimeSpan)">
      <summary>Initialisiert eine neue Instanz der <see cref="T:System.Web.RegularExpressions.TagRegex35" /> -Klasse mit einem angegebenen Timeout-Wert.</summary>
      <param name="A_1">Ein Timeoutintervall oder <see cref="F:System.Text.RegularExpressions.Regex.InfiniteMatchTimeout" /> Wenn entsprechende Vorgänge sollten nicht zu einem Timeout.</param>
    </member>
    <member name="M:System.Web.RegularExpressions.TextRegex.#ctor">
      <summary>Initialisiert eine neue Instanz der <see cref="T:System.Web.RegularExpressions.TextRegex" />-Klasse.</summary>
    </member>
    <member name="M:System.Web.RegularExpressions.TextRegex.#ctor(System.TimeSpan)">
      <summary>Initialisiert eine neue Instanz der <see cref="T:System.Web.RegularExpressions.TextRegex" /> -Klasse mit einem angegebenen Timeout-Wert.</summary>
      <param name="A_1">Ein Timeoutintervall oder <see cref="F:System.Text.RegularExpressions.Regex.InfiniteMatchTimeout" /> Wenn entsprechende Vorgänge sollten nicht zu einem Timeout.</param>
    </member>
    <member name="T:System.Web.RegularExpressions.AspCodeRegex">
      <summary>Stellt einen regulären Ausdruck zum Analysieren eines ASP.NET Code-Blocks.</summary>
    </member>
    <member name="T:System.Web.RegularExpressions.AspEncodedExprRegex">
      <summary>Stellt einen regulären Ausdruck zum Analysieren eines codierten ASP.NET-Ausdrucksblocks bereit.</summary>
    </member>
    <member name="T:System.Web.RegularExpressions.AspExprRegex">
      <summary>Stellt einen regulären Ausdruck zum Analysieren eines ASP.NET-Ausdrucksblocks bereit.</summary>
    </member>
    <member name="T:System.Web.RegularExpressions.CommentRegex">
      <summary>Stellt einen regulären Ausdruck zum Analysieren eines ASP.NET-Kommentarblocks bereit.</summary>
    </member>
    <member name="T:System.Web.RegularExpressions.DatabindExprRegex">
      <summary>Stellt einen regulären Ausdruck zum Analysieren eines Datenbindungsausdrucks ASP.NET bereit.</summary>
    </member>
    <member name="T:System.Web.RegularExpressions.DataBindRegex">
      <summary>Stellt einen regulären Ausdruck zum Analysieren einer ASP.NET Datenbindungsausdruck.</summary>
    </member>
    <member name="T:System.Web.RegularExpressions.DirectiveRegex">
      <summary>Stellt einen regulären Ausdruck zum Analysieren einer ASP.NET-Direktive bereit.</summary>
    </member>
    <member name="T:System.Web.RegularExpressions.EndTagRegex">
      <summary>Stellt einen regulären Ausdruck zum Analysieren eines Endtags ein HTML-Element, ein XML-Element oder ein ASP.NET Web Server Control-Tag.</summary>
    </member>
    <member name="T:System.Web.RegularExpressions.GTRegex">
      <summary>Stellt einen regulären Ausdruck ein größer-als (&gt;) Zeichen in einer ASP.NET-Webseite übereinstimmen.</summary>
    </member>
    <member name="T:System.Web.RegularExpressions.IncludeRegex">
      <summary>Stellt einen regulären Ausdruck zum Analysieren einer ASP #include Richtlinie.</summary>
    </member>
    <member name="T:System.Web.RegularExpressions.LTRegex">
      <summary>Stellt einen regulären Ausdruck ein kleiner-als-Zeichen (&lt;) in einer ASP.NET-Webseite gesucht.</summary>
    </member>
    <member name="T:System.Web.RegularExpressions.RunatServerRegex">
      <summary>Stellt einen regulären Ausdruck zum Analysieren einer ASP runat Attribut.</summary>
    </member>
    <member name="T:System.Web.RegularExpressions.ServerTagsRegex">
      <summary>Stellt einen regulären Ausdruck zum Analysieren von ASP.NET Server-Tags.</summary>
    </member>
    <member name="T:System.Web.RegularExpressions.SimpleDirectiveRegex">
      <summary>Stellt einen regulären Ausdruck zum Analysieren einer ASP.NET-Direktive von Daten bereit.</summary>
    </member>
    <member name="T:System.Web.RegularExpressions.TagRegex">
      <summary>Stellt einen regulären Ausdruck zum Analysieren des öffnenden Tags des HTML-Elements, ein XML-Element oder ein ASP.NET Web Server Control-Tag.</summary>
    </member>
    <member name="T:System.Web.RegularExpressions.TagRegex35">
      <summary>Stellt einen regulären Ausdruck zum Analysieren des öffnenden Tags des HTML-Elements, ein XML-Element oder ASP.NET Web Server Control für ein Tag, Clientanwendungen, die als Ziel der .NET Framework 3.5 SP1 und früheren Versionen.</summary>
    </member>
    <member name="T:System.Web.RegularExpressions.TextRegex">
      <summary>Stellt einen regulären Ausdruck, um alle Zeichen bis zum nächsten kleiner als-Zeichen (&lt;) übereinstimmen.</summary>
    </member>
  </members>
</doc>