﻿<?xml version="1.0" encoding="utf-8"?>
<doc>
  <assembly>
    <name>System.ComponentModel.Composition.Registration</name>
  </assembly>
  <members>
    <member name="M:System.ComponentModel.Composition.Registration.ExportBuilder.#ctor">
      <summary>Initialisiert eine neue Instanz der <see cref="T:System.ComponentModel.Composition.Registration.ExportBuilder" />-Klasse.</summary>
    </member>
    <member name="M:System.ComponentModel.Composition.Registration.ExportBuilder.AddMetadata(System.String,System.Func{System.Type,System.Object})">
      <summary>Gibt ein Schlüssel-Wert-Paar von Metadaten der Export hinzugefügt werden.</summary>
      <param name="name">Der Metadatenschlüssel.</param>
      <param name="itemFunc">Eine Funktion, die einen Typ verwendet und gibt den Metadatenwert.</param>
      <returns>Das aktuelle Objekt zu verketten.</returns>
    </member>
    <member name="M:System.ComponentModel.Composition.Registration.ExportBuilder.AddMetadata(System.String,System.Object)">
      <summary>Gibt ein Schlüssel-Wert-Paar von Metadaten der Export hinzugefügt werden.</summary>
      <param name="name">Der Metadatenschlüssel.</param>
      <param name="value">Der Wert der Metadaten.</param>
      <returns>Das aktuelle Objekt zu verketten.</returns>
    </member>
    <member name="M:System.ComponentModel.Composition.Registration.ExportBuilder.AsContractName(System.String)">
      <summary>Gibt an, dass der Export unter dem angegebenen Vertragsnamen sein soll.</summary>
      <param name="contractName">Der Name des Vertrags.</param>
      <returns>Das aktuelle Objekt zu verketten.</returns>
      <exception cref="T:System.ArgumentNullException">
        <paramref name="contractName" /> ist null.</exception>
      <exception cref="T:System.ArgumentException">
        <paramref name="contractName" /> ist eine leere Zeichenfolge.</exception>
    </member>
    <member name="M:System.ComponentModel.Composition.Registration.ExportBuilder.AsContractType(System.Type)">
      <summary>Gibt an, dass der Export den angegebenen Vertragstyp verwenden soll.</summary>
      <param name="type">Der Typ des Vertrags zu verwenden.</param>
      <returns>Das aktuelle Objekt zu verketten.</returns>
      <exception cref="T:System.ArgumentNullException">
        <paramref name="type" /> ist null.</exception>
    </member>
    <member name="M:System.ComponentModel.Composition.Registration.ExportBuilder.AsContractType``1">
      <summary>Gibt an, dass der Export den angegebenen Vertragstyp verwenden soll.</summary>
      <typeparam name="T">Der Typ des Vertrags zu verwenden.</typeparam>
      <returns>Das aktuelle Objekt zu verketten.</returns>
    </member>
    <member name="M:System.ComponentModel.Composition.Registration.ExportBuilder.Inherited">
      <summary>Gibt an, dass es sich bei diesem Export geerbt werden soll.</summary>
      <returns>Das aktuelle Objekt zu verketten.</returns>
    </member>
    <member name="M:System.ComponentModel.Composition.Registration.ImportBuilder.#ctor">
      <summary>Initialisiert eine neue Instanz der <see cref="T:System.ComponentModel.Composition.Registration.ImportBuilder" />-Klasse.</summary>
    </member>
    <member name="M:System.ComponentModel.Composition.Registration.ImportBuilder.AllowDefault">
      <summary>Gibt an, dass der Import einen Standardwert ermöglichen sollte.</summary>
      <returns>Das aktuelle Objekt zu verketten.</returns>
    </member>
    <member name="M:System.ComponentModel.Composition.Registration.ImportBuilder.AllowRecomposition">
      <summary>Gibt an, dass der Import Importdefinition neu erstellt werden soll.</summary>
      <returns>Das aktuelle Objekt zu verketten.</returns>
    </member>
    <member name="M:System.ComponentModel.Composition.Registration.ImportBuilder.AsContractName(System.String)">
      <summary>Gibt an, unter dem angegebenen Vertragsnamen des Imports werden soll.</summary>
      <param name="contractName">Der Name des Vertrags.</param>
      <returns>Das aktuelle Objekt zu verketten.</returns>
      <exception cref="T:System.ArgumentNullException">
        <paramref name="contractName" /> ist null.</exception>
      <exception cref="T:System.ArgumentException">
        <paramref name="contractName" /> ist eine leere Zeichenfolge.</exception>
    </member>
    <member name="M:System.ComponentModel.Composition.Registration.ImportBuilder.AsContractType(System.Type)">
      <summary>Gibt an, dass der Import der angegebenen Vertragstyp verwenden soll.</summary>
      <param name="type">Der Typ des Vertrags zu verwenden.</param>
      <returns>Das aktuelle Objekt zu verketten.</returns>
      <exception cref="T:System.ArgumentNullException">
        <paramref name="type" /> ist null.</exception>
    </member>
    <member name="M:System.ComponentModel.Composition.Registration.ImportBuilder.AsContractType``1">
      <summary>Gibt an, dass der Import der angegebenen Vertragstyp verwenden soll.</summary>
      <typeparam name="T">Der Typ des Vertrags zu verwenden.</typeparam>
      <returns>Das aktuelle Objekt zu verketten.</returns>
    </member>
    <member name="M:System.ComponentModel.Composition.Registration.ImportBuilder.AsMany(System.Boolean)">
      <summary>Gibt die Kardinalität des Imports.</summary>
      <param name="isMany">true zum Importieren ein mehrere angeben. false an einem einzigen Importvorgang. Die Standardeinstellung ist true.</param>
      <returns>Das aktuelle Objekt zu verketten.</returns>
    </member>
    <member name="M:System.ComponentModel.Composition.Registration.ImportBuilder.RequiredCreationPolicy(System.ComponentModel.Composition.CreationPolicy)">
      <summary>Gibt den Import erforderlich-Erstellungsrichtlinie an.</summary>
      <param name="requiredCreationPolicy">Die Erstellungsrichtlinie des Imports erfordert.</param>
      <returns>Das aktuelle Objekt zu verketten.</returns>
    </member>
    <member name="M:System.ComponentModel.Composition.Registration.ImportBuilder.Source(System.ComponentModel.Composition.ImportSource)">
      <summary>Gibt einen Wert, der angibt, die Bereiche, denen von diesem Import erfüllt werden kann.</summary>
      <param name="source">Ein Wert, der angibt, die Bereiche kann aus der Import erfüllt werden.</param>
      <returns>Das aktuelle Objekt zu verketten.</returns>
    </member>
    <member name="M:System.ComponentModel.Composition.Registration.ParameterImportBuilder.#ctor">
      <summary>Initialisiert eine neue Instanz der <see cref="T:System.ComponentModel.Composition.Registration.ParameterImportBuilder" />-Klasse.</summary>
    </member>
    <member name="M:System.ComponentModel.Composition.Registration.ParameterImportBuilder.Import``1">
      <summary>Den angegebenen Parameter definiert als ein importierter Parameter.</summary>
      <typeparam name="T">Der Typ des Parameters fest.</typeparam>
      <returns>Der Standard- <paramref name="T" />, aber diese Methode sollte nur auf die verwiesen wird, und nie aufgerufen.</returns>
    </member>
    <member name="M:System.ComponentModel.Composition.Registration.ParameterImportBuilder.Import``1(System.Action{System.ComponentModel.Composition.Registration.ImportBuilder})">
      <summary>Definiert den angegebenen Parameter als importierte-Parameter mit der angegebenen Konfiguration.</summary>
      <param name="configure">Ein Objekt, das Konfigurationsinformationen für den importierten Parameter enthält.</param>
      <typeparam name="T">Der Typ des Parameters fest.</typeparam>
      <returns>Der Standard- <paramref name="T" />, aber diese Methode sollte nur auf die verwiesen wird, und nie aufgerufen.</returns>
      <exception cref="T:System.ArgumentNullException">
        <paramref name="configure" /> ist null.</exception>
    </member>
    <member name="M:System.ComponentModel.Composition.Registration.PartBuilder.AddMetadata(System.String,System.Func{System.Type,System.Object})">
      <summary>Metadaten und die passenden Typen hinzugefügt.</summary>
      <param name="name">Der Metadatenschlüssel.</param>
      <param name="itemFunc">Eine Funktion, die den Metadatenwert, der Ziel-Typ zurückgibt.</param>
      <returns>Das aktuelle Objekt zu verketten.</returns>
    </member>
    <member name="M:System.ComponentModel.Composition.Registration.PartBuilder.AddMetadata(System.String,System.Object)">
      <summary>Metadaten und die passenden Typen hinzugefügt.</summary>
      <param name="name">Der Metadatenschlüssel.</param>
      <param name="value">Der Wert der Metadaten.</param>
      <returns>Das aktuelle Objekt zu verketten.</returns>
    </member>
    <member name="M:System.ComponentModel.Composition.Registration.PartBuilder.Export">
      <summary>Gibt an, dass die übereinstimmenden Typen exportiert werden sollen.</summary>
      <returns>Das aktuelle Objekt zu verketten.</returns>
    </member>
    <member name="M:System.ComponentModel.Composition.Registration.PartBuilder.Export(System.Action{System.ComponentModel.Composition.Registration.ExportBuilder})">
      <summary>Gibt an, dass Typen exportiert werden sollen, und Konfigurationsinformationen für die resultierende Exporte enthält.</summary>
      <param name="exportConfiguration">Ein Objekt, das Konfigurationsinformationen für den Export enthält. Der Standardwert ist null.</param>
      <returns>Das aktuelle Objekt zu verketten.</returns>
    </member>
    <member name="M:System.ComponentModel.Composition.Registration.PartBuilder.Export``1">
      <summary>Gibt an, dass es sich bei übereinstimmenden Typen exportiert werden soll mit dem angegebenen Vertragstyp.</summary>
      <typeparam name="T">Der Typ des Vertrags.</typeparam>
      <returns>Das aktuelle Objekt zu verketten.</returns>
    </member>
    <member name="M:System.ComponentModel.Composition.Registration.PartBuilder.Export``1(System.Action{System.ComponentModel.Composition.Registration.ExportBuilder})">
      <summary>Gibt an, dass übereinstimmenden Typen exportiert werden sollen, mit dem angegebenen Vertragstyp und Konfigurationsinformationen für die resultierende Exporte enthält.</summary>
      <param name="exportConfiguration">Ein Objekt, das Konfigurationsinformationen für den Export enthält. Der Standardwert ist null.</param>
      <typeparam name="T">Der Typ des Vertrags.</typeparam>
      <returns>Das aktuelle Objekt zu verketten.</returns>
    </member>
    <member name="M:System.ComponentModel.Composition.Registration.PartBuilder.ExportInterfaces">
      <summary>Gibt an, dass alle Schnittstellen der übereinstimmenden Typen exportiert werden sollen.</summary>
      <returns>Das aktuelle Objekt zu verketten.</returns>
    </member>
    <member name="M:System.ComponentModel.Composition.Registration.PartBuilder.ExportInterfaces(System.Predicate{System.Type})">
      <summary>Gibt einen Satz von Schnittstellen für die entsprechenden Typen, die exportiert werden sollen.</summary>
      <param name="interfaceFilter">Ein Prädikat, das einen Satz von Schnittstellen angibt.</param>
      <returns>Das aktuelle Objekt zu verketten.</returns>
      <exception cref="T:System.ArgumentNullException">
        <paramref name="interfaceFilter" /> ist null.</exception>
    </member>
    <member name="M:System.ComponentModel.Composition.Registration.PartBuilder.ExportInterfaces(System.Predicate{System.Type},System.Action{System.Type,System.ComponentModel.Composition.Registration.ExportBuilder})">
      <summary>Gibt einen Satz von Schnittstellen in die passenden Typen, die exportiert werden sollen, und enthält Konfigurationsinformationen für die resultierende Exporte.</summary>
      <param name="interfaceFilter">Ein Prädikat, das einen Satz von Schnittstellen angibt.</param>
      <param name="exportConfiguration">Ein Objekt, das Konfigurationsinformationen für den Export enthält. Der Standardwert ist null.</param>
      <returns>Das aktuelle Objekt zu verketten.</returns>
      <exception cref="T:System.ArgumentNullException">
        <paramref name="interfaceFilter" /> ist null.</exception>
    </member>
    <member name="M:System.ComponentModel.Composition.Registration.PartBuilder.ExportProperties(System.Predicate{System.Reflection.PropertyInfo})">
      <summary>Gibt einen Satz von Eigenschaften, die exportiert werden soll auf die passenden Typen an.</summary>
      <param name="propertyFilter">Ein Prädikat, das einen Satz von Eigenschaften angibt.</param>
      <returns>Das aktuelle Objekt zu verketten.</returns>
      <exception cref="T:System.ArgumentNullException">
        <paramref name="propertyFilter" /> ist null.</exception>
    </member>
    <member name="M:System.ComponentModel.Composition.Registration.PartBuilder.ExportProperties(System.Predicate{System.Reflection.PropertyInfo},System.Action{System.Reflection.PropertyInfo,System.ComponentModel.Composition.Registration.ExportBuilder})">
      <summary>Gibt einen Satz von Eigenschaften auf die passenden Typen, die exportiert werden sollen, und enthält Konfigurationsinformationen für diese Exporte.</summary>
      <param name="propertyFilter">Ein Prädikat, das einen Satz von Eigenschaften angibt.</param>
      <param name="exportConfiguration">Ein Objekt, das Konfigurationsinformationen für den Export enthält. Der Standardwert ist null.</param>
      <returns>Das aktuelle Objekt zu verketten.</returns>
      <exception cref="T:System.ArgumentNullException">
        <paramref name="propertyFilter" /> ist null.</exception>
    </member>
    <member name="M:System.ComponentModel.Composition.Registration.PartBuilder.ExportProperties``1(System.Predicate{System.Reflection.PropertyInfo})">
      <summary>Gibt einen Satz von Eigenschaften auf die passenden Typen, die exportiert werden sollen, mit dem angegebenen Vertragstyp.</summary>
      <param name="propertyFilter">Ein Prädikat, das einen Satz von Eigenschaften angibt.</param>
      <typeparam name="T">Der Typ des Vertrags.</typeparam>
      <returns>Das aktuelle Objekt zu verketten.</returns>
      <exception cref="T:System.ArgumentNullException">
        <paramref name="propertyFilter" /> ist null.</exception>
    </member>
    <member name="M:System.ComponentModel.Composition.Registration.PartBuilder.ExportProperties``1(System.Predicate{System.Reflection.PropertyInfo},System.Action{System.Reflection.PropertyInfo,System.ComponentModel.Composition.Registration.ExportBuilder})">
      <summary>Gibt einen Satz von Eigenschaften auf die passenden Typen, die mit dem angegebenen Vertragstyp exportiert werden sollen, und enthält Konfigurationsinformationen für die resultierende Exporte.</summary>
      <param name="propertyFilter">Ein Prädikat, das einen Satz von Eigenschaften angibt.</param>
      <param name="exportConfiguration">Ein Objekt, das Konfigurationsinformationen für den Export enthält. Der Standardwert ist null.</param>
      <typeparam name="T">Der Typ des Vertrags.</typeparam>
      <returns>Das aktuelle Objekt zu verketten.</returns>
      <exception cref="T:System.ArgumentNullException">
        <paramref name="propertyFilter" /> ist null.</exception>
    </member>
    <member name="M:System.ComponentModel.Composition.Registration.PartBuilder.ImportProperties(System.Predicate{System.Reflection.PropertyInfo})">
      <summary>Gibt einen Satz von Eigenschaften auf die entsprechenden Typen, die importiert werden soll.</summary>
      <param name="propertyFilter">Ein Prädikat, das einen Satz von Eigenschaften angibt.</param>
      <returns>Das aktuelle Objekt zu verketten.</returns>
      <exception cref="T:System.ArgumentNullException">
        <paramref name="propertyFilter" /> ist null.</exception>
    </member>
    <member name="M:System.ComponentModel.Composition.Registration.PartBuilder.ImportProperties(System.Predicate{System.Reflection.PropertyInfo},System.Action{System.Reflection.PropertyInfo,System.ComponentModel.Composition.Registration.ImportBuilder})">
      <summary>Gibt einen Satz von Eigenschaften auf die entsprechenden Typen, die als Importe gekennzeichnet werden soll, und enthält Konfigurationsinformationen für die resultierende Importe.</summary>
      <param name="propertyFilter">Ein Prädikat, das einen Satz von Eigenschaften angibt.</param>
      <param name="importConfiguration">Ein Objekt, das Konfigurationsinformationen über den Import. Der Standardwert ist null.</param>
      <returns>Das aktuelle Objekt zu verketten.</returns>
      <exception cref="T:System.ArgumentNullException">
        <paramref name="propertyFilter" /> ist null.</exception>
    </member>
    <member name="M:System.ComponentModel.Composition.Registration.PartBuilder.ImportProperties``1(System.Predicate{System.Reflection.PropertyInfo})">
      <summary>Gibt einen Satz von Eigenschaften auf die passenden Typen, die als mit dem angegebenen Vertragstyp markiert werden soll.</summary>
      <param name="propertyFilter">Ein Prädikat, das einen Satz von Eigenschaften angibt.</param>
      <typeparam name="T">Der Typ des Vertrags.</typeparam>
      <returns>Das aktuelle Objekt zu verketten.</returns>
      <exception cref="T:System.ArgumentNullException">
        <paramref name="propertyFilter" /> ist null.</exception>
    </member>
    <member name="M:System.ComponentModel.Composition.Registration.PartBuilder.ImportProperties``1(System.Predicate{System.Reflection.PropertyInfo},System.Action{System.Reflection.PropertyInfo,System.ComponentModel.Composition.Registration.ImportBuilder})">
      <summary>Gibt einen Satz von Eigenschaften auf die passenden Typen, die mit dem angegebenen Vertragstyp importiert, und enthält Konfigurationsinformationen für die resultierende Importe gekennzeichnet werden soll.</summary>
      <param name="propertyFilter">Ein Prädikat, das einen Satz von Eigenschaften angibt.</param>
      <param name="importConfiguration">Ein Objekt, das Konfigurationsinformationen über den Import. Der Standardwert ist null.</param>
      <typeparam name="T">Der Typ des Vertrags.</typeparam>
      <returns>Das aktuelle Objekt zu verketten.</returns>
      <exception cref="T:System.ArgumentNullException">
        <paramref name="propertyFilter" /> ist null.</exception>
    </member>
    <member name="M:System.ComponentModel.Composition.Registration.PartBuilder.SelectConstructor(System.Func{System.Reflection.ConstructorInfo[],System.Reflection.ConstructorInfo})">
      <summary>Gibt den Konstruktor, der übereinstimmenden Typen als importieren Konstruktor verwenden soll.</summary>
      <param name="constructorFilter">Eine Funktion, die aus einem Satz von Konstruktoren einen Konstruktor auswählt.</param>
      <returns>Das aktuelle Objekt zu verketten.</returns>
      <exception cref="T:System.ArgumentNullException">
        <paramref name="constructorFilter" /> ist null.</exception>
      <exception cref="T:System.ArgumentException">
        <paramref name="constructorFilter" /> gibt null zurück.</exception>
      <exception cref="T:System.InvalidOperationException">
        <paramref name="constructorFilter" /> Gibt einen Konstruktor, der nicht mit dem Zieltyp verknüpft ist.</exception>
    </member>
    <member name="M:System.ComponentModel.Composition.Registration.PartBuilder.SelectConstructor(System.Func{System.Reflection.ConstructorInfo[],System.Reflection.ConstructorInfo},System.Action{System.Reflection.ParameterInfo,System.ComponentModel.Composition.Registration.ImportBuilder})">
      <summary>Gibt den Konstruktor, der übereinstimmenden Typen als importieren Konstruktor verwenden soll, und enthält Konfigurationsinformationen für die resultierende importieren.</summary>
      <param name="constructorFilter">Eine Funktion, die aus einem Satz von Konstruktoren einen Konstruktor auswählt.</param>
      <param name="importConfiguration">Ein Objekt, das Konfigurationsinformationen für den Import von Konstruktor enthält. Die Standardeinstellung ist null.</param>
      <returns>Das aktuelle Objekt zu verketten.</returns>
      <exception cref="T:System.ArgumentNullException">
        <paramref name="constructorFilter" /> ist null.</exception>
      <exception cref="T:System.ArgumentException">
        <paramref name="constructorFilter" /> gibt null zurück.</exception>
      <exception cref="T:System.InvalidOperationException">
        <paramref name="constructorFilter" /> Gibt einen Konstruktor, der nicht mit dem Zieltyp verknüpft ist.</exception>
    </member>
    <member name="M:System.ComponentModel.Composition.Registration.PartBuilder.SetCreationPolicy(System.ComponentModel.Composition.CreationPolicy)">
      <summary>Gibt die Erstellungsrichtlinie für den Abgleich von Typen.</summary>
      <param name="creationPolicy">Die Erstellungsrichtlinie.</param>
      <returns>Das aktuelle Objekt zu verketten.</returns>
    </member>
    <member name="M:System.ComponentModel.Composition.Registration.PartBuilder`1.ExportProperty(System.Linq.Expressions.Expression{System.Func{`0,System.Object}})">
      <summary>Gibt eine Eigenschaft, die exportiert werden sollen.</summary>
      <param name="propertyFilter">Ein Ausdruck, der einen Verweis auf die Zieleigenschaft ergibt.</param>
      <returns>Das aktuelle Objekt zu verketten.</returns>
      <exception cref="T:System.ArgumentNullException">
        <paramref name="propertyFilter" /> ist null.</exception>
    </member>
    <member name="M:System.ComponentModel.Composition.Registration.PartBuilder`1.ExportProperty(System.Linq.Expressions.Expression{System.Func{`0,System.Object}},System.Action{System.ComponentModel.Composition.Registration.ExportBuilder})">
      <summary>Gibt eine Eigenschaft, die exportiert werden sollen, und enthält Konfigurationsinformationen für die resultierende exportieren.</summary>
      <param name="propertyFilter">Ein Ausdruck, der einen Verweis auf die Zieleigenschaft ergibt.</param>
      <param name="exportConfiguration">Ein Objekt, das Konfigurationsinformationen für den Export enthält. Der Standardwert ist null.</param>
      <returns>Das aktuelle Objekt zu verketten.</returns>
      <exception cref="T:System.ArgumentNullException">
        <paramref name="propertyFilter" /> ist null.</exception>
    </member>
    <member name="M:System.ComponentModel.Composition.Registration.PartBuilder`1.ExportProperty``1(System.Linq.Expressions.Expression{System.Func{`0,System.Object}})">
      <summary>Gibt eine Eigenschaft, die als dem angegebenen Vertragstyp exportiert werden sollen.</summary>
      <param name="propertyFilter">Ein Ausdruck, der einen Verweis auf die Zieleigenschaft ergibt.</param>
      <typeparam name="TContract">Der Typ des Vertrags.</typeparam>
      <returns>Das aktuelle Objekt zu verketten.</returns>
      <exception cref="T:System.ArgumentNullException">
        <paramref name="propertyFilter" /> ist null.</exception>
    </member>
    <member name="M:System.ComponentModel.Composition.Registration.PartBuilder`1.ExportProperty``1(System.Linq.Expressions.Expression{System.Func{`0,System.Object}},System.Action{System.ComponentModel.Composition.Registration.ExportBuilder})">
      <summary>Gibt eine Eigenschaft, die als dem angegebenen Vertragstyp exportiert werden sollen, und enthält Konfigurationsinformationen für die resultierende exportieren.</summary>
      <param name="propertyFilter">Ein Ausdruck, der einen Verweis auf die Zieleigenschaft ergibt.</param>
      <param name="exportConfiguration">Ein Objekt, das Konfigurationsinformationen für den Export enthält. Der Standardwert ist null.</param>
      <typeparam name="TContract">Der Typ des Vertrags.</typeparam>
      <returns>Das aktuelle Objekt zu verketten.</returns>
      <exception cref="T:System.ArgumentNullException">
        <paramref name="propertyFilter" /> ist null.</exception>
    </member>
    <member name="M:System.ComponentModel.Composition.Registration.PartBuilder`1.ImportProperty(System.Linq.Expressions.Expression{System.Func{`0,System.Object}})">
      <summary>Gibt an, dass eine Eigenschaft, die importiert werden soll.</summary>
      <param name="propertyFilter">Ein Ausdruck, der einen Verweis auf die Zieleigenschaft ergibt.</param>
      <returns>Das aktuelle Objekt zu verketten.</returns>
      <exception cref="T:System.ArgumentNullException">
        <paramref name="propertyFilter" /> ist null.</exception>
    </member>
    <member name="M:System.ComponentModel.Composition.Registration.PartBuilder`1.ImportProperty(System.Linq.Expressions.Expression{System.Func{`0,System.Object}},System.Action{System.ComponentModel.Composition.Registration.ImportBuilder})">
      <summary>Gibt an, dass eine Eigenschaft importiert werden sollen, und Konfigurationsinformationen für die resultierende importieren enthält.</summary>
      <param name="propertyFilter">Ein Ausdruck, der einen Verweis auf die Zieleigenschaft ergibt.</param>
      <param name="importConfiguration">Ein Objekt, das Konfigurationsinformationen über den Import. Der Standardwert ist null.</param>
      <returns>Das aktuelle Objekt zu verketten.</returns>
      <exception cref="T:System.ArgumentNullException">
        <paramref name="propertyFilter" /> ist null.</exception>
    </member>
    <member name="M:System.ComponentModel.Composition.Registration.PartBuilder`1.ImportProperty``1(System.Linq.Expressions.Expression{System.Func{`0,System.Object}})">
      <summary>Gibt an, dass eine Eigenschaft mit dem angegebenen Vertragsnamen importiert werden soll.</summary>
      <param name="propertyFilter">Ein Ausdruck, der einen Verweis auf die Zieleigenschaft ergibt.</param>
      <typeparam name="TContract">Der Typ des Vertrags zu verwenden.</typeparam>
      <returns>Das aktuelle Objekt zu verketten.</returns>
      <exception cref="T:System.ArgumentNullException">
        <paramref name="propertyFilter" /> ist null.</exception>
    </member>
    <member name="M:System.ComponentModel.Composition.Registration.PartBuilder`1.ImportProperty``1(System.Linq.Expressions.Expression{System.Func{`0,System.Object}},System.Action{System.ComponentModel.Composition.Registration.ImportBuilder})">
      <summary>Gibt an, dass eine Eigenschaft mit dem angegebenen Vertragsnamen importiert werden sollen, und Konfigurationsinformationen für die resultierende importieren enthält.</summary>
      <param name="propertyFilter">Ein Ausdruck, der einen Verweis auf die Zieleigenschaft ergibt.</param>
      <param name="importConfiguration">Ein Objekt, das Konfigurationsinformationen über den Import. Der Standardwert ist null.</param>
      <typeparam name="TContract">Der Name des Vertrags zu verwenden.</typeparam>
      <returns>Das aktuelle Objekt zu verketten.</returns>
      <exception cref="T:System.ArgumentNullException">
        <paramref name="propertyFilter" /> ist null.</exception>
    </member>
    <member name="M:System.ComponentModel.Composition.Registration.PartBuilder`1.SelectConstructor(System.Linq.Expressions.Expression{System.Func{System.ComponentModel.Composition.Registration.ParameterImportBuilder,`0}})">
      <summary>Gibt den Konstruktor, der als importieren Konstruktor verwendet werden soll.</summary>
      <param name="constructorFilter">Ein Ausdruck, der erstellt <paramref name="T" /> mit dem gewünschten Konstruktor. Es dient nur zu Referenzzwecken nicht tatsächlich aufgerufen wird.</param>
      <returns>Das aktuelle Objekt zu verketten.</returns>
    </member>
    <member name="M:System.ComponentModel.Composition.Registration.RegistrationBuilder.#ctor">
      <summary>Initialisiert eine neue Instanz der <see cref="T:System.ComponentModel.Composition.Registration.RegistrationBuilder" />-Klasse.</summary>
    </member>
    <member name="M:System.ComponentModel.Composition.Registration.RegistrationBuilder.ForType(System.Type)">
      <summary>Ruft ein Objekt ab, das die Regel darstellt, die auf den angegebenen Typ angewendet wird.</summary>
      <param name="type">Der Typ.</param>
      <returns>Ein Objekt, das die Regel darstellt.</returns>
    </member>
    <member name="M:System.ComponentModel.Composition.Registration.RegistrationBuilder.ForType``1">
      <summary>Ruft ein stark typisiertes Objekt ab, das eine Regel darstellt, die für den angegebenen Typ gilt.</summary>
      <typeparam name="T">Der Typ.</typeparam>
      <returns>Ein stark typisiertes Objekt, das die Regel darstellt.</returns>
    </member>
    <member name="M:System.ComponentModel.Composition.Registration.RegistrationBuilder.ForTypesDerivedFrom(System.Type)">
      <summary>Ruft ein Objekt ab, das eine Regel darstellt, die für alle Typen gilt, die den angegebenen Typ implementieren, ohne jedoch für den angegebenen Typ zu gelten.</summary>
      <param name="type">Der Typ.</param>
      <returns>Ein Objekt, das die Regel darstellt.</returns>
    </member>
    <member name="M:System.ComponentModel.Composition.Registration.RegistrationBuilder.ForTypesDerivedFrom``1">
      <summary>Ruft ein stark typisiertes Objekt ab, das eine Regel darstellt, die für alle Typen gilt, die den angegebenen Typ implementieren, ohne jedoch für den angegebenen Typ zu gelten.</summary>
      <typeparam name="T">Der Typ.</typeparam>
      <returns>Ein stark typisiertes Objekt, das die Regel darstellt.</returns>
    </member>
    <member name="M:System.ComponentModel.Composition.Registration.RegistrationBuilder.ForTypesMatching(System.Predicate{System.Type})">
      <summary>Ruft ein Objekt ab, das eine Regel darstellt, die für alle Typen gilt, die dem angegebenen Prädikat entsprechen.</summary>
      <param name="typeFilter">Das Prädikat, mit dem verglichen werden soll.</param>
      <returns>Ein Objekt, das die Regel darstellt.</returns>
    </member>
    <member name="M:System.ComponentModel.Composition.Registration.RegistrationBuilder.ForTypesMatching``1(System.Predicate{System.Type})">
      <summary>Ruft ein stark typisiertes Objekt ab, das eine Regel darstellt, die für alle Typen gilt, die dem angegebenen Prädikat entsprechen.</summary>
      <param name="typeFilter">Das Prädikat, mit dem verglichen werden soll.</param>
      <typeparam name="T">Der Typ des <see cref="T:System.ComponentModel.Composition.Registration.PartBuilder`1" /> zurückzugebenden Objekts.</typeparam>
      <returns>Ein stark typisiertes Objekt, das die Regel darstellt.</returns>
    </member>
    <member name="M:System.ComponentModel.Composition.Registration.RegistrationBuilder.GetCustomAttributes(System.Reflection.MemberInfo,System.Collections.Generic.IEnumerable{System.Object})">
      <summary>Stellt eine Liste benutzerdefinierter Attribute für den angegebenen Member bereit, wie in diesem Reflektionskontext dargestellt.</summary>
      <param name="member">Der Member, deren benutzerdefinierte Attribute zurückgegeben werden.</param>
      <param name="declaredAttributes">Eine Sammlung der Attribute des Members im aktuellen Kontext.</param>
      <returns>Eine Sammlung, die die benutzerdefinierten Attribute des angegebenen Members in diesem Reflektionskontext darstellt.</returns>
    </member>
    <member name="M:System.ComponentModel.Composition.Registration.RegistrationBuilder.GetCustomAttributes(System.Reflection.ParameterInfo,System.Collections.Generic.IEnumerable{System.Object})">
      <summary>Stellt eine Liste benutzerdefinierter Attribute für den angegebenen Parameter bereit, wie in diesem Reflektionskontext dargestellt.</summary>
      <param name="parameter">Der Parameter, dessen benutzerdefinierte Attribute zurückgegeben werden.</param>
      <param name="declaredAttributes">Eine Sammlung der Attribute des Parameters im aktuellen Kontext.</param>
      <returns>Eine Sammlung, die die benutzerdefinierten Attribute des angegebenen Parameters in diesem Reflektionskontext darstellt.</returns>
    </member>
    <member name="T:System.ComponentModel.Composition.Registration.ExportBuilder">
      <summary>Stellt Konfigurationsinformationen für eine regelbasierte Export dar.</summary>
    </member>
    <member name="T:System.ComponentModel.Composition.Registration.ImportBuilder">
      <summary>Stellt Konfigurationsinformationen für einen Import regelbasierte dar.</summary>
    </member>
    <member name="T:System.ComponentModel.Composition.Registration.ParameterImportBuilder">
      <summary>Konfiguration für einen Import der regelbasierte Konstruktor Parameter darstellt.</summary>
    </member>
    <member name="T:System.ComponentModel.Composition.Registration.PartBuilder">
      <summary>Stellt eine Regel für einen Satz von übereinstimmenden Typen mit Managed Extensibility Framework (MEF)-Attributen ergänzen.</summary>
    </member>
    <member name="T:System.ComponentModel.Composition.Registration.PartBuilder`1">
      <summary>Erweitert die <see cref="T:System.ComponentModel.Composition.Registration.PartBuilder" /> -Klasse ermöglicht die Verwendung von Ausdrücken Elemente auswählen.</summary>
      <typeparam name="T">Der Typ des Ziels.</typeparam>
    </member>
    <member name="T:System.ComponentModel.Composition.Registration.RegistrationBuilder">
      <summary>Stellt einen Reflektionskontext dar, der über zugeordnete Konventionen verfügt, die Regeln zum Füllen von Entitäten mit Managed Extensibility Framework (MEF) -Attributen beschreiben.</summary>
    </member>
  </members>
</doc>