﻿<?xml version="1.0" encoding="utf-8"?>
<doc>
  <assembly>
    <name>System.Activities.DurableInstancing</name>
  </assembly>
  <members>
    <member name="M:System.Activities.DurableInstancing.SqlWorkflowInstanceStore.#ctor">
      <summary>Initialisiert eine neue Instanz der <see cref="T:System.Activities.DurableInstancing.SqlWorkflowInstanceStore" />-Klasse.</summary>
    </member>
    <member name="M:System.Activities.DurableInstancing.SqlWorkflowInstanceStore.#ctor(System.String)">
      <summary>Initialisiert mithilfe des <see cref="T:System.Activities.DurableInstancing.SqlWorkflowInstanceStore" />-Parameters eine neue Instanz der <paramref name="connectionString" />-Klasse.</summary>
      <param name="connectionString">Die Verbindungszeichenfolge zu einer Beibehaltungsdatenbank.</param>
    </member>
    <member name="M:System.Activities.DurableInstancing.SqlWorkflowInstanceStore.Promote(System.String,System.Collections.Generic.IEnumerable{System.Xml.Linq.XName},System.Collections.Generic.IEnumerable{System.Xml.Linq.XName})">
      <summary>Ordnet die angegebenen Eigenschaften einer Workflowinstanz zu, damit Sie Instanzen auf Grundlage bestimmter Werte für diese Eigenschaften abfragen können. Diese Eigenschaften, die sich in externen Abfragen verwenden lassen, können einfache Typen (z. B. Int64, String usw.) oder serialisierte Binärtypen (byte[]) sein. Binäre Eigenschaften werden in der Regel verwendet, um Nachverfolgungsdaten zu speichern.</summary>
      <param name="name">Der Name der Höherstufung.</param>
      <param name="promoteAsVariant">Die Eigenschaften, die als Varianten höhergestuft werden müssen.</param>
      <param name="promoteAsBinary">Die Eigenschaften, die als binärer Stream höhergestuft werden müssen.</param>
    </member>
    <member name="P:System.Activities.DurableInstancing.SqlWorkflowInstanceStore.ConnectionString">
      <summary>Ruft eine Verbindungszeichenfolge mit Parametern ab, mit denen eine Verbindung mit einer zugrunde liegenden Beibehaltungsdatenbank hergestellt wird, oder ruft sie ab.</summary>
      <returns>Verbindungszeichenfolge.</returns>
    </member>
    <member name="P:System.Activities.DurableInstancing.SqlWorkflowInstanceStore.EnqueueRunCommands">
      <summary>Ruft einen Wert ab, der angibt, ob Befehle zur Ausführung in eine Warteschlange eingereiht werden, oder legt ihn fest. Diese Eigenschaft wird intern vom SQL-Workflowinstanzspeicher verwendet und soll nicht in den Anwendungen verwendet werden.</summary>
      <returns>true Wenn die Befehle für die Ausführung in die Warteschlange eingereiht sind. andernfalls false.</returns>
    </member>
    <member name="P:System.Activities.DurableInstancing.SqlWorkflowInstanceStore.HostLockRenewalPeriod">
      <summary>Gibt den Zeitraum an, innerhalb dessen der Host die Sperre für eine Workflowdienstinstanz erneuert.</summary>
      <returns>Der Zeitraum.</returns>
    </member>
    <member name="P:System.Activities.DurableInstancing.SqlWorkflowInstanceStore.InstanceCompletionAction">
      <summary>Gibt die auszuführende Aktion an, nachdem eine Workflowinstanz abgeschlossen wurde. Mögliche Werte sind "DeleteNothing" und "DeleteAll". Der Standardwert ist "DeleteAll". Wenn die Eigenschaft auf "DeleteNothing" festgelegt wird, behält der Dauerhaftigkeitsanbieter alle Instanz- und Metadaten in der Beibehaltungsdatenbank bei, nachdem die Workflowinstanz abgeschlossen wurde. Wenn die Eigenschaft auf "DeleteAll" festgelegt wird, löscht der Dauerhaftigkeitsanbieter alle Instanz- und Metadaten, nachdem die Workflowinstanz abgeschlossen wurde.</summary>
      <returns>Die auszuführende Aktion, nachdem ein Workflow abgeschlossen wurde.</returns>
    </member>
    <member name="P:System.Activities.DurableInstancing.SqlWorkflowInstanceStore.InstanceEncodingOption">
      <summary>Gibt einen Wert an, der angibt, ob die Instanzdaten komprimiert werden müssen.</summary>
      <returns>Die möglichen Werte sind "None" and "GZip". Der Standardwert ist "None".</returns>
    </member>
    <member name="P:System.Activities.DurableInstancing.SqlWorkflowInstanceStore.InstanceLockedExceptionAction">
      <summary>Gibt die Aktion an, die ausgeführt werden soll, wenn der Dauerhaftigkeitsanbieter ein <see cref="T:System.Runtime.DurableInstancing.InstanceLockedException" />-Element abfängt.</summary>
      <returns>Die Aktion, die ausgeführt werden soll, wenn der Dauerhaftigkeitsanbieter eine <see cref="T:System.Runtime.DurableInstancing.InstanceLockedException" /> abfängt.</returns>
    </member>
    <member name="P:System.Activities.DurableInstancing.SqlWorkflowInstanceStore.MaxConnectionRetries">
      <summary>Ruft die maximale Anzahl der wiederholten SQL-Verbindungsversuche ab oder legt diese fest.  Der Standardwert ist 4.</summary>
      <returns>Eine ganze Zahl, die die maximale Anzahl der wiederholten SQL-Verbindungsversuche darstellt.</returns>
    </member>
    <member name="P:System.Activities.DurableInstancing.SqlWorkflowInstanceStore.RunnableInstancesDetectionPeriod">
      <summary>Gibt den Zeitraum an, nach dem der SQL-Workflowinstanzspeicher eine Erkennungsaufgabe ausführt, um nach dem vorherigen Erkennungskreislauf ausführbare oder aktivierbare Workflowinstanzen in der Beibehaltungsdatenbank zu erkennen.</summary>
      <returns>Gibt <see cref="T:System.TimeSpan" />zurück.</returns>
    </member>
    <member name="T:System.Activities.DurableInstancing.InstanceCompletionAction">
      <summary>Enthält Optionen, die angeben, ob der Dauerhaftigkeitsanbieter die Zustandsinformationen für eine Instanz nach deren Abschluss im Beibehaltungsspeicher belassen oder daraus löschen soll.</summary>
    </member>
    <member name="F:System.Activities.DurableInstancing.InstanceCompletionAction.DeleteNothing">
      <summary>Gibt an, dass Daten und Metadaten für eine Workflowinstanz im Beibehaltungsdatenbank belassen werden müssen, auch nachdem die Workflowinstanz abgeschlossen wurde.</summary>
    </member>
    <member name="F:System.Activities.DurableInstancing.InstanceCompletionAction.DeleteAll">
      <summary>Gibt an, dass Daten und Metadaten für eine Workflowinstanz aus dem Beibehaltungsspeicher gelöscht werden müssen, nachdem die Workflowinstanz abgeschlossen wurde.</summary>
    </member>
    <member name="T:System.Activities.DurableInstancing.InstanceEncodingOption">
      <summary>Enthält Optionen, die angeben, ob der Dauerhaftigkeitsanbieter die Instanzzustandsinformationen mithilfe des GZIP-Algorithmus vor dem Speichern der Zustandsinformationen in den Persistenzspeicher codieren soll.</summary>
    </member>
    <member name="F:System.Activities.DurableInstancing.InstanceEncodingOption.None">
      <summary>Gibt an, dass Instanzdaten nicht komprimiert werden.</summary>
    </member>
    <member name="F:System.Activities.DurableInstancing.InstanceEncodingOption.GZip">
      <summary>Gibt an, dass Instanzdaten mit dem GZIP-Algorithmus komprimiert werden.</summary>
    </member>
    <member name="T:System.Activities.DurableInstancing.InstanceLockedExceptionAction">
      <summary>Enthält Optionen, die angeben, welche Aktion der SQL-Dauerhaftigkeitsanbieter ergreifen soll, wenn beim Versuch, eine Instanz zu sperren, eine Ausnahme empfangen wird.</summary>
    </member>
    <member name="F:System.Activities.DurableInstancing.InstanceLockedExceptionAction.NoRetry">
      <summary>Gibt an, dass der Dauerhaftigkeitsanbieter nicht erneut versucht, eine Instanz zu sperren, wenn die Instanz bereits von einem anderen Host gesperrt ist.</summary>
    </member>
    <member name="F:System.Activities.DurableInstancing.InstanceLockedExceptionAction.BasicRetry">
      <summary>Gibt an, dass der Dauerhaftigkeitsanbieter erneut versucht, die Instanz mit einem linearen Wiederholungsintervall zu sperren. Der Dauerhaftigkeitsanbieter übergibt das <see cref="T:System.Runtime.Persistence.InstanceLockedException" />-Element am Ende der Sequenz (nach einer vorab definierten Zahl von Versuchen) an den Aufrufer.</summary>
    </member>
    <member name="F:System.Activities.DurableInstancing.InstanceLockedExceptionAction.AggressiveRetry">
      <summary>Gibt an, dass der Dauerhaftigkeitsanbieter erneut versucht, eine Instanz mit einer exponentiell zunehmenden Verzögerung zwischen aufeinanderfolgenden Versuchen zu sperren. Der Dauerhaftigkeitsanbieter übergibt das <see cref="T:System.Runtime.Persistence.InstanceLockedException" />-Element am Ende der Sequenz (nach einer vorab definierten Zahl von Versuchen) an den Aufrufer.</summary>
    </member>
    <member name="T:System.Activities.DurableInstancing.SqlWorkflowInstanceStore">
      <summary>Wird von der abstrakten <see cref="T:System.Runtime.Persistence.InstanceStore" />-Klasse der Dauerhaftigkeitsfunktionen abgeleitet und bietet eine Implementierung, damit Instanzzustandsinformationen in einer SQL Server 2005- oder SQL Server 2008-Datenbank gespeichert und daraus geladen werden können.</summary>
    </member>
  </members>
</doc>