﻿<?xml version="1.0" encoding="utf-8"?>
<doc>
  <assembly>
    <name>System.Management.Instrumentation</name>
  </assembly>
  <members>
    <member name="M:System.Management.Instrumentation.DefaultManagementInstaller.#ctor">
      <summary>Initialisiert eine neue Instanz der <see cref="T:System.Management.Instrumentation.DefaultManagementInstaller" />-Klasse. Dies ist der Standardkonstruktor.</summary>
    </member>
    <member name="M:System.Management.Instrumentation.InstrumentationManager.Publish(System.Object)">
      <summary>Stellt eine Instanz eines Anbieters innerhalb der WMI-Infrastruktur zur Verfügung.</summary>
      <param name="value"> Eine Instanz der Klasse, die die zu veröffentlichenden Anbieter implementiert.</param>
    </member>
    <member name="M:System.Management.Instrumentation.InstrumentationManager.RegisterAssembly(System.Reflection.Assembly)">
      <summary>Registriert eine Assembly mit der WMI-Infrastruktur.</summary>
      <param name="managementAssembly"> Die zu registrierende Assembly.</param>
    </member>
    <member name="M:System.Management.Instrumentation.InstrumentationManager.RegisterType(System.Type)">
      <summary>Registriert eine Klasse mit der WMI-Infrastruktur.</summary>
      <param name="managementType">Der Typ der Klasse.</param>
    </member>
    <member name="M:System.Management.Instrumentation.InstrumentationManager.Revoke(System.Object)">
      <summary>Akzeptiert eine Instanz eines derzeit verfügbaren Anbieters und macht es innerhalb der WMI-Infrastruktur nicht verfügbar.</summary>
      <param name="value">Eine Instanz der Klasse, die der Anbieter aufzuheben implementiert.</param>
    </member>
    <member name="M:System.Management.Instrumentation.InstrumentationManager.UnregisterAssembly(System.Reflection.Assembly)">
      <summary>Hebt die Registrierung einer Assembly, die derzeit mit der WMI-Infrastruktur registriert.</summary>
      <param name="managementAssembly">Die registrierte Assembly aufgehoben werden.</param>
    </member>
    <member name="M:System.Management.Instrumentation.InstrumentationManager.UnregisterType(System.Type)">
      <summary>Hebt die Registrierung einer Klasse, die mit der WMI-Infrastruktur registriert.</summary>
      <param name="managementType">Der registrierte Typ aufgehoben werden.</param>
    </member>
    <member name="M:System.Management.Instrumentation.ManagedCommonProvider.#ctor">
      <summary>Dies ist der Standardkonstruktor für <see cref="T:System.Management.Instrumentation.ManagedCommonProvider" /> der intern von der Infrastruktur der WMI.NET-Anbietererweiterungen verwendet wird.</summary>
    </member>
    <member name="M:System.Management.Instrumentation.ManagementQualifierAttribute.#ctor(System.String)">
      <summary>Erstellt eine Instanz des ManagementQualifierAttribute.</summary>
      <param name="name"> Der Name des Qualifizierers.</param>
    </member>
    <member name="M:System.Management.Instrumentation.WmiProviderInstallationException.#ctor">
      <summary>Initialisiert eine neue Instanz der Klasse. Dies ist der Standardkonstruktor.</summary>
    </member>
    <member name="M:System.Management.Instrumentation.WmiProviderInstallationException.#ctor(System.Runtime.Serialization.SerializationInfo,System.Runtime.Serialization.StreamingContext)">
      <summary>Initialisiert eine neue Instanz der Klasse mit Serialisierungsinformationen.</summary>
      <param name="info">Die Daten, die zum Serialisieren oder Deserialisieren eines Objekts erforderlich ist.</param>
      <param name="context">Beschreibung der Quelle und Ziel eines angegebenen serialisierten Streams.</param>
    </member>
    <member name="M:System.Management.Instrumentation.WmiProviderInstallationException.#ctor(System.String)">
      <summary>Initialisiert eine neue Instanz der-Klasse mit einer Meldung, die die Ausnahme beschreibt.</summary>
      <param name="message"> Meldung, in der die Ausnahme beschrieben wird.</param>
    </member>
    <member name="M:System.Management.Instrumentation.WmiProviderInstallationException.#ctor(System.String,System.Exception)">
      <summary>Initialisiert eine neue Klasse mit der angegebenen Zeichenfolge und Ausnahme.</summary>
      <param name="message">Meldung, in der die Ausnahme beschrieben wird.</param>
      <param name="innerException">Die Ausnahmeinstanz, die die aktuelle Ausnahme verursacht hat.</param>
    </member>
    <member name="P:System.Management.Instrumentation.ManagementQualifierAttribute.Flavor">
      <summary>Die Art des Attributs.</summary>
      <returns>Gibt ein ManagementQualifierFlavor zurück, der den Typ des Qualifizierers angibt.</returns>
    </member>
    <member name="P:System.Management.Instrumentation.ManagementQualifierAttribute.Name">
      <summary>Der Name des Qualifizierers.</summary>
      <returns>Gibt eine Zeichenfolge mit dem Namen des Qualifizierers.</returns>
    </member>
    <member name="P:System.Management.Instrumentation.ManagementQualifierAttribute.Value">
      <summary>Der Qualifizierer zugeordnete Wert.</summary>
      <returns>Gibt ein Objekt, das den Wert des Qualifizierers darstellt.</returns>
    </member>
    <member name="T:System.Management.Instrumentation.DefaultManagementInstaller">
      <summary>Installiert eine instrumentierte Assembly. Wenn dieses standardmäßige Projektinstallationsprogramm verwenden möchten, leiten Sie einfach eine Klasse von <see cref="T:System.Management.Instrumentation.DefaultManagementInstaller" /> innerhalb der Assembly. Es müssen keine Methoden überschrieben werden.</summary>
    </member>
    <member name="T:System.Management.Instrumentation.InstrumentationManager">
      <summary>Bietet Methoden, die die Lebensdauer und das Modell für Entkoppelte Anbieter verwalten.</summary>
    </member>
    <member name="T:System.Management.Instrumentation.ManagedCommonProvider">
      <summary>Die Klasse wird intern von der Infrastruktur der WMI.NET-Anbietererweiterungen verwendet.</summary>
    </member>
    <member name="T:System.Management.Instrumentation.ManagementQualifierAttribute">
      <summary>Das ManagementQualifier-Attribut enthält zusätzliche WMI-Anbieter bezogene Informationen über eine zugeordnete WMI-Klasse, Instanz, Eigenschaft, Feld oder eine Methode.</summary>
    </member>
    <member name="T:System.Management.Instrumentation.ManagementQualifierFlavors">
      <summary>Qualifizierern, die mit der WMI-Anbieter verwendet werden können.</summary>
    </member>
    <member name="F:System.Management.Instrumentation.ManagementQualifierFlavors.Amended">
      <summary>Der Qualifizierer ist in der basic-Klassendefinition nicht erforderlich und kann die Änderung zu lokalisierende verschoben werden.</summary>
    </member>
    <member name="F:System.Management.Instrumentation.ManagementQualifierFlavors.DisableOverride">
      <summary>Der Qualifizierer kann in einer abgeleiteten Klasse oder Instanz überschrieben werden. Beachten Sie, dass das Überschreiben eines weitergegebenen Qualifizierers die Standardeinstellung ist.</summary>
    </member>
    <member name="F:System.Management.Instrumentation.ManagementQualifierFlavors.ClassOnly">
      <summary>Der Qualifizierer wird an Instanzen weitergegeben.</summary>
    </member>
    <member name="F:System.Management.Instrumentation.ManagementQualifierFlavors.ThisClassOnly">
      <summary>Der Qualifizierer wird nicht an abgeleitete Klassen weitergegeben.</summary>
    </member>
    <member name="T:System.Management.Instrumentation.WmiProviderInstallationException">
      <summary>Stellt eine Ausnahme auslöst, wenn die Installation des WMI-Anbieters ein Fehler auftritt.</summary>
    </member>
  </members>
</doc>