﻿<?xml version="1.0" encoding="utf-8"?>
<doc>
  <assembly>
    <name>System.ServiceModel.Routing</name>
  </assembly>
  <members>
    <member name="M:System.ServiceModel.Dispatcher.EndpointNameMessageFilter.#ctor(System.String)">
      <summary>Initialisiert eine neue Instanz der <see cref="T:System.ServiceModel.Dispatcher.EndpointNameMessageFilter" />-Klasse mit einem bestimmten Namen, anhand derer die Nachricht getestet wird.</summary>
      <param name="endpointName">Der Endpunktname, der zum Testen der Nachrichten verwendet wird.</param>
    </member>
    <member name="M:System.ServiceModel.Dispatcher.EndpointNameMessageFilter.Match(System.ServiceModel.Channels.Message)">
      <summary>Testet, ob eine Nachricht mit dem angegebenen Endpunktnamen übereinstimmt.</summary>
      <param name="message">Das zu überprüfende Nachrichtenobjekt.</param>
      <returns>true, wenn das Message-Objekt mit dem im Filter angegebenen Endpunktnamen übereinstimmt, andernfalls false.</returns>
    </member>
    <member name="M:System.ServiceModel.Dispatcher.EndpointNameMessageFilter.Match(System.ServiceModel.Channels.MessageBuffer)">
      <summary>Testet, ob eine gepufferte Nachricht mit dem angegebenen Endpunktnamen übereinstimmt.</summary>
      <param name="buffer">Das zu überprüfende <see cref="T:System.ServiceModel.Channels.MessageBuffer" />-Objekt.</param>
      <returns>true, wenn das Message-Objekt mit dem im Filter angegebenen Endpunktnamen übereinstimmt, andernfalls false.</returns>
    </member>
    <member name="M:System.ServiceModel.Dispatcher.StrictAndMessageFilter.#ctor(System.ServiceModel.Dispatcher.MessageFilter,System.ServiceModel.Dispatcher.MessageFilter)">
      <summary>Erstellt eine neue Instanz der <see cref="T:System.ServiceModel.Dispatcher.StrictAndMessageFilter" /> -Klasse mit dem angegebenen <see cref="T:System.ServiceModel.Dispatcher.MessageFilter" /> Objekte.</summary>
      <param name="filter1">Das erste <see cref="T:System.ServiceModel.Dispatcher.MessageFilter" />-Objekt.</param>
      <param name="filter2">Das zweite <see cref="T:System.ServiceModel.Dispatcher.MessageFilter" />-Objekt.</param>
    </member>
    <member name="M:System.ServiceModel.Dispatcher.StrictAndMessageFilter.CreateFilterTable``1">
      <summary>Erstellt einen neuen <see cref="T:System.ServiceModel.Dispatcher.IMessageFilterTable`1" />.</summary>
      <typeparam name="TFilterData">Der dem Filter zugeordnete Datentyp.</typeparam>
      <returns>Ein neu erstelltes <see cref="T:System.ServiceModel.Dispatcher.IMessageFilterTable`1" />-Objekt.</returns>
    </member>
    <member name="M:System.ServiceModel.Dispatcher.StrictAndMessageFilter.Match(System.ServiceModel.Channels.Message)">
      <summary>Testet, ob eine Nachricht mit beiden <see cref="T:System.ServiceModel.Dispatcher.MessageFilter" />-Objekten übereinstimmt, die in diesem Filter angegeben werden.</summary>
      <param name="message">Der zu überprüfende <see cref="T:System.ServiceModel.Channels.Message" />.</param>
      <returns>true, wenn die im Puffer enthaltene Nachricht beiden Nachrichtenfiltern entspricht, andernfalls false.</returns>
    </member>
    <member name="M:System.ServiceModel.Dispatcher.StrictAndMessageFilter.Match(System.ServiceModel.Channels.MessageBuffer)">
      <summary>Testet, ob eine gepufferte Nachricht mit beiden <see cref="T:System.ServiceModel.Dispatcher.MessageFilter" />-Objekten übereinstimmt, die in diesem Filter angegeben werden.</summary>
      <param name="buffer">Der zu überprüfende <see cref="T:System.ServiceModel.Channels.MessageBuffer" />.</param>
      <returns>true, wenn die im Puffer enthaltene Nachricht beiden Nachrichtenfiltern entspricht, andernfalls false.</returns>
    </member>
    <member name="M:System.ServiceModel.Routing.Configuration.BackupEndpointCollection.#ctor">
      <summary>Erstellt eine neue Instanz der <see cref="T:System.ServiceModel.Routing.Configuration.BackupEndpointCollection" />-Klasse.</summary>
    </member>
    <member name="M:System.ServiceModel.Routing.Configuration.BackupEndpointCollection.Add(System.ServiceModel.Routing.Configuration.BackupEndpointElement)">
      <summary>Fügt der Auflistung eine neue <see cref="T:System.ServiceModel.Routing.Configuration.BackupEndpointElement" />-Instanz hinzu.</summary>
      <param name="element">Das hinzuzufügende Sicherungsendpunktelement.</param>
    </member>
    <member name="M:System.ServiceModel.Routing.Configuration.BackupEndpointCollection.Clear">
      <summary>Entfernt alle Elemente aus der Auflistung.</summary>
    </member>
    <member name="M:System.ServiceModel.Routing.Configuration.BackupEndpointCollection.CreateNewElement">
      <summary>Erstellt einen neuen <see cref="T:System.Configuration.ConfigurationElement" />.</summary>
      <returns>Ein neues Konfigurationselement.</returns>
    </member>
    <member name="M:System.ServiceModel.Routing.Configuration.BackupEndpointCollection.GetElementKey(System.Configuration.ConfigurationElement)">
      <summary>Ruft den Elementschlüssel für das angegebene Konfigurationselement ab.</summary>
      <param name="element">Das Konfigurationselement, für das der Schlüssel zurückzugeben ist.</param>
      <returns>Der Schlüssel für das angegebene Konfigurationselement.</returns>
    </member>
    <member name="M:System.ServiceModel.Routing.Configuration.BackupEndpointCollection.Remove(System.ServiceModel.Routing.Configuration.BackupEndpointElement)">
      <summary>Entfernt das erste Vorkommen von<see cref="T:System.ServiceModel.Routing.Configuration.BackupEndpointElement" /> aus der Auflistung.</summary>
      <param name="element">Das aus der Auflistung zu entfernende Sicherungselement.</param>
    </member>
    <member name="M:System.ServiceModel.Routing.Configuration.BackupEndpointElement.#ctor">
      <summary>Erstellt eine neue Instanz der <see cref="T:System.ServiceModel.Routing.Configuration.BackupEndpointElement" />-Klasse.</summary>
    </member>
    <member name="M:System.ServiceModel.Routing.Configuration.BackupListCollection.#ctor">
      <summary>Erstellt eine neue Instanz der <see cref="T:System.ServiceModel.Routing.Configuration.BackupListCollection" />-Klasse.</summary>
    </member>
    <member name="M:System.ServiceModel.Routing.Configuration.BackupListCollection.Add(System.ServiceModel.Routing.Configuration.BackupEndpointCollection)">
      <summary>Fügt der Auflistung eine neue <see cref="T:System.ServiceModel.Routing.Configuration.BackupEndpointCollection" />-Instanz hinzu.</summary>
      <param name="element">Der hinzuzufügende Sicherungsendpunkt.</param>
    </member>
    <member name="M:System.ServiceModel.Routing.Configuration.BackupListCollection.Clear">
      <summary>Entfernt alle Elemente aus der Auflistung.</summary>
    </member>
    <member name="M:System.ServiceModel.Routing.Configuration.BackupListCollection.CreateNewElement">
      <summary>Erstellt einen neuen <see cref="T:System.ServiceModel.Routing.Configuration.BackupEndpointCollection" />.</summary>
      <returns>Ein neues Konfigurationselement.</returns>
    </member>
    <member name="M:System.ServiceModel.Routing.Configuration.BackupListCollection.GetElementKey(System.Configuration.ConfigurationElement)">
      <summary>Ruft den Elementschlüssel für das angegebene Konfigurationselement ab.</summary>
      <param name="element">Das Konfigurationselement, für das der Schlüssel zurückzugeben ist.</param>
      <returns>Der Schlüssel für das angegebene Konfigurationselement.</returns>
    </member>
    <member name="M:System.ServiceModel.Routing.Configuration.BackupListCollection.Remove(System.ServiceModel.Routing.Configuration.BackupEndpointCollection)">
      <summary>Entfernt das erste Vorkommen des angegebenen <see cref="T:System.ServiceModel.Routing.Configuration.BackupEndpointCollection" /> aus der Auflistung.</summary>
      <param name="element">Der Sicherungsendpunkt aus der Auflistung.</param>
    </member>
    <member name="M:System.ServiceModel.Routing.Configuration.FilterElement.#ctor">
      <summary>Initialisiert eine neue Instanz der <see cref="T:System.ServiceModel.Routing.Configuration.FilterElement" />-Klasse.</summary>
    </member>
    <member name="M:System.ServiceModel.Routing.Configuration.FilterElementCollection.#ctor">
      <summary>Initialisiert eine neue Instanz der <see cref="T:System.ServiceModel.Routing.Configuration.FilterElementCollection" />-Klasse.</summary>
    </member>
    <member name="M:System.ServiceModel.Routing.Configuration.FilterElementCollection.Add(System.ServiceModel.Routing.Configuration.FilterElement)">
      <summary>Fügt der Auflistung eine neue <see cref="T:System.ServiceModel.Routing.Configuration.FilterElement" />-Instanz hinzu.</summary>
      <param name="element">Das hinzuzufügende Filterelement.</param>
    </member>
    <member name="M:System.ServiceModel.Routing.Configuration.FilterElementCollection.Clear">
      <summary>Entfernt alle Elemente aus der Auflistung.</summary>
    </member>
    <member name="M:System.ServiceModel.Routing.Configuration.FilterElementCollection.CreateNewElement">
      <summary>Erstellt einen neuen <see cref="T:System.Configuration.ConfigurationElement" />.</summary>
      <returns>Ein neues Konfigurationselement.</returns>
    </member>
    <member name="M:System.ServiceModel.Routing.Configuration.FilterElementCollection.GetElementKey(System.Configuration.ConfigurationElement)">
      <summary>Gibt den Schlüssel des angegebenen <see cref="T:System.Configuration.ConfigurationElement" />-Elements in der Auflistung zurück.</summary>
      <param name="element">Das Konfigurationselement, für das der Schlüssel zurückzugeben ist.</param>
      <returns>Der Schlüssel für das angegebene Konfigurationselement.</returns>
    </member>
    <member name="M:System.ServiceModel.Routing.Configuration.FilterElementCollection.IsElementRemovable(System.Configuration.ConfigurationElement)">
      <summary>Ruft einen Wert ab, der angibt, ob das Element entfernt werden kann.</summary>
      <param name="element">Das Konfigurationselement, dessen Entfernbarkeit überprüft werden soll.</param>
      <returns>true, wenn das Element entfernt werden kann, andernfalls false.</returns>
    </member>
    <member name="M:System.ServiceModel.Routing.Configuration.FilterElementCollection.IsReadOnly">
      <summary>Ruft einen Wert ab, der angibt, ob das Element schreibgeschützt ist.</summary>
      <returns>true, wenn das Element schreibgeschützt ist, andernfalls false.</returns>
    </member>
    <member name="M:System.ServiceModel.Routing.Configuration.FilterElementCollection.Remove(System.ServiceModel.Routing.Configuration.FilterElement)">
      <summary>Entfernt das erste Vorkommen des angegebenen <see cref="T:System.ServiceModel.Routing.Configuration.FilterElement" /> aus der Auflistung.</summary>
      <param name="element">Das Element, das aus der Auflistung entfernt werden soll.</param>
    </member>
    <member name="M:System.ServiceModel.Routing.Configuration.FilterTableCollection.#ctor">
      <summary>Erstellt eine neue Instanz der <see cref="T:System.ServiceModel.Routing.Configuration.FilterTableCollection" />-Klasse.</summary>
    </member>
    <member name="M:System.ServiceModel.Routing.Configuration.FilterTableCollection.Add(System.ServiceModel.Routing.Configuration.FilterTableEntryCollection)">
      <summary>Fügt der Auflistung eine neue <see cref="T:System.ServiceModel.Routing.Configuration.FilterTableEntryCollection" />-Instanz hinzu.</summary>
      <param name="element">Der neue Filtertabelleneintrag, der hinzugefügt werden soll.</param>
    </member>
    <member name="M:System.ServiceModel.Routing.Configuration.FilterTableCollection.Clear">
      <summary>Entfernt alle Elemente aus der Auflistung.</summary>
    </member>
    <member name="M:System.ServiceModel.Routing.Configuration.FilterTableCollection.CreateNewElement">
      <summary>Erstellt einen neuen <see cref="T:System.Configuration.ConfigurationElement" />.</summary>
      <returns>Ein neues Konfigurationselement.</returns>
    </member>
    <member name="M:System.ServiceModel.Routing.Configuration.FilterTableCollection.GetElementKey(System.Configuration.ConfigurationElement)">
      <summary>Ruft den Elementschlüssel für das angegebene Konfigurationselement ab.</summary>
      <param name="element">Das Konfigurationselement, für das der Schlüssel zurückzugeben ist.</param>
      <returns>Der Schlüssel für das angegebene Konfigurationselement.</returns>
    </member>
    <member name="M:System.ServiceModel.Routing.Configuration.FilterTableCollection.Remove(System.ServiceModel.Routing.Configuration.FilterTableEntryCollection)">
      <summary>Entfernt das erste Vorkommen des angegebenen <see cref="T:System.ServiceModel.Routing.Configuration.FilterTableEntryCollection" /> aus der Auflistung.</summary>
      <param name="element">Der Filtertabelleneintrag, der aus der Auflistung entfernt werden soll.</param>
    </member>
    <member name="M:System.ServiceModel.Routing.Configuration.FilterTableEntryCollection.#ctor">
      <summary>Erstellt eine neue Instanz der <see cref="T:System.ServiceModel.Routing.Configuration.FilterTableEntryCollection" />-Klasse.</summary>
    </member>
    <member name="M:System.ServiceModel.Routing.Configuration.FilterTableEntryCollection.Add(System.ServiceModel.Routing.Configuration.FilterTableEntryElement)">
      <summary>Fügt der Auflistung eine neue <see cref="T:System.ServiceModel.Routing.Configuration.FilterTableEntryElement" />-Instanz hinzu.</summary>
      <param name="element">Der neue Filtertabelleneintrag, der hinzugefügt werden soll.</param>
    </member>
    <member name="M:System.ServiceModel.Routing.Configuration.FilterTableEntryCollection.Clear">
      <summary>Entfernt alle Elemente aus der Auflistung.</summary>
    </member>
    <member name="M:System.ServiceModel.Routing.Configuration.FilterTableEntryCollection.CreateNewElement">
      <summary>Erstellt einen neuen <see cref="T:System.Configuration.ConfigurationElement" />.</summary>
      <returns>Ein neues Konfigurationselement.</returns>
    </member>
    <member name="M:System.ServiceModel.Routing.Configuration.FilterTableEntryCollection.GetElementKey(System.Configuration.ConfigurationElement)">
      <summary>Ruft den Elementschlüssel für das angegebene Konfigurationselement ab.</summary>
      <param name="element">Das Konfigurationselement, für das der Schlüssel zurückzugeben ist.</param>
      <returns>Der Schlüssel für das angegebene Konfigurationselement.</returns>
    </member>
    <member name="M:System.ServiceModel.Routing.Configuration.FilterTableEntryCollection.Remove(System.ServiceModel.Routing.Configuration.FilterTableEntryElement)">
      <summary>Entfernt das erste Vorkommen des angegebenen <see cref="T:System.ServiceModel.Routing.Configuration.FilterTableEntryElement" /> aus der Auflistung.</summary>
      <param name="element">Der Filtertabelleneintrag, der aus der Auflistung entfernt werden soll.</param>
    </member>
    <member name="M:System.ServiceModel.Routing.Configuration.FilterTableEntryElement.#ctor">
      <summary>Erstellt eine neue Instanz der <see cref="T:System.ServiceModel.Routing.Configuration.FilterTableEntryElement" />-Klasse.</summary>
    </member>
    <member name="M:System.ServiceModel.Routing.Configuration.NamespaceElement.#ctor">
      <summary>Initialisiert eine neue Instanz des <see cref="T:System.ServiceModel.Routing.Configuration.NamespaceElement" />.</summary>
    </member>
    <member name="M:System.ServiceModel.Routing.Configuration.NamespaceElementCollection.#ctor">
      <summary>Initialisiert eine neue Instanz der <see cref="T:System.ServiceModel.Routing.Configuration.NamespaceElementCollection" />-Klasse.</summary>
    </member>
    <member name="M:System.ServiceModel.Routing.Configuration.NamespaceElementCollection.Add(System.ServiceModel.Routing.Configuration.NamespaceElement)">
      <summary>Fügt der Auflistung eine neue <see cref="T:System.ServiceModel.Routing.Configuration.NamespaceElement" />-Instanz hinzu.</summary>
      <param name="element">Das hinzuzufügende Namespaceelement.</param>
    </member>
    <member name="M:System.ServiceModel.Routing.Configuration.NamespaceElementCollection.Clear">
      <summary>Entfernt alle Elemente aus der Auflistung.</summary>
    </member>
    <member name="M:System.ServiceModel.Routing.Configuration.NamespaceElementCollection.CreateNewElement">
      <summary>Erstellt einen neuen <see cref="T:System.Configuration.ConfigurationElement" />.</summary>
      <returns>Ein neues Konfigurationselement.</returns>
    </member>
    <member name="M:System.ServiceModel.Routing.Configuration.NamespaceElementCollection.GetElementKey(System.Configuration.ConfigurationElement)">
      <summary>Gibt den Schlüssel des angegebenen Namespaceelements zurück.</summary>
      <param name="element">Das Konfigurationselement, für das der Schlüssel zurückzugeben ist.</param>
      <returns>Der Schlüssel für das angegebene Konfigurationselement.</returns>
    </member>
    <member name="M:System.ServiceModel.Routing.Configuration.NamespaceElementCollection.Remove(System.ServiceModel.Routing.Configuration.NamespaceElement)">
      <summary>Entfernt das erste Vorkommen des angegebenen <see cref="T:System.ServiceModel.Routing.Configuration.NamespaceElement" /> aus der Auflistung.</summary>
      <param name="element">Das zu entfernende Namespaceelement.</param>
    </member>
    <member name="M:System.ServiceModel.Routing.Configuration.RoutingExtensionElement.#ctor">
      <summary>Initialisiert eine neue Instanz der <see cref="T:System.ServiceModel.Routing.Configuration.RoutingExtensionElement" />-Klasse.</summary>
    </member>
    <member name="M:System.ServiceModel.Routing.Configuration.RoutingSection.#ctor">
      <summary>Initialisiert eine neue Instanz der <see cref="T:System.ServiceModel.Routing.Configuration.RoutingSection" />-Klasse.</summary>
    </member>
    <member name="M:System.ServiceModel.Routing.Configuration.RoutingSection.CreateFilterTable(System.String)">
      <summary>Erstellt mit dem angegebenen Namen eine neue Filtertabelle.</summary>
      <param name="name">Der Name der zu erstellenden Filtertabelle.</param>
      <returns>Eine Filtertabelle mit dem angegebenen Namen.</returns>
    </member>
    <member name="M:System.ServiceModel.Routing.Configuration.SoapProcessingExtensionElement.#ctor">
      <summary>Erstellt eine neue Instanz der <see cref="T:System.ServiceModel.Routing.Configuration.SoapProcessingExtensionElement" />-Klasse.</summary>
    </member>
    <member name="M:System.ServiceModel.Routing.Configuration.SoapProcessingExtensionElement.CreateBehavior">
      <summary>Erstellt basierend auf den aktuellen Konfigurationseinstellungen ein neues Element für das SOAP-Verarbeitungsverhalten.</summary>
      <returns>Das Verhalten.</returns>
    </member>
    <member name="M:System.ServiceModel.Routing.IDuplexSessionRouter.BeginProcessMessage(System.ServiceModel.Channels.Message,System.AsyncCallback,System.Object)">
      <summary>Initiiert die asynchrone Verarbeitung der Meldung.</summary>
      <param name="message">Die zu verarbeitende Meldung.</param>
      <param name="callback">Ein asynchroner Rückrufdelegat, der aufgerufen wird, wenn die Meldungsverarbeitung abgeschlossen wurde.</param>
      <param name="state">Ein benutzerdefiniertes Zustandsobjekt, das an die Rückrufprozedur übergeben wird.</param>
      <returns>Ein asynchrones Ergebnis, das zum Abfragen von Ergebnissen oder Warten auf Ergebnisse oder für beides verwendet werden kann. Dieser Wert wird auch zum Aufrufen von <see cref="M:System.ServiceModel.Routing.IDuplexSessionRouter.EndProcessMessage(System.IAsyncResult)" />benötigt.</returns>
    </member>
    <member name="M:System.ServiceModel.Routing.IDuplexSessionRouter.EndProcessMessage(System.IAsyncResult)">
      <summary>Beendet die asynchrone Ausführung der Meldungsverarbeitung.</summary>
      <param name="result">Das asynchrone Ergebnis, das vom Aufruf von <see cref="M:System.ServiceModel.Routing.IDuplexSessionRouter.BeginProcessMessage(System.ServiceModel.Channels.Message,System.AsyncCallback,System.Object)" /> zurückgegeben wurde.</param>
    </member>
    <member name="M:System.ServiceModel.Routing.IRequestReplyRouter.BeginProcessRequest(System.ServiceModel.Channels.Message,System.AsyncCallback,System.Object)">
      <summary>Initiiert die asynchrone Verarbeitung der Meldung.</summary>
      <param name="message">Die zu verarbeitende Meldung.</param>
      <param name="callback">Ein asynchroner Rückrufdelegat, der aufgerufen wird, wenn die Meldungsverarbeitung abgeschlossen wurde.</param>
      <param name="state">Ein benutzerdefiniertes Zustandsobjekt, das an die Rückrufprozedur übergeben wird.</param>
      <returns>Ein asynchrones Ergebnis, das zum Abfragen von Ergebnissen oder Warten auf Ergebnisse oder für beides verwendet werden kann. Dieser Wert wird auch zum Aufrufen von <see cref="M:System.ServiceModel.Routing.IRequestReplyRouter.EndProcessRequest(System.IAsyncResult)" />benötigt.</returns>
    </member>
    <member name="M:System.ServiceModel.Routing.IRequestReplyRouter.EndProcessRequest(System.IAsyncResult)">
      <summary>Beendet die asynchrone Ausführung der Meldungsverarbeitung.</summary>
      <param name="result">Das asynchrone Ergebnis, das vom Aufruf von <see cref="M:System.ServiceModel.Routing.IRequestReplyRouter.BeginProcessRequest(System.ServiceModel.Channels.Message,System.AsyncCallback,System.Object)" /> zurückgegeben wurde.</param>
      <returns>Die Antwort.</returns>
    </member>
    <member name="M:System.ServiceModel.Routing.ISimplexDatagramRouter.BeginProcessMessage(System.ServiceModel.Channels.Message,System.AsyncCallback,System.Object)">
      <summary>Initiiert die asynchrone Verarbeitung der Meldung.</summary>
      <param name="message">Die zu verarbeitende Meldung.</param>
      <param name="callback">Ein <see cref="T:System.AsyncCallback" />-Delegat, der aufgerufen wird, wenn die Nachrichtenverarbeitung abgeschlossen wurde.</param>
      <param name="state">Ein benutzerdefiniertes Zustandsobjekt, das an die Rückrufprozedur übergeben wird.</param>
      <returns>Ein <see cref="T:System.IAsyncResult" />-Ergebnis, das zum Abfragen von Ergebnissen oder Warten auf Ergebnisse oder für beides verwendet werden kann. Dieser Wert wird auch zum Aufrufen von <see cref="M:System.ServiceModel.Routing.ISimplexDatagramRouter.EndProcessMessage(System.IAsyncResult)" /> benötigt.</returns>
    </member>
    <member name="M:System.ServiceModel.Routing.ISimplexDatagramRouter.EndProcessMessage(System.IAsyncResult)">
      <summary>Beendet die asynchrone Ausführung der Meldungsverarbeitung.</summary>
      <param name="result">Das asynchrone Ergebnis, das vom Aufruf von <see cref="M:System.ServiceModel.Routing.ISimplexDatagramRouter.BeginProcessMessage(System.ServiceModel.Channels.Message,System.AsyncCallback,System.Object)" /> zurückgegeben wurde.</param>
    </member>
    <member name="M:System.ServiceModel.Routing.ISimplexSessionRouter.BeginProcessMessage(System.ServiceModel.Channels.Message,System.AsyncCallback,System.Object)">
      <summary>Initiiert die asynchrone Verarbeitung der Meldung.</summary>
      <param name="message">Die zu verarbeitende Meldung.</param>
      <param name="callback">Ein asynchroner Rückrufdelegat, der aufgerufen wird, wenn die Meldungsverarbeitung abgeschlossen wurde.</param>
      <param name="state">Ein benutzerdefiniertes Zustandsobjekt, das an die Rückrufprozedur übergeben wird.</param>
      <returns>Ein asynchrones Ergebnis, das zum Abfragen von Ergebnissen oder Warten auf Ergebnisse oder für beides verwendet werden kann. Dieser Wert wird auch zum Aufrufen von <see cref="M:System.ServiceModel.Routing.ISimplexSessionRouter.EndProcessMessage(System.IAsyncResult)" />benötigt.</returns>
    </member>
    <member name="M:System.ServiceModel.Routing.ISimplexSessionRouter.EndProcessMessage(System.IAsyncResult)">
      <summary>Beendet die asynchrone Ausführung der Meldungsverarbeitung.</summary>
      <param name="result">Das asynchrone Ergebnis, das vom Aufruf von <see cref="M:System.ServiceModel.Routing.ISimplexSessionRouter.BeginProcessMessage(System.ServiceModel.Channels.Message,System.AsyncCallback,System.Object)" /> zurückgegeben wurde.</param>
    </member>
    <member name="M:System.ServiceModel.Routing.RoutingBehavior.#ctor(System.ServiceModel.Routing.RoutingConfiguration)">
      <summary>Erstellt eine neue Instanz der <see cref="T:System.ServiceModel.Routing.RoutingBehavior" /> -Klasse mit der angegebenen Routingkonfiguration.</summary>
      <param name="routingConfiguration">Die Routingkonfiguration.</param>
    </member>
    <member name="M:System.ServiceModel.Routing.RoutingBehavior.GetContractForDescription(System.ServiceModel.Description.ContractDescription)">
      <summary>Ruft den Vertragstyp für die angegebene <see cref="T:System.ServiceModel.Description.ContractDescription" /> ab.</summary>
      <param name="description">Die Vertragsbeschreibung zum Abrufen des Typs.</param>
      <returns>Der Typ der angegebenen <see cref="T:System.ServiceModel.Description.ContractDescription" />.</returns>
    </member>
    <member name="M:System.ServiceModel.Routing.RoutingBehavior.System#ServiceModel#Description#IServiceBehavior#AddBindingParameters(System.ServiceModel.Description.ServiceDescription,System.ServiceModel.ServiceHostBase,System.Collections.ObjectModel.Collection{System.ServiceModel.Description.ServiceEndpoint},System.ServiceModel.Channels.BindingParameterCollection)">
      <summary>Implementiert die <see cref="M:System.ServiceModel.Description.IServiceBehavior.AddBindingParameters(System.ServiceModel.Description.ServiceDescription,System.ServiceModel.ServiceHostBase,System.Collections.ObjectModel.Collection{System.ServiceModel.Description.ServiceEndpoint},System.ServiceModel.Channels.BindingParameterCollection)" />-Methode zur Unterstützung des Verhaltens.</summary>
      <param name="serviceDescription">Die Beschreibung des Diensts.</param>
      <param name="serviceHostBase">Der Host des Diensts.</param>
      <param name="endpoints">Die Dienstendpunkte.</param>
      <param name="bindingParameters">Benutzerdefinierte Objekte, auf die Bindungselemente Zugriff haben.</param>
    </member>
    <member name="M:System.ServiceModel.Routing.RoutingBehavior.System#ServiceModel#Description#IServiceBehavior#ApplyDispatchBehavior(System.ServiceModel.Description.ServiceDescription,System.ServiceModel.ServiceHostBase)">
      <summary>Implementiert die <see cref="M:System.ServiceModel.Description.IServiceBehavior.ApplyDispatchBehavior(System.ServiceModel.Description.ServiceDescription,System.ServiceModel.ServiceHostBase)" />-Methode zur Unterstützung des Verhaltens.</summary>
      <param name="serviceDescription">Die Beschreibung des Diensts.</param>
      <param name="serviceHostBase">Der Host des Diensts.</param>
    </member>
    <member name="M:System.ServiceModel.Routing.RoutingBehavior.System#ServiceModel#Description#IServiceBehavior#Validate(System.ServiceModel.Description.ServiceDescription,System.ServiceModel.ServiceHostBase)">
      <summary>Implementiert die <see cref="M:System.ServiceModel.Description.IServiceBehavior.Validate(System.ServiceModel.Description.ServiceDescription,System.ServiceModel.ServiceHostBase)" />-Methode zur Unterstützung des Verhaltens.</summary>
      <param name="serviceDescription">Die Beschreibung des Diensts.</param>
      <param name="serviceHostBase">Der Host des Diensts.</param>
    </member>
    <member name="M:System.ServiceModel.Routing.RoutingConfiguration.#ctor">
      <summary>Erstellt eine neue Instanz der <see cref="T:System.ServiceModel.Routing.RoutingConfiguration" />-Klasse.</summary>
    </member>
    <member name="M:System.ServiceModel.Routing.RoutingConfiguration.#ctor(System.ServiceModel.Dispatcher.MessageFilterTable{System.Collections.Generic.IEnumerable{System.ServiceModel.Description.ServiceEndpoint}},System.Boolean)">
      <summary>Erstellt eine neue Instanz der <see cref="T:System.ServiceModel.Routing.RoutingConfiguration" />-Klasse mithilfe der angegebenen <see cref="T:System.ServiceModel.Dispatcher.MessageFilterTable`1" /> und des angegebenen routeOnHeadersOnly-Parameters.</summary>
      <param name="filterTable">Die Meldungsfiltertabelle, die für diese Konfiguration verwendet werden soll.</param>
      <param name="routeOnHeadersOnly">true Wenn die <see cref="T:System.ServiceModel.Dispatcher.MessageFilterTable`1" /> nur Meldungsheader untersuchen kann, andernfalls false. Die Standardeinstellung ist true.</param>
    </member>
    <member name="M:System.ServiceModel.Routing.RoutingExtension.ApplyConfiguration(System.ServiceModel.Routing.RoutingConfiguration)">
      <summary>Übernimmt eine neue <see cref="T:System.ServiceModel.Routing.RoutingConfiguration" /> für eine ausgeführte Instanz des Routingdiensts.</summary>
      <param name="routingConfiguration">Die zu übernehmende Routingkonfiguration.</param>
    </member>
    <member name="M:System.ServiceModel.Routing.RoutingExtension.System#ServiceModel#IExtension{System#ServiceModel#ServiceHostBase}#Attach(System.ServiceModel.ServiceHostBase)">
      <summary>Wird aufgerufen, wenn die Laufzeit die Erweiterung an eine Instanz der <see cref="T:System.ServiceModel.ServiceHostBase" />-Klasse anfügt.  Nur für interne Verwendung.</summary>
      <param name="owner">Die Diensthostbasis.</param>
    </member>
    <member name="M:System.ServiceModel.Routing.RoutingExtension.System#ServiceModel#IExtension{System#ServiceModel#ServiceHostBase}#Detach(System.ServiceModel.ServiceHostBase)">
      <summary>Wird aufgerufen, wenn die Laufzeit die Erweiterung von einer Instanz der <see cref="T:System.ServiceModel.ServiceHostBase" />-Klasse löst.  Nur für interne Verwendung.</summary>
      <param name="owner">Die Diensthostbasis.</param>
    </member>
    <member name="M:System.ServiceModel.Routing.RoutingService.System#IDisposable#Dispose">
      <summary>Führt anwendungsspezifische Aufgaben durch, die mit der Freigabe, der Zurückgabe oder dem Zurücksetzen von nicht verwalteten Ressourcen zusammenhängen.</summary>
    </member>
    <member name="M:System.ServiceModel.Routing.RoutingService.System#ServiceModel#Routing#IDuplexSessionRouter#BeginProcessMessage(System.ServiceModel.Channels.Message,System.AsyncCallback,System.Object)">
      <summary>Startet die asynchrone Verarbeitung der Nachricht.</summary>
      <param name="message">Die zu verarbeitende <see cref="T:System.ServiceModel.Channels.Message" />.</param>
      <param name="callback">Ein <see cref="T:System.AsyncCallback" />-Delegat, der aufgerufen wird, wenn die Nachrichtenverarbeitung abgeschlossen wurde.</param>
      <param name="state">Ein benutzerdefiniertes Zustandsobjekt, das an die Rückrufprozedur übergeben wird.</param>
      <returns>Ein <see cref="T:System.IAsyncResult" />-Ergebnis, das zum Abfragen von Ergebnissen oder Warten auf Ergebnisse oder für beides verwendet werden kann. Dieser Wert wird auch zum Aufrufen von <see cref="M:System.ServiceModel.Routing.RoutingService.System#ServiceModel#Routing#IDuplexSessionRouter#EndProcessMessage(System.IAsyncResult)" /> benötigt.</returns>
    </member>
    <member name="M:System.ServiceModel.Routing.RoutingService.System#ServiceModel#Routing#IDuplexSessionRouter#EndProcessMessage(System.IAsyncResult)">
      <summary>Schließt die asynchrone Ausführung der Verarbeitung von Nachrichten.</summary>
      <param name="result">Das <see cref="T:System.IAsyncResult" />, das durch den Aufruf von <see cref="M:System.ServiceModel.Routing.RoutingService.System#ServiceModel#Routing#IDuplexSessionRouter#BeginProcessMessage(System.ServiceModel.Channels.Message,System.AsyncCallback,System.Object)" /> zurückgegeben wird.</param>
    </member>
    <member name="M:System.ServiceModel.Routing.RoutingService.System#ServiceModel#Routing#IRequestReplyRouter#BeginProcessRequest(System.ServiceModel.Channels.Message,System.AsyncCallback,System.Object)">
      <summary>Initiiert die asynchrone Verarbeitung der Meldung.</summary>
      <param name="message">Die zu verarbeitende <see cref="T:System.ServiceModel.Channels.Message" />.</param>
      <param name="callback">Ein <see cref="T:System.AsyncCallback" />-Delegat, der aufgerufen wird, wenn die Nachrichtenverarbeitung abgeschlossen wurde.</param>
      <param name="state">Ein benutzerdefiniertes Zustandsobjekt, das an die Rückrufprozedur übergeben wird.</param>
      <returns>Ein <see cref="T:System.IAsyncResult" />-Ergebnis, das zum Abfragen von Ergebnissen oder Warten auf Ergebnisse oder für beides verwendet werden kann. Dieser Wert wird auch zum Aufrufen von <see cref="M:System.ServiceModel.Routing.RoutingService.System#ServiceModel#Routing#IRequestReplyRouter#EndProcessRequest(System.IAsyncResult)" /> benötigt.</returns>
    </member>
    <member name="M:System.ServiceModel.Routing.RoutingService.System#ServiceModel#Routing#IRequestReplyRouter#EndProcessRequest(System.IAsyncResult)">
      <summary>Beendet die asynchrone Ausführung der Meldungsverarbeitung.</summary>
      <param name="result">Das <see cref="T:System.IAsyncResult" />, das durch den Aufruf von <see cref="M:System.ServiceModel.Routing.RoutingService.System#ServiceModel#Routing#IRequestReplyRouter#BeginProcessRequest(System.ServiceModel.Channels.Message,System.AsyncCallback,System.Object)" /> zurückgegeben wird.</param>
      <returns>Eine <see cref="T:System.ServiceModel.Channels.Message" />, die die Antwort enthält.</returns>
    </member>
    <member name="M:System.ServiceModel.Routing.RoutingService.System#ServiceModel#Routing#ISimplexDatagramRouter#BeginProcessMessage(System.ServiceModel.Channels.Message,System.AsyncCallback,System.Object)">
      <summary>Initiiert die asynchrone Verarbeitung der Meldung.</summary>
      <param name="message">Die zu verarbeitende <see cref="T:System.ServiceModel.Channels.Message" />.</param>
      <param name="callback">Ein <see cref="T:System.AsyncCallback" />-Delegat, der aufgerufen wird, wenn die Nachrichtenverarbeitung abgeschlossen wurde.</param>
      <param name="state">Ein benutzerdefiniertes Zustandsobjekt, das an die Rückrufprozedur übergeben wird.</param>
      <returns>Ein <see cref="T:System.IAsyncResult" />-Ergebnis, das zum Abfragen von Ergebnissen oder Warten auf Ergebnisse oder für beides verwendet werden kann. Dieser Wert wird auch zum Aufrufen von <see cref="M:System.ServiceModel.Routing.RoutingService.System#ServiceModel#Routing#ISimplexDatagramRouter#EndProcessMessage(System.IAsyncResult)" /> benötigt.</returns>
    </member>
    <member name="M:System.ServiceModel.Routing.RoutingService.System#ServiceModel#Routing#ISimplexDatagramRouter#EndProcessMessage(System.IAsyncResult)">
      <summary>Beendet die asynchrone Ausführung der Meldungsverarbeitung.</summary>
      <param name="result">Das <see cref="T:System.IAsyncResult" />-Ergebnis, das durch den Aufruf von <see cref="M:System.ServiceModel.Routing.RoutingService.System#ServiceModel#Routing#ISimplexDatagramRouter#BeginProcessMessage(System.ServiceModel.Channels.Message,System.AsyncCallback,System.Object)" /> zurückgegeben wird.</param>
    </member>
    <member name="M:System.ServiceModel.Routing.RoutingService.System#ServiceModel#Routing#ISimplexSessionRouter#BeginProcessMessage(System.ServiceModel.Channels.Message,System.AsyncCallback,System.Object)">
      <summary>Initiiert die asynchrone Verarbeitung der Meldung.</summary>
      <param name="message">Die zu verarbeitende <see cref="T:System.ServiceModel.Channels.Message" />.</param>
      <param name="callback">Ein <see cref="T:System.AsyncCallback" />-Delegat, der aufgerufen wird, wenn die Nachrichtenverarbeitung abgeschlossen wurde.</param>
      <param name="state">Ein benutzerdefiniertes Zustandsobjekt, das an die Rückrufprozedur übergeben wird.</param>
      <returns>Ein <see cref="T:System.IAsyncResult" />-Ergebnis, das zum Abfragen von Ergebnissen oder Warten auf Ergebnisse oder für beides verwendet werden kann. Dieser Wert wird auch zum Aufrufen von <see cref="M:System.ServiceModel.Routing.RoutingService.System#ServiceModel#Routing#ISimplexSessionRouter#EndProcessMessage(System.IAsyncResult)" /> benötigt.</returns>
    </member>
    <member name="M:System.ServiceModel.Routing.RoutingService.System#ServiceModel#Routing#ISimplexSessionRouter#EndProcessMessage(System.IAsyncResult)">
      <summary>Beendet die asynchrone Ausführung der Meldungsverarbeitung.</summary>
      <param name="result">Das <see cref="T:System.IAsyncResult" />-Ergebnis, das durch den Aufruf von <see cref="M:System.ServiceModel.Routing.RoutingService.System#ServiceModel#Routing#ISimplexSessionRouter#BeginProcessMessage(System.ServiceModel.Channels.Message,System.AsyncCallback,System.Object)" /> zurückgegeben wird.</param>
    </member>
    <member name="M:System.ServiceModel.Routing.SoapProcessingBehavior.#ctor">
      <summary>Erstellt eine neue Instanz der <see cref="T:System.ServiceModel.Routing.SoapProcessingBehavior" />-Klasse.</summary>
    </member>
    <member name="M:System.ServiceModel.Routing.SoapProcessingBehavior.AddBindingParameters(System.ServiceModel.Description.ServiceEndpoint,System.ServiceModel.Channels.BindingParameterCollection)">
      <summary>Fügt einem Endpunkt neue Bindungselemente hinzu.</summary>
      <param name="endpoint">Der Dienstendpunkt, für den die Bindungselemente übernommen werden sollen.</param>
      <param name="bindingParameters">Die Bindungsparameterauflistung, die für den Endpunkt übernommen werden soll.</param>
    </member>
    <member name="M:System.ServiceModel.Routing.SoapProcessingBehavior.ApplyClientBehavior(System.ServiceModel.Description.ServiceEndpoint,System.ServiceModel.Dispatcher.ClientRuntime)">
      <summary>Wendet das angegebene Endpunktverhalten auf den Client an.</summary>
      <param name="endpoint">Der Dienstendpunkt, der für den Client übernommen werden soll.</param>
      <param name="clientRuntime">Die Laufzeit auf dem Client.</param>
    </member>
    <member name="M:System.ServiceModel.Routing.SoapProcessingBehavior.ApplyDispatchBehavior(System.ServiceModel.Description.ServiceEndpoint,System.ServiceModel.Dispatcher.EndpointDispatcher)">
      <summary>Wendet das angegebene Endpunktverhalten auf den Endpunktverteiler an.</summary>
      <param name="endpoint">Der Dienstendpunkt, der für den Client übernommen werden soll.</param>
      <param name="endpointDispatcher">Der Endpunktverteiler.</param>
    </member>
    <member name="M:System.ServiceModel.Routing.SoapProcessingBehavior.Validate(System.ServiceModel.Description.ServiceEndpoint)">
      <summary>Überprüft den Dienstendpunkt.</summary>
      <param name="endpoint">Der zu überprüfende Dienstendpunkt.</param>
    </member>
    <member name="P:System.ServiceModel.Routing.Configuration.BackupEndpointCollection.Name">
      <summary>Ruft den Namen zum Identifizieren dieser Auflistung von Elementen in der Konfigurationsdatei ab oder legt diesen fest.</summary>
      <returns>Der Name der Auflistung.</returns>
    </member>
    <member name="P:System.ServiceModel.Routing.Configuration.BackupEndpointElement.EndpointName">
      <summary>Ruft den Namen zum Identifizieren dieses Endpunkts in der Konfigurationsdatei ab oder legt diesen fest.</summary>
      <returns>Der Name.</returns>
    </member>
    <member name="P:System.ServiceModel.Routing.Configuration.BackupListCollection.Item(System.String)">
      <summary>Ruft die <see cref="T:System.ServiceModel.Routing.Configuration.BackupEndpointCollection" />-Instanz mit dem angegebenen Index ab.</summary>
      <param name="name">Der Schlüssel eines Elements, auf das zugegriffen werden soll.</param>
      <returns>Ein Sicherungsendpunkt, der mit dem angegebenen Schlüssel übereinstimmt.</returns>
    </member>
    <member name="P:System.ServiceModel.Routing.Configuration.FilterElement.CustomType">
      <summary>Ruft den vollqualifizierten Typnamen des benutzerdefinierten Typs ab, der als Filter verwendet werden soll, oder legt diesen fest.</summary>
      <returns>Der vollqualifizierte Typ.</returns>
    </member>
    <member name="P:System.ServiceModel.Routing.Configuration.FilterElement.Filter1">
      <summary>Ruft die Filter1-Daten dieses Konfigurationselements ab oder legt diese fest. Dieser Wert wird nur verwendet, wenn <see cref="P:System.ServiceModel.Routing.Configuration.FilterElement.FilterType" /> auf "And" gesetzt wird.</summary>
      <returns>Der Filter1-Wert dieses Elements.</returns>
    </member>
    <member name="P:System.ServiceModel.Routing.Configuration.FilterElement.Filter2">
      <summary>Ruft die Filter2-Daten dieses Konfigurationselements ab oder legt diese fest. Dieser Wert wird nur verwendet, wenn <see cref="P:System.ServiceModel.Routing.Configuration.FilterElement.FilterType" /> auf "AND" gesetzt wird.</summary>
      <returns>Der Filter2-Wert dieses Elements.</returns>
    </member>
    <member name="P:System.ServiceModel.Routing.Configuration.FilterElement.FilterData">
      <summary>Ruft die Filterdaten dieses Konfigurationselements ab oder legt diese fest.</summary>
      <returns>Die Filterdaten dieses Elements.</returns>
    </member>
    <member name="P:System.ServiceModel.Routing.Configuration.FilterElement.FilterType">
      <summary>Ruft den <see cref="T:System.ServiceModel.Routing.Configuration.FilterType" /> dieses Konfigurationselements ab oder legt diesen fest.</summary>
      <returns>Der Filtertyp dieses Elements.</returns>
    </member>
    <member name="P:System.ServiceModel.Routing.Configuration.FilterElement.Name">
      <summary>Ruft den Namen dieses Konfigurationselements ab oder legt ihn fest.</summary>
      <returns>Der eindeutige Name dieses Konfigurationselements.</returns>
    </member>
    <member name="P:System.ServiceModel.Routing.Configuration.FilterElementCollection.Item(System.Int32)">
      <summary>Ruft ein Element mit einem angegebenen Index aus der Auflistung ab.</summary>
      <param name="index">Der Index des Elements, das aus der Auflistung abgerufen werden soll.</param>
      <returns>Das Element mit dem angegebenen Index in der Auflistung.</returns>
    </member>
    <member name="P:System.ServiceModel.Routing.Configuration.FilterElementCollection.Item(System.String)">
      <summary>Ruft ein Element mit einem angegebenen Schlüssel aus der Auflistung ab.</summary>
      <param name="name">Der Schlüssel des Elements, das aus der Auflistung abgerufen werden soll.</param>
      <returns>Das Element in der Auflistung, das mit dem angegebenen Schlüssel übereinstimmt.</returns>
    </member>
    <member name="P:System.ServiceModel.Routing.Configuration.FilterTableCollection.Item(System.String)">
      <summary>Ruft die <see cref="T:System.ServiceModel.Routing.Configuration.FilterTableEntryCollection" />-Instanz mit dem angegebenen Index ab.</summary>
      <param name="name">Der Schlüssel eines Elements, auf das zugegriffen werden soll.</param>
      <returns>Ein Filtertabelleneintrag, der mit dem angegebenen Schlüssel übereinstimmt.</returns>
    </member>
    <member name="P:System.ServiceModel.Routing.Configuration.FilterTableEntryCollection.Name">
      <summary>Ruft den Namen dieses Konfigurationselements ab oder legt ihn fest.</summary>
      <returns>Der eindeutige Name dieses Konfigurationselements.</returns>
    </member>
    <member name="P:System.ServiceModel.Routing.Configuration.FilterTableEntryElement.BackupList">
      <summary>Ruft einen Wert ab, der einen Verweis auf ein Sicherungsendpunktelement angibt, oder legt diesen fest.</summary>
      <returns>Ein Verweis auf ein Sicherungsendpunktement.</returns>
    </member>
    <member name="P:System.ServiceModel.Routing.Configuration.FilterTableEntryElement.EndpointName">
      <summary>Ruft einen Wert ab, der einen Verweis auf einen Clientendpunkt angibt, der Meldungen sendet, wenn der zugeordnete Meldungsfilter eine Entsprechung für die Meldung findet, oder legt diesen Wert fest.</summary>
      <returns>Ein Schlüssel zu einem Clientendpunkt.</returns>
    </member>
    <member name="P:System.ServiceModel.Routing.Configuration.FilterTableEntryElement.FilterName">
      <summary>Ruft einen Wert ab, der einen Verweis auf das Filterelement angibt, oder legt diesen fest.</summary>
      <returns>Ein Schlüssel zum Filterelement.</returns>
    </member>
    <member name="P:System.ServiceModel.Routing.Configuration.FilterTableEntryElement.Priority">
      <summary>Ruft den Wert ab, der die Priorität dieses Eintrags angibt, oder legt diesen fest.</summary>
      <returns>Die Priorität dieses Eintrags. Der Standardwert ist 0.</returns>
    </member>
    <member name="P:System.ServiceModel.Routing.Configuration.NamespaceElement.Namespace">
      <summary>Ruft den Namespace für dieses Konfigurationselement ab oder legt diesen fest.</summary>
      <returns>Der Namespace dieses Elements.</returns>
    </member>
    <member name="P:System.ServiceModel.Routing.Configuration.NamespaceElement.Prefix">
      <summary>Ruft das Namespacepräfix für dieses Konfigurationselement ab oder legt dieses fest.</summary>
      <returns>Das Namespacepräfix dieses Elements.</returns>
    </member>
    <member name="P:System.ServiceModel.Routing.Configuration.NamespaceElementCollection.Item(System.Int32)">
      <summary>Ruft ein Element mit einem angegebenen Index aus der Auflistung ab.</summary>
      <param name="index">Der Index des Elements, das aus der Auflistung abgerufen werden soll.</param>
      <returns>Das Namespaceelement mit dem angegebenen Index in der Auflistung.</returns>
    </member>
    <member name="P:System.ServiceModel.Routing.Configuration.NamespaceElementCollection.Item(System.String)">
      <summary>Ruft ein Element mit einem angegebenen Schlüssel aus der Auflistung ab.</summary>
      <param name="name">Der Schlüssel des Elements, das aus der Auflistung abgerufen werden soll.</param>
      <returns>Das Namespaceelement in der Auflistung, das mit dem angegebenen Schlüssel übereinstimmt.</returns>
    </member>
    <member name="P:System.ServiceModel.Routing.Configuration.RoutingExtensionElement.BehaviorType">
      <summary>Ruft den Verhaltenstyp ab.</summary>
      <returns>Der Verhaltenstyp.</returns>
    </member>
    <member name="P:System.ServiceModel.Routing.Configuration.RoutingExtensionElement.EnsureOrderedDispatch">
      <summary>Ruft ab oder legt einen Wert, der angibt, ob Nachrichten sind in der Reihenfolge gesendet werden, die sie gesendet wurden.</summary>
      <returns>true Wenn Nachrichten sind in der Reihenfolge gesendet werden, die sie gesendet wurden. andernfalls false.</returns>
    </member>
    <member name="P:System.ServiceModel.Routing.Configuration.RoutingExtensionElement.FilterTableName">
      <summary>Ruft den Namen der Filtertabelle ab, der von diesem Routingdienst zum Weiterleiten von Meldungen verwendet wird, oder legt diesen fest.</summary>
      <returns>Der Name der Filtertabelle.</returns>
    </member>
    <member name="P:System.ServiceModel.Routing.Configuration.RoutingExtensionElement.RouteOnHeadersOnly">
      <summary>Ruft einen Wert ab, der angibt, ob der Filter nur auf die Header der Meldungen oder auf die Header und den Text der Meldungen zugreifen darf.</summary>
      <returns>true, wenn der Filter nur Meldungsheaderwerte filtern kann, andernfalls false. Der Standardwert ist true.</returns>
    </member>
    <member name="P:System.ServiceModel.Routing.Configuration.RoutingExtensionElement.SoapProcessingEnabled">
      <summary>Ruft einen Wert ab, der angibt, ob eine SOAP-Verarbeitung erfolgen soll, oder legt diesen fest.</summary>
      <returns>true, wenn Meldungen gemarshallt werden sollen, andernfalls false. Der Standardwert ist true.</returns>
    </member>
    <member name="P:System.ServiceModel.Routing.Configuration.RoutingSection.BackupLists">
      <summary>Ruft das Konfigurationselement ab, das eine Auflistung von <see cref="T:System.ServiceModel.Routing.Configuration.BackupEndpointElement" />-Objekten enthält.</summary>
      <returns>Eine Auflistung, die den Konfigurationsabschnitt definiert, der eine Auflistung von <see cref="T:System.ServiceModel.Routing.Configuration.BackupEndpointElement" />-Objekten enthält.</returns>
    </member>
    <member name="P:System.ServiceModel.Routing.Configuration.RoutingSection.Filters">
      <summary>Ruft das Konfigurationselement ab, das eine Auflistung von <see cref="T:System.ServiceModel.Routing.Configuration.FilterElement" />-Objekten enthält.</summary>
      <returns>Eine Auflistung, die den Konfigurationsabschnitt definiert, der eine Auflistung von <see cref="T:System.ServiceModel.Routing.Configuration.FilterElement" />en enthält.</returns>
    </member>
    <member name="P:System.ServiceModel.Routing.Configuration.RoutingSection.FilterTables">
      <summary>Ruft das Konfigurationselement ab, das eine Auflistung von <see cref="T:System.ServiceModel.Routing.Configuration.FilterTableEntryElement" />-Objekten enthält.</summary>
      <returns>Eine Auflistung, die den Konfigurationsabschnitt definiert, der eine Auflistung von <see cref="T:System.ServiceModel.Routing.Configuration.FilterTableEntryElement" />-Objekten enthält.</returns>
    </member>
    <member name="P:System.ServiceModel.Routing.Configuration.RoutingSection.NamespaceTable">
      <summary>Ruft das Konfigurationselement ab, das eine Auflistung von <see cref="T:System.ServiceModel.Routing.Configuration.NamespaceElement" />-Objekten enthält.</summary>
      <returns>Eine Auflistung, die den Konfigurationsabschnitt definiert, der eine Auflistung von <see cref="T:System.ServiceModel.Routing.Configuration.NamespaceElement" />-Objekten enthält.</returns>
    </member>
    <member name="P:System.ServiceModel.Routing.Configuration.SoapProcessingExtensionElement.BehaviorType">
      <summary>Ruft den Verhaltenstyp ab.</summary>
      <returns>Der Verhaltenstyp.</returns>
    </member>
    <member name="P:System.ServiceModel.Routing.Configuration.SoapProcessingExtensionElement.ProcessMessages">
      <summary>Ruft einen Wert ab, der angibt, ob Meldungen zwischen SOAP-Meldungsversionen gemarshallt werden sollen, oder legt diesen fest.</summary>
      <returns>true, wenn Meldungen gemarshallt werden sollen, andernfalls false. Der Standardwert ist true.</returns>
    </member>
    <member name="P:System.ServiceModel.Routing.RoutingConfiguration.EnsureOrderedDispatch">
      <summary>Ruft einen Wert, der angibt, ob Nachrichten sind in der Reihenfolge gesendet werden, die sie gesendet wurden.</summary>
      <returns>true Wenn Nachrichten sind in der Reihenfolge gesendet werden, die sie gesendet wurden. andernfalls false.</returns>
    </member>
    <member name="P:System.ServiceModel.Routing.RoutingConfiguration.FilterTable">
      <summary>Ruft die von dieser Konfiguration verwendete <see cref="T:System.ServiceModel.Dispatcher.MessageFilterTable`1" /> ab oder legt diese fest.</summary>
      <returns>Die Meldungsfiltertabelle.</returns>
    </member>
    <member name="P:System.ServiceModel.Routing.RoutingConfiguration.RouteOnHeadersOnly">
      <summary>Ruft einen Wert ab, der angibt, ob der Filter den Meldungstext untersuchen kann, oder legt diesen fest.</summary>
      <returns>true Wenn der Filter nur Nachrichtenheader überprüfen kann; andernfalls false. Der Standardwert ist true.</returns>
    </member>
    <member name="P:System.ServiceModel.Routing.RoutingConfiguration.SoapProcessingEnabled">
      <summary>Ruft einen Wert ab, der angibt, ob Meldungen zwischen SOAP-<see cref="T:System.ServiceModel.Channels.MessageVersion" />en verarbeitet werden sollen, oder legt diesen fest.</summary>
      <returns>true Wenn Nachrichten verarbeitet werden soll; andernfalls false. Der Standardwert ist true.</returns>
    </member>
    <member name="P:System.ServiceModel.Routing.SoapProcessingBehavior.ProcessMessages">
      <summary>Ruft einen Wert ab, der angibt, ob eine Meldung verarbeitet werden soll, oder legt diesen fest.</summary>
      <returns>true, wenn Meldungen gemarshallt werden sollen, andernfalls false. Der Standardwert ist true.</returns>
    </member>
    <member name="T:System.ServiceModel.Dispatcher.EndpointNameMessageFilter">
      <summary>Stellt eine Abfrage dar, die testet, ob eine Namen auf einem Endpunkt mit einem Namen empfangen wurde, der mit dem angegebenen Namen übereinstimmt.</summary>
    </member>
    <member name="T:System.ServiceModel.Dispatcher.StrictAndMessageFilter">
      <summary>Stellt eine Abfrage dar, die testet, ob eine Nachricht die beiden angegebenen <see cref="T:System.ServiceModel.Dispatcher.MessageFilter" />-Bedingungen erfüllt.</summary>
    </member>
    <member name="T:System.ServiceModel.Routing.Configuration.BackupEndpointCollection">
      <summary>Stellt ein Konfigurationselement dar, das eine Auflistung von <see cref="T:System.ServiceModel.Routing.Configuration.BackupEndpointElement" />-Objekten enthält.</summary>
    </member>
    <member name="T:System.ServiceModel.Routing.Configuration.BackupEndpointElement">
      <summary>Stellt ein Konfigurationselement dar, das ein Sicherungsendpunktelement definiert.</summary>
    </member>
    <member name="T:System.ServiceModel.Routing.Configuration.BackupListCollection">
      <summary>Stellt das Konfigurationselement dar, das eine Auflistung von <see cref="T:System.ServiceModel.Routing.Configuration.BackupEndpointCollection" />-Instanzen enthält.</summary>
    </member>
    <member name="T:System.ServiceModel.Routing.Configuration.FilterElement">
      <summary>Stellt ein Konfigurationselement dar, das ein Filterelement definiert. Dieses Element wird zur Definition des Filtertyps sowie zusätzlicher Daten oder Parameter verwendet, die der Filter benötigt.</summary>
    </member>
    <member name="T:System.ServiceModel.Routing.Configuration.FilterElementCollection">
      <summary>Stellt eine Auflistung von <see cref="T:System.ServiceModel.Routing.Configuration.FilterElement" />-Instanzen dar.</summary>
    </member>
    <member name="T:System.ServiceModel.Routing.Configuration.FilterTableCollection">
      <summary>Stellt das Konfigurationselement dar, das eine Auflistung von <see cref="T:System.ServiceModel.Routing.Configuration.FilterTableEntryCollection" />-Instanzen enthält.</summary>
    </member>
    <member name="T:System.ServiceModel.Routing.Configuration.FilterTableEntryCollection">
      <summary>Stellt das Konfigurationselement dar, das eine Auflistung von <see cref="T:System.ServiceModel.Routing.Configuration.FilterTableEntryElement" />-Instanzen enthält.</summary>
    </member>
    <member name="T:System.ServiceModel.Routing.Configuration.FilterTableEntryElement">
      <summary>Stellt ein Konfigurationselement dar, das ein Filtertabelleneintragselement definiert. Dieses Element enthält die Zuordnung zwischen Filtern, Endpunkten und Sicherungsendpunkten und wird verwendet, um zu bestimmen, welcher Filter zur Weiterleitung der Meldung verwendet wird.</summary>
    </member>
    <member name="T:System.ServiceModel.Routing.Configuration.FilterType">
      <summary>Gibt den Typ des Filters an, der zum Weiterleiten von Meldungen verwendet werden soll.</summary>
    </member>
    <member name="F:System.ServiceModel.Routing.Configuration.FilterType.Action">
      <summary>Verwenden Sie <see cref="T:System.ServiceModel.Dispatcher.ActionMessageFilter" />, um nach einer Aktion zu filtern.</summary>
    </member>
    <member name="F:System.ServiceModel.Routing.Configuration.FilterType.EndpointAddress">
      <summary>Verwenden Sie den <see cref="T:System.ServiceModel.Dispatcher.EndpointAddressMessageFilter" /> und setzen Sie <see cref="P:System.ServiceModel.Dispatcher.EndpointAddressMessageFilter.IncludeHostNameInComparison" /> auf false, um nach der Adresse zu filtern.</summary>
    </member>
    <member name="F:System.ServiceModel.Routing.Configuration.FilterType.PrefixEndpointAddress">
      <summary>Verwenden Sie den <see cref="T:System.ServiceModel.Dispatcher.PrefixEndpointAddressMessageFilter" /> und setzen Sie <see cref="P:System.ServiceModel.Dispatcher.PrefixEndpointAddressMessageFilter.IncludeHostNameInComparison" /> auf false, um anhand der längsten Präfixübereinstimmung nach der Adresse zu filtern.</summary>
    </member>
    <member name="F:System.ServiceModel.Routing.Configuration.FilterType.And">
      <summary>Verwenden Sie <see cref="T:System.ServiceModel.Dispatcher.StrictAndMessageFilter" />, um mit zwei Meldungsfiltern zu filtern, die über AND verknüpft sind.</summary>
    </member>
    <member name="F:System.ServiceModel.Routing.Configuration.FilterType.Custom">
      <summary>Verwenden Sie einen benutzerdefinierten Filter.</summary>
    </member>
    <member name="F:System.ServiceModel.Routing.Configuration.FilterType.EndpointName">
      <summary>Verwenden Sie den <see cref="T:System.ServiceModel.Dispatcher.EndpointNameMessageFilter" />, um nach dem Namen des Dienstendpunkts zu filtern.</summary>
    </member>
    <member name="F:System.ServiceModel.Routing.Configuration.FilterType.MatchAll">
      <summary>Verwenden Sie den <see cref="T:System.ServiceModel.Dispatcher.MatchAllMessageFilter" />, um eine Entsprechung für alle Meldungen zu finden.</summary>
    </member>
    <member name="F:System.ServiceModel.Routing.Configuration.FilterType.XPath">
      <summary>Verwenden Sie den <see cref="T:System.ServiceModel.Dispatcher.XPathMessageFilter" />, um nach einem XPath-Ausdruck zu filtern.</summary>
    </member>
    <member name="T:System.ServiceModel.Routing.Configuration.NamespaceElement">
      <summary>Stellt ein Konfigurationselement dar, das das Namespaceelement definiert. Dies enthält Namespaces-zu-Namespacepräfix-Zuordnungen, die dann in XPath-Filtern verwendet werden können.</summary>
    </member>
    <member name="T:System.ServiceModel.Routing.Configuration.NamespaceElementCollection">
      <summary>Stellt eine Auflistung von <see cref="T:System.ServiceModel.Routing.Configuration.NamespaceElement" />-Instanzen dar.</summary>
    </member>
    <member name="T:System.ServiceModel.Routing.Configuration.RoutingExtensionElement">
      <summary>Stellt ein Konfigurationselement dar, das Unterelemente enthält, die das Routingverhalten festlegen.</summary>
    </member>
    <member name="T:System.ServiceModel.Routing.Configuration.RoutingSection">
      <summary>Stellt eine Auflistung von Elementen dar, die zur Konfiguration des Routings verwendet werden.</summary>
    </member>
    <member name="T:System.ServiceModel.Routing.Configuration.SoapProcessingExtensionElement">
      <summary>Stellt ein Konfigurationselement dar, das das SOAP-Verarbeitungsendpunktverhalten definiert.</summary>
    </member>
    <member name="T:System.ServiceModel.Routing.IDuplexSessionRouter">
      <summary>Definiert die Schnittstelle, die erforderlich ist, um Meldungen von Duplexsitzungschannels zu verarbeiten.</summary>
    </member>
    <member name="T:System.ServiceModel.Routing.IRequestReplyRouter">
      <summary>Definiert die Schnittstelle, die erforderlich ist, um Meldungen von Anforderung-Antwort-Channels zu verarbeiten.</summary>
    </member>
    <member name="T:System.ServiceModel.Routing.ISimplexDatagramRouter">
      <summary>Definiert die erforderliche Schnittstelle zum Verarbeiten von Meldungen von Simplexdatagramm.</summary>
    </member>
    <member name="T:System.ServiceModel.Routing.ISimplexSessionRouter">
      <summary>Definiert die Schnittstelle, die erforderlich ist, um Meldungen von Simplexsitzungschannels zu verarbeiten.</summary>
    </member>
    <member name="T:System.ServiceModel.Routing.RoutingBehavior">
      <summary>Definiert das Routingverhalten, das zum Konfigurieren der Zielendpunkte, Filter und Filteroptionen verwendet wird, die während des Routings verwendet werden sollen.</summary>
    </member>
    <member name="T:System.ServiceModel.Routing.RoutingConfiguration">
      <summary>Definiert die von <see cref="T:System.ServiceModel.Routing.RoutingExtension" /> verwendeten Konfigurationsinformationen.</summary>
    </member>
    <member name="T:System.ServiceModel.Routing.RoutingExtension">
      <summary>Bietet Laufzeitzugriff auf den Routingdienst, um eine dynamische Änderung der Routingkonfiguration zu ermöglichen.</summary>
    </member>
    <member name="T:System.ServiceModel.Routing.RoutingService">
      <summary>Definiert den Routingdienst, der für das Weiterleiten von Meldungen zwischen Endpunkten auf Grundlage von Filterkriterien zuständig ist.</summary>
    </member>
    <member name="T:System.ServiceModel.Routing.SoapProcessingBehavior">
      <summary>Definiert das Clientendpunktverhalten, das verwendet wird, um Nachrichten zwischen unterschiedlichen Bindungstypen und Nachrichtenversionen zu marshallen.</summary>
    </member>
  </members>
</doc>