﻿<?xml version="1.0" encoding="utf-8"?>
<doc>
  <assembly>
    <name>System.Data.Services.Design</name>
  </assembly>
  <members>
    <member name="E:System.Data.Services.Design.EntityClassGenerator.OnPropertyGenerated">
      <summary>Tritt auf, wenn eine Eigenschaft generiert wird.</summary>
    </member>
    <member name="E:System.Data.Services.Design.EntityClassGenerator.OnTypeGenerated">
      <summary>Tritt auf, wenn ein Typ generiert wird.</summary>
    </member>
    <member name="M:System.Data.Services.BuildProvider.DataServiceBuildProvider.#ctor">
      <summary>Erstellt eine neue Instanz der <see cref="T:System.Data.Services.BuildProvider.DataServiceBuildProvider" />-Klasse.</summary>
    </member>
    <member name="M:System.Data.Services.BuildProvider.DataServiceBuildProvider.GenerateCode(System.Web.Compilation.AssemblyBuilder)">
      <summary>Generiert C#- oder Visual Basic-Code für eine WCF Data Services Client-Anwendung auf Grundlage der vom Datendienst zurückgegebenen Metadaten.</summary>
      <param name="assemblyBuilder">Ein Container zum Erstellen einer Assembly.</param>
    </member>
    <member name="M:System.Data.Services.Design.EdmToObjectNamespaceMap.Add(System.String,System.String)">
      <summary>Fügt die Zuordnung zwischen dem Entity Data Model-Namespace und das Objekt hinzu.</summary>
      <param name="edmNamespace">Eine Zeichenfolge, die den Namen des Namespaces enthält.</param>
      <param name="objectNamespace">Eine Zeichenfolge mit der Objektnamespace.</param>
    </member>
    <member name="M:System.Data.Services.Design.EdmToObjectNamespaceMap.Clear">
      <summary>Löscht <see cref="T:System.Data.Services.Design.EdmToObjectNamespaceMap" />.</summary>
    </member>
    <member name="M:System.Data.Services.Design.EdmToObjectNamespaceMap.Contains(System.String)">
      <summary>Fragt ab, ob die Zuordnung-Objekt enthält <paramref name="edmNamespace" /> Parameter.</summary>
      <param name="edmNamespace">Ein Zeichenfolgenwert, der die abzufragende Zuordnungsobjekt enthält.</param>
      <returns>true Wenn das Objekt gefunden wurde. andernfalls false.</returns>
    </member>
    <member name="M:System.Data.Services.Design.EdmToObjectNamespaceMap.Remove(System.String)">
      <summary>Entfernt das durch identifizierte Objekt <paramref name="edmNamespace" /> Parameter.</summary>
      <param name="edmNamespace">Ein Zeichenfolgenwert, der das Zuordnungsobjekt enthält.</param>
      <returns>true Wenn der Vorgang erfolgreich ist; andernfalls false.</returns>
    </member>
    <member name="M:System.Data.Services.Design.EdmToObjectNamespaceMap.TryGetObjectNamespace(System.String,System.String@)">
      <summary>Testet, ob ein Objekt identifizierten <paramref name="objectNamespace" /> und <paramref name="edmNamespace" /> zugeordnet ist, indem <see cref="T:System.Data.Services.Design.EdmToObjectNamespaceMap" />.</summary>
      <param name="edmNamespace">Ein Zeichenfolgenwert, der den Namespacenamen enthält.</param>
      <param name="objectNamespace">Zeichenfolgenwert, der den Objektnamespace identifiziert.</param>
      <returns>true Wenn die Zuordnung zurückgegeben wird. andernfalls false.</returns>
    </member>
    <member name="M:System.Data.Services.Design.EntityClassGenerator.#ctor">
      <summary>Initialisiert eine neue Instanz der <see cref="T:System.Data.Services.Design.EntityClassGenerator" />-Klasse.</summary>
    </member>
    <member name="M:System.Data.Services.Design.EntityClassGenerator.#ctor(System.Data.Services.Design.LanguageOption)">
      <summary>Initialisiert eine neue Instanz der <see cref="T:System.Data.Services.Design.EntityClassGenerator" />-Klasse.</summary>
      <param name="languageOption">Wählt die Programmiersprache aus.</param>
    </member>
    <member name="M:System.Data.Services.Design.EntityClassGenerator.GenerateCode(System.Xml.XmlReader,System.IO.TextWriter,System.String)">
      <summary>Generiert Code für das Datenmodell aus Schaltern, die durch Parameter identifiziert.</summary>
      <param name="sourceReader">Das XML-Reader-Objekt.</param>
      <param name="targetWriter">Der TextWriter-Objekt.</param>
      <param name="namespacePrefix">Die Zeichenfolge, die das Namespacepräfix enthält.</param>
      <returns>Die Liste der während der Erstellung aufgetretenen Schemafehler.</returns>
    </member>
    <member name="M:System.Data.Services.Design.EntityClassGenerator.GenerateCode(System.Xml.XmlReader,System.String)">
      <summary>Generiert Code für das Objektmodell.</summary>
      <param name="sourceReader">Das XML-Reader-Objekt.</param>
      <param name="targetFilePath">Die Zeichenfolge, die den Pfad zur Zieldatei enthält.</param>
      <returns>Die Liste der während der Erstellung aufgetretenen Schemafehler.</returns>
    </member>
    <member name="M:System.Data.Services.Design.PropertyGeneratedEventArgs.#ctor">
      <summary>Initialisiert eine neue Instanz der <see cref="T:System.Data.Services.Design.PropertyGeneratedEventArgs" />-Klasse.</summary>
    </member>
    <member name="M:System.Data.Services.Design.PropertyGeneratedEventArgs.#ctor(System.Data.Metadata.Edm.MetadataItem,System.String,System.CodeDom.CodeTypeReference)">
      <summary>Initialisiert eine neue Instanz der <see cref="T:System.Data.Services.Design.PropertyGeneratedEventArgs" />-Klasse.</summary>
      <param name="propertySource">Quell-Eigenschaft.</param>
      <param name="backingFieldName">Dahinter liegende Feldname.</param>
      <param name="returnType">Der Rückgabetyp.</param>
    </member>
    <member name="M:System.Data.Services.Design.TypeGeneratedEventArgs.#ctor">
      <summary>Initialisiert eine neue Instanz der <see cref="T:System.Data.Services.Design.TypeGeneratedEventArgs" />-Klasse.</summary>
    </member>
    <member name="M:System.Data.Services.Design.TypeGeneratedEventArgs.#ctor(System.Data.Metadata.Edm.GlobalItem,System.CodeDom.CodeTypeReference)">
      <summary>Initialisiert eine neue Instanz der <see cref="T:System.Data.Services.Design.TypeGeneratedEventArgs" />-Klasse.</summary>
      <param name="typeSource">Die Quelle des Typs.</param>
      <param name="baseType">Der Basistyp.</param>
    </member>
    <member name="P:System.Data.Services.Design.EdmToObjectNamespaceMap.Count">
      <summary>Ruft die Anzahl der enthaltenen Zuordnungen ab <see cref="T:System.Data.Services.Design.EdmToObjectNamespaceMap" />.</summary>
      <returns>Integer-Wert, der die Anzahl der Zuordnungen enthält.</returns>
    </member>
    <member name="P:System.Data.Services.Design.EdmToObjectNamespaceMap.EdmNamespaces">
      <summary>Ruft edmNamespace Elemente in ein <see cref="T:System.Data.Services.Design.EdmToObjectNamespaceMap" /> Objekt.</summary>
      <returns>Zeichenfolgenwert mit EdmNamespace Elemente.</returns>
    </member>
    <member name="P:System.Data.Services.Design.EdmToObjectNamespaceMap.Item(System.String)">
      <summary>Ruft Namespace identifizierten <paramref name="edmNamespace" /> Parameter.</summary>
      <param name="edmNamespace">Zeichenfolgenwert mit edmNamespace Namen.</param>
      <returns>EdmNamespace-Objekt</returns>
    </member>
    <member name="P:System.Data.Services.Design.EntityClassGenerator.EdmToObjectNamespaceMap">
      <summary>Ruft die EdmToObjectNamespaceMap Objekt, das beim Generieren von Entitätsklassen verwendet.</summary>
      <returns>EdmToObjectNamespaceMap-Objekt</returns>
    </member>
    <member name="P:System.Data.Services.Design.EntityClassGenerator.LanguageOption">
      <summary>Ruft die Generierung des Datenmodells verwendete Sprachoption ab.</summary>
      <returns>Language-Option.</returns>
    </member>
    <member name="P:System.Data.Services.Design.EntityClassGenerator.UseDataServiceCollection">
      <summary>Ruft ab oder legt fest, ob die Generierung von Code den Code umfassen, der erforderlich ist, um die Datenbindung zu unterstützen.</summary>
      <returns>Ein <see cref="T:System.Boolean" /> Wert, der true Wenn Datenbindungscode erforderlich ist, andernfalls false.</returns>
    </member>
    <member name="P:System.Data.Services.Design.EntityClassGenerator.Version">
      <summary>Ruft ab und legt die Version von WCF Data Services die der generierte Code abzielt.</summary>
      <returns>Ein <see cref="T:System.Data.Services.Design.DataServiceCodeVersion" /> Wert, der die Version des generierten Codes angibt.</returns>
    </member>
    <member name="P:System.Data.Services.Design.PropertyGeneratedEventArgs.AdditionalAttributes">
      <summary>Diese Klasse ist nicht für die öffentliche Verwendung vorgesehen und wird verwendet, um stark typisierte clientseitige Objekte für die Kommunikation mit Datendiensten zu generieren.</summary>
      <returns>Zusätzliche Attribute.</returns>
    </member>
    <member name="P:System.Data.Services.Design.PropertyGeneratedEventArgs.AdditionalGetStatements">
      <summary>Diese Klasse ist nicht für die öffentliche Verwendung vorgesehen und wird verwendet, um stark typisierte clientseitige Objekte für die Kommunikation mit Datendiensten zu generieren.</summary>
      <returns>Zusätzliche Get-Anweisungen.</returns>
    </member>
    <member name="P:System.Data.Services.Design.PropertyGeneratedEventArgs.AdditionalSetStatements">
      <summary>Diese Klasse ist nicht für die öffentliche Verwendung vorgesehen und wird verwendet, um stark typisierte clientseitige Objekte für die Kommunikation mit Datendiensten zu generieren.</summary>
      <returns>Zusätzliche Set-Anweisungen.</returns>
    </member>
    <member name="P:System.Data.Services.Design.PropertyGeneratedEventArgs.BackingFieldName">
      <summary>Diese Klasse ist nicht für die öffentliche Verwendung vorgesehen und wird verwendet, um stark typisierte clientseitige Objekte für die Kommunikation mit Datendiensten zu generieren.</summary>
      <returns>Dahinter liegende Feldname.</returns>
    </member>
    <member name="P:System.Data.Services.Design.PropertyGeneratedEventArgs.PropertySource">
      <summary>Diese Klasse ist nicht für die öffentliche Verwendung vorgesehen und wird verwendet, um stark typisierte clientseitige Objekte für die Kommunikation mit Datendiensten zu generieren.</summary>
      <returns>Quell-Eigenschaft.</returns>
    </member>
    <member name="P:System.Data.Services.Design.PropertyGeneratedEventArgs.ReturnType">
      <summary>Diese Klasse ist nicht für die öffentliche Verwendung vorgesehen und wird verwendet, um stark typisierte clientseitige Objekte für die Kommunikation mit Datendiensten zu generieren.</summary>
      <returns>Der Rückgabetyp.</returns>
    </member>
    <member name="P:System.Data.Services.Design.TypeGeneratedEventArgs.AdditionalAttributes">
      <summary>Diese Klasse ist nicht für die öffentliche Verwendung vorgesehen und wird verwendet, um stark typisierte clientseitige Objekte für die Kommunikation mit Datendiensten zu generieren.</summary>
      <returns>Zusätzliche Attribute.</returns>
    </member>
    <member name="P:System.Data.Services.Design.TypeGeneratedEventArgs.AdditionalInterfaces">
      <summary>Diese Klasse ist nicht für die öffentliche Verwendung vorgesehen und wird verwendet, um stark typisierte clientseitige Objekte für die Kommunikation mit Datendiensten zu generieren.</summary>
      <returns>Zusätzliche Schnittstellen.</returns>
    </member>
    <member name="P:System.Data.Services.Design.TypeGeneratedEventArgs.AdditionalMembers">
      <summary>Diese Klasse ist nicht für die öffentliche Verwendung vorgesehen und wird verwendet, um stark typisierte clientseitige Objekte für die Kommunikation mit Datendiensten zu generieren.</summary>
      <returns>Zusätzliche Member.</returns>
    </member>
    <member name="P:System.Data.Services.Design.TypeGeneratedEventArgs.BaseType">
      <summary>Diese Klasse ist nicht für die öffentliche Verwendung vorgesehen und wird verwendet, um stark typisierte clientseitige Objekte für die Kommunikation mit Datendiensten zu generieren.</summary>
      <returns>Basistyp.</returns>
    </member>
    <member name="P:System.Data.Services.Design.TypeGeneratedEventArgs.TypeSource">
      <summary>Diese Klasse ist nicht für die öffentliche Verwendung vorgesehen und wird verwendet, um stark typisierte clientseitige Objekte für die Kommunikation mit Datendiensten zu generieren.</summary>
      <returns>Die Quelle.</returns>
    </member>
    <member name="T:System.Data.Services.BuildProvider.DataServiceBuildProvider">
      <summary>Generiert C#- oder Visual Basic-Code für eine WCF Data Services Client-Anwendung auf Grundlage der vom Datendienst zurückgegebenen Metadaten.</summary>
    </member>
    <member name="T:System.Data.Services.Design.DataServiceCodeVersion">
      <summary>Gibt die Version der Open Data Protocol (OData) durch den generierten Code vorgesehen. </summary>
    </member>
    <member name="F:System.Data.Services.Design.DataServiceCodeVersion.V1">
      <summary>Generieren von Code, die auf Version 1.0 abzielt.</summary>
    </member>
    <member name="F:System.Data.Services.Design.DataServiceCodeVersion.V2">
      <summary>Generieren Sie Code, der Version 2.0 abzielt.</summary>
    </member>
    <member name="T:System.Data.Services.Design.EdmToObjectNamespaceMap">
      <summary>Durch die Code Generation-Befehlszeilentools und der Tools in Visual Studio verwendet, um stark typisierte clientseitige Objekte für die Kommunikation mit Datendiensten zu generieren.</summary>
    </member>
    <member name="T:System.Data.Services.Design.EntityClassGenerator">
      <summary>Durch die Code Generation-Befehlszeilentools und der Tools in Visual Studio verwendet, um stark typisierte clientseitige Objekte für die Kommunikation mit Datendiensten zu generieren.</summary>
    </member>
    <member name="T:System.Data.Services.Design.LanguageOption">
      <summary>Durch die Code Generation-Befehlszeilentools und der Tools in Visual Studio verwendet, um stark typisierte clientseitige Objekte für die Kommunikation mit Datendiensten zu generieren.</summary>
    </member>
    <member name="F:System.Data.Services.Design.LanguageOption.GenerateCSharpCode">
      <summary>Generiert C#-Code.</summary>
    </member>
    <member name="F:System.Data.Services.Design.LanguageOption.GenerateVBCode">
      <summary>Visual Basic-Code generiert.</summary>
    </member>
    <member name="T:System.Data.Services.Design.PropertyGeneratedEventArgs">
      <summary>Durch die Code Generation-Befehlszeilentools und der Tools in Visual Studio verwendet, um stark typisierte clientseitige Objekte für die Kommunikation mit Datendiensten zu generieren.</summary>
    </member>
    <member name="T:System.Data.Services.Design.TypeGeneratedEventArgs">
      <summary>Durch die Code Generation-Befehlszeilentools und der Tools in Visual Studio verwendet, um stark typisierte clientseitige Objekte für die Kommunikation mit Datendiensten zu generieren.</summary>
    </member>
  </members>
</doc>