﻿<?xml version="1.0" encoding="utf-8"?>
<doc>
  <assembly>
    <name>System.Data.Entity.Design</name>
  </assembly>
  <members>
    <member name="E:System.Data.Entity.Design.EntityClassGenerator.OnPropertyGenerated">
      <summary>Tritt ein, wenn eine Eigenschaft geändert wurde.</summary>
    </member>
    <member name="E:System.Data.Entity.Design.EntityClassGenerator.OnTypeGenerated">
      <summary>Tritt auf, wenn sich Typinformationen geändert haben.</summary>
    </member>
    <member name="F:System.Data.Entity.Design.EntityFrameworkVersions.Version1">
      <summary>Eine schreibgeschützte Eigenschaft, die Version 1 des Entity Framework darstellt.</summary>
    </member>
    <member name="F:System.Data.Entity.Design.EntityFrameworkVersions.Version2">
      <summary>Eine schreibgeschützte Eigenschaft, die Version 2 des Entity Framework darstellt.</summary>
    </member>
    <member name="F:System.Data.Entity.Design.EntityFrameworkVersions.Version3">
      <summary>Eine schreibgeschützte Eigenschaft, die Version 3 des Entity Framework darstellt.</summary>
    </member>
    <member name="M:System.Data.Entity.Design.AspNet.EntityDesignerBuildProvider.#ctor">
      <summary>Initialisiert eine neue Instanz der <see cref="T:System.Data.Entity.Design.AspNet.EntityDesignerBuildProvider" />-Klasse.</summary>
    </member>
    <member name="M:System.Data.Entity.Design.AspNet.EntityDesignerBuildProvider.GenerateCode(System.Web.Compilation.AssemblyBuilder)">
      <summary>Generiert C#- oder Visual Basic-Code anhand der Modell- und Zuordnungsabschnitte einer EDMX-Datei.</summary>
      <param name="assemblyBuilder">Ein Container zum Erstellen einer Assembly.</param>
    </member>
    <member name="M:System.Data.Entity.Design.AspNet.EntityDesignerBuildProvider.GetResultFlags(System.CodeDom.Compiler.CompilerResults)">
      <summary>Stellt für den ASP.NET-Compiler Anweisungen zum Erstellen eines Projekts bereit.</summary>
      <param name="results">Die vom ASP.NET-Compiler zurückgegebenen Kompilierungsergebnisse.</param>
      <returns>Das erforderliche Verhalten, wenn ein virtueller Pfad erstellt wird.</returns>
    </member>
    <member name="M:System.Data.Entity.Design.AspNet.EntityModelBuildProvider.#ctor">
      <summary>Initialisiert eine neue Instanz der <see cref="T:System.Data.Entity.Design.AspNet.EntityModelBuildProvider" />-Klasse.</summary>
    </member>
    <member name="M:System.Data.Entity.Design.AspNet.EntityModelBuildProvider.GenerateCode(System.Web.Compilation.AssemblyBuilder)">
      <summary>Generiert Quellcode für den Buildanbieter des Entitätsmodells und fügt den Quellcode einem angegebenen Assembly-Generator hinzu.</summary>
      <param name="assemblyBuilder">Der Assembly-Generator, der auf den vom Buildanbieter generierten Quellcode verweist.</param>
    </member>
    <member name="M:System.Data.Entity.Design.AspNet.EntityModelBuildProvider.GetResultFlags(System.CodeDom.Compiler.CompilerResults)">
      <summary>Gibt einen Wert zurück, der beim Erstellen eines Buildanbieters für ein Entitätsmodell erforderliche Aktionen angibt.</summary>
      <param name="results">Die Kompilierungsergebnisse für den Buildanbieter.</param>
      <returns>Der <see cref="F:System.Web.Compilation.BuildProviderResultFlags.ShutdownAppDomainOnChange" />-Wert, der angibt, dass die enthaltende <see cref="T:System.AppDomain" /> entladen und neu gestartet wird.</returns>
    </member>
    <member name="M:System.Data.Entity.Design.AspNet.MappingModelBuildProvider.#ctor">
      <summary>Initialisiert eine neue Instanz der <see cref="T:System.Data.Entity.Design.AspNet.MappingModelBuildProvider" />-Klasse.</summary>
    </member>
    <member name="M:System.Data.Entity.Design.AspNet.MappingModelBuildProvider.GenerateCode(System.Web.Compilation.AssemblyBuilder)">
      <summary>Bettet die MSL-Datei als Ressource des angegebenen Assembly-Generators ein.</summary>
      <param name="assemblyBuilder">Der Assembly-Generator, der auf den vom Buildanbieter generierten Quellcode verweist.</param>
    </member>
    <member name="M:System.Data.Entity.Design.AspNet.MappingModelBuildProvider.GetResultFlags(System.CodeDom.Compiler.CompilerResults)">
      <summary>Gibt einen Wert zurück, der beim Erstellen eines Buildanbieters für ein Speichermodell erforderliche Aktionen angibt.</summary>
      <param name="results">Die Kompilierungsergebnisse für den Buildanbieter.</param>
      <returns>Der <see cref="F:System.Web.Compilation.BuildProviderResultFlags.ShutdownAppDomainOnChange" />-Wert, der angibt, dass die enthaltende <see cref="T:System.AppDomain" /> entladen und neu gestartet wird.</returns>
    </member>
    <member name="M:System.Data.Entity.Design.AspNet.StorageModelBuildProvider.#ctor">
      <summary>Initialisiert eine neue Instanz der <see cref="T:System.Data.Entity.Design.AspNet.StorageModelBuildProvider" />-Klasse.</summary>
    </member>
    <member name="M:System.Data.Entity.Design.AspNet.StorageModelBuildProvider.GenerateCode(System.Web.Compilation.AssemblyBuilder)">
      <summary>Bettet die SSDL-Datei als Ressource des angegebenen Assembly-Generators ein.</summary>
      <param name="assemblyBuilder">Der Assembly-Generator, der auf den vom Buildanbieter generierten Quellcode verweist.</param>
    </member>
    <member name="M:System.Data.Entity.Design.AspNet.StorageModelBuildProvider.GetResultFlags(System.CodeDom.Compiler.CompilerResults)">
      <summary>Gibt einen Wert zurück, der beim Erstellen eines Buildanbieters für ein Speichermodell erforderliche Aktionen angibt.</summary>
      <param name="results">Die Kompilierungsergebnisse für den Buildanbieter.</param>
      <returns>Der <see cref="F:System.Web.Compilation.BuildProviderResultFlags.ShutdownAppDomainOnChange" />-Wert, der angibt, dass die enthaltende <see cref="T:System.AppDomain" /> entladen und neu gestartet wird.</returns>
    </member>
    <member name="M:System.Data.Entity.Design.EdmToObjectNamespaceMap.Add(System.String,System.String)">
      <summary>Fügt der <see cref="T:System.Data.Entity.Design.EdmToObjectNamespaceMap" /> ein Namespacemapping hinzu.</summary>
      <param name="edmNamespace">Der Modellnamespacename.</param>
      <param name="objectNamespace">Der Codenamespacename.</param>
    </member>
    <member name="M:System.Data.Entity.Design.EdmToObjectNamespaceMap.Clear">
      <summary>Entfernt alle Namespacemappings aus der <see cref="T:System.Data.Entity.Design.EdmToObjectNamespaceMap" />.</summary>
    </member>
    <member name="M:System.Data.Entity.Design.EdmToObjectNamespaceMap.Contains(System.String)">
      <summary>Ruft einen Wert ab, der angibt, ob die <see cref="T:System.Data.Entity.Design.EdmToObjectNamespaceMap" /> den angegebenen Modellnamespacenamen enthält.</summary>
      <param name="edmNamespace">Der Modellnamespacename.</param>
      <returns>true Wenn der Modellnamespacename gefunden wurde. andernfalls false.</returns>
    </member>
    <member name="M:System.Data.Entity.Design.EdmToObjectNamespaceMap.Remove(System.String)">
      <summary>Entfernt das angegebene Namespacemapping.</summary>
      <param name="edmNamespace">Das zu entfernende Modellnamespacemapping.</param>
      <returns>true Wenn das Namespacemapping erfolgreich entfernt wurde. andernfalls false.</returns>
    </member>
    <member name="M:System.Data.Entity.Design.EdmToObjectNamespaceMap.TryGetObjectNamespace(System.String,System.String@)">
      <summary>Ruft einen Wert ab, der angibt, ob der Objektnamespace abgerufen wurde.</summary>
      <param name="edmNamespace">Der Modellnamespacename.</param>
      <param name="objectNamespace">Der Codenamespacename.</param>
      <returns>true Wenn der Objektnamespace abgerufen wurde. andernfalls false.</returns>
    </member>
    <member name="M:System.Data.Entity.Design.EntityClassGenerator.#ctor">
      <summary>Initialisiert eine neue Instanz der <see cref="T:System.Data.Entity.Design.EntityClassGenerator" />-Klasse mit einer <see cref="F:System.Data.Entity.Design.LanguageOption.GenerateCSharpCode" />-Sprachoption.</summary>
    </member>
    <member name="M:System.Data.Entity.Design.EntityClassGenerator.#ctor(System.Data.Entity.Design.LanguageOption)">
      <summary>Initialisiert eine neue Instanz der <see cref="T:System.Data.Entity.Design.EntityClassGenerator" />-Klasse mit der angegebenen <see cref="T:System.Data.Entity.Design.LanguageOption" />.</summary>
      <param name="languageOption">Ein <see cref="T:System.Data.Entity.Design.LanguageOption" />-Wert, der die Sprache des generierten Codes angibt. Die Standardsprache ist C#.</param>
    </member>
    <member name="M:System.Data.Entity.Design.EntityClassGenerator.GenerateCode(System.String,System.String)">
      <summary>Generiert eine Quellcodedatei, die die Objekte enthält, die aus der Datei angegebenen konzeptionellen Schema Definition Language (CSDL) generiert wurden.</summary>
      <param name="sourceEdmSchemaFilePath">Der Pfad der CSDL-Datei.</param>
      <param name="targetFilePath">Der Pfad der generierten Quellcodedatei.</param>
      <returns>Eine <see cref="T:System.Collections.IList" /> von <see cref="T:System.Data.Metadata.Edm.EdmSchemaError" />, die die aufgetretenen Fehler enthält.</returns>
    </member>
    <member name="M:System.Data.Entity.Design.EntityClassGenerator.GenerateCode(System.String,System.String,System.Collections.Generic.IEnumerable{System.String})">
      <summary>Generiert Quellcode mithilfe der angegebenen konzeptionellen Schema Definition Language (CSDL)-Datei. Die Liste von Schemadateipfaden wird verwendet, um in der CSDL-Datei enthaltene Verweise aufzulösen.</summary>
      <param name="sourceEdmSchemaFilePath">Der Pfad der CSDL-Datei.</param>
      <param name="targetPath">Der Pfad der generierten Quellcodedatei.</param>
      <param name="additionalEdmSchemaFilePaths">Eine Liste von Schemadateipfaden, die zur Auflösung von Verweisen im Quellschema (der CSDL-Datei) verwendet werden können. Wenn das Quellschema keine Abhängigkeiten enthält, übergeben Sie eine leere Liste.</param>
      <returns>Ein <see cref="T:System.Collections.IList" /> der <see cref="T:System.Data.Metadata.Edm.EdmSchemaError" /> Objekte, die einen enthält Fehler.</returns>
    </member>
    <member name="M:System.Data.Entity.Design.EntityClassGenerator.GenerateCode(System.Xml.XmlReader,System.IO.TextWriter)">
      <summary>Generiert Quellcode mithilfe der konzeptionellen Schemadefinitionssprache (CSDL) Schemadefinitionsdatei Bestandteil der <see cref="T:System.Xml.XmlReader" /> -Objekt und gibt den generierten Quellcode auf ein <see cref="T:System.IO.TextWriter" />.</summary>
      <param name="sourceEdmSchema">Ein <see cref="T:System.Xml.XmlReader" /> der die CSDL-Datei enthält.</param>
      <param name="target">Die <see cref="T:System.IO.TextWriter" /> in den der Quellcode geschrieben wird.</param>
      <returns>Eine <see cref="T:System.Collections.IList" /> von <see cref="T:System.Data.Metadata.Edm.EdmSchemaError" />, die die aufgetretenen Fehler enthält.</returns>
    </member>
    <member name="M:System.Data.Entity.Design.EntityClassGenerator.GenerateCode(System.Xml.XmlReader,System.IO.TextWriter,System.Collections.Generic.IEnumerable{System.Xml.XmlReader})">
      <summary>Generiert basierend auf der konzeptionellen Schemadefinitionssprache (CSDL) Schemadefinitionsdatei im Quellcode das <see cref="T:System.Xml.XmlReader" /> -Objekt, und klicken Sie dann auf Ausgaben, die der generierte Quellcode auf ein <see cref="T:System.IO.TextWriter" />. Ein <see cref="T:System.Collections.IList" /> der <see cref="T:System.Xml.XmlReader" /> Objekte wird verwendet, um Verweise aufzulösen, die in der CSDL-Datei enthalten sind.</summary>
      <param name="sourceEdmSchema">Ein <see cref="T:System.Xml.XmlReader" /> der die CSDL-Datei enthält.</param>
      <param name="target">Die <see cref="T:System.IO.TextWriter" /> den den generierte Quellcode ausgegeben werden soll.</param>
      <param name="additionalEdmSchemas">Die Liste der <see cref="T:System.Xml.XmlReader" /> Objekte, die Schemas enthalten, die vom Quellschema (der CSDL-Datei) verwiesen wird. Wenn das Quellschema keine Abhängigkeiten enthält, übergeben Sie ein leeres <see cref="T:System.Collections.IList" />-Objekt.</param>
      <returns>Eine Liste der <see cref="T:System.Data.Metadata.Edm.EdmSchemaError" /> Objekte, die einen enthält Fehler.</returns>
    </member>
    <member name="M:System.Data.Entity.Design.EntityCodeGenerator.#ctor(System.Data.Entity.Design.LanguageOption)">
      <summary>Initialisiert eine neue Instanz der <see cref="T:System.Data.Entity.Design.EntityCodeGenerator" /> -Klasse mit der angegebenen Sprache-Option.</summary>
      <param name="languageOption">Die Sprache des generierten Codes.</param>
    </member>
    <member name="M:System.Data.Entity.Design.EntityCodeGenerator.GenerateCode(System.String,System.String)">
      <summary>Erstellt eine Quellcodedatei, die die aus der Datei angegebenen konzeptionellen Schema Definition Language (CSDL) generierten Objektebenencode enthält.</summary>
      <param name="sourceEdmSchemaFilePath">Der Pfad der CSDL-Datei.</param>
      <param name="targetPath">Der Pfad der Datei, die den generierten Objektebenencode enthält.</param>
      <returns>Eine Liste der <see cref="T:System.Data.Metadata.Edm.EdmSchemaError" /> Objekte, die einen enthält Fehler.</returns>
    </member>
    <member name="M:System.Data.Entity.Design.EntityCodeGenerator.GenerateCode(System.String,System.String,System.Collections.Generic.IEnumerable{System.String})">
      <summary>Erstellt eine Quellcodedatei, die aus der Datei angegebenen konzeptionellen Schema Definition Language (CSDL) generierten Objektebenencode enthält. Die Liste von Schemadateipfaden wird verwendet, um in der CSDL-Datei enthaltene Verweise aufzulösen.</summary>
      <param name="sourceEdmSchemaFilePath">Der Pfad der CSDL-Datei.</param>
      <param name="targetPath">Der Pfad der Datei, die den generierten Objektebenencode enthält.</param>
      <param name="additionalEdmSchemaFilePaths">Eine Liste von Schemadateipfaden, die zur Auflösung von Verweisen im Quellschema (der CSDL-Datei) verwendet werden können. Wenn das Quellschema keine Abhängigkeiten enthält, übergeben Sie eine leere Liste.</param>
      <returns>Eine Liste der <see cref="T:System.Data.Metadata.Edm.EdmSchemaError" /> Objekte, die einen enthält Fehler.</returns>
    </member>
    <member name="M:System.Data.Entity.Design.EntityCodeGenerator.GenerateCode(System.String,System.String,System.Collections.Generic.IEnumerable{System.String},System.Version)">
      <summary>Erstellt eine Quellcodedatei, die aus der Datei angegebenen konzeptionellen Schema Definition Language (CSDL) generierten Objektebenencode enthält. Die Liste von Schemadateipfaden wird verwendet, um in der CSDL-Datei enthaltene Verweise aufzulösen. Beachten Sie, dass der Parameter TargetEntityFrameworkVersion interne EntityFramework-Versionsnummern verwendet, wie in beschrieben die <see cref="T:System.Data.Entity.Design.EntityFrameworkVersions" /> Klasse.</summary>
      <param name="sourceEdmSchemaFilePath">Der Pfad der CSDL-Datei.</param>
      <param name="targetPath">Der Pfad der Datei, die den generierten Objektebenencode enthält.</param>
      <param name="additionalEdmSchemaFilePaths">Eine Liste von Schemadateipfaden, die zur Auflösung von Verweisen im Quellschema (der CSDL-Datei) verwendet werden können. Wenn das Quellschema keine Abhängigkeiten enthält, übergeben Sie eine leere Liste.</param>
      <param name="targetEntityFrameworkVersion">Die interne Entity Framework-Version, die vorgesehen ist.</param>
      <returns>Eine Liste der <see cref="T:System.Data.Metadata.Edm.EdmSchemaError" /> Objekte, die einen enthält Fehler.</returns>
    </member>
    <member name="M:System.Data.Entity.Design.EntityCodeGenerator.GenerateCode(System.String,System.String,System.Version)">
      <summary>Erstellt eine Quellcodedatei, die die aus der Datei angegebenen konzeptionellen Schema Definition Language (CSDL) generierten Objektebenencode enthält. Beachten Sie, dass der Parameter TargetEntityFrameworkVersion interne Entity Framework-Versionsnummern verwendet, wie in beschrieben die <see cref="T:System.Data.Entity.Design.EntityFrameworkVersions" /> Klasse.</summary>
      <param name="sourceEdmSchemaFilePath">Der Pfad der CSDL-Datei.</param>
      <param name="targetPath">Der Pfad der Datei, die den generierten Objektebenencode enthält.</param>
      <param name="targetEntityFrameworkVersion">Die interne Entity Framework-Version, die vorgesehen ist.</param>
      <returns>Eine Liste der <see cref="T:System.Data.Metadata.Edm.EdmSchemaError" /> Objekte, die einen enthält Fehler.</returns>
    </member>
    <member name="M:System.Data.Entity.Design.EntityCodeGenerator.GenerateCode(System.Xml.XmlReader,System.IO.TextWriter)">
      <summary>Generiert Code auf Objektebene mithilfe der konzeptionellen Schemadefinitionssprache (CSDL) angegeben, der <see cref="T:System.Xml.XmlReader" /> -Objekt und gibt den generierten Code an einen <see cref="T:System.IO.TextWriter" />.</summary>
      <param name="sourceEdmSchema">Ein <see cref="T:System.Xml.XmlReader" /> der die CSDL-Daten enthält.</param>
      <param name="target">Die <see cref="T:System.IO.TextWriter" /> in den der Objektebenencode geschrieben wird.</param>
      <returns>Eine Liste der <see cref="T:System.Data.Metadata.Edm.EdmSchemaError" /> Objekte, die einen enthält Fehler.</returns>
    </member>
    <member name="M:System.Data.Entity.Design.EntityCodeGenerator.GenerateCode(System.Xml.XmlReader,System.IO.TextWriter,System.Collections.Generic.IEnumerable{System.Xml.XmlReader})">
      <summary>Generiert Code auf Objektebene basierend auf der konzeptionellen Schemadefinitionssprache (CSDL) angegeben, der <see cref="T:System.Xml.XmlReader" /> -Objekt und gibt den generierten Code an einen <see cref="T:System.IO.TextWriter" />. Eine Liste der <see cref="T:System.Xml.XmlReader" /> Objekte wird verwendet, um Verweise aufzulösen, die in der CSDL enthalten sind.</summary>
      <param name="sourceEdmSchema">Ein <see cref="T:System.Xml.XmlReader" /> der die CSDL-Daten enthält.</param>
      <param name="target">Die <see cref="T:System.IO.TextWriter" /> der generierten Objektebenencode ausgegeben.</param>
      <param name="additionalEdmSchemas">Eine Liste von <see cref="T:System.Xml.XmlReader" /> -Objekten, die Schemas enthalten, auf die vom Quellschema (der CSDL) verweist. Wenn das Quellschema keine Abhängigkeiten enthält, übergeben Sie eine leere Liste.</param>
      <returns>Eine Liste der <see cref="T:System.Data.Metadata.Edm.EdmSchemaError" /> Objekte, die einen enthält Fehler.</returns>
    </member>
    <member name="M:System.Data.Entity.Design.EntityCodeGenerator.GenerateCode(System.Xml.XmlReader,System.IO.TextWriter,System.Collections.Generic.IEnumerable{System.Xml.XmlReader},System.Version)">
      <summary>Erstellt eine Quellcodedatei, die die aus der Datei angegebenen konzeptionellen Schema Definition Language (CSDL) generierten Objektebenencode enthält. Beachten Sie, dass der Parameter TargetEntityFrameworkVersion interne Entity Framework-Versionsnummern verwendet, wie in beschrieben die <see cref="T:System.Data.Entity.Design.EntityFrameworkVersions" /> Klasse.</summary>
      <param name="sourceEdmSchema">Kein XmlReader-Objekt, das den CSDL-Daten enthält.</param>
      <param name="target">Der TextWriter, in den der Objektebenencode geschrieben wird.</param>
      <param name="additionalEdmSchemas">Eine Liste der XmlReader-Objekten, die Schemas enthalten, auf die vom Quellschema (der CSDL) verweist. Wenn das Quellschema keine Abhängigkeiten, übergeben Sie ein leeres IList-Objekt.</param>
      <param name="targetEntityFrameworkVersion">Die interne Entity Framework-Version, die vorgesehen ist.</param>
      <returns>Eine Liste der <see cref="T:System.Data.Metadata.Edm.EdmSchemaError" /> Objekte, die einen enthält Fehler.</returns>
    </member>
    <member name="M:System.Data.Entity.Design.EntityCodeGenerator.GenerateCode(System.Xml.XmlReader,System.IO.TextWriter,System.Version)">
      <summary>Generiert Code auf Objektebene mithilfe der konzeptionellen Schemadefinitionssprache (CSDL) angegeben, in das XmlReader-Objekt und gibt den generierten Code an einen TextWriter aus. Beachten Sie, dass der Parameter TargetEntityFrameworkVersion interne EntityFramework-Versionsnummern verwendet, wie in beschrieben die <see cref="T:System.Data.Entity.Design.EntityFrameworkVersions" /> Klasse.</summary>
      <param name="sourceEdmSchema">Kein XmlReader-Objekt, das den CSDL-Daten enthält.</param>
      <param name="target">Der TextWriter, in den der Objektebenencode geschrieben wird.</param>
      <param name="targetEntityFrameworkVersion">Die interne Entity Framework-Version, die vorgesehen ist.</param>
      <returns>Eine Liste der <see cref="T:System.Data.Metadata.Edm.EdmSchemaError" /> Objekte, die einen enthält Fehler.</returns>
    </member>
    <member name="M:System.Data.Entity.Design.EntityFrameworkVersions.GetSchemaXsd(System.Version,System.Data.Metadata.Edm.DataSpace)">
      <summary>Gibt einen Stream der XSD entspricht, die auf die angegebene Entity Framework-Version, Modell Standardnamen gemäß der <paramref name="dataSpace" /> Parameter.</summary>
      <param name="entityFrameworkVersion">Die Eigenschaft des <see cref="T:System.Data.Entity.Design.EntityFrameworkVersions" /> die der Zielversion des Entity Framework entspricht.</param>
      <param name="dataSpace">Die gewünschte <see cref="T:System.Data.Metadata.Edm.DataSpace" /> von XSD.</param>
      <returns>Ein  <see cref="T:System.IO.Stream" /> der XSD, die der angegebenen Entity Framework-Version entspricht, und <see cref="T:System.Data.Metadata.Edm.DataSpace" />.</returns>
    </member>
    <member name="M:System.Data.Entity.Design.EntityModelSchemaGenerator.#ctor(System.Data.Metadata.Edm.EntityContainer)">
      <summary>Initialisiert eine neue Instanz der <see cref="T:System.Data.Entity.Design.EntityModelSchemaGenerator" />-Klasse.</summary>
      <param name="storeEntityContainer">Das Speichermodell EntityContainer aus dem die Konzept- und Zuordnungsmetadaten wird erstellt.</param>
    </member>
    <member name="M:System.Data.Entity.Design.EntityModelSchemaGenerator.#ctor(System.Data.Metadata.Edm.EntityContainer,System.String,System.String)">
      <summary>Initialisiert eine neue Instanz der <see cref="T:System.Data.Entity.Design.EntityModelSchemaGenerator" />-Klasse.</summary>
      <param name="storeEntityContainer">Das Speichermodell EntityContainer aus dem die Konzept- und Zuordnungsmetadaten wird erstellt.</param>
      <param name="namespaceName">Der Name für den Namespace des konzeptionellen Modells. Wenn dieser Wert null ist, wird der StoreEntityContainer Name für den Namespacenamen verwendet.</param>
      <param name="modelEntityContainerName">Der EntityContainer-Name deklariert im konzeptionellen Modell.</param>
    </member>
    <member name="M:System.Data.Entity.Design.EntityModelSchemaGenerator.#ctor(System.Data.Metadata.Edm.StoreItemCollection,System.String,System.String)">
      <summary> Erstellt eine EntityModelGenerator </summary>
      <param name="storeItemCollection">Die StoreItemCollection, die einem EntityContainer und andere Elemente, aus die Modellmetadaten erstellen enthält.</param>
      <param name="namespaceName">Der Name für den Namespace ein. Wenn null ist, wird der Name des StoreEntityContainer verwendet werden.</param>
      <param name="modelEntityContainerName">Der Name der Modell-EntityContainer gegeben. Bei null wird eine geänderte Version des Namespaces für die eines Typs in StoreEntityContainer verwiesen werden kann.</param>
    </member>
    <member name="M:System.Data.Entity.Design.EntityModelSchemaGenerator.GenerateMetadata">
      <summary>Generiert die Metadateninformationen des konzeptionellen Modells und gibt eventuelle Schemafehler zurück.</summary>
      <returns>Eine Auflistung von Schemaobjekten Fehler.</returns>
    </member>
    <member name="M:System.Data.Entity.Design.EntityModelSchemaGenerator.GenerateMetadata(System.Version)">
      <summary>Generiert die Metadateninformationen des konzeptionellen Modells und gibt eventuelle Schemafehler zurück.</summary>
      <param name="targetEntityFrameworkVersion">Die Eigenschaft des EntityFrameworkVersions, die der Zielversion des Entity Framework entspricht.</param>
      <returns>Eine Auflistung von Schemaobjekten Fehler.</returns>
    </member>
    <member name="M:System.Data.Entity.Design.EntityModelSchemaGenerator.WriteModelSchema(System.String)">
      <summary>Schreibt die generierten konzeptionellen Schemadefinitionssprache (CSDL) in der angegebenen Datei.</summary>
      <param name="outputFileName">Der Name der Ausgabedatei.</param>
    </member>
    <member name="M:System.Data.Entity.Design.EntityModelSchemaGenerator.WriteModelSchema(System.Xml.XmlWriter)">
      <summary>Schreibt die generierten konzeptionellen Schemadefinitionssprache (CSDL) einem XmlWriter-Objekt.</summary>
      <param name="writer">Der XmlWriter, in den die CSDL-Daten geschrieben werden.</param>
    </member>
    <member name="M:System.Data.Entity.Design.EntityModelSchemaGenerator.WriteStorageMapping(System.String)">
      <summary>Schreibt die generierte Mapping-Spezifikationssprache (MSL) für die angegebene Datei.</summary>
      <param name="outputFileName">Der Name der Ausgabedatei.</param>
    </member>
    <member name="M:System.Data.Entity.Design.EntityModelSchemaGenerator.WriteStorageMapping(System.Xml.XmlWriter)">
      <summary>Schreibt die generierte Mapping-Spezifikationssprache (MSL) auf ein XmlWriter-Objekt.</summary>
      <param name="writer">Der XmlWriter, in den die MSL-Daten geschrieben werden.</param>
    </member>
    <member name="M:System.Data.Entity.Design.EntityStoreSchemaFilterEntry.#ctor(System.String,System.String,System.String)">
      <summary>Initialisiert eine neue Instanz der <see cref="T:System.Data.Entity.Design.EntityStoreSchemaFilterEntry" />-Klasse mit den angegebenen Parametern für den Katalog, das Schema und die Namensfilter.</summary>
      <param name="catalog">Das Muster zum Auswählen des entsprechenden Katalogs.</param>
      <param name="schema">Das Muster zum Auswählen des entsprechenden Schemas bzw. NULL, um die Auswahl nicht anhand des Schemas einzuschränken.</param>
      <param name="name">Das Muster zum Auswählen des entsprechenden Namens bzw. NULL, um die Auswahl nicht anhand des Namens einzuschränken.</param>
    </member>
    <member name="M:System.Data.Entity.Design.EntityStoreSchemaFilterEntry.#ctor(System.String,System.String,System.String,System.Data.Entity.Design.EntityStoreSchemaFilterObjectTypes,System.Data.Entity.Design.EntityStoreSchemaFilterEffect)">
      <summary>Initialisiert eine neue Instanz der <see cref="T:System.Data.Entity.Design.EntityStoreSchemaFilterEntry" />-Klasse mit den angegebenen Parametern für den Katalog, das Schema, den Namen, die Typfilter und die Filtereffekteinstellungen.</summary>
      <param name="catalog">Das Muster zum Auswählen des entsprechenden Katalogs bzw. NULL, um die Auswahl nicht anhand des Katalogs einzuschränken.</param>
      <param name="schema">Das Muster zum Auswählen des entsprechenden Schemas bzw. NULL, um die Auswahl nicht anhand des Schemas einzuschränken.</param>
      <param name="name">Das Muster zum Auswählen des entsprechenden Namens bzw. NULL, um die Auswahl nicht anhand des Namens einzuschränken.</param>
      <param name="types">Der Typ der Objekte, auf die dieser Filter angewendet wird.</param>
      <param name="effect">Ein <see cref="T:System.Data.Entity.Design.EntityStoreSchemaFilterEffect" />-Wert, der angibt, ob Einträge, die die angegebenen Filter passieren, zugelassen oder ausgeschlossen werden.</param>
    </member>
    <member name="M:System.Data.Entity.Design.EntityStoreSchemaGenerator.#ctor(System.String,System.String,System.String)">
      <summary>Initialisiert eine neue Instanz der <see cref="T:System.Data.Entity.Design.EntityStoreSchemaGenerator" />-Klasse.</summary>
      <param name="providerInvariantName">Der unveränderliche Name eines Anbieters.</param>
      <param name="connectionString">Die Verbindung, mit der die Datenbank geöffnet wird.</param>
      <param name="namespaceName">Der Namespacename für die Datenspeicherschema-Definitionssprache (SSDL).</param>
    </member>
    <member name="M:System.Data.Entity.Design.EntityStoreSchemaGenerator.CreateStoreSchemaConnection(System.String,System.String)">
      <summary>Erstellt ein EntityConnection-Objekt mit der Anbieter-Metadaten für das Speicherschema geladen.</summary>
      <param name="providerInvariantName">Der unveränderliche Name eines Anbieters.</param>
      <param name="connectionString">Die Verbindung für die Anbieter-Verbindung.</param>
      <returns>Ein EntityConnection-Objekt, das die Schemadefinition des Anbieters abgefragt werden kann.</returns>
    </member>
    <member name="M:System.Data.Entity.Design.EntityStoreSchemaGenerator.CreateStoreSchemaConnection(System.String,System.String,System.Version)">
      <summary> Erstellt ein EntityConnection-Objekt mit der Anbieter-Metadaten für das Speicherschema geladen. Beachten Sie, dass der Parameter TargetEntityFrameworkVersion interne EntityFramework-Versionsnummern verwendet, wie in beschrieben die <see cref="T:System.Data.Entity.Design.EntityFrameworkVersions" /> Klasse.</summary>
      <param name="providerInvariantName">Der invariante Anbietername.</param>
      <param name="connectionString">Die Verbindung für die Anbieter-Verbindung.</param>
      <param name="targetEntityFrameworkVersion">Die interne Entity Framework-Version, die vorgesehen ist.</param>
      <returns>Ein EntityConnection-Objekt, das die Schemadefinition des Anbieters abgefragt werden kann.</returns>
    </member>
    <member name="M:System.Data.Entity.Design.EntityStoreSchemaGenerator.GenerateStoreMetadata">
      <summary>Generiert Speichermetadaten und gibt eventuelle Schemafehler zurück.</summary>
      <returns>Die Auflistung der Fehler Schemaobjekte.</returns>
    </member>
    <member name="M:System.Data.Entity.Design.EntityStoreSchemaGenerator.GenerateStoreMetadata(System.Collections.Generic.IEnumerable{System.Data.Entity.Design.EntityStoreSchemaFilterEntry})">
      <summary>Generiert Speichermetadaten und gibt eventuelle Schemafehler zurück.</summary>
      <param name="filters">Ein EntityStoreSchemaFilterEntry, der angibt, welche Datenbankobjekte während der Generierung zugelassen oder ausgeschlossen.</param>
      <returns>Die Auflistung der Fehler Schemaobjekte.</returns>
    </member>
    <member name="M:System.Data.Entity.Design.EntityStoreSchemaGenerator.GenerateStoreMetadata(System.Collections.Generic.IEnumerable{System.Data.Entity.Design.EntityStoreSchemaFilterEntry},System.Version)">
      <summary>Generiert die Datenspeicherschema-Definitionssprache (SSDL) und gibt eventuelle Schemafehler zurück.</summary>
      <param name="filters">Ein EntityStoreSchemaFilterEntry, der angibt, welche Datenbankobjekte während der Generierung zugelassen oder ausgeschlossen.</param>
      <param name="targetEntityFrameworkVersion">Die Eigenschaft des EntityFrameworkVersions, die der Zielversion des Entity Framework entspricht.</param>
      <returns>Die Auflistung der Fehler Schemaobjekte.</returns>
    </member>
    <member name="M:System.Data.Entity.Design.EntityStoreSchemaGenerator.WriteStoreSchema(System.String)">
      <summary>Schreibt das generierte Datenspeicherschema-Definitionssprache (SSDL) in eine Datei.</summary>
      <param name="outputFileName">Der Name der Ausgabedatei.</param>
    </member>
    <member name="M:System.Data.Entity.Design.EntityStoreSchemaGenerator.WriteStoreSchema(System.Xml.XmlWriter)">
      <summary>Schreibt das generierte Datenspeicherschema-Definitionssprache (SSDL) an einen XmlWriter-Objekt.</summary>
      <param name="writer">Der XmlWriter, in den die SSDL geschrieben wird.</param>
    </member>
    <member name="M:System.Data.Entity.Design.EntityViewGenerator.#ctor">
      <summary>Initialisiert eine neue Instanz der <see cref="T:System.Data.Entity.Design.EntityViewGenerator" />-Klasse mit einer <see cref="F:System.Data.Entity.Design.LanguageOption.GenerateCSharpCode" />-Sprachoption.</summary>
    </member>
    <member name="M:System.Data.Entity.Design.EntityViewGenerator.#ctor(System.Data.Entity.Design.LanguageOption)">
      <summary>Initialisiert eine neue Instanz der <see cref="T:System.Data.Entity.Design.EntityViewGenerator" />-Klasse mit der angegebenen <see cref="T:System.Data.Entity.Design.LanguageOption" />.</summary>
      <param name="languageOption">Einer der <see cref="T:System.Data.Entity.Design.LanguageOption" />-Werte, der die Sprache des generierten Codes angibt. Die Standardsprache ist C#.</param>
    </member>
    <member name="M:System.Data.Entity.Design.EntityViewGenerator.GenerateViews(System.Data.Mapping.StorageMappingItemCollection,System.IO.TextWriter)">
      <summary>Generiert zur Kompilierungszeit Sichten für die Extents in einer <see cref="T:System.Data.Mapping.StorageMappingItemCollection" />. Sendet eine Quellcodedatei an einen <see cref="T:System.IO.TextWriter" />, um diese Sichten zur Laufzeit verfügbar zu machen.</summary>
      <param name="mappingCollection">Die <see cref="T:System.Data.Mapping.StorageMappingItemCollection" />, aus der Sichten generiert werden.</param>
      <param name="outputWriter">Der <see cref="T:System.IO.TextWriter" />, an den der generierte Code gesendet wird.</param>
      <returns>Eine Liste mit einer generierten Fehler.</returns>
    </member>
    <member name="M:System.Data.Entity.Design.EntityViewGenerator.GenerateViews(System.Data.Mapping.StorageMappingItemCollection,System.IO.TextWriter,System.Version)">
      <summary>Generiert zur Kompilierungszeit Sichten für die Extents in einer <see cref="T:System.Data.Mapping.StorageMappingItemCollection" />. Sendet eine Quellcodedatei an einen <see cref="T:System.IO.TextWriter" />, um diese Sichten zur Laufzeit verfügbar zu machen.</summary>
      <param name="mappingCollection">Die zu validierende <see cref="T:System.Data.Mapping.StorageMappingItemCollection" />.</param>
      <param name="outputWriter">Die <see cref="T:System.IO.TextWriter" /> in den die Ausgabe geschrieben wird.</param>
      <param name="targetEntityFrameworkVersion">Die Eigenschaft des <see cref="T:System.Data.Entity.Design.EntityFrameworkVersions" /> die der Zielversion des Entity Framework entspricht.</param>
      <returns>Eine Liste mit einer generierten Fehler.</returns>
    </member>
    <member name="M:System.Data.Entity.Design.EntityViewGenerator.GenerateViews(System.Data.Mapping.StorageMappingItemCollection,System.String)">
      <summary>Generiert zur Kompilierungszeit Sichten für die Extents in einer <see cref="T:System.Data.Mapping.StorageMappingItemCollection" />. Schreibt eine Quellcodedatei an einen angegebenen Speicherort, der die Ansichten zur Laufzeit verfügbar macht.</summary>
      <param name="mappingCollection">Die <see cref="T:System.Data.Mapping.StorageMappingItemCollection" />, aus der Sichten generiert werden.</param>
      <param name="outputPath">Der <see cref="T:System.String" />, der den Speicherort angibt, an dem die Quellcodedatei geschrieben werden soll.</param>
      <returns>Eine Liste mit einer generierten Fehler.</returns>
    </member>
    <member name="M:System.Data.Entity.Design.EntityViewGenerator.Validate(System.Data.Mapping.StorageMappingItemCollection)">
      <summary>Validiert eine <see cref="T:System.Data.Mapping.StorageMappingItemCollection" />.</summary>
      <param name="mappingCollection">Die zu validierende <see cref="T:System.Data.Mapping.StorageMappingItemCollection" />.</param>
      <returns>Eine Liste mit einer generierten Fehler.</returns>
    </member>
    <member name="M:System.Data.Entity.Design.EntityViewGenerator.Validate(System.Data.Mapping.StorageMappingItemCollection,System.Version)">
      <summary>Validiert eine <see cref="T:System.Data.Mapping.StorageMappingItemCollection" />.</summary>
      <param name="mappingCollection">Die zu validierende <see cref="T:System.Data.Mapping.StorageMappingItemCollection" />.</param>
      <param name="targetEntityFrameworkVersion">Die Eigenschaft des <see cref="T:System.Data.Entity.Design.EntityFrameworkVersions" /> die der Zielversion des Entity Framework entspricht.</param>
      <returns>Eine Liste, die sämtliche Validierungsfehler enthält.</returns>
    </member>
    <member name="M:System.Data.Entity.Design.MetadataExtensionMethods.GetPrimitiveTypes(System.Data.Metadata.Edm.EdmItemCollection,System.Version)">
      <summary> Rufen Sie die Liste der primitiven Typen für die angegebene Version des Edm </summary>
      <param name="itemCollection">Der Auflistung aus dem die Liste der primitiven Typen abgerufen.</param>
      <param name="edmVersion">Die Version des Edm verwendet</param>
    </member>
    <member name="M:System.Data.Entity.Design.MetadataItemCollectionFactory.CreateEdmItemCollection(System.Collections.Generic.IEnumerable{System.Xml.XmlReader},System.Collections.Generic.IList{System.Data.Metadata.Edm.EdmSchemaError}@)">
      <summary>Erstellt eine <see cref="T:System.Data.Metadata.Edm.EdmItemCollection" /> und lädt die Metadaten im <see cref="T:System.Collections.IEnumerable" /> von <see cref="T:System.Xml.XmlReader" />.</summary>
      <param name="readers">Ein <see cref="T:System.Collections.IEnumerable" /> von <see cref="T:System.Xml.XmlReader" />, das die Metadatendateien enthält.</param>
      <param name="errors">Eine <see cref="T:System.Collections.IList" /> von <see cref="T:System.Data.Metadata.Edm.EdmSchemaError" />. Sämtliche während des Erstellens der <see cref="T:System.Data.Metadata.Edm.EdmItemCollection" /> erzeugten Fehler werden der Liste hinzugefügt.</param>
      <returns>Eine <see cref="T:System.Data.Metadata.Edm.EdmItemCollection" />, die die angegebenen Metadaten enthält.</returns>
    </member>
    <member name="M:System.Data.Entity.Design.MetadataItemCollectionFactory.CreateEdmItemCollection(System.Collections.Generic.IEnumerable{System.Xml.XmlReader},System.Version,System.Collections.Generic.IList{System.Data.Metadata.Edm.EdmSchemaError}@)">
      <summary>Erstellt eine <see cref="T:System.Data.Metadata.Edm.EdmItemCollection" /> und lädt die Metadaten im <see cref="T:System.Collections.IEnumerable" /> von <see cref="T:System.Xml.XmlReader" />.</summary>
      <param name="readers">Ein <see cref="T:System.Collections.IEnumerable" /> von <see cref="T:System.Xml.XmlReader" />, das die Metadatendateien enthält.</param>
      <param name="targetEntityFrameworkVersion">Die Eigenschaft des <see cref="T:System.Data.Entity.Design.EntityFrameworkVersions" /> die der Zielversion des Entity Framework entspricht.</param>
      <param name="errors">Eine <see cref="T:System.Collections.IList" /> von <see cref="T:System.Data.Metadata.Edm.EdmSchemaError" />. Sämtliche während des Erstellens der <see cref="T:System.Data.Metadata.Edm.EdmItemCollection" /> erzeugten Fehler werden der Liste hinzugefügt.</param>
      <returns>Eine <see cref="T:System.Data.Metadata.Edm.EdmItemCollection" />, die die angegebenen Metadaten enthält.</returns>
    </member>
    <member name="M:System.Data.Entity.Design.MetadataItemCollectionFactory.CreateStorageMappingItemCollection(System.Data.Metadata.Edm.EdmItemCollection,System.Data.Metadata.Edm.StoreItemCollection,System.Collections.Generic.IEnumerable{System.Xml.XmlReader},System.Collections.Generic.IList{System.Data.Metadata.Edm.EdmSchemaError}@)">
      <summary>Erstellt eine <see cref="T:System.Data.Mapping.StorageMappingItemCollection" /> und lädt die Metadaten in der angegebenen <see cref="T:System.Data.Metadata.Edm.EdmItemCollection" />, der angegebenen <see cref="T:System.Data.Metadata.Edm.StoreItemCollection" /> und der angegebenen Auflistung von <see cref="T:System.Xml.XmlReader" />-Objekten.</summary>
      <param name="edmCollection">Ein <see cref="T:System.Data.Metadata.Edm.EdmItemCollection" />-Objekt.</param>
      <param name="storeCollection">Ein <see cref="T:System.Data.Metadata.Edm.StoreItemCollection" />-Objekt.</param>
      <param name="readers">Ein <see cref="T:System.Collections.IEnumerable" /> von <see cref="T:System.Xml.XmlReader" />, das die Metadatendateien enthält.</param>
      <param name="errors">Eine <see cref="T:System.Collections.IList" /> von <see cref="T:System.Data.Metadata.Edm.EdmSchemaError" />. Fehler, die während der <see cref="T:System.Data.Mapping.StorageMappingItemCollection" /> Erstellung der Liste hinzugefügt werden.</param>
      <returns>Eine <see cref="T:System.Data.Mapping.StorageMappingItemCollection" />, die die angegebenen Metadaten enthält.</returns>
    </member>
    <member name="M:System.Data.Entity.Design.MetadataItemCollectionFactory.CreateStorageMappingItemCollection(System.Data.Metadata.Edm.EdmItemCollection,System.Data.Metadata.Edm.StoreItemCollection,System.Collections.Generic.IEnumerable{System.Xml.XmlReader},System.Version,System.Collections.Generic.IList{System.Data.Metadata.Edm.EdmSchemaError}@)">
      <summary>Erstellt ein <see cref="T:System.Data.Mapping.StorageMappingItemCollection" /> aus den Zuordnungsinformationen in der <see cref="T:System.Xml.XmlReader" /> Objekte und die Metadaten in der angegebenen <see cref="T:System.Data.Metadata.Edm.EdmItemCollection" /> und <see cref="T:System.Data.Metadata.Edm.StoreItemCollection" /> Objekte.</summary>
      <param name="edmCollection">Ein <see cref="T:System.Data.Metadata.Edm.EdmItemCollection" />-Objekt.</param>
      <param name="storeCollection">Ein <see cref="T:System.Data.Metadata.Edm.StoreItemCollection" />-Objekt.</param>
      <param name="readers">Ein <see cref="T:System.Collections.IEnumerable" /> von <see cref="T:System.Xml.XmlReader" />, das die Metadatendateien enthält.</param>
      <param name="targetEntityFrameworkVersion">Die Eigenschaft des <see cref="T:System.Data.Entity.Design.EntityFrameworkVersions" /> die der Zielversion des Entity Framework entspricht.</param>
      <param name="errors">Eine <see cref="T:System.Collections.IList" /> von <see cref="T:System.Data.Metadata.Edm.EdmSchemaError" />. Fehler, die während der <see cref="T:System.Data.Mapping.StorageMappingItemCollection" /> Erstellung der Liste hinzugefügt werden.</param>
      <returns>Eine <see cref="T:System.Data.Mapping.StorageMappingItemCollection" />, die die angegebenen Metadaten enthält.</returns>
    </member>
    <member name="M:System.Data.Entity.Design.MetadataItemCollectionFactory.CreateStoreItemCollection(System.Collections.Generic.IEnumerable{System.Xml.XmlReader},System.Collections.Generic.IList{System.Data.Metadata.Edm.EdmSchemaError}@)">
      <summary>Erstellt eine <see cref="T:System.Data.Metadata.Edm.StoreItemCollection" /> und stellt eine Liste der Fehler und Warnungen.</summary>
      <param name="readers">Eine Auflistung von <see cref="T:System.Xml.XmlReader" />-Objekten, die jeweils in einer Speichermodelldatei lesen. Die Speichermodelldatei wird in der Datenspeicherschema-Definitionssprache (SSDL) geschrieben.</param>
      <param name="errors">Eine Liste von beim Laden der SSDL-Metadaten aufgetretenen Fehlern.</param>
      <returns>Ein <see cref="T:System.Data.Metadata.Edm.StoreItemCollection" /> der eine Liste der Fehler und Warnungen bereitstellt.</returns>
    </member>
    <member name="M:System.Data.Entity.Design.MetadataItemCollectionFactory.CreateStoreItemCollection(System.Collections.Generic.IEnumerable{System.Xml.XmlReader},System.Version,System.Collections.Generic.IList{System.Data.Metadata.Edm.EdmSchemaError}@)">
      <summary>Erstellt eine <see cref="T:System.Data.Metadata.Edm.StoreItemCollection" /> und stellt eine Liste der Fehler und Warnungen.</summary>
      <param name="readers">Eine Auflistung von <see cref="T:System.Xml.XmlReader" />-Objekten, die jeweils in einer Speichermodelldatei lesen. Die Speichermodelldatei wird in der Datenspeicherschema-Definitionssprache (SSDL) geschrieben.</param>
      <param name="targetEntityFrameworkVersion">Die Eigenschaft des <see cref="T:System.Data.Entity.Design.EntityFrameworkVersions" /> die der Zielversion des Entity Framework entspricht.</param>
      <param name="errors">Eine Liste von beim Laden der SSDL-Metadaten aufgetretenen Fehlern.</param>
      <returns>Ein <see cref="T:System.Data.Metadata.Edm.StoreItemCollection" /> der eine Liste der Fehler und Warnungen bereitstellt.</returns>
    </member>
    <member name="M:System.Data.Entity.Design.PluralizationServices.ICustomPluralizationMapping.AddWord(System.String,System.String)">
      <summary>Fügt Singular- und Pluralformen eines Wortes, um die <see cref="T:System.Data.Entity.Design.PluralizationServices.ICustomPluralizationMapping" /> Objekt.</summary>
      <param name="singular">Die Singularform Version des hinzugefügten Worts der <see cref="T:System.Data.Entity.Design.PluralizationServices.ICustomPluralizationMapping" /> Objekt.</param>
      <param name="plural">Die Pluralform Version des hinzugefügten Worts der <see cref="T:System.Data.Entity.Design.PluralizationServices.ICustomPluralizationMapping" /> Objekt.</param>
    </member>
    <member name="M:System.Data.Entity.Design.PluralizationServices.PluralizationService.#ctor">
      <summary>Initialisiert eine neue Instanz der <see cref="T:System.Data.Entity.Design.PluralizationServices.PluralizationService" />-Klasse.</summary>
    </member>
    <member name="M:System.Data.Entity.Design.PluralizationServices.PluralizationService.CreateService(System.Globalization.CultureInfo)">
      <summary>Erstellt eine <see cref="T:System.Data.Entity.Design.PluralizationServices.PluralizationService" /> die wendet Sprachregeln entsprechen, auf dem angegebenen <see cref="T:System.Globalization.CultureInfo" />.</summary>
      <param name="culture">Die <see cref="T:System.Globalization.CultureInfo" /> entspricht die Sprachregeln für Singular- und Pluralformen Formen von Wörtern angewendet.</param>
      <returns>Das neu erstellte <see cref="T:System.Data.Entity.Design.PluralizationServices.PluralizationService" /> Objekt.</returns>
    </member>
    <member name="M:System.Data.Entity.Design.PluralizationServices.PluralizationService.IsPlural(System.String)">
      <summary>Bestimmt, ob das angegebene Wort die Pluralform aufweist.</summary>
      <param name="word">Der zu analysierende Wert.</param>
      <returns>true Wenn das Wort in den plural gesetzt ist. andernfalls false.</returns>
    </member>
    <member name="M:System.Data.Entity.Design.PluralizationServices.PluralizationService.IsSingular(System.String)">
      <summary>Bestimmt, ob das angegebene Wort die Singularform aufweist.</summary>
      <param name="word">Der zu analysierende Wert.</param>
      <returns>true Wenn das Wort im singular ist. andernfalls false.</returns>
    </member>
    <member name="M:System.Data.Entity.Design.PluralizationServices.PluralizationService.Pluralize(System.String)">
      <summary>Gibt die Pluralform des angegebenen Worts</summary>
      <param name="word">Das Wort im plural vorgenommen werden.</param>
      <returns>Die Pluralform des Eingabeparameters.</returns>
    </member>
    <member name="M:System.Data.Entity.Design.PluralizationServices.PluralizationService.Singularize(System.String)">
      <summary>Gibt die Singularform des angegebenen Worts zurück.</summary>
      <param name="word">Das Wort im singular vorgenommen werden.</param>
      <returns>Die Singularform des Eingabeparameters.</returns>
    </member>
    <member name="M:System.Data.Entity.Design.PropertyGeneratedEventArgs.#ctor">
      <summary>Initialisiert eine neue Instanz der <see cref="T:System.Data.Entity.Design.PropertyGeneratedEventArgs" />-Klasse.</summary>
    </member>
    <member name="M:System.Data.Entity.Design.PropertyGeneratedEventArgs.#ctor(System.Data.Metadata.Edm.MetadataItem,System.String,System.CodeDom.CodeTypeReference)">
      <summary>Initialisiert eine neue Instanz der <see cref="T:System.Data.Entity.Design.PropertyGeneratedEventArgs" />-Klasse mit den angegebenen Werten für die Eigenschaftenquelle, den Namen des dahinter liegenden Felds und den Rückgabetyp.</summary>
      <param name="propertySource">Das <see cref="T:System.Data.Metadata.Edm.MetadataItem" />-Objekt, das die Quelle der Eigenschaft darstellt.</param>
      <param name="backingFieldName">Der Name des hinter der Eigenschaft liegenden Felds.</param>
      <param name="returnType">Der Basistyp der Eigenschaft.</param>
    </member>
    <member name="M:System.Data.Entity.Design.TypeGeneratedEventArgs.#ctor">
      <summary>Initialisiert eine neue Instanz der <see cref="T:System.Data.Entity.Design.TypeGeneratedEventArgs" />-Klasse.</summary>
    </member>
    <member name="M:System.Data.Entity.Design.TypeGeneratedEventArgs.#ctor(System.Data.Metadata.Edm.GlobalItem,System.CodeDom.CodeTypeReference)">
      <summary>Initialisiert eine neue Instanz der <see cref="T:System.Data.Entity.Design.TypeGeneratedEventArgs" />-Klasse mit den angegebenen Quell- und Basistypen.</summary>
      <param name="typeSource">Die Quelle des Typs.</param>
      <param name="baseType">Der Basistyp.</param>
    </member>
    <member name="P:System.Data.Entity.Design.EdmToObjectNamespaceMap.Count">
      <summary>Ruft die Anzahl der Mappings in der <see cref="T:System.Data.Entity.Design.EdmToObjectNamespaceMap" /> ab.</summary>
      <returns>Die Anzahl der Mappings.</returns>
    </member>
    <member name="P:System.Data.Entity.Design.EdmToObjectNamespaceMap.EdmNamespaces">
      <summary>Ruft die Liste der Modellnamespacenamen in der <see cref="T:System.Data.Entity.Design.EdmToObjectNamespaceMap" /> ab.</summary>
      <returns>Die Liste der Modellnamespacenamen.</returns>
    </member>
    <member name="P:System.Data.Entity.Design.EdmToObjectNamespaceMap.Item(System.String)">
      <summary>Ruft den Codenamespacenamen des angegebenen Modellnamespacenamens ab oder legt diesen fest.</summary>
      <param name="edmNamespace">Der Modellnamespacename.</param>
      <returns>Der Codenamespacename, der dem angegebenen Modellnamespacenamen zugeordnet wird.</returns>
    </member>
    <member name="P:System.Data.Entity.Design.EntityClassGenerator.EdmToObjectNamespaceMap">
      <summary>Ruft eine <see cref="T:System.Data.Entity.Design.EdmToObjectNamespaceMap" /> die die konzeptionelle Schemadefinitionssprache (CSDL) zum Codieren von Namespacezuordnungen enthält.</summary>
      <returns>Der Code Namespacemappings zwischen CSDL und.</returns>
    </member>
    <member name="P:System.Data.Entity.Design.EntityClassGenerator.LanguageOption">
      <summary>Ruft einen <see cref="T:System.Data.Entity.Design.LanguageOption" />-Wert ab, der die Sprache des generierten Codes angibt, oder legt diesen fest.</summary>
      <returns>Einer der <see cref="T:System.Data.Entity.Design.LanguageOption" />-Werte. Die Standardeinstellung ist <see cref="F:System.Data.Entity.Design.LanguageOption.GenerateCSharpCode" />.</returns>
    </member>
    <member name="P:System.Data.Entity.Design.EntityCodeGenerator.EdmToObjectNamespaceMap">
      <summary>Ruft eine <see cref="T:System.Data.Entity.Design.EdmToObjectNamespaceMap" /> die die konzeptionelle Schemadefinitionssprache (CSDL) zum Codieren von Namespacezuordnungen enthält.</summary>
      <returns>Der Code Namespacemappings zwischen CSDL und.</returns>
    </member>
    <member name="P:System.Data.Entity.Design.EntityCodeGenerator.LanguageOption">
      <summary>Ruft einen <see cref="T:System.Data.Entity.Design.LanguageOption" />-Wert ab, der die Sprache des generierten Codes angibt, oder legt diesen fest.</summary>
      <returns>Einer der <see cref="T:System.Data.Entity.Design.LanguageOption" />-Werte.</returns>
    </member>
    <member name="P:System.Data.Entity.Design.EntityModelSchemaGenerator.EdmItemCollection">
      <summary>Ruft die EdmItemCollection, die von der GenerateMetadata-Methode erstellt wurde.</summary>
      <returns>Ein <see cref="T:System.Data.Metadata.Edm.EdmItemCollection" /> -Objekt, das die konzeptionelle Schemadefinitionssprache (CSDL) enthält.</returns>
    </member>
    <member name="P:System.Data.Entity.Design.EntityModelSchemaGenerator.EntityContainer">
      <summary>Ruft das konzeptionelle Modell von der Methode GenerateMetadata erstellten EntityContainer ab.</summary>
      <returns>Ein <see cref="T:System.Data.Metadata.Edm.EntityContainer" /> -Objekt, das konzeptionelle Modell EntityContainer enthält.</returns>
    </member>
    <member name="P:System.Data.Entity.Design.EntityModelSchemaGenerator.GenerateForeignKeyProperties">
      <summary>Ruft ab oder legt das Flag zum Generieren von Fremdschlüsseleigenschaften in einem konzeptionellen Modell.</summary>
      <returns>Wenn der Wert dieser Eigenschaft, um festgelegt ist true anschließend Fremdschlüsseleigenschaften im konzeptionellen Modell generiert werden, andernfalls werden Fremdschlüsseleigenschaften nicht im konzeptionellen Modell generiert.</returns>
    </member>
    <member name="P:System.Data.Entity.Design.EntityModelSchemaGenerator.PluralizationService">
      <summary>Ruft ab oder legt den PluralizationService-Wert, der den beim Generieren eines Modells verwendeten Dienst angibt.</summary>
      <returns>Der <see cref="T:System.Data.Entity.Design.PluralizationServices.PluralizationService" /> -Wert, der den beim Generieren eines Modells verwendeten Dienst angibt.</returns>
    </member>
    <member name="P:System.Data.Entity.Design.EntityStoreSchemaFilterEntry.Catalog">
      <summary>Ruft das Muster zum Auswählen des entsprechenden Katalogs ab.</summary>
      <returns>Der Katalog Teil des Namens der Datenbank, in dem der Name der Datenbank Catalog.Schema.Name aufweist.</returns>
    </member>
    <member name="P:System.Data.Entity.Design.EntityStoreSchemaFilterEntry.Effect">
      <summary>Ruft den Effekt ab, den dieser Filter auf die Ergebnisse hat.</summary>
      <returns>Ein <see cref="T:System.Data.Entity.Design.EntityStoreSchemaFilterEffect" /> Wert, der angibt, ob Einträge, die die angegebenen Filter passieren zugelassen oder ausgeschlossen.</returns>
    </member>
    <member name="P:System.Data.Entity.Design.EntityStoreSchemaFilterEntry.Name">
      <summary>Ruft das Muster zum Auswählen des entsprechenden Namens ab.</summary>
      <returns>Der namensanteil des Namens der Datenbank, in dem der Name der Datenbank Catalog.Schema.Name aufweist.</returns>
    </member>
    <member name="P:System.Data.Entity.Design.EntityStoreSchemaFilterEntry.Schema">
      <summary>Ruft das Muster zum Auswählen des entsprechenden Schemas ab.</summary>
      <returns>Der Schemateil des Namens der Datenbank, in dem der Name der Datenbank Catalog.Schema.Name aufweist.</returns>
    </member>
    <member name="P:System.Data.Entity.Design.EntityStoreSchemaFilterEntry.Types">
      <summary>Ruft die Typen von Objekten ab, auf die dieser Filter angewendet wird.</summary>
      <returns>Ein <see cref="T:System.Data.Entity.Design.EntityStoreSchemaFilterObjectTypes" />-Wert, der die Typen von Objekten angibt, auf die der Filter angewendet werden soll.</returns>
    </member>
    <member name="P:System.Data.Entity.Design.EntityStoreSchemaGenerator.EntityContainer">
      <summary>Ruft das Speichermodell erstellten EntityContainer ab.</summary>
      <returns>Das Speichermodell erstellten EntityContainer ab.</returns>
    </member>
    <member name="P:System.Data.Entity.Design.EntityStoreSchemaGenerator.GenerateForeignKeyProperties">
      <summary>Ruft ab oder legt das Flag zum Generieren von Fremdschlüsseleigenschaften in einem Speichermodell.</summary>
      <returns>True Wenn Fremdschlüsseleigenschaften im Speichermodell generiert werden. andernfalls false.</returns>
    </member>
    <member name="P:System.Data.Entity.Design.EntityStoreSchemaGenerator.StoreItemCollection">
      <summary>Ruft die StoreItemCollection, die erstellt wurde.</summary>
      <returns>Das erstellte <see cref="T:System.Data.Metadata.Edm.StoreItemCollection" />-Objekt.</returns>
    </member>
    <member name="P:System.Data.Entity.Design.EntityViewGenerator.LanguageOption">
      <summary>Ruft einen <see cref="T:System.Data.Entity.Design.LanguageOption" />-Wert ab, der die Sprache des generierten Codes angibt, oder legt diesen fest.</summary>
      <returns>Einer der <see cref="T:System.Data.Entity.Design.LanguageOption" />-Werte. Die Standardeinstellung ist <see cref="F:System.Data.Entity.Design.LanguageOption.GenerateCSharpCode" />.</returns>
    </member>
    <member name="P:System.Data.Entity.Design.PluralizationServices.PluralizationService.Culture">
      <summary>Ruft ab oder legt die <see cref="T:System.Data.Entity.Design.PluralizationServices.PluralizationService" /> Kultur.</summary>
      <returns>Ein Objekt, das angibt, welche Sprachregeln für Singular- und Pluralformen angewendet.</returns>
    </member>
    <member name="P:System.Data.Entity.Design.PropertyGeneratedEventArgs.AdditionalAttributes">
      <summary>Ruft eine List(CodeAttributeDeclaration) der Attribute, die der Eigenschaft hinzugefügt werden.</summary>
      <returns>Eine Auflistung, die die Attribute enthält, die der Eigenschaft hinzugefügt werden. Die Auflistung ist leer, wenn keine Attribute hinzugefügt werden.</returns>
    </member>
    <member name="P:System.Data.Entity.Design.PropertyGeneratedEventArgs.AdditionalGetStatements">
      <summary>Ruft eine List(CodeStatement) mit der Get-Anweisungen, die der Eigenschaft hinzugefügt werden.</summary>
      <returns>Eine Auflistung, die die "Get"-Anweisungen enthält, die der Eigenschaft hinzugefügt werden sollen.</returns>
    </member>
    <member name="P:System.Data.Entity.Design.PropertyGeneratedEventArgs.AdditionalSetStatements">
      <summary>Ruft eine List(CodeStatement) mit der Set-Anweisungen, die der Eigenschaft hinzugefügt werden.</summary>
      <returns>Eine Auflistung, die die "Set"-Anweisungen enthält, die der Eigenschaft hinzugefügt werden sollen.</returns>
    </member>
    <member name="P:System.Data.Entity.Design.PropertyGeneratedEventArgs.BackingFieldName">
      <summary>Ruft den Namen des hinter der Eigenschaft liegenden Felds ab.</summary>
      <returns>Der Name des hinter der Eigenschaft liegenden Felds. Dies kann null für Navigationseigenschaften.</returns>
    </member>
    <member name="P:System.Data.Entity.Design.PropertyGeneratedEventArgs.PropertySource">
      <summary>Ruft das <see cref="T:System.Data.Metadata.Edm.MetadataItem" />-Objekt ab, das die Quelle der Eigenschaft darstellt.</summary>
      <returns>Das <see cref="T:System.Data.Metadata.Edm.MetadataItem" />-Objekt, das die Quelle der Eigenschaft darstellt.</returns>
    </member>
    <member name="P:System.Data.Entity.Design.PropertyGeneratedEventArgs.ReturnType">
      <summary>Ruft den Typ der Eigenschaft ab oder legt diesen fest.</summary>
      <returns>Der Typ der Eigenschaft.</returns>
    </member>
    <member name="P:System.Data.Entity.Design.TypeGeneratedEventArgs.AdditionalAttributes">
      <summary>Ruft eine List(CodeAttributeDeclaration) mit den Attributen, die dem Typ hinzugefügt werden.</summary>
      <returns>Eine Auflistung, die die Attribute enthält, die dem Typ hinzugefügt werden. Die Auflistung ist leer, wenn dem Typ keine Attribute hinzugefügt werden.</returns>
    </member>
    <member name="P:System.Data.Entity.Design.TypeGeneratedEventArgs.AdditionalInterfaces">
      <summary>Ruft eine List(Type) enthält die Schnittstellen, die dem Typ hinzugefügt werden.</summary>
      <returns>Eine Auflistung, die die Schnittstellen enthält, die dem Typ hinzugefügt werden. Die Auflistung ist leer, wenn keine Schnittstellen hinzugefügt werden.</returns>
    </member>
    <member name="P:System.Data.Entity.Design.TypeGeneratedEventArgs.AdditionalMembers">
      <summary>Ruft eine List(CodeTypeMember) enthält die Elemente, die dem Typ hinzugefügt werden.</summary>
      <returns>Eine Auflistung, die die Member enthält, die dem Typ hinzugefügt werden. Die Auflistung ist leer, wenn keine Member hinzugefügt werden.</returns>
    </member>
    <member name="P:System.Data.Entity.Design.TypeGeneratedEventArgs.BaseType">
      <summary>Ruft den Basistyp ab oder legt diesen fest.</summary>
      <returns>Der Basistyp. Je nach <see cref="T:System.Data.Objects.DataClasses.EntityObject" />-Eigenschaftswert ist der Standardwert <see cref="T:System.Data.Objects.DataClasses.ComplexObject" />, <see cref="T:System.Data.Objects.ObjectContext" /> oder <see cref="P:System.Data.Entity.Design.TypeGeneratedEventArgs.TypeSource" />.</returns>
    </member>
    <member name="P:System.Data.Entity.Design.TypeGeneratedEventArgs.TypeSource">
      <summary>Ruft das <see cref="T:System.Data.Metadata.Edm.GlobalItem" />-Objekt ab, das die Quelle des Typs darstellt.</summary>
      <returns>Das <see cref="T:System.Data.Metadata.Edm.GlobalItem" />-Objekt, das die Quelle des Typs darstellt.</returns>
    </member>
    <member name="T:System.Data.Entity.Design.AspNet.EntityDesignerBuildProvider">
      <summary>Extrahiert die Modell- und Zuordnungsabschnitte von EDMX-Dateien im Verzeichnis App_Code einer ASP.NET-Website und bettet diese als Ressourcen in der Assembly, die von der ASP.NET-Laufzeit dynamisch kompiliert wird.</summary>
    </member>
    <member name="T:System.Data.Entity.Design.AspNet.EntityModelBuildProvider">
      <summary>Stellt den CSDL-Buildanbieter für die ASP.NET-Buildumgebung dar.</summary>
    </member>
    <member name="T:System.Data.Entity.Design.AspNet.MappingModelBuildProvider">
      <summary>Stellt den MSL-Buildanbieter für die ASP.NET-Buildumgebung dar.</summary>
    </member>
    <member name="T:System.Data.Entity.Design.AspNet.StorageModelBuildProvider">
      <summary>Stellt den SSDL-Buildanbieter für die ASP.NET-Buildumgebung dar.</summary>
    </member>
    <member name="T:System.Data.Entity.Design.EdmToObjectNamespaceMap">
      <summary>Stellt eine Auflistung des konzeptionellen Modells zum Codieren von Namespacezuordnungen dar.</summary>
    </member>
    <member name="T:System.Data.Entity.Design.EntityClassGenerator">
      <summary>Generiert Objektklassen und entitätsklassengenerierung (Objektebenencode) aus dem konzeptionellen Schema Definition Language (CSDL)-Dateien an.</summary>
    </member>
    <member name="T:System.Data.Entity.Design.EntityCodeGenerator">
      <summary>Generiert Objektklassen und entitätsklassengenerierung (Objektebenencode) aus dem konzeptionellen Schema Definition Language (CSDL)-Dateien an. Beginnen mit Entity Framework, Version 4, eine ObjectContext-Klasse für ein bestimmtes Modell enthält Eigenschaften des Typs <see cref="T:System.Data.Objects.ObjectSet`1" /> Entitätssätze des Modells darstellen.</summary>
    </member>
    <member name="T:System.Data.Entity.Design.EntityFrameworkVersions">
      <summary>Enthält Informationen zu den verschiedenen Versionen des Entity Framework.</summary>
    </member>
    <member name="T:System.Data.Entity.Design.EntityModelSchemaGenerator">
      <summary> Die Klasse erstellt eine CCMapping zwischen einem EntityContainer im S-Raum und EntityContainer im C-Raum. Die Zuordnung wird basierend auf den deklarierten Arten von Blöcken erstellt werden. Vererbung funktioniert daher nicht.</summary>
    </member>
    <member name="T:System.Data.Entity.Design.EntityStoreSchemaFilterEffect">
      <summary>Gibt an, ob Datenbankobjekte, die mit dem im <see cref="T:System.Data.Entity.Design.EntityStoreSchemaFilterEntry" /> angegebenen Muster übereinstimmen, zugelassen oder ausgeschlossen werden sollen.</summary>
    </member>
    <member name="F:System.Data.Entity.Design.EntityStoreSchemaFilterEffect.Allow">
      <summary>Zulassen der Einträge, die zum angegebenen Muster passen.</summary>
    </member>
    <member name="F:System.Data.Entity.Design.EntityStoreSchemaFilterEffect.Exclude">
      <summary>Ausschließen der Einträge, die zum angegebenen Muster passen.</summary>
    </member>
    <member name="T:System.Data.Entity.Design.EntityStoreSchemaFilterEntry">
      <summary>Stellt einen einzelnen Filtereintrag dar. Mit dem Filter werden bestimmte Datenbankobjekte bei der Generierung zugelassen oder ausgeschlossen.</summary>
    </member>
    <member name="T:System.Data.Entity.Design.EntityStoreSchemaFilterObjectTypes">
      <summary>Gibt den Speicherobjekttyp an, auf den der Schemafilter angewendet werden soll.</summary>
    </member>
    <member name="F:System.Data.Entity.Design.EntityStoreSchemaFilterObjectTypes.None">
      <summary>Anfangswert. Dies ist kein gültiger Wert zur Anwendung.</summary>
    </member>
    <member name="F:System.Data.Entity.Design.EntityStoreSchemaFilterObjectTypes.Table">
      <summary>Filter auf Tabellenobjekttypen anwenden.</summary>
    </member>
    <member name="F:System.Data.Entity.Design.EntityStoreSchemaFilterObjectTypes.View">
      <summary>Filter auf Sichtobjekttypen anwenden.</summary>
    </member>
    <member name="F:System.Data.Entity.Design.EntityStoreSchemaFilterObjectTypes.Function">
      <summary>Diesen Filter auf Funktionsobjekttypen anwenden.</summary>
    </member>
    <member name="F:System.Data.Entity.Design.EntityStoreSchemaFilterObjectTypes.All">
      <summary>Filter auf alle Objekttypen anwenden.</summary>
    </member>
    <member name="T:System.Data.Entity.Design.EntityStoreSchemaGenerator">
      <summary>Verantwortlich für das Laden von Informationen über das Datenbankschema.</summary>
    </member>
    <member name="T:System.Data.Entity.Design.EntityViewGenerator">
      <summary>Generiert Sichten für die Extents in der <see cref="T:System.Data.Mapping.StorageMappingItemCollection" /> und erstellt eine Quellcodedatei für einen Typ, von dem diese Sichten zwischengespeichert werden.</summary>
    </member>
    <member name="T:System.Data.Entity.Design.LanguageOption">
      <summary>Gibt die Sprache für den erstellten Code an.</summary>
    </member>
    <member name="F:System.Data.Entity.Design.LanguageOption.GenerateCSharpCode">
      <summary>C#-Code. Dies ist die Standardeinstellung.</summary>
    </member>
    <member name="F:System.Data.Entity.Design.LanguageOption.GenerateVBCode">
      <summary>Visual Basic-Code</summary>
    </member>
    <member name="T:System.Data.Entity.Design.MetadataExtensionMethods">
      <summary>Stellt Methoden für die Metadaten, die Protokolle veröffentlichen.</summary>
    </member>
    <member name="T:System.Data.Entity.Design.MetadataItemCollectionFactory">
      <summary>Stellt einen Satz von Methoden für das Erstellen von <see cref="T:System.Data.Metadata.Edm.ItemCollection" />-Instanzen für Metadaten dar.</summary>
    </member>
    <member name="T:System.Data.Entity.Design.PluralizationServices.ICustomPluralizationMapping">
      <summary>Stellt eine Auflistung der Singular- und Pluralformen Formen von Wörtern.</summary>
    </member>
    <member name="T:System.Data.Entity.Design.PluralizationServices.PluralizationService">
      <summary>Stellt Methoden zum Erstellen von plural- und Singularformen von Wörtern.</summary>
    </member>
    <member name="T:System.Data.Entity.Design.PropertyGeneratedEventArgs">
      <summary>Stellt Daten für das <see cref="E:System.Data.Entity.Design.EntityClassGenerator.OnPropertyGenerated" />-Ereignis bereit.</summary>
    </member>
    <member name="T:System.Data.Entity.Design.PropertyGeneratedEventHandler">
      <summary>Stellt die Methode zur Behandlung des <see cref="E:System.Data.Entity.Design.EntityClassGenerator.OnPropertyGenerated" />-Ereignisses dar.</summary>
      <param name="sender">Die Quelle des Ereignisses.</param>
      <param name="e">Die Daten für das Ereignis.</param>
    </member>
    <member name="T:System.Data.Entity.Design.TypeGeneratedEventArgs">
      <summary>Stellt Daten für das <see cref="E:System.Data.Entity.Design.EntityClassGenerator.OnTypeGenerated" />-Ereignis bereit.</summary>
    </member>
    <member name="T:System.Data.Entity.Design.TypeGeneratedEventHandler">
      <summary>Stellt die Methode zur Behandlung des <see cref="E:System.Data.Entity.Design.EntityClassGenerator.OnTypeGenerated" />-Ereignisses dar.</summary>
      <param name="sender">Die Quelle des Ereignisses.</param>
      <param name="e">Die Daten für das Ereignis.</param>
    </member>
  </members>
</doc>