﻿<?xml version="1.0" encoding="utf-8"?>
<doc>
  <assembly>
    <name>System.Web.Extensions.Design</name>
  </assembly>
  <members>
    <member name="M:System.Web.UI.Design.AsyncPostBackTriggerControlIDConverter.#ctor">
      <summary>Initialisiert eine neue Instanz der <see cref="T:System.Web.UI.Design.AsyncPostBackTriggerControlIDConverter" />-Klasse.</summary>
    </member>
    <member name="M:System.Web.UI.Design.AsyncPostBackTriggerControlIDConverter.GetStandardValues(System.ComponentModel.ITypeDescriptorContext)">
      <summary>Gibt eine Auflistung von Steuerelement-IDs aus dem Container in der <see cref="T:System.ComponentModel.Design.IDesignerHost" /> Objekt, wenn ein Formatkontext bereitgestellt.</summary>
      <param name="context">Ein Objekt, das einen Formatierungskontext bereitstellt, der verwendet werden können, um zusätzliche Informationen über die Umgebung extrahiert aus der dieser Konverter aufgerufen wird. Dieser Parameter oder Eigenschaften dieses Parameters kann null.</param>
      <returns>Ein Objekt, das eine Reihe von Zeichenfolgen enthält, die die Steuerelement-IDs der Steuerelemente im aktuellen Container darstellen. Wenn der Container keine Steuerelemente enthält, wird eine leere Auflistung zurück. Wenn der Kontext null oder kein aktueller Container vorhanden ist, gibt null.</returns>
    </member>
    <member name="M:System.Web.UI.Design.AsyncPostBackTriggerControlIDConverter.GetStandardValuesExclusive(System.ComponentModel.ITypeDescriptorContext)">
      <summary>Gibt ein Wert, der angibt, ob die Auflistung von Standardwerten, zurückgegeben von der <see cref="M:System.Web.UI.Design.AsyncPostBackTriggerControlIDConverter.GetStandardValues(System.ComponentModel.ITypeDescriptorContext)" /> -Methode ist eine exklusive Liste möglicher Werte unter Verwendung des angegebenen Kontexts.</summary>
      <param name="context">Ein Objekt, das einen Formatierungskontext bereitstellt.</param>
      <returns>true Wenn die <see cref="T:System.ComponentModel.TypeConverter.StandardValuesCollection" /> -Objekt, das zurückgegeben wird von der <see cref="M:System.Web.UI.Design.AsyncPostBackTriggerControlIDConverter.GetStandardValues(System.ComponentModel.ITypeDescriptorContext)" /> Methode bietet eine vollständige Liste möglicher Werte false Wenn andere Werte möglich sind. Die Standardeinstellung ist false.</returns>
    </member>
    <member name="M:System.Web.UI.Design.AsyncPostBackTriggerControlIDConverter.GetStandardValuesSupported(System.ComponentModel.ITypeDescriptorContext)">
      <summary>Gibt einen Wert, der angibt, ob dieser Konverter eine Reihe von Steuerelement-IDs unterstützt, die unter Verwendung des angegebenen Kontexts aus einer Liste ausgewählt werden können.</summary>
      <param name="context">Ein Objekt, das einen Formatierungskontext bereitstellt.</param>
      <returns>true Wenn die <see cref="M:System.Web.UI.Design.AsyncPostBackTriggerControlIDConverter.GetStandardValues(System.ComponentModel.ITypeDescriptorContext)" /> -Methode sollte aufgerufen werden, um einen gemeinsamen Satz von Steuerelement-IDs zu finden, die das Objekt unterstützt; andernfalls false. Die Standardeinstellung ist true.</returns>
    </member>
    <member name="M:System.Web.UI.Design.AsyncPostBackTriggerEventNameConverter.#ctor">
      <summary>Initialisiert eine neue Instanz der <see cref="T:System.Web.UI.Design.AsyncPostBackTriggerEventNameConverter" />-Klasse.</summary>
    </member>
    <member name="M:System.Web.UI.Design.AsyncPostBackTriggerEventNameConverter.GetStandardValues(System.ComponentModel.ITypeDescriptorContext)">
      <summary>Gibt eine Auflistung der Ereignisnamen für ein Steuerelement im Container in der <see cref="T:System.ComponentModel.Design.IDesignerHost" /> -Instanz für einen angegebenen Formatierungskontext.</summary>
      <param name="context">Ein Format Context-Objekt, das Informationen über die Umgebung verwendet werden kann, denen dieser Konverter aufgerufen wird. Dieser Parameter oder dessen Eigenschaften kann null.</param>
      <returns>Eine Auflistung von Zeichenfolgen, die die Ereignisnamen eines Steuerelements im aktuellen Container darstellen. Wenn gegenwärtig keine Steuerelemente enthalten sind, gibt die Methode eine leere Auflistung zurück. Wenn der Kontext null oder wenn kein aktueller Container vorhanden ist, gibt die Methode null.</returns>
    </member>
    <member name="M:System.Web.UI.Design.AsyncPostBackTriggerEventNameConverter.GetStandardValuesExclusive(System.ComponentModel.ITypeDescriptorContext)">
      <summary>Gibt ein Wert, der angibt, ob die Auflistung von Standardwerten, zurückgegeben von <see cref="M:System.Web.UI.Design.AsyncPostBackTriggerEventNameConverter.GetStandardValues(System.ComponentModel.ITypeDescriptorContext)" /> eine exklusive Liste möglicher Werte für den angegebenen Kontext.</summary>
      <param name="context">Der Formatkontext.</param>
      <returns>true, wenn die von der <see cref="T:System.ComponentModel.TypeConverter.StandardValuesCollection" />-Methode zurückgegebene <see cref="M:System.Web.UI.Design.AsyncPostBackTriggerEventNameConverter.GetStandardValues(System.ComponentModel.ITypeDescriptorContext)" /> eine vollständige Liste möglicher Werte darstellt, oder false, wenn andere Werte möglich sind. Die Standardimplementierung gibt false zurück.</returns>
    </member>
    <member name="M:System.Web.UI.Design.AsyncPostBackTriggerEventNameConverter.GetStandardValuesSupported(System.ComponentModel.ITypeDescriptorContext)">
      <summary>Gibt einen Wert, der angibt, ob dieser Konverter eine Standardmenge von Ereignisnamen für Steuerelemente unterstützt, die aus einer Liste ausgewählt werden können.</summary>
      <param name="context">Der Formatkontext.</param>
      <returns>true Wenn <see cref="M:System.Web.UI.Design.AsyncPostBackTriggerEventNameConverter.GetStandardValues(System.ComponentModel.ITypeDescriptorContext)" /> sollte aufgerufen werden, die einen gemeinsamen Satz von Steuerelement-IDs zu ermitteln, die das Objekt unterstützt, andernfalls, false. Die Standardimplementierung gibt true zurück.</returns>
    </member>
    <member name="M:System.Web.UI.Design.CollectionEditorBase.#ctor(System.Type)">
      <summary>Initialisiert eine neue Instanz der <see cref="T:System.Web.UI.Design.CollectionEditorBase" /> -Klasse unter Verwendung des angegebenen Auflistungstyps.</summary>
      <param name="type">Der Typ der Auflistung, die bearbeitet werden.</param>
    </member>
    <member name="M:System.Web.UI.Design.CollectionEditorBase.CreateCollectionForm">
      <summary>Erstellt ein neues Formular zum Anzeigen und Bearbeiten der aktuellen Auflistung.</summary>
      <returns>Das Objekt, das als Benutzeroberfläche zum Bearbeiten der Auflistung bereitgestellt.</returns>
    </member>
    <member name="M:System.Web.UI.Design.ExtenderControlDesigner.#ctor">
      <summary>Initialisiert eine neue Instanz der <see cref="T:System.Web.UI.Design.ExtenderControlDesigner" />-Klasse.</summary>
    </member>
    <member name="M:System.Web.UI.Design.ExtenderControlDesigner.Dispose(System.Boolean)">
      <summary>Gibt die nicht verwalteten Ressourcen, die von verwendet werden, die <see cref="T:System.Web.UI.Design.ExtenderControlDesigner" /> und optional die verwalteten Ressourcen frei.</summary>
      <param name="disposing">true, um sowohl verwaltete als auch nicht verwaltete Ressourcen freizugeben, false, um ausschließlich nicht verwaltete Ressourcen freizugeben.</param>
    </member>
    <member name="M:System.Web.UI.Design.ExtenderControlDesigner.GetDesignTimeHtml">
      <summary>Ruft den standardmäßigen HTML-Rendering ein Extender-Steuerelement zur Entwurfszeit, einschließlich Typ und ID-Informationen ab.</summary>
      <returns>Die Entwurfszeit-HTML-Rendering des Steuerelements.</returns>
    </member>
    <member name="M:System.Web.UI.Design.ExtenderControlDesigner.Initialize(System.ComponentModel.IComponent)">
      <summary>Initialisiert die angegebene Komponente und die Änderung Komponentendienst hinzugefügt.</summary>
      <param name="component">Eine Komponente vom Typ <see cref="T:System.Web.UI.IExtenderControl" /> implementiert die <see cref="T:System.ComponentModel.IComponent" /> Schnittstelle.</param>
    </member>
    <member name="M:System.Web.UI.Design.ExtenderControlDesigner.PreFilterProperties(System.Collections.IDictionary)">
      <summary>Passt die im Eigenschaftenraster für das Steuerelement enthaltenen Elemente.</summary>
      <param name="properties">Ein Wörterbuch, das die Eigenschaften für das Steuerelement enthält.</param>
    </member>
    <member name="M:System.Web.UI.Design.ExtenderControlToolboxItem.#ctor">
      <summary>Initialisiert eine neue Instanz der <see cref="T:System.Web.UI.Design.ExtenderControlToolboxItem" />-Klasse.</summary>
    </member>
    <member name="M:System.Web.UI.Design.ExtenderControlToolboxItem.#ctor(System.Runtime.Serialization.SerializationInfo,System.Runtime.Serialization.StreamingContext)">
      <summary>Initialisiert mit den angegebenen Parametern eine neue Instanz der <see cref="T:System.Web.UI.Design.ExtenderControlToolboxItem" />-Klasse.</summary>
      <param name="info">Ein Objekt, das Serialisierungsinformationen bereitstellt.</param>
      <param name="context">Ein Objekt, das die Quelle und das Ziel des serialisierten Streams beschreibt.</param>
    </member>
    <member name="M:System.Web.UI.Design.ExtenderControlToolboxItem.#ctor(System.Type)">
      <summary>Initialisiert eine neue Instanz der <see cref="T:System.Web.UI.Design.ExtenderControlToolboxItem" /> -Klasse unter Verwendung des angegebenen Typs.</summary>
      <param name="type">Der Typ des Zielsteuerelements.</param>
    </member>
    <member name="M:System.Web.UI.Design.ExtenderControlToolboxItem.GetTargetControlTypes(System.ComponentModel.Design.IDesignerHost)">
      <summary>Gibt die Auflistung von Zieltypen zurück.</summary>
      <param name="host">Der Steuerelementhost.</param>
      <returns>Eine schreibgeschützte Auflistung der Zieltypen.</returns>
    </member>
    <member name="M:System.Web.UI.Design.ExtenderControlToolboxItem.Initialize(System.Type)">
      <summary>Vorab füllt den Zieltyp Cacheeintrag mit dem angegebenen Typ.</summary>
      <param name="type">Der Typ des Zielsteuerelements.</param>
    </member>
    <member name="M:System.Web.UI.Design.PostBackTriggerControlIDConverter.#ctor">
      <summary>Initialisiert eine neue Instanz der <see cref="T:System.Web.UI.Design.PostBackTriggerControlIDConverter" />-Klasse.</summary>
    </member>
    <member name="M:System.Web.UI.Design.PostBackTriggerControlIDConverter.GetStandardValues(System.ComponentModel.ITypeDescriptorContext)">
      <summary>Gibt eine Auflistung von Steuerelement-IDs aus dem Container in der <see cref="T:System.ComponentModel.Design.IDesignerHost" /> Objekt, wenn ein Formatkontext bereitgestellt.</summary>
      <param name="context">Ein Formatkontext, der verwendet werden kann, um zusätzliche Informationen über die Umgebung extrahiert aus der dieser Konverter aufgerufen wird. Dieser Parameter oder Eigenschaften dieses Parameters können gleich null sein.</param>
      <returns>Eine Auflistung von Zeichenfolgen, die die Steuerelement-IDs der Steuerelemente im aktuellen Container darstellen. Wenn gegenwärtig keine Steuerelemente enthalten sind, gibt die Methode eine leere Auflistung zurück. Wenn der Kontext null oder kein aktueller Container vorhanden ist, gibt die Methode zurück null.</returns>
    </member>
    <member name="M:System.Web.UI.Design.PostBackTriggerControlIDConverter.GetStandardValuesExclusive(System.ComponentModel.ITypeDescriptorContext)">
      <summary>Gibt ein Wert, der angibt, ob die Auflistung von Standardwerten, zurückgegeben von der <see cref="M:System.Web.UI.Design.PostBackTriggerControlIDConverter.GetStandardValues(System.ComponentModel.ITypeDescriptorContext)" /> -Methode ist eine exklusive Liste möglicher Werte unter Verwendung des angegebenen Kontexts.</summary>
      <param name="context">Der Formatkontext.</param>
      <returns>true Wenn die <see cref="T:System.ComponentModel.TypeConverter.StandardValuesCollection" /> -Objekt, das zurückgegeben wird von der <see cref="M:System.Web.UI.Design.PostBackTriggerControlIDConverter.GetStandardValues(System.ComponentModel.ITypeDescriptorContext)" /> Methode enthält eine vollständige Liste möglicher Werte false Wenn andere Werte möglich sind. Die Standardeinstellung ist false.</returns>
    </member>
    <member name="M:System.Web.UI.Design.PostBackTriggerControlIDConverter.GetStandardValuesSupported(System.ComponentModel.ITypeDescriptorContext)">
      <summary>Gibt einen Wert, der angibt, ob dieser Konverter eine Standardmenge von Steuerelement-IDs unterstützt, die unter Verwendung des angegebenen Kontexts aus einer Liste ausgewählt werden können.</summary>
      <param name="context">Der Formatkontext.</param>
      <returns>true Wenn die <see cref="M:System.Web.UI.Design.PostBackTriggerControlIDConverter.GetStandardValues(System.ComponentModel.ITypeDescriptorContext)" /> Methode sollte aufgerufen werden, um einen gemeinsamen Satz von Steuerelement-IDs zu ermitteln, das Objekt unterstützt, andernfalls false. Die Standardeinstellung ist true.</returns>
    </member>
    <member name="M:System.Web.UI.Design.QueryExtenderDesigner.#ctor">
      <summary>Initialisiert eine neue Instanz der <see cref="T:System.Web.UI.Design.QueryExtenderDesigner" />-Klasse.</summary>
    </member>
    <member name="M:System.Web.UI.Design.QueryExtenderDesigner.GetDesignTimeHtml">
      <summary>Ruft den Platzhalter-HTML für das <see cref="T:System.Web.UI.WebControls.QueryExtender" /> -Steuerelements zur Entwurfszeit.</summary>
      <returns>Der Platzhalter-HTML für das Steuerelement zur Entwurfszeit.</returns>
    </member>
    <member name="M:System.Web.UI.Design.ScriptManagerDesigner.#ctor">
      <summary>Initialisiert eine neue Instanz der <see cref="T:System.Web.UI.Design.ScriptManagerDesigner" />-Klasse.</summary>
    </member>
    <member name="M:System.Web.UI.Design.ScriptManagerDesigner.GetApplicationServices(System.Web.UI.ScriptManager,System.Collections.Generic.IEnumerable{System.Web.UI.ScriptManagerProxy})">
      <summary>Gibt ECMAScript (JavaScript)-Code, der die in einer Webseite definierten darstellt <see cref="T:System.Web.UI.ScriptManager" /> Steuerelement und <see cref="T:System.Web.UI.ScriptManagerProxy" /> Steuerelemente.</summary>
      <param name="scriptManager">Die <see cref="T:System.Web.UI.ScriptManager" /> der Webseite zugeordnete Steuerelement.</param>
      <param name="proxies">Die Auflistung der <see cref="T:System.Web.UI.ScriptManagerProxy" /> Steuerelemente, die der Webseite zugeordnet.</param>
      <returns>Der JavaScript-Code, der die Profileigenschaften für den Dienst definiert.</returns>
      <exception cref="T:System.ArgumentNullException">
        <paramref name="scriptManager" /> ist null.</exception>
    </member>
    <member name="M:System.Web.UI.Design.ScriptManagerDesigner.GetDesignTimeHtml">
      <summary>Gibt das HTML-Markup, das darstellt, die <see cref="T:System.Web.UI.ScriptManager" /> -Steuerelements zur Entwurfszeit.</summary>
      <returns>Das Markup, das verwendet wird, zum Rendern der <see cref="T:System.Web.UI.ScriptManager" /> zur Entwurfszeit.</returns>
    </member>
    <member name="M:System.Web.UI.Design.ScriptManagerDesigner.GetProxyScript(System.Web.UI.ScriptManager,System.Web.UI.ServiceReference)">
      <summary>Stellt ein Proxyskript von einem abgeleiteten <see cref="T:System.Web.UI.ServiceReference" /> Objekt.</summary>
      <param name="scriptManager">Die <see cref="T:System.Web.UI.ScriptManager" /> Steuerelement auf der Seite.</param>
      <param name="serviceReference">Die <see cref="T:System.Web.UI.ServiceReference" /> -Steuerelement, das verwendet wird, um einen Webdienst für die Verwendung auf der Seite zu registrieren.</param>
      <returns>Das Skript.</returns>
    </member>
    <member name="M:System.Web.UI.Design.ScriptManagerDesigner.GetProxyUrl(System.Web.UI.ScriptManager,System.Web.UI.ServiceReference)">
      <summary>Stellt eine Proxy-URL von einem abgeleiteten <see cref="T:System.Web.UI.ServiceReference" /> Objekt.</summary>
      <param name="scriptManager">Die <see cref="T:System.Web.UI.ScriptManager" /> Steuerelement auf der Seite.</param>
      <param name="serviceReference">Die <see cref="T:System.Web.UI.ServiceReference" /> -Steuerelement, das verwendet wird, um einen Webdienst für die Verwendung auf der Seite zu registrieren.</param>
      <returns>Eine Proxy-URL.</returns>
    </member>
    <member name="M:System.Web.UI.Design.ScriptManagerDesigner.GetScriptFromWebResource(System.Reflection.Assembly,System.String,System.Globalization.CultureInfo)">
      <summary>Gibt ECMAScript (JavaScript)-Code, der definiert wird die <see cref="T:System.Web.UI.ScriptResourceAttribute" /> Attribut.</summary>
      <param name="assembly">Die Assembly, die die Ressource enthält.</param>
      <param name="resourceName">Der vollqualifizierte Name der Ressource in der Assembly.</param>
      <param name="culture">Die Kultur, der für die Ressource angegeben wurde.</param>
      <returns>Die JavaScript-Ressource.</returns>
    </member>
    <member name="M:System.Web.UI.Design.ScriptManagerDesigner.GetScriptReferences(System.Web.UI.ScriptManager,System.Collections.Generic.IEnumerable{System.Web.UI.ScriptManagerProxy})">
      <summary>Gibt eine Auflistung aller <see cref="T:System.Web.UI.ScriptReference" /> Steuerelemente, die in einer Webseite definiert sind <see cref="T:System.Web.UI.ScriptManager" /> Steuerelement und <see cref="T:System.Web.UI.ScriptManagerProxy" /> Steuerelemente.</summary>
      <param name="scriptManager">Die <see cref="T:System.Web.UI.ScriptManager" /> -Steuerelement, das die Webseite zugeordnet ist.</param>
      <param name="proxies">Die Auflistung der <see cref="T:System.Web.UI.ScriptManagerProxy" /> Steuerelemente, die der Webseite zugeordnet.</param>
      <returns>Eine schreibgeschützte Auflistung von <see cref="T:System.Web.UI.ScriptReference" /> Steuerelemente.</returns>
      <exception cref="T:System.ArgumentNullException">
        <paramref name="scriptManager" /> ist null.</exception>
    </member>
    <member name="M:System.Web.UI.Design.ScriptManagerDesigner.GetServiceReferences(System.Web.UI.ScriptManager,System.Collections.Generic.IEnumerable{System.Web.UI.ScriptManagerProxy})">
      <summary>Gibt eine Auflistung aller <see cref="T:System.Web.UI.ServiceReference" /> Steuerelemente, die in einer Webseite definiert sind <see cref="T:System.Web.UI.ScriptManager" /> Steuerelement und <see cref="T:System.Web.UI.ScriptManagerProxy" /> Steuerelemente.</summary>
      <param name="scriptManager">Die <see cref="T:System.Web.UI.ScriptManager" /> -Steuerelement, das die Webseite zugeordnet ist.</param>
      <param name="proxies">Die Auflistung der <see cref="T:System.Web.UI.ScriptManagerProxy" /> Steuerelemente, die der Webseite zugeordnet ist.</param>
      <returns>Eine schreibgeschützte Auflistung von <see cref="T:System.Web.UI.ServiceReference" /> Steuerelemente.</returns>
      <exception cref="T:System.ArgumentNullException">
        <paramref name="scriptManager" /> ist null.</exception>
    </member>
    <member name="M:System.Web.UI.Design.ScriptManagerDesigner.Initialize(System.ComponentModel.IComponent)">
      <summary>Initialisiert die angegebene Komponente.</summary>
      <param name="component">Ein <see cref="T:System.Web.UI.ScriptManager" /> Komponente, implementiert die <see cref="T:System.ComponentModel.IComponent" /> Schnittstelle.</param>
    </member>
    <member name="M:System.Web.UI.Design.ScriptManagerProxyDesigner.#ctor">
      <summary>Initialisiert eine neue Instanz der <see cref="T:System.Web.UI.Design.ScriptManagerProxyDesigner" />-Klasse.</summary>
    </member>
    <member name="M:System.Web.UI.Design.ScriptManagerProxyDesigner.GetDesignTimeHtml">
      <summary>Gibt das HTML-Markup, das darstellt, die <see cref="T:System.Web.UI.ScriptManagerProxy" /> -Steuerelements zur Entwurfszeit.</summary>
      <returns>Eine Zeichenfolge, die das Markup enthält, mit dem Rendern, der <see cref="T:System.Web.UI.ScriptManagerProxy" /> zur Entwurfszeit.</returns>
    </member>
    <member name="M:System.Web.UI.Design.ScriptManagerProxyDesigner.Initialize(System.ComponentModel.IComponent)">
      <summary>Initialisiert die angegebene Komponente.</summary>
      <param name="component">Ein <see cref="T:System.Web.UI.ScriptManagerProxy" /> Komponente, implementiert die <see cref="T:System.ComponentModel.IComponent" /> Schnittstelle.</param>
    </member>
    <member name="M:System.Web.UI.Design.ServiceReferenceCollectionEditor.#ctor(System.Type)">
      <summary>Initialisiert eine neue Instanz der <see cref="T:System.Web.UI.Design.ServiceReferenceCollectionEditor" /> -Klasse unter Verwendung des angegebenen Auflistungstyps.</summary>
      <param name="type">Der Typ der Auflistung zu bearbeiten.</param>
    </member>
    <member name="M:System.Web.UI.Design.ServiceReferenceCollectionEditor.CanSelectMultipleInstances">
      <summary>Ruft einen Wert, der angibt, ob mehrere Skriptverweisinstanzen gleichzeitig ausgewählt werden können.</summary>
      <returns>true Wenn mehrere Skriptverweisinstanzen gleichzeitig; ausgewählt werden können andernfalls false.</returns>
    </member>
    <member name="M:System.Web.UI.Design.ServiceReferenceCollectionEditor.CreateNewItemTypes">
      <summary>Ruft die Datentypen, die der auflistungs-Editor erstellen können.</summary>
      <returns>Die Datentypen, die <see cref="T:System.Web.UI.Design.ServiceReferenceCollectionEditor" /> -Klasse erstellt werden können.</returns>
    </member>
    <member name="M:System.Web.UI.Design.TimerDesigner.#ctor">
      <summary>Initialisiert eine neue Instanz der <see cref="T:System.Web.UI.Design.TimerDesigner" />-Klasse.</summary>
    </member>
    <member name="M:System.Web.UI.Design.TimerDesigner.GetDesignTimeHtml">
      <summary>Gibt das HTML-Markup, mit dem das Rendering des zugeordneten <see cref="T:System.Web.UI.Timer" /> -Steuerelements zur Entwurfszeit.</summary>
      <returns>Eine Zeichenfolge, die das Markup, das zum Rendern der <see cref="T:System.Web.UI.Timer" /> -Steuerelements zur Entwurfszeit.</returns>
    </member>
    <member name="M:System.Web.UI.Design.UpdatePanelDesigner.#ctor">
      <summary>Initialisiert eine neue Instanz der <see cref="T:System.Web.UI.Design.UpdatePanelDesigner" />-Klasse.</summary>
    </member>
    <member name="M:System.Web.UI.Design.UpdatePanelDesigner.GetDesignTimeHtml(System.Web.UI.Design.DesignerRegionCollection)">
      <summary>Gibt das HTML-Markup, mit dem anzeigen, der <see cref="T:System.Web.UI.UpdatePanel" /> steuern und füllt die Auflistung mit den aktuellen Steuerelement-Designer-Bereichen.</summary>
      <param name="regions">Die Steuerelement-Designer-Bereichen für das zugeordnete Steuerelement.</param>
      <returns>Entwurfszeit-HTML-Markup für das zugeordnete Steuerelement, einschließlich aller Steuerelement-Designer-Bereiche.</returns>
    </member>
    <member name="M:System.Web.UI.Design.UpdatePanelDesigner.GetEditableDesignerRegionContent(System.Web.UI.Design.EditableDesignerRegion)">
      <summary>Gibt den Inhalt für einen bearbeitbaren Bereich der Entwurfszeit-Ansicht von der <see cref="T:System.Web.UI.UpdatePanel" /> Steuerelement.</summary>
      <param name="region">Der Bereich zu aktualisieren.</param>
      <returns>Eine serialisierte Kopie der Vorlage, die verwendet wird, um das Rendering des zugeordneten <see cref="T:System.Web.UI.UpdatePanel" /> -Steuerelements zur Entwurfszeit.</returns>
    </member>
    <member name="M:System.Web.UI.Design.UpdatePanelDesigner.Initialize(System.ComponentModel.IComponent)">
      <summary>Initialisiert die angegebene Komponente.</summary>
      <param name="component">Eine <see cref="T:System.Web.UI.UpdatePanel" /> Komponente, implementiert die <see cref="T:System.ComponentModel.IComponent" /> Schnittstelle.</param>
    </member>
    <member name="M:System.Web.UI.Design.UpdatePanelDesigner.OnComponentChanged(System.Object,System.ComponentModel.Design.ComponentChangedEventArgs)">
      <summary>Gibt den Inhalt für den bearbeitbaren Bereich von der <see cref="T:System.Web.UI.UpdatePanel" /> -Steuerelements zur Entwurfszeit.</summary>
      <param name="sender">Der Bereich zu aktualisieren.</param>
      <param name="ce">Eine serialisierte Vorlage für das zugeordnete Steuerelement.</param>
    </member>
    <member name="M:System.Web.UI.Design.UpdatePanelDesigner.SetEditableDesignerRegionContent(System.Web.UI.Design.EditableDesignerRegion,System.String)">
      <summary>Wird aufgerufen, wenn die zugeordnete <see cref="T:System.Web.UI.UpdatePanel" /> -Steuerelements ändert.</summary>
      <param name="region">Die Quelle des Ereignisses.</param>
      <param name="content">Die Ereignisdaten.</param>
    </member>
    <member name="M:System.Web.UI.Design.UpdatePanelTriggerCollectionEditor.#ctor(System.Type)">
      <summary>Initialisiert eine neue Instanz der <see cref="T:System.Web.UI.Design.UpdatePanelTriggerCollectionEditor" />-Klasse.</summary>
      <param name="type">Der Typ des zu bearbeitenden Triggers.</param>
    </member>
    <member name="M:System.Web.UI.Design.UpdatePanelTriggerCollectionEditor.CanSelectMultipleInstances">
      <summary>Ruft einen Wert, der angibt, ob mehrere Trigger gleichzeitig ausgewählt werden können.</summary>
      <returns>Immer false.</returns>
    </member>
    <member name="M:System.Web.UI.Design.UpdatePanelTriggerCollectionEditor.CreateCollectionItemType">
      <summary>Ruft den Datentyp ab, dem diese Auflistung bearbeitet.</summary>
      <returns>Ein <see cref="T:System.Web.UI.UpdatePanelTrigger" />-Objekt.</returns>
    </member>
    <member name="M:System.Web.UI.Design.UpdatePanelTriggerCollectionEditor.CreateNewItemTypes">
      <summary>Ruft ab, die mehrere Datentypen, die der auflistungs-Editor erstellen können.</summary>
      <returns>Ein Array der Daten aufgeführt, die die <see cref="T:System.Web.UI.Design.UpdatePanelTriggerCollectionEditor" /> erstellen können.</returns>
    </member>
    <member name="M:System.Web.UI.Design.UpdatePanelTriggerCollectionEditor.EditValue(System.ComponentModel.ITypeDescriptorContext,System.IServiceProvider,System.Object)">
      <summary>Bearbeitet den Wert des angegebenen Objekts unter Verwendung des angegebenen Dienstanbieters und Kontext.</summary>
      <param name="context">Ein <see cref="T:System.ComponentModel.ITypeDescriptorContext" /> -Objekt, das zusätzliche Kontextinformationen bereitstellt.</param>
      <param name="provider">Ein Dienstobjekt, das Bearbeitungsdienste bereitstellt.</param>
      <param name="value">Das Objekt, dessen Wert bearbeitet wird.</param>
      <returns>Der neue Wert des Objekts.</returns>
    </member>
    <member name="M:System.Web.UI.Design.UpdateProgressAssociatedUpdatePanelIDConverter.#ctor">
      <summary>Initialisiert eine neue Instanz der <see cref="T:System.Web.UI.Design.UpdateProgressAssociatedUpdatePanelIDConverter" />-Klasse.</summary>
    </member>
    <member name="M:System.Web.UI.Design.UpdateProgressAssociatedUpdatePanelIDConverter.GetStandardValues(System.ComponentModel.ITypeDescriptorContext)">
      <summary>Gibt eine Auflistung von Steuerelement-IDs im Container innerhalb der <see cref="T:System.ComponentModel.Design.IDesignerHost" /> Objekt für den Kontext des angegebenen Formats.</summary>
      <param name="context">Ein Kontext, der Weitere Informationen über die Umgebung verwendet werden kann, denen dieser Konverter aufgerufen wird. Dieser Parameter und dessen Eigenschaften kann null.</param>
      <returns>Eine Auflistung von Zeichenfolgen, die die Steuerelement-IDs der Steuerelemente im aktuellen Container darstellen. Wenn keine Steuerelemente derzeit im Container vorhanden sind, gibt die Methode eine leere Auflistung zurück. Wenn der Kontext null oder wenn kein aktueller Container vorhanden ist, gibt die Methode null.</returns>
    </member>
    <member name="M:System.Web.UI.Design.UpdateProgressAssociatedUpdatePanelIDConverter.GetStandardValuesExclusive(System.ComponentModel.ITypeDescriptorContext)">
      <summary>Gibt ein Wert, der angibt, ob die Auflistung von Standardwerten, zurückgegeben von <see cref="M:System.Web.UI.Design.UpdateProgressAssociatedUpdatePanelIDConverter.GetStandardValues(System.ComponentModel.ITypeDescriptorContext)" /> eine exklusive Liste möglicher Werte für den angegebenen Kontext.</summary>
      <param name="context">Der Formatkontext.</param>
      <returns>true Wenn die <see cref="T:System.ComponentModel.TypeConverter.StandardValuesCollection" /> vom <see cref="M:System.Web.UI.Design.UpdateProgressAssociatedUpdatePanelIDConverter.GetStandardValues(System.ComponentModel.ITypeDescriptorContext)" /> eine exklusive Liste möglicher Werte false Wenn andere Werte möglich sind. Die Standardeinstellung ist false.</returns>
    </member>
    <member name="M:System.Web.UI.Design.UpdateProgressAssociatedUpdatePanelIDConverter.GetStandardValuesSupported(System.ComponentModel.ITypeDescriptorContext)">
      <summary>Gibt einen Wert, der angibt, ob dieser Konverter eine Reihe von Steuerelement-ID-Werten unterstützt, die aus einer Liste ausgewählt werden können.</summary>
      <param name="context">Der Formatkontext.</param>
      <returns>true Wenn <see cref="M:System.Web.UI.Design.UpdateProgressAssociatedUpdatePanelIDConverter.GetStandardValues(System.ComponentModel.ITypeDescriptorContext)" /> sollte aufgerufen werden, einen gemeinsamen Satz von Steuerelement-ID-Werte finden Sie das Objekt unterstützt, andernfalls, false. Die Standardeinstellung ist true.</returns>
    </member>
    <member name="M:System.Web.UI.Design.UpdateProgressDesigner.#ctor">
      <summary>Initialisiert eine neue Instanz der <see cref="T:System.Web.UI.Design.UpdateProgressDesigner" />-Klasse.</summary>
    </member>
    <member name="M:System.Web.UI.Design.UpdateProgressDesigner.GetDesignTimeHtml(System.Web.UI.Design.DesignerRegionCollection)">
      <summary>Gibt das HTML-Markup für die Anzeige der <see cref="T:System.Web.UI.UpdateProgress" /> steuern und füllt die Auflistung mit den aktuellen Steuerelement-Designer-Bereichen.</summary>
      <param name="regions">Ein Objekt, das Steuerelement-Designer-Bereichen für das zugeordnete Steuerelement enthält.</param>
      <returns>Entwurfszeit-HTML-Markup für das zugeordnete Steuerelement, einschließlich aller Steuerelement-Designer-Bereiche.</returns>
    </member>
    <member name="M:System.Web.UI.Design.UpdateProgressDesigner.GetEditableDesignerRegionContent(System.Web.UI.Design.EditableDesignerRegion)">
      <summary>Gibt den Inhalt für einen bearbeitbaren Bereich der Entwurfszeit-Ansicht von der <see cref="T:System.Web.UI.UpdateProgress" /> Steuerelement.</summary>
      <param name="region">Das <see cref="T:System.Web.UI.Design.EditableDesignerRegion" /> Objekt für Inhalte abgerufen werden sollen.</param>
      <returns>Eine serialisierte Kopie der Vorlage, die verwendet wird, um das Rendering des zugeordneten <see cref="T:System.Web.UI.UpdatePanel" /> -Steuerelements zur Entwurfszeit.</returns>
    </member>
    <member name="M:System.Web.UI.Design.UpdateProgressDesigner.SetEditableDesignerRegionContent(System.Web.UI.Design.EditableDesignerRegion,System.String)">
      <summary>Gibt den Inhalt für den bearbeitbaren Bereich des Steuerelements zur Entwurfszeit.</summary>
      <param name="region">Ein Objekt, das den Namen des zu aktualisierenden Bereichs bereitstellt.</param>
      <param name="content">Eine serialisierte Vorlage für das zugeordnete Steuerelement.</param>
    </member>
    <member name="M:System.Web.UI.Design.WebControls.DataPagerDesigner.#ctor">
      <summary>Initialisiert eine neue Instanz der <see cref="T:System.Web.UI.Design.WebControls.DataPagerDesigner" />-Klasse.</summary>
    </member>
    <member name="M:System.Web.UI.Design.WebControls.DataPagerDesigner.GetDesignTimeHtml">
      <summary>Generiert das HTML-Markup, mit dem das Rendering des zugeordneten <see cref="T:System.Web.UI.WebControls.DataPager" /> -Steuerelements zur Entwurfszeit.</summary>
      <returns>Das HTML-Markup, mit dem das Rendering des zugeordneten <see cref="T:System.Web.UI.WebControls.DataPager" /> -Steuerelements zur Entwurfszeit.</returns>
    </member>
    <member name="M:System.Web.UI.Design.WebControls.DataPagerDesigner.GetEmptyDesignTimeHtml">
      <summary>Generiert das HTML-Markup, das darstellt, ein <see cref="T:System.Web.UI.WebControls.DataPager" /> Steuerelement zur Entwurfszeit, die zur Laufzeit keine visuelle Darstellung verfügt.</summary>
      <returns>Das HTML-Markup, das ein leeres darstellt <see cref="T:System.Web.UI.WebControls.DataPager" /> -Steuerelements zur Entwurfszeit.</returns>
    </member>
    <member name="M:System.Web.UI.Design.WebControls.DataPagerDesigner.Initialize(System.ComponentModel.IComponent)">
      <summary>Initialisiert den Steuerelementdesigner und lädt das angegebene Steuerelement.</summary>
      <param name="component">Das Steuerelement, das entworfen wird.</param>
    </member>
    <member name="M:System.Web.UI.Design.WebControls.DataPagerDesigner.PreFilterProperties(System.Collections.IDictionary)">
      <summary>Fügt hinzu oder entfernt Sie Eigenschaften aus dem Eigenschaftenraster für die <see cref="T:System.Web.UI.WebControls.DataPager" /> Steuerelement.</summary>
      <param name="properties">Eine Auflistung, die die Eigenschaften enthält, die im Eigenschaftenraster verfügbar gemacht werden die <see cref="T:System.Web.UI.WebControls.DataPager" /> -Steuerelements zur Entwurfszeit.</param>
    </member>
    <member name="M:System.Web.UI.Design.WebControls.DataPagerFieldTypeEditor.#ctor">
      <summary>Initialisiert eine neue Instanz der <see cref="T:System.Web.UI.Design.WebControls.DataPagerFieldTypeEditor" />-Klasse.</summary>
    </member>
    <member name="M:System.Web.UI.Design.WebControls.DataPagerFieldTypeEditor.EditValue(System.ComponentModel.ITypeDescriptorContext,System.IServiceProvider,System.Object)">
      <summary>Zeigt den visuellen Editor mithilfe des Stils, die durch angegeben ist die <see cref="Overload:System.Web.UI.Design.WebControls.DataPagerFieldTypeEditor.GetEditStyle" /> -Methode zum Aktualisieren der <see cref="P:System.Web.UI.WebControls.DataPager.Fields" /> Eigenschaft.</summary>
      <param name="context">Kontextinformationen über die entwurfsumgebung.</param>
      <param name="provider">Ein Verweis auf den zugeordneten Designer.</param>
      <param name="value">Das zu bearbeitende Objekt.</param>
      <returns>Der neue Wert des Objekts.</returns>
    </member>
    <member name="M:System.Web.UI.Design.WebControls.DataPagerFieldTypeEditor.GetEditStyle(System.ComponentModel.ITypeDescriptorContext)">
      <summary>Ruft den Stil ab, dem der Editor verwendet.</summary>
      <param name="context">Kontextinformationen über die entwurfsumgebung.</param>
      <returns>Einer der Enumerationswerte, der den Typ der Formatvorlage angibt, die der Editor verwendet.</returns>
    </member>
    <member name="M:System.Web.UI.Design.WebControls.LinqDataSourceDesigner.#ctor">
      <summary>Initialisiert eine neue Instanz der <see cref="T:System.Web.UI.Design.WebControls.LinqDataSourceDesigner" />-Klasse.</summary>
    </member>
    <member name="M:System.Web.UI.Design.WebControls.LinqDataSourceDesigner.Configure">
      <summary>Startet den Konfigurations-Assistenten im Entwurfshost.</summary>
    </member>
    <member name="M:System.Web.UI.Design.WebControls.LinqDataSourceDesigner.GetView(System.String)">
      <summary>Gibt eine Datenquellenansicht mit dem angegebenen Namen zurück.</summary>
      <param name="viewName">Der Name der zurückzugebenden Ansicht.</param>
      <returns>Ein Objekt, dessen Name durch angegeben wird <paramref name="viewName" />andernfalls null.</returns>
    </member>
    <member name="M:System.Web.UI.Design.WebControls.LinqDataSourceDesigner.GetViewNames">
      <summary>Ruft eine Liste der verfügbaren Ansichten ab.</summary>
      <returns>Eine Auflistung mit einem Element mit dem Namen "DefaultView".</returns>
    </member>
    <member name="M:System.Web.UI.Design.WebControls.LinqDataSourceDesigner.Initialize(System.ComponentModel.IComponent)">
      <summary>Initialisiert den Steuerelementdesigner und lädt die angegebene Komponente.</summary>
      <param name="component">Das Objekt initialisiert werden.</param>
    </member>
    <member name="M:System.Web.UI.Design.WebControls.LinqDataSourceDesigner.PreFilterProperties(System.Collections.IDictionary)">
      <summary>Wird vom Designer zum Hinzufügen oder Entfernen von Eigenschaften im Eigenschaftenraster.</summary>
      <param name="properties">Die zu filternden Eigenschaften.</param>
    </member>
    <member name="M:System.Web.UI.Design.WebControls.LinqDataSourceDesigner.RefreshSchema(System.Boolean)">
      <summary>Aktualisiert das Schema aus der zugrunde liegenden Datenquelle.</summary>
      <param name="preferSilent">true alle Datenquellenereignisse unterdrückt, bis das Schema wird aktualisiert.</param>
    </member>
    <member name="M:System.Web.UI.Design.WebControls.LinqDesignerDataSourceView.#ctor(System.Web.UI.Design.WebControls.LinqDataSourceDesigner)">
      <summary>Initialisiert eine neue Instanz der <see cref="T:System.Web.UI.Design.WebControls.LinqDesignerDataSourceView" /> -Klasse mit angegebenen und den Namen der Datenquelle.</summary>
      <param name="owner">Das übergeordnete Element <see cref="T:System.Web.UI.Design.WebControls.LinqDataSourceDesigner" /> Objekt.</param>
    </member>
    <member name="M:System.Web.UI.Design.WebControls.LinqDesignerDataSourceView.GetDesignTimeData(System.Int32,System.Boolean@)">
      <summary>Ruft die Entwurfszeitdaten, die dem Schema des zugeordneten Datenquellen-Steuerelements entsprechen, mit die angegebene Anzahl von Zeilen ab. Gibt einen Wert, der angibt, ob die Beispieldaten oder echte Daten handelt.</summary>
      <param name="minimumRows">Die minimale Anzahl der zurückzugebenden Zeilen.</param>
      <param name="isSampleData">true, um anzugeben, dass die zurückgegebenen Daten Beispieldaten sind, false, um anzugeben, dass es sich bei den zurückgegebenen Daten um Livedaten handelt.</param>
      <returns>Die Daten, die zur Entwurfszeit anzuzeigen.</returns>
    </member>
    <member name="M:System.Web.UI.Design.WebControls.ListViewDesigner.#ctor">
      <summary>Initialisiert eine neue Instanz der <see cref="T:System.Web.UI.Design.WebControls.ListViewDesigner" />-Klasse.</summary>
    </member>
    <member name="M:System.Web.UI.Design.WebControls.ListViewDesigner.GetDesignTimeHtml">
      <summary>Generiert das HTML-Markup, mit dem das Rendering des zugeordneten <see cref="T:System.Web.UI.WebControls.ListView" /> -Steuerelements zur Entwurfszeit.</summary>
      <returns>Das HTML-Markup, mit dem das Rendering des zugeordneten <see cref="T:System.Web.UI.WebControls.ListView" /> -Steuerelements zur Entwurfszeit.</returns>
    </member>
    <member name="M:System.Web.UI.Design.WebControls.ListViewDesigner.GetDesignTimeHtml(System.Web.UI.Design.DesignerRegionCollection)">
      <summary>Generiert das HTML-Markup, mit dem das Rendering des zugeordneten <see cref="T:System.Web.UI.WebControls.ListView" /> -Steuerelement zur Entwurfszeit und füllt die angegebene Auflistung mit dem gerade ausgewählten Designerbereich.</summary>
      <param name="regions">Eine Auflistung von Designerbereichen für den zugeordneten <see cref="T:System.Web.UI.WebControls.ListView" /> Steuerelement.</param>
      <returns>Das HTML-Markup, mit dem das Rendering des zugeordneten <see cref="T:System.Web.UI.WebControls.ListView" /> -Steuerelements zur Entwurfszeit.</returns>
    </member>
    <member name="M:System.Web.UI.Design.WebControls.ListViewDesigner.GetEditableDesignerRegionContent(System.Web.UI.Design.EditableDesignerRegion)">
      <summary>Gibt den Inhalt des angegebenen bearbeitbaren Bereichs der Entwurfszeitansicht des zugeordneten <see cref="T:System.Web.UI.WebControls.ListView" /> Steuerelement.</summary>
      <param name="region">Das zum Abrufen des Inhalts für die Region.</param>
      <returns>Das HTML-Markup für die Region aus.</returns>
    </member>
    <member name="M:System.Web.UI.Design.WebControls.ListViewDesigner.GetEmptyDesignTimeHtml">
      <summary>Generiert das HTML-Markup, das darstellt, ein <see cref="T:System.Web.UI.WebControls.ListView" /> Steuerelement zur Entwurfszeit, die zur Laufzeit keine visuelle Darstellung verfügt.</summary>
      <returns>Das HTML-Markup, das stellt eine <see cref="T:System.Web.UI.WebControls.ListView" /> -Steuerelements zur Entwurfszeit.</returns>
    </member>
    <member name="M:System.Web.UI.Design.WebControls.ListViewDesigner.Initialize(System.ComponentModel.IComponent)">
      <summary>Initialisiert den Steuerelementdesigner und lädt das angegebene Steuerelement.</summary>
      <param name="component">Das Steuerelement, das entworfen wird.</param>
    </member>
    <member name="M:System.Web.UI.Design.WebControls.ListViewDesigner.OnComponentChanged(System.Object,System.ComponentModel.Design.ComponentChangedEventArgs)">
      <summary>Tritt auf, wenn das zugeordnete Steuerelement geändert wird.</summary>
      <param name="sender">Die Quelle des Ereignisses.</param>
      <param name="ce">Die Ereignisdaten.</param>
    </member>
    <member name="M:System.Web.UI.Design.WebControls.ListViewDesigner.OnSchemaRefreshed">
      <summary>Verhindert, dass die <see cref="T:System.Web.UI.WebControls.ListView" /> Steuerelement aktualisiert, wenn das Datenquellenschema im HTML-Designer aktualisiert wird.</summary>
    </member>
    <member name="M:System.Web.UI.Design.WebControls.ListViewDesigner.SetEditableDesignerRegionContent(System.Web.UI.Design.EditableDesignerRegion,System.String)">
      <summary>Gibt den Inhalt für einen bearbeitbaren Bereich von der <see cref="T:System.Web.UI.WebControls.ListView" /> -Steuerelements zur Entwurfszeit.</summary>
      <param name="region">Einer editierbaren Entwurfsbereich-Region, die innerhalb der <see cref="T:System.Web.UI.WebControls.ListView" /> Steuerelement.</param>
      <param name="content">Der Inhalt für editierbaren Entwurfsbereich zugewiesen werden soll.</param>
    </member>
    <member name="P:System.Web.UI.Design.ExtenderControlDesigner.Visible">
      <summary>Ruft einen Wert, der angibt, ob das aktuelle Steuerelement auf der Entwurfsoberfläche angezeigt wird, damit es ausgewählt und seine Eigenschaften bearbeitet werden können.</summary>
      <returns>true Wenn das aktuelle Steuerelement angezeigt wird. andernfalls false.</returns>
    </member>
    <member name="P:System.Web.UI.Design.UpdatePanelDesigner.UsePreviewControl">
      <summary>Ruft einen Wert, der angibt, ob der Designer eine temporäre Kopie verwenden soll die <see cref="T:System.Web.UI.UpdatePanel" /> -Steuerelement zum Generieren des Entwurfszeitmarkups anstelle des tatsächlichen Steuerelements, das dem Designer zugeordnet ist.</summary>
      <returns>Immer true.</returns>
    </member>
    <member name="P:System.Web.UI.Design.UpdateProgressDesigner.UsePreviewControl">
      <summary>Ruft einen Wert, der angibt, ob der Designer eine temporäre Kopie anstelle des eigentlichen Steuerelements, das dem Designer zugeordnete verwenden soll, um das Entwurfszeitmarkup zu generieren.</summary>
      <returns>Immer true.</returns>
    </member>
    <member name="P:System.Web.UI.Design.WebControls.DataPagerDesigner.ActionLists">
      <summary>Ruft die Liste der Elemente, die verwendet werden, erstellen Sie im Smarttagbereich für das zugeordnete <see cref="T:System.Web.UI.WebControls.DataPager" /> Steuerelement.</summary>
      <returns>Die Liste der Elemente, die verwendet werden, erstellen Sie im Smarttagbereich für das zugeordnete <see cref="T:System.Web.UI.WebControls.DataPager" /> Steuerelement.</returns>
    </member>
    <member name="P:System.Web.UI.Design.WebControls.DataPagerDesigner.PagedControlID">
      <summary>Ruft ab oder legt einen Wert für die Designer-Version der <see cref="P:System.Web.UI.WebControls.DataPager.PagedControlID" /> Eigenschaft.</summary>
      <returns>Der Wert der <see cref="P:System.Web.UI.WebControls.DataPager.PagedControlID" />-Eigenschaft.</returns>
    </member>
    <member name="P:System.Web.UI.Design.WebControls.DataPagerDesigner.TemplateGroups">
      <summary>Ruft eine Auflistung der Vorlagengruppen für die auf Vorlagen basierenden Pagerfelder des zugeordneten <see cref="T:System.Web.UI.WebControls.DataPager" /> Steuerelement.</summary>
      <returns>Eine Auflistung der Vorlagengruppen für die auf Vorlagen basierenden Pagerfelder des zugeordneten <see cref="T:System.Web.UI.WebControls.DataPager" /> Steuerelement.</returns>
    </member>
    <member name="P:System.Web.UI.Design.WebControls.DataPagerDesigner.UsePreviewControl">
      <summary>Ruft einen Wert, der angibt, ob der Designer eine temporäre Kopie, statt der tatsächlichen verwenden soll <see cref="T:System.Web.UI.WebControls.DataPager" /> Steuerelement, das dem Designer zugeordnet ist, um das Entwurfszeitmarkup zu generieren.</summary>
      <returns>true in allen Fällen.</returns>
    </member>
    <member name="P:System.Web.UI.Design.WebControls.LinqDataSourceDesigner.ActionLists">
      <summary>Ruft eine Liste von Elementen, die zum Erstellen einer Liste Aktionsmenü zur Entwurfszeit verwendet werden.</summary>
      <returns>Eine Auflistung, die die Aktion Listenelemente enthält.</returns>
    </member>
    <member name="P:System.Web.UI.Design.WebControls.LinqDataSourceDesigner.CanConfigure">
      <summary>Ruft einen Wert, der angibt, ob die <see cref="M:System.Web.UI.Design.WebControls.LinqDataSourceDesigner.Configure" /> -Methode vom Entwurfshost aufgerufen werden kann.</summary>
      <returns>true Wenn die <see cref="M:System.Web.UI.Design.WebControls.LinqDataSourceDesigner.Configure" /> Methode kann aufgerufen werden, andernfalls, false.</returns>
    </member>
    <member name="P:System.Web.UI.Design.WebControls.LinqDataSourceDesigner.CanRefreshSchema">
      <summary>Ruft einen Wert, der angibt, ob die <see cref="M:System.Web.UI.Design.WebControls.LinqDataSourceDesigner.RefreshSchema(System.Boolean)" /> -Methode vom Entwurfshost aufgerufen werden kann.</summary>
      <returns>true Wenn die <see cref="M:System.Web.UI.Design.WebControls.LinqDataSourceDesigner.RefreshSchema(System.Boolean)" /> Methode kann aufgerufen werden, andernfalls, false.</returns>
    </member>
    <member name="P:System.Web.UI.Design.WebControls.LinqDataSourceDesigner.ContextTypeName">
      <summary>Ruft ab oder legt den Namen des Typs, der die Eigenschaft enthält, dessen Wert die Daten enthält, die Sie abrufen möchten.</summary>
      <returns>Der Name der Klasse, die Daten abgerufen werden sollen.</returns>
    </member>
    <member name="P:System.Web.UI.Design.WebControls.LinqDataSourceDesigner.Delete">
      <summary>Ruft einen Wert für den Löschvorgang ab oder legt ihn fest.</summary>
      <returns>null.</returns>
    </member>
    <member name="P:System.Web.UI.Design.WebControls.LinqDataSourceDesigner.EnableDelete">
      <summary>Ruft ab oder legt einen Wert, der angibt, ob Zeilen zur Laufzeit aus der Datenquelle gelöscht werden können.</summary>
      <returns>true Wenn der Löschvorgang für Benutzer der zugeordneten aktiviert ist <see cref="T:System.Web.UI.WebControls.LinqDataSource" /> Instanz; andernfalls false.</returns>
    </member>
    <member name="P:System.Web.UI.Design.WebControls.LinqDataSourceDesigner.EnableInsert">
      <summary>Ruft ab oder legt einen Wert, der angibt, ob Zeilen zur Laufzeit in die Datenquelle eingefügt werden können.</summary>
      <returns>true Wenn der Einfügevorgang für Benutzer der zugeordneten aktiviert ist <see cref="T:System.Web.UI.WebControls.LinqDataSource" /> Instanz; andernfalls false.</returns>
    </member>
    <member name="P:System.Web.UI.Design.WebControls.LinqDataSourceDesigner.EnableUpdate">
      <summary>Ruft ab oder legt einen Wert, der angibt, ob Zeilen in der Datenquelle zur Laufzeit aktualisiert werden können.</summary>
      <returns>true Wenn der Aktualisierungsvorgang für Benutzer der zugeordneten aktiviert ist <see cref="T:System.Web.UI.WebControls.LinqDataSource" /> Instanz; andernfalls false.</returns>
    </member>
    <member name="P:System.Web.UI.Design.WebControls.LinqDataSourceDesigner.GroupBy">
      <summary>Ruft ab oder legt den Wert, der verwendet wird, wenn die Group By-Klausel erstellt wird.</summary>
      <returns>Eine Zeichenfolge, die die Eigenschaften enthält, die zum Gruppieren von Daten verwendet werden.</returns>
    </member>
    <member name="P:System.Web.UI.Design.WebControls.LinqDataSourceDesigner.Insert">
      <summary>Ruft einen Wert für den Löschvorgang ab oder legt ihn fest.</summary>
      <returns>null.</returns>
    </member>
    <member name="P:System.Web.UI.Design.WebControls.LinqDataSourceDesigner.OrderBy">
      <summary>Ruft ab oder legt den Wert, der verwendet wird, wenn die Order By-Klausel erstellt wird.</summary>
      <returns>Eine Zeichenfolge, die die Eigenschaften enthält, die zum Sortieren der Daten verwendet werden.</returns>
    </member>
    <member name="P:System.Web.UI.Design.WebControls.LinqDataSourceDesigner.OrderGroupsBy">
      <summary>Ruft ab oder legt den Wert, der verwendet wird, wenn die Gruppen Order By-Klausel erstellt wird.</summary>
      <returns>Eine Zeichenfolge, die die Eigenschaften enthält, die zum Sortieren von gruppierter Daten verwendet werden.</returns>
    </member>
    <member name="P:System.Web.UI.Design.WebControls.LinqDataSourceDesigner.Select">
      <summary>Ruft ab oder legt die Zeichenfolge, die Werte für den ausgewählten Vorgang enthält.</summary>
      <returns>Eine Zeichenfolge, die verwendet wird, wenn die Select-Klausel erstellt wird.</returns>
    </member>
    <member name="P:System.Web.UI.Design.WebControls.LinqDataSourceDesigner.ServiceProvider">
      <summary>Ruft den Dienstanbieter, der zugeordnet ist die <see cref="T:System.Web.UI.WebControls.LinqDataSource" /> Instanz.</summary>
      <returns>Ein Objekt, das den-Dienstanbieter darstellt.</returns>
    </member>
    <member name="P:System.Web.UI.Design.WebControls.LinqDataSourceDesigner.TableName">
      <summary>Ruft ab oder legt die <see cref="P:System.Web.UI.WebControls.LinqDataSource.TableName" /> Eigenschaft der <see cref="T:System.Web.UI.WebControls.LinqDataSource" /> Instanz.</summary>
      <returns>Der Name der Klasse, die die Daten enthält.</returns>
    </member>
    <member name="P:System.Web.UI.Design.WebControls.LinqDataSourceDesigner.Update">
      <summary>Ruft den Wert für den Aktualisierungsvorgang ab.</summary>
      <returns>null.</returns>
    </member>
    <member name="P:System.Web.UI.Design.WebControls.LinqDataSourceDesigner.Where">
      <summary>Ruft die <see cref="P:System.Web.UI.WebControls.LinqDataSource.Where" />-Eigenschaft des <see cref="T:System.Web.UI.WebControls.LinqDataSource" />-Steuerelements ab oder legt diese fest.</summary>
      <returns>Der Wert der <see cref="P:System.Web.UI.WebControls.LinqDataSource.Where" />-Eigenschaft.</returns>
    </member>
    <member name="P:System.Web.UI.Design.WebControls.LinqDesignerDataSourceView.CanDelete">
      <summary>Ruft einen Wert, der angibt, ob die <see cref="T:System.Web.UI.WebControls.LinqDataSourceView" /> -Objekt, das die aktuelle zugeordnet ist <see cref="T:System.Web.UI.WebControls.LinqDataSource" /> -Steuerelement unterstützt die <see cref="M:System.Web.UI.DataSourceView.ExecuteDelete(System.Collections.IDictionary,System.Collections.IDictionary)" /> Methode.</summary>
      <returns>true Wenn die <see cref="M:System.Web.UI.WebControls.LinqDataSourceView.ExecuteDelete(System.Collections.IDictionary,System.Collections.IDictionary)" /> -Methode unterstützt wird, andernfalls, false.</returns>
    </member>
    <member name="P:System.Web.UI.Design.WebControls.LinqDesignerDataSourceView.CanInsert">
      <summary>Ruft einen Wert, der angibt, ob die <see cref="T:System.Web.UI.WebControls.LinqDataSourceView" /> -Objekt, das die aktuelle zugeordnet ist <see cref="T:System.Web.UI.WebControls.LinqDataSource" /> -Steuerelement unterstützt die <see cref="M:System.Web.UI.DataSourceView.ExecuteInsert(System.Collections.IDictionary)" /> Methode.</summary>
      <returns>true Wenn die <see cref="M:System.Web.UI.WebControls.LinqDataSourceView.ExecuteInsert(System.Collections.IDictionary)" /> -Methode unterstützt wird, andernfalls, false.</returns>
    </member>
    <member name="P:System.Web.UI.Design.WebControls.LinqDesignerDataSourceView.CanPage">
      <summary>Ruft einen Wert, der angibt, ob die <see cref="T:System.Web.UI.WebControls.LinqDataSourceView" /> -Objekt, das die aktuelle zugeordnet ist <see cref="T:System.Web.UI.WebControls.LinqDataSource" /> -Steuerelement unterstützt das Paging durch die Daten, die von abgerufen werden die <see cref="M:System.Web.UI.WebControls.LinqDataSourceView.ExecuteSelect(System.Web.UI.DataSourceSelectArguments)" /> Methode.</summary>
      <returns>true Wenn paging durch die Daten, die von abgerufen wird die <see cref="M:System.Web.UI.WebControls.LinqDataSourceView.ExecuteSelect(System.Web.UI.DataSourceSelectArguments)" /> -Methode unterstützt wird, andernfalls, false.</returns>
    </member>
    <member name="P:System.Web.UI.Design.WebControls.LinqDesignerDataSourceView.CanSort">
      <summary>Ruft einen Wert, der angibt, ob die <see cref="T:System.Web.UI.WebControls.LinqDataSourceView" /> -Objekt, das die aktuelle zugeordnet ist <see cref="T:System.Web.UI.WebControls.LinqDataSource" /> Steuerelement eine sortierte Ansicht der zugrunde liegenden Datenquelle unterstützt.</summary>
      <returns>true Wenn eine sortierte Ansicht der zugrunde liegenden Datenquelle unterstützt wird. andernfalls false.</returns>
    </member>
    <member name="P:System.Web.UI.Design.WebControls.LinqDesignerDataSourceView.CanUpdate">
      <summary>Ruft einen Wert, der angibt, ob die <see cref="T:System.Web.UI.WebControls.LinqDataSourceView" /> -Objekt, das die aktuelle zugeordnet ist <see cref="T:System.Web.UI.WebControls.LinqDataSource" /> -Steuerelement unterstützt die <see cref="M:System.Web.UI.WebControls.LinqDataSourceView.ExecuteUpdate(System.Collections.IDictionary,System.Collections.IDictionary,System.Collections.IDictionary)" /> Methode.</summary>
      <returns>true Wenn die <see cref="M:System.Web.UI.WebControls.LinqDataSourceView.ExecuteUpdate(System.Collections.IDictionary,System.Collections.IDictionary,System.Collections.IDictionary)" /> -Methode unterstützt wird, andernfalls, false.</returns>
    </member>
    <member name="P:System.Web.UI.Design.WebControls.LinqDesignerDataSourceView.IsDataContext">
      <summary>Ruft einen Wert, der angibt, ob die <see cref="P:System.Web.UI.WebControls.LinqDataSourceView.ContextType" /> -Eigenschaft enthält ein Objekt, das von abgeleitet ist <see cref="T:System.Data.Linq.DataContext" />.</summary>
      <returns>true Wenn das Objekt in der <see cref="P:System.Web.UI.WebControls.LinqDataSourceView.ContextType" /> Eigenschaft abgeleitet <see cref="T:System.Data.Linq.DataContext" />andernfalls false.</returns>
    </member>
    <member name="P:System.Web.UI.Design.WebControls.LinqDesignerDataSourceView.IsTableTypeTable">
      <summary>Ruft einen Wert, der angibt, ob die <see cref="P:System.Web.UI.WebControls.LinqDataSourceView.TableName" /> -Eigenschaft gibt ein <see cref="T:System.Data.Linq.Table`1" /> Typ.</summary>
      <returns>true Wenn die <see cref="P:System.Web.UI.WebControls.LinqDataSourceView.TableName" /> -Eigenschaft gibt ein <see cref="T:System.Data.Linq.Table`1" /> Geben; anderenfalls false.</returns>
    </member>
    <member name="P:System.Web.UI.Design.WebControls.LinqDesignerDataSourceView.Schema">
      <summary>Ruft das Schema die Datenquellensicht beschreibt, die durch das aktuelle Objekt dargestellt wird.</summary>
      <returns>Ein Objekt, das das Schema darstellt.</returns>
    </member>
    <member name="P:System.Web.UI.Design.WebControls.ListViewDesigner.ActionLists">
      <summary>Ruft die Liste der Elemente verwendet wird, erstellen Sie einen Smarttagbereich für die <see cref="T:System.Web.UI.WebControls.ListView" /> Steuerelement.</summary>
      <returns>Die <see cref="T:System.ComponentModel.Design.DesignerActionListCollection" /> -Objekt, das diesem Designer zugeordnet ist.</returns>
    </member>
    <member name="P:System.Web.UI.Design.WebControls.ListViewDesigner.SampleRowCount">
      <summary>Ruft der Anzahl der Datensätze, die die <see cref="T:System.Web.UI.WebControls.ListView" /> Steuerelement auf der Entwurfsoberfläche angezeigt.</summary>
      <returns>Die Anzahl der Datensätze, die <see cref="T:System.Web.UI.WebControls.ListView" /> Steuerelement auf der Entwurfsoberfläche angezeigt.</returns>
    </member>
    <member name="P:System.Web.UI.Design.WebControls.ListViewDesigner.UsePreviewControl">
      <summary>Ruft einen Wert, der angibt, ob der Designer eine temporäre Kopie, statt der tatsächlichen verwenden soll <see cref="T:System.Web.UI.WebControls.ListView" /> Steuerelement, das dem Designer zugeordnet ist, um das Entwurfszeitmarkup zu generieren.</summary>
      <returns>true in allen Fällen.</returns>
    </member>
    <member name="T:System.Web.UI.Design.AsyncPostBackTriggerControlIDConverter">
      <summary>Stellt einen Typkonverter, der eine Liste der Steuerelement-IDs im aktuellen Container abruft.</summary>
    </member>
    <member name="T:System.Web.UI.Design.AsyncPostBackTriggerEventNameConverter">
      <summary>Stellt einen Typkonverter, der eine Liste der Ereignisse für ein Steuerelement im aktuellen Container abruft.</summary>
    </member>
    <member name="T:System.Web.UI.Design.CollectionEditorBase">
      <summary>Stellt eine Benutzeroberfläche bereit, sodass Benutzer bearbeiten können <see cref="T:System.Web.UI.ScriptReferenceCollection" />, <see cref="T:System.Web.UI.ServiceReferenceCollection" />, und <see cref="T:System.Web.UI.UpdatePanelTriggerCollection" /> Objekte zur Entwurfszeit.</summary>
    </member>
    <member name="T:System.Web.UI.Design.ExtenderControlDesigner">
      <summary>Bietet Benutzeroberflächenunterstützung zum Arbeiten mit Extendersteuerelementen zur Entwurfszeit.</summary>
    </member>
    <member name="T:System.Web.UI.Design.ExtenderControlToolboxItem">
      <summary>Bietet eine Möglichkeit, um zu bestimmen, welche Zielsteuerelemente von einem bestimmten Extendersteuerelement in der Toolbox erweitert werden können.</summary>
    </member>
    <member name="T:System.Web.UI.Design.PostBackTriggerControlIDConverter">
      <summary>Stellt einen Typkonverter, der eine Liste der Steuerelement-IDs im aktuellen Container abruft.</summary>
    </member>
    <member name="T:System.Web.UI.Design.QueryExtenderDesigner">
      <summary>Stellt Designerfunktionen für das <see cref="T:System.Web.UI.WebControls.QueryExtender" />-Steuerelement bereit.</summary>
    </member>
    <member name="T:System.Web.UI.Design.ScriptManagerDesigner">
      <summary>Stellt Unterstützung zur Entwurfszeit für das <see cref="T:System.Web.UI.ScriptManager" />-Steuerelement in einem visuellen Designer bereit.</summary>
    </member>
    <member name="T:System.Web.UI.Design.ScriptManagerProxyDesigner">
      <summary>Stellt für das <see cref="T:System.Web.UI.ScriptManagerProxy" />-Steuerelement in einem visuellen Designer Unterstützung zur Entwurfszeit bereit.</summary>
    </member>
    <member name="T:System.Web.UI.Design.ServiceReferenceCollectionEditor">
      <summary>Stellt einen Komponenten-Editor für die Auflistung der Dienstverweise der <see cref="T:System.Web.UI.ServiceReference" /> Steuerelement.</summary>
    </member>
    <member name="T:System.Web.UI.Design.TimerDesigner">
      <summary>Stellt Unterstützung zur Entwurfszeit für das <see cref="T:System.Web.UI.Timer" />-Steuerelement in einem visuellen Designer bereit.</summary>
    </member>
    <member name="T:System.Web.UI.Design.UpdatePanelDesigner">
      <summary>Stellt Unterstützung zur Entwurfszeit für das <see cref="T:System.Web.UI.UpdatePanel" />-Steuerelement in einem visuellen Designer bereit.</summary>
    </member>
    <member name="T:System.Web.UI.Design.UpdatePanelTriggerCollectionEditor">
      <summary>Stellt einen Komponenten-Editor für die <see cref="P:System.Web.UI.UpdatePanel.Triggers" /> Auflistung von <see cref="T:System.Web.UI.UpdatePanel" /> Steuerelemente.</summary>
    </member>
    <member name="T:System.Web.UI.Design.UpdateProgressAssociatedUpdatePanelIDConverter">
      <summary>Stellt einen Typkonverter, der eine Liste der Steuerelement-IDs im aktuellen Container abruft.</summary>
    </member>
    <member name="T:System.Web.UI.Design.UpdateProgressDesigner">
      <summary>Stellt Unterstützung zur Entwurfszeit für das <see cref="T:System.Web.UI.UpdateProgress" />-Steuerelement in einem visuellen Designer bereit.</summary>
    </member>
    <member name="T:System.Web.UI.Design.WebControls.DataPagerDesigner">
      <summary>Stellt Entwurfszeitunterstützung in einem visuellen Designer für das <see cref="T:System.Web.UI.WebControls.DataPager" />-Steuerelement bereit.</summary>
    </member>
    <member name="T:System.Web.UI.Design.WebControls.DataPagerFieldTypeEditor">
      <summary>Stellt einen visuellen Editor für <see cref="T:System.Web.UI.WebControls.DataPager" /> Felder.</summary>
    </member>
    <member name="T:System.Web.UI.Design.WebControls.LinqDataSourceDesigner">
      <summary>Stellt Entwurfszeitunterstützung in einem visuellen Designer für das <see cref="T:System.Web.UI.WebControls.LinqDataSource" />-Steuerelement bereit.</summary>
    </member>
    <member name="T:System.Web.UI.Design.WebControls.LinqDesignerDataSourceView">
      <summary>Stellt eine Entwurfszeitansicht von Daten für die <see cref="T:System.Web.UI.Design.WebControls.LinqDataSourceDesigner" /> Klasse.</summary>
    </member>
    <member name="T:System.Web.UI.Design.WebControls.ListViewDesigner">
      <summary>Stellt Entwurfszeitunterstützung in einem visuellen Designer für das <see cref="T:System.Web.UI.WebControls.ListView" />-Steuerelement bereit.</summary>
    </member>
  </members>
</doc>