﻿<?xml version="1.0" encoding="utf-8"?>
<doc>
  <assembly>
    <name>UIAutomationProvider</name>
  </assembly>
  <members>
    <member name="F:System.Windows.Automation.Provider.AutomationInteropProvider.AppendRuntimeId">
      <summary>Enthält einen Wert, der bei Rückgabe als erstes Element des Arrays, das vom Benutzeroberflächenautomatisierungs-Anbieter an <see cref="M:System.Windows.Automation.Provider.IRawElementProviderFragment.GetRuntimeId" /> übergeben wurde, angibt, dass die ID teilweise ist und an die ID angefügt werden muss, die vom Basisanbieter bereitgestellt wurde.</summary>
    </member>
    <member name="F:System.Windows.Automation.Provider.AutomationInteropProvider.InvalidateLimit">
      <summary>Gibt die maximale Anzahl von Ereignissen, die vor der Batcherstellung gesendet.</summary>
    </member>
    <member name="F:System.Windows.Automation.Provider.AutomationInteropProvider.ItemsInvalidateLimit">
      <summary>Die maximale Anzahl von Ereignissen zu senden, bevor die Batchverarbeitung für Elemente im Container.</summary>
    </member>
    <member name="F:System.Windows.Automation.Provider.AutomationInteropProvider.RootObjectId">
      <summary>Enthält einen Wert in der lParam Mitglied einer WM_GETOBJECT Meldung an, dass der Server einen Verweis auf den Anbieter des unformatierten Stammelements zurückgeben sollte.</summary>
    </member>
    <member name="M:System.Windows.Automation.Provider.AutomationInteropProvider.HostProviderFromHandle(System.IntPtr)">
      <summary>Gibt einen Benutzeroberflächenautomatisierungs-Anbieter zurück, der das angegebene Fenster darstellt.</summary>
      <param name="hwnd">Das Handle des Fensters.</param>
      <returns>Der Rohdatenelement-Anbieter für das angegebene Fenster.</returns>
    </member>
    <member name="M:System.Windows.Automation.Provider.AutomationInteropProvider.RaiseAutomationEvent(System.Windows.Automation.AutomationEvent,System.Windows.Automation.Provider.IRawElementProviderSimple,System.Windows.Automation.AutomationEventArgs)">
      <summary>Löst ein Musterereignis oder ein benutzerdefiniertes Ereignis aus.</summary>
      <param name="eventId">Der Ereignisbezeichner.</param>
      <param name="provider">Das Element, das dem Ereignis zugeordnet.</param>
      <param name="e">Informationen zum Ereignis.</param>
    </member>
    <member name="M:System.Windows.Automation.Provider.AutomationInteropProvider.RaiseAutomationPropertyChangedEvent(System.Windows.Automation.Provider.IRawElementProviderSimple,System.Windows.Automation.AutomationPropertyChangedEventArgs)">
      <summary>Löst ein Ereignis aus, wenn sich eine Benutzeroberflächenautomatisierung-Eigenschaft geändert hat. </summary>
      <param name="element">Das Element, das dem Ereignis zugeordnet.</param>
      <param name="e">Informationen zum Ereignis.</param>
    </member>
    <member name="M:System.Windows.Automation.Provider.AutomationInteropProvider.RaiseStructureChangedEvent(System.Windows.Automation.Provider.IRawElementProviderSimple,System.Windows.Automation.StructureChangedEventArgs)">
      <summary>Löst ein Ereignis aus, wenn die Benutzeroberflächenautomatisierung Struktur geändert hat.</summary>
      <param name="provider">Das Element, das dem Ereignis zugeordnet.</param>
      <param name="e">Informationen zum Ereignis.</param>
    </member>
    <member name="M:System.Windows.Automation.Provider.AutomationInteropProvider.ReturnRawElementProvider(System.IntPtr,System.IntPtr,System.IntPtr,System.Windows.Automation.Provider.IRawElementProviderSimple)">
      <summary>Gibt den Benutzeroberflächenautomatisierungs-Anbieter für ein Element als Reaktion auf eine WM_GETOBJECT-Nachricht zurück.</summary>
      <param name="hwnd">Handle für das Fenster des Elements.</param>
      <param name="wParam">Der wParam-Member der WM_GETOBJECT -Nachricht.</param>
      <param name="lParam">Der lParam-Member der WM_GETOBJECT-Nachricht.</param>
      <param name="el">Der Benutzeroberflächenautomatisierungs-Anbieter für das Element.</param>
      <returns>Ein Zeiger auf Daten, die <see cref="P:System.Windows.Forms.Message.Result" /> zugewiesen werden sollten, bevor die Nachricht an die Basisfensterprozedur übergeben wird.</returns>
    </member>
    <member name="M:System.Windows.Automation.Provider.IDockProvider.SetDockPosition(System.Windows.Automation.DockPosition)">
      <summary>Dockt das Steuerelement innerhalb eines Containers docking.</summary>
      <param name="dockPosition">Die Andockposition relativ zu den Grenzen der Dockingstation Container und andere Elemente im Container.</param>
    </member>
    <member name="M:System.Windows.Automation.Provider.IExpandCollapseProvider.Collapse">
      <summary>Blendet alle Knoten, Steuerelemente oder Inhalte, die Nachfolger des Steuerelements.</summary>
    </member>
    <member name="M:System.Windows.Automation.Provider.IExpandCollapseProvider.Expand">
      <summary>Zeigt alle untergeordneten Knoten, Steuerelemente oder Inhalte des Steuerelements.</summary>
    </member>
    <member name="M:System.Windows.Automation.Provider.IGridProvider.GetItem(System.Int32,System.Int32)">
      <summary>Ruft den Benutzeroberflächenautomatisierungs-Anbieter für die angegebene Zelle ab.</summary>
      <param name="row">Die Ordinalzahl der betreffenden Zeile.</param>
      <param name="column">Die Ordinalzahl der betreffenden Spalte.</param>
      <returns>Der Benutzeroberflächenautomatisierungs-Anbieter für die angegebene Zelle.</returns>
    </member>
    <member name="M:System.Windows.Automation.Provider.IInvokeProvider.Invoke">
      <summary>Sendet eine Anforderung zum Aktivieren eines Steuerelements und Initiieren seiner einzelnen eindeutigen Aktion.</summary>
      <exception cref="T:System.Windows.Automation.ElementNotEnabledException">Wenn das Steuerelement nicht aktiviert ist.</exception>
    </member>
    <member name="M:System.Windows.Automation.Provider.IItemContainerProvider.FindItemByProperty(System.Windows.Automation.Provider.IRawElementProviderSimple,System.Int32,System.Object)">
      <summary>Ruft ein Element durch den angegebenen Eigenschaftswert ab.</summary>
      <param name="startAfter">Das Element im Container, nach der die Suche beginnen soll.</param>
      <param name="propertyId">Die Eigenschaft, die den abzurufenden Wert enthält.</param>
      <param name="value">Der Wert abgerufen werden soll.</param>
      <returns>Das erste Element, das Suchkriterium übereinstimmt; andernfalls null Wenn keine Elemente übereinstimmen.</returns>
    </member>
    <member name="M:System.Windows.Automation.Provider.IMultipleViewProvider.GetSupportedViews">
      <summary>Ruft eine Auflistung steuerelementspezifischer Ansichtsbezeichner ab.</summary>
      <returns>Eine Auflistung von Werten, die die verfügbaren Ansichten für ein Benutzeroberflächenautomatisierungs-Element bestimmt.</returns>
    </member>
    <member name="M:System.Windows.Automation.Provider.IMultipleViewProvider.GetViewName(System.Int32)">
      <summary>Ruft den Namen einer steuerelementspezifischen Ansicht ab.</summary>
      <param name="viewId">Der Bezeichner.</param>
      <returns>Ein lokalisierter Name für die Ansicht.</returns>
      <exception cref="T:System.ArgumentException">
        <paramref name="viewId" /> ist kein Member der unterstützten Ansichtsauflistung.</exception>
    </member>
    <member name="M:System.Windows.Automation.Provider.IMultipleViewProvider.SetCurrentView(System.Int32)">
      <summary>Legt die aktuelle steuerelementspezifische Ansicht fest.</summary>
      <param name="viewId">Ein Bezeichner.</param>
      <exception cref="T:System.ArgumentException">
        <paramref name="viewId" /> ist kein Member der unterstützten Ansichtsauflistung.</exception>
    </member>
    <member name="M:System.Windows.Automation.Provider.IRangeValueProvider.SetValue(System.Double)">
      <summary>Legt den Wert des Steuerelements fest.</summary>
      <param name="value">Der festzulegende Wert.</param>
      <exception cref="T:System.ArgumentOutOfRangeException">Wenn <paramref name="value" /> kleiner ist als der Mindestwert oder größer als der maximale Wert des Steuerelements.</exception>
    </member>
    <member name="M:System.Windows.Automation.Provider.IRawElementProviderAdviseEvents.AdviseEventAdded(System.Int32,System.Int32[])">
      <summary>Benachrichtigt den Benutzeroberflächenautomatisierungs-Anbieter, wenn ein Benutzeroberflächenautomatisierungs-Client die Überwachung eines bestimmten Ereignisses startet, einschließlich eines durch eine Eigenschaft geänderten Ereignisses.</summary>
      <param name="eventId">Der Bezeichner des hinzugefügten Ereignisses.</param>
      <param name="properties">Die Bezeichner der hinzugefügten Eigenschaften oder null, wenn der hinzugefügte Ereignislistener keine Eigenschaftenereignisse überwacht.</param>
    </member>
    <member name="M:System.Windows.Automation.Provider.IRawElementProviderAdviseEvents.AdviseEventRemoved(System.Int32,System.Int32[])">
      <summary>Benachrichtigt den Benutzeroberflächenautomatisierungs-Anbieter, wenn ein Benutzeroberflächenautomatisierungs-Client die Überwachung eines bestimmten Ereignisses beendet, einschließlich eines Eigenschaftenänderungsereignisses.</summary>
      <param name="eventId">Der Bezeichner des zu entfernenden Ereignisses.</param>
      <param name="properties">Die Bezeichner der zu entfernenden Eigenschaften, oder null, wenn der zu entfernende Ereignislistener keine Eigenschaftenereignisse überwacht.</param>
    </member>
    <member name="M:System.Windows.Automation.Provider.IRawElementProviderFragment.GetEmbeddedFragmentRoots">
      <summary>Ruft ein Array von Fragment Stämme, die in eingebettet sind die Benutzeroberflächenautomatisierung -Elementstruktur am aktuellen Element.</summary>
      <returns>Ein Array von Stammfragmenten oder null.</returns>
    </member>
    <member name="M:System.Windows.Automation.Provider.IRawElementProviderFragment.GetRuntimeId">
      <summary>Ruft den Laufzeitbezeichner eines Elements ab.</summary>
      <returns>Ruft den Laufzeitbezeichner eines Elements ab.</returns>
    </member>
    <member name="M:System.Windows.Automation.Provider.IRawElementProviderFragment.Navigate(System.Windows.Automation.Provider.NavigateDirection)">
      <summary>Ruft das Benutzeroberflächenautomatisierung-Element in einer angegebenen Richtung innerhalb der Struktur ab.</summary>
      <param name="direction">Die Richtung für die Navigation.</param>
      <returns>Das Element in der angegebenen Richtung oder null, wenn kein Element in dieser Richtung vorhanden ist.</returns>
    </member>
    <member name="M:System.Windows.Automation.Provider.IRawElementProviderFragment.SetFocus">
      <summary>Legt den Fokus auf dieses Element fest.</summary>
    </member>
    <member name="M:System.Windows.Automation.Provider.IRawElementProviderFragmentRoot.ElementProviderFromPoint(System.Double,System.Double)">
      <summary>Ruft das Element in diesem Fragment ab, das sich am angegebenen Punkt befindet.</summary>
      <param name="x">Die X-Koordinate.</param>
      <param name="y">Die Y-Koordinate.</param>
      <returns>Der Anbieter für das untergeordnete Element am angegebenen Punkt (sofern vorhanden) oder der Stammanbieter, wenn sich der Punkt auf diesem Element, jedoch nicht auf einem untergeordneten Element befindet. Andernfalls wird null zurückgegeben.</returns>
    </member>
    <member name="M:System.Windows.Automation.Provider.IRawElementProviderFragmentRoot.GetFocus">
      <summary>Ruft das Element in diesem Fragment ab, das über den Eingabefokus verfügt.</summary>
      <returns>Der Anbieter für das Element in diesem Fragment, das über den Eingabefokus verfügt, sofern vorhanden. Andernfalls ein Nullverweis (Nothing in Visual Basic).</returns>
    </member>
    <member name="M:System.Windows.Automation.Provider.IRawElementProviderHwndOverride.GetOverrideProviderForHwnd(System.IntPtr)">
      <summary>Ruft einen Benutzeroberflächenautomatisierungs-Anbieter für das angegebene Element ab.</summary>
      <param name="hwnd">Das Fensterhandle des Elements.</param>
      <returns>Der Anbieter des angegebenen Elements, oder ein NULL-Verweis (Nothing in Microsoft Visual Basic .NET), wenn der Standardanbieter des Elements nicht überschrieben wird.</returns>
    </member>
    <member name="M:System.Windows.Automation.Provider.IRawElementProviderSimple.GetPatternProvider(System.Int32)">
      <summary>Ruft ein Objekt ab, das Unterstützung für ein Steuerelementmuster in einem Benutzeroberflächenautomatisierung-Element bietet.</summary>
      <param name="patternId">Der Bezeichner des Musters.</param>
      <returns>Das Objekt, das die Musterschnittstelle implementiert bzw. null, wenn das Muster nicht unterstützt wird.</returns>
    </member>
    <member name="M:System.Windows.Automation.Provider.IRawElementProviderSimple.GetPropertyValue(System.Int32)">
      <summary>Ruft den Wert einer Eigenschaft ab, die vom Benutzeroberflächen-Automatisierungsanbieter unterstützt wird.</summary>
      <param name="propertyId">Der Eigenschaftenbezeichner.</param>
      <returns>Der Eigenschaftswert oder null, wenn die Eigenschaft von diesem Anbieter nicht unterstützt wird, oder <see cref="F:System.Windows.Automation.AutomationElementIdentifiers.NotSupported" />, wenn sie überhaupt nicht unterstützt wird.</returns>
    </member>
    <member name="M:System.Windows.Automation.Provider.IScrollItemProvider.ScrollIntoView">
      <summary>Führt einen Bildlauf im Inhaltsbereich eines Containerobjekts, um das Steuerelement im sichtbaren Bereich (Viewport) des Containers anzuzeigen.</summary>
      <exception cref="T:System.InvalidOperationException">Das Element kann nicht in die Ansicht rücken.</exception>
    </member>
    <member name="M:System.Windows.Automation.Provider.IScrollProvider.Scroll(System.Windows.Automation.ScrollAmount,System.Windows.Automation.ScrollAmount)">
      <summary>Scrollt den sichtbaren Bereich des Inhaltsbereichs horizontal und vertikal.</summary>
      <param name="horizontalAmount">Das horizontale Inkrement, das speziell für das Steuerelement gilt.<see cref="F:System.Windows.Automation.ScrollPatternIdentifiers.NoScroll" /> sollte übergeben werden, wenn das Steuerelement in diese Richtung gescrollt werden kann.</param>
      <param name="verticalAmount">Das vertikale Inkrement, das speziell für das Steuerelement gilt.<see cref="F:System.Windows.Automation.ScrollPatternIdentifiers.NoScroll" /> sollte übergeben werden, wenn das Steuerelement in diese Richtung gescrollt werden kann.</param>
      <exception cref="T:System.ArgumentException">Wenn ein Steuerelement <see cref="F:System.Windows.Automation.ScrollAmount.SmallIncrement" />-Werte ausschließlich für horizontales oder vertikales Scrollen unterstützt, aber ein <see cref="F:System.Windows.Automation.ScrollAmount.LargeIncrement" />-Wert übergeben wurde.</exception>
      <exception cref="T:System.InvalidOperationException">Es wird versucht, in eine nicht unterstützte Richtung zu scrollen.</exception>
    </member>
    <member name="M:System.Windows.Automation.Provider.IScrollProvider.SetScrollPercent(System.Double,System.Double)">
      <summary>Legt den horizontalen und vertikalen Bildlaufposition als Prozentsatz des gesamten Inhaltsbereichs innerhalb des Steuerelements fest.</summary>
      <param name="horizontalPercent">Die horizontale Position als Prozentsatz des gesamten Inhaltsbereichs.<see cref="F:System.Windows.Automation.ScrollPatternIdentifiers.NoScroll" /> sollte übergeben werden, wenn das Steuerelement in diese Richtung gescrollt werden kann.</param>
      <param name="verticalPercent">Die vertikale Position als Prozentsatz des gesamten Inhaltsbereichs.<see cref="F:System.Windows.Automation.ScrollPatternIdentifiers.NoScroll" /> sollte übergeben werden, wenn das Steuerelement in diese Richtung gescrollt werden kann.</param>
      <exception cref="T:System.ArgumentException">Ein Wert, der nicht in einen Double-Wert konvertiert werden kann, wird übergeben.</exception>
      <exception cref="T:System.ArgumentOutOfRangeException">Ein Wert größer als 100 oder kleiner 0 übergeben wird (außer-1, dies entspricht dem <see cref="F:System.Windows.Automation.ScrollPatternIdentifiers.NoScroll" />). Die <see cref="P:System.Windows.Automation.Provider.IScrollProvider.HorizontalScrollPercent" /> und <see cref="P:System.Windows.Automation.Provider.IScrollProvider.VerticalScrollPercent" /> -Wert werden zu 100 Prozent oder zu 0 Prozent normalisiert.</exception>
      <exception cref="T:System.InvalidOperationException">Es wird versucht, in eine nicht unterstützte Richtung zu scrollen.</exception>
    </member>
    <member name="M:System.Windows.Automation.Provider.ISelectionItemProvider.AddToSelection">
      <summary>Fügt das aktuelle Element der Auflistung der ausgewählten Elemente.</summary>
    </member>
    <member name="M:System.Windows.Automation.Provider.ISelectionItemProvider.RemoveFromSelection">
      <summary>Entfernt das aktuelle Element aus der Auflistung der ausgewählten Elemente.</summary>
    </member>
    <member name="M:System.Windows.Automation.Provider.ISelectionItemProvider.Select">
      <summary>Hebt die Auswahl aller ausgewählten Elemente auf und wählt dann das aktuelle Element.</summary>
    </member>
    <member name="M:System.Windows.Automation.Provider.ISelectionProvider.GetSelection">
      <summary>Ruft einen Benutzeroberflächenautomatisierungs-Anbieter für jedes untergeordnete Element ab, das ausgewählt ist.</summary>
      <returns>Eine Auflistung von Benutzeroberflächenautomatisierungs-Anbietern.</returns>
    </member>
    <member name="M:System.Windows.Automation.Provider.ISynchronizedInputProvider.Cancel">
      <summary>Beendet die Überwachung für die Eingabe.</summary>
    </member>
    <member name="M:System.Windows.Automation.Provider.ISynchronizedInputProvider.StartListening(System.Windows.Automation.SynchronizedInputType)">
      <summary>Legt fest, die die Eingabe des angegebenen Typs überwacht Anbieter starten.</summary>
      <param name="inputType">Der Typ der Eingabe, die überwacht werden soll.</param>
    </member>
    <member name="M:System.Windows.Automation.Provider.ITableItemProvider.GetColumnHeaderItems">
      <summary>Ruft eine Auflistung von Benutzeroberflächenautomatisierungs-Anbietern ab, die alle Spaltenüberschriften darstellen, die einem Tabellenelement oder einer Zelle zugeordnet sind.</summary>
      <returns>Eine Auflistung von Benutzeroberflächenautomatisierungs-Anbietern.</returns>
    </member>
    <member name="M:System.Windows.Automation.Provider.ITableItemProvider.GetRowHeaderItems">
      <summary>Ruft eine Auflistung von Benutzeroberflächenautomatisierungs-Anbietern ab, die alle die Zeilenüberschrift darstellen, die einem Tabellenelement oder einer Zelle zugeordnet sind.</summary>
      <returns>Eine Auflistung von Benutzeroberflächenautomatisierungs-Anbietern.</returns>
    </member>
    <member name="M:System.Windows.Automation.Provider.ITableProvider.GetColumnHeaders">
      <summary>Ruft eine Auflistung von Benutzeroberflächenautomatisierungs-Anbietern ab, die allen Spaltenüberschriften einer Tabelle entspricht.</summary>
      <returns>Eine Auflistung von Benutzeroberflächenautomatisierungs-Anbietern.</returns>
    </member>
    <member name="M:System.Windows.Automation.Provider.ITableProvider.GetRowHeaders">
      <summary>Ruft eine Auflistung von Benutzeroberflächenautomatisierungs-Anbietern ab, die alle Zeilenheader einer Tabelle darstellt.</summary>
      <returns>Eine Auflistung von Benutzeroberflächenautomatisierungs-Anbietern.</returns>
    </member>
    <member name="M:System.Windows.Automation.Provider.ITextProvider.GetSelection">
      <summary>Ruft eine Auflistung von nicht zusammenhängenden Textbereichen ab, die der aktuellen Textauswahl zugeordnet sind.</summary>
      <returns>Eine Auflistung von nicht zusammenhängenden Textbereichen.</returns>
      <exception cref="T:System.InvalidOperationException">Wenn der Benutzeroberflächenautomatisierungs-Anbieter keine Textauswahl unterstützt.</exception>
    </member>
    <member name="M:System.Windows.Automation.Provider.ITextProvider.GetVisibleRanges">
      <summary>Ruft ein Array von nicht zusammenhängenden Textbereichen aus einem Textcontainer ab, wobei jeder Textbereich mit der ersten teilweise sichtbaren Zeile beginnt und mit dem Ende der letzten teilweise sichtbaren Zeile endet.</summary>
      <returns>Die Auflistung sichtbarer Textbereiche innerhalb des Containers oder eines leeren Arrays. Ein NULL-Verweis (Nothing in Microsoft Visual Basic .NET) wird niemals zurückgegeben.</returns>
    </member>
    <member name="M:System.Windows.Automation.Provider.ITextProvider.RangeFromChild(System.Windows.Automation.Provider.IRawElementProviderSimple)">
      <summary>Ruft einen Textbereich ab, der ein untergeordnetes Element einschließt, z. B. ein Bild, einen Link oder ein anderes eingebettetes Objekt.</summary>
      <param name="childElement">Das eingeschlossene Objekt.</param>
      <returns>Ein Bereich, der sich über das untergeordnete Element erstreckt.</returns>
      <exception cref="T:System.ArgumentException">Wenn das untergeordnete Element ein Nullverweis ist (Nothing in Microsoft Visual Basic .NET).</exception>
    </member>
    <member name="M:System.Windows.Automation.Provider.ITextProvider.RangeFromPoint(System.Windows.Point)">
      <summary>Gibt den degenerierten (leeren) Textbereich zurück, der sich am nächsten an den angegebenen Bildschirmkoordinaten befindet.</summary>
      <param name="screenLocation">Die Position in Bildschirmkoordinaten.</param>
      <returns>Ein degenerierter Bereich, der sich am nächsten an der angegebenen Position befindet. Ein NULL-Verweis (Nothing in Microsoft Visual Basic .NET) wird niemals zurückgegeben.</returns>
      <exception cref="T:System.ArgumentException">Wenn ein bestimmter Punkt außerhalb der Benutzeroberflächenautomatisierung Element Textmuster zugeordnet.</exception>
    </member>
    <member name="M:System.Windows.Automation.Provider.ITextRangeProvider.AddToSelection">
      <summary>Fügt Elemente zur Auflistung markierter Textbereiche in einem Textcontainer hinzu, der mehrere, nicht zusammenhängende Auswahlbereiche unterstützt.</summary>
      <exception cref="T:System.InvalidOperationException">Wenn der Textanbieter mehrere, nicht unterstützt Auswahlbereiche (d. h. <see cref="P:System.Windows.Automation.Provider.ITextProvider.SupportedTextSelection" /> müssen einen Wert von Multiple).</exception>
    </member>
    <member name="M:System.Windows.Automation.Provider.ITextRangeProvider.Clone">
      <summary>Gibt einen neuen <see cref="T:System.Windows.Automation.Provider.ITextRangeProvider" /> zurück, der mit dem ursprünglichen <see cref="T:System.Windows.Automation.Provider.ITextRangeProvider" /> identisch ist und dessen sämtliche Eigenschaften erbt.</summary>
      <returns>Der neue Textbereich. Ein NULL-Verweis (Nothing in Microsoft Visual Basic .NET) wird niemals zurückgegeben.</returns>
    </member>
    <member name="M:System.Windows.Automation.Provider.ITextRangeProvider.Compare(System.Windows.Automation.Provider.ITextRangeProvider)">
      <summary>Gibt einen Wert zurück, der angibt, ob ein Textabschnitt (<see cref="F:System.Windows.Automation.Text.TextPatternRangeEndpoint.Start" />-Endpunkt bis <see cref="F:System.Windows.Automation.Text.TextPatternRangeEndpoint.End" />-Endpunkt) mit einem anderen Textabschnitt identisch ist.</summary>
      <param name="range">Ein Textbereich für den Vergleich</param>
      <returns>true, wenn beide Textabschnitte identisch sind, andernfalls false.</returns>
      <exception cref="T:System.ArgumentException">Wenn der zu vergleichende Bereich nicht vom gleichen Textanbieter stammt.</exception>
    </member>
    <member name="M:System.Windows.Automation.Provider.ITextRangeProvider.CompareEndpoints(System.Windows.Automation.Text.TextPatternRangeEndpoint,System.Windows.Automation.Provider.ITextRangeProvider,System.Windows.Automation.Text.TextPatternRangeEndpoint)">
      <summary>Gibt einen Wert zurück, der angibt, ob zwei Textbereiche identische Endpunkte aufweisen.</summary>
      <param name="endpoint">Der <see cref="F:System.Windows.Automation.Text.TextPatternRangeEndpoint.Start" />-Endpunkt oder der <see cref="F:System.Windows.Automation.Text.TextPatternRangeEndpoint.End" />-Endpunkt des Aufrufers.</param>
      <param name="targetRange">Der Zielbereich für den Vergleich.</param>
      <param name="targetEndpoint">Der <see cref="F:System.Windows.Automation.Text.TextPatternRangeEndpoint.Start" />-Endpunkt oder der <see cref="F:System.Windows.Automation.Text.TextPatternRangeEndpoint.End" />-Endpunkt des Ziels.</param>
      <returns>Gibt einen negativen Wert zurück, wenn der Endpunkt des Aufrufers im Text vor dem Zielendpunkt liegt.Gibt 0 (null) zurück, wenn der Endpunkt des Aufrufers an derselben Position wie der Zielendpunkt liegt.Gibt einen positiven Wert zurück, wenn der Endpunkt des Aufrufers im Text nach dem Zielendpunkt liegt.</returns>
      <exception cref="T:System.ArgumentException">Wenn <paramref name="targetRange" /> stammt von einem anderen Textanbieter.</exception>
    </member>
    <member name="M:System.Windows.Automation.Provider.ITextRangeProvider.ExpandToEnclosingUnit(System.Windows.Automation.Text.TextUnit)">
      <summary>Erweitert den Textbereich auf die angegebene Texteinheit.</summary>
      <param name="unit">Die Texteinheit.</param>
    </member>
    <member name="M:System.Windows.Automation.Provider.ITextRangeProvider.FindAttribute(System.Int32,System.Object,System.Boolean)">
      <summary>Gibt den Teil des Textbereichs zurück, der den angegebenen Attributwert aufweist.</summary>
      <param name="attribute">Das zu suchende Attribut.</param>
      <param name="value">Der zu suchende Attributwert. Dieser Wert mit dem für das Attribut angegebenen Typ übereinstimmen.</param>
      <param name="backward">true, wenn statt dem ersten der letzte vorhandene Textbereich zurückgegeben werden soll, andernfalls false.</param>
      <returns>Ein Textbereich mit einem entsprechenden Attribut und Attributwert, andernfalls NULL (Nothing in Microsoft Visual Basic .NET).</returns>
    </member>
    <member name="M:System.Windows.Automation.Provider.ITextRangeProvider.FindText(System.String,System.Boolean,System.Boolean)">
      <summary>Gibt den Teil des Textbereichs zurück, der den angegebenen Text enthält.</summary>
      <param name="text">Die zu suchende Textzeichenfolge.</param>
      <param name="backward">true, wenn statt dem ersten der letzte vorhandene Textbereich zurückgegeben werden soll, andernfalls false.</param>
      <param name="ignoreCase">true, wenn die Groß-/Kleinschreibung ignoriert werden soll, andernfalls false.</param>
      <returns>Ein Textbereich, der mit dem angegebenen Text übereinstimmt, andernfalls NULL (Nothing in Microsoft Visual Basic .NET).</returns>
    </member>
    <member name="M:System.Windows.Automation.Provider.ITextRangeProvider.GetAttributeValue(System.Int32)">
      <summary>Ruft den Wert des angegebenen Attributs textbereichübergreifend ab.</summary>
      <param name="attribute">Das Textattribut.</param>
      <returns>Ruft ein Objekt ab, das den Wert des angegebenen Attributs darstellt. Zum Beispiel gibt GetAttributeValue(TextPattern.FontNameAttribute) eine Zeichenfolge zurück, die den Schriftartnamen für den Textbereich darstellt, während GetAttributeValue(TextPattern.IsItalicAttribute) einen Wert vom Typ <see cref="T:System.Boolean" /> zurückgibt.Gibt <see cref="F:System.Windows.Automation.TextPattern.MixedAttributeValue" /> zurück, wenn sich der Wert des angegebenen Attributs im Verlauf des Textbereichs ändert.Gibt <see cref="F:System.Windows.Automation.AutomationElement.NotSupported" /> zurück, wenn das angegebene Attribut vom Anbieter oder Steuerelement nicht unterstützt wird.</returns>
      <exception cref="T:System.ArgumentException">Wenn das angegebene Attribut nicht gültig ist.</exception>
    </member>
    <member name="M:System.Windows.Automation.Provider.ITextRangeProvider.GetBoundingRectangles">
      <summary>Ruft für jede vollständig oder teilweise sichtbare Textzeile in einem Textbereich eine Auflistung von umgebenden Rechtecken ab.</summary>
      <returns>Ein Array von umgebenden Rechtecken für jede vollständige oder unvollständige Textzeile in einem Textbereich.Ein leeres Array für einen degenerierten Bereich.Ein leeres Array für einen Textbereich mit Bildschirmkoordinaten, die vollständig außerhalb des Bildschirms liegen, sich durch einen Bildlauf außerhalb des sichtbaren Bereichs befinden oder von einem überlappenden Fenster verdeckt werden.</returns>
    </member>
    <member name="M:System.Windows.Automation.Provider.ITextRangeProvider.GetChildren">
      <summary>Ruft eine Auflistung aller eingebetteten Objekte ab, die innerhalb des Textbereichs liegen.</summary>
      <returns>Eine Auflistung von untergeordneten Objekten, die innerhalb des Bereichs liegen. Untergeordnete Elemente, die sich mit dem Textbereich überlappen, von diesem jedoch nicht vollständig umschlossen sind, werden in der Auflistung ebenfalls aufgeführt.Gibt eine leere Auflistung zurück, wenn keine untergeordneten Objekte vorhanden sind.</returns>
    </member>
    <member name="M:System.Windows.Automation.Provider.ITextRangeProvider.GetEnclosingElement">
      <summary>Gibt das innerste Steuerelement zurück, das den Textbereich umschließt.</summary>
      <returns>Das umschließende Steuerelement, i. d. R. der Textanbieter, der den Textbereich bereitstellt. Wenn der Textanbieter jedoch untergeordnete Elemente unterstützt, z. B. Tabellen oder Links, kann das umschließende Element ein Nachfolgerelement des Textanbieters darstellen.</returns>
    </member>
    <member name="M:System.Windows.Automation.Provider.ITextRangeProvider.GetText(System.Int32)">
      <summary>Ruft den reinen Text des Bereichs ab.</summary>
      <param name="maxLength">Die maximale Länge der zurückzugebenden Zeichenfolge. Verwenden Sie -1, wenn keine Grenze erforderlich ist.</param>
      <returns>Der reine Text des Textbereichs, möglicherweise an der angegebenen <paramref name="maxLength" /> abgeschnitten.</returns>
      <exception cref="T:System.ArgumentOutOfRangeException">Wenn <paramref name="maxLength" /> kleiner als -1 ist.</exception>
    </member>
    <member name="M:System.Windows.Automation.Provider.ITextRangeProvider.Move(System.Windows.Automation.Text.TextUnit,System.Int32)">
      <summary>Verschiebt den Textbereich um die festgelegte Anzahl von Texteinheiten.</summary>
      <param name="unit">Die Grenze der Texteinheit.</param>
      <param name="count">Die Anzahl von Texteinheiten, um die der Textbereich verschoben werden soll.Bei einem positiven Wert wird der Textbereich vorwärts verschoben, bei einem negativen Wert wird der Textbereich rückwärts verschoben. Der Wert 0 (null) hat keine Auswirkungen.</param>
      <returns>Die Anzahl von Einheiten, um die der Textbereich tatsächlich verschoben wurde. Diese kann unterhalb der angeforderten Anzahl liegen, wenn einer der neuen Textbereichsendpunkte größer oder kleiner als der jeweilige <see cref="P:System.Windows.Automation.Provider.ITextProvider.DocumentRange" />-Endpunkt ist.</returns>
    </member>
    <member name="M:System.Windows.Automation.Provider.ITextRangeProvider.MoveEndpointByRange(System.Windows.Automation.Text.TextPatternRangeEndpoint,System.Windows.Automation.Provider.ITextRangeProvider,System.Windows.Automation.Text.TextPatternRangeEndpoint)">
      <summary>Verschiebt einen Endpunkt eines Textbereichs an den angegebenen Endpunkt eines zweiten Textbereichs.</summary>
      <param name="endpoint">Der zu verschiebende Endpunkt.</param>
      <param name="targetRange">Ein anderer Bereich vom gleichen Textanbieter.</param>
      <param name="targetEndpoint">Ein Endpunkt des anderen Bereichs.</param>
    </member>
    <member name="M:System.Windows.Automation.Provider.ITextRangeProvider.MoveEndpointByUnit(System.Windows.Automation.Text.TextPatternRangeEndpoint,System.Windows.Automation.Text.TextUnit,System.Int32)">
      <summary>Verschiebt einen Endpunkt des Textbereichs um die festgelegte Anzahl von Texteinheiten innerhalb des Dokumentbereichs.</summary>
      <param name="endpoint">Der zu verschiebende Endpunkt.</param>
      <param name="unit">Die zu verschiebende Texteinheit.</param>
      <param name="count">Die Anzahl der Einheiten, um die verschoben werden sollen. Bei einem positiven Wert wird der Endpunkt vorwärts verschoben. Bei einem negativen Wert wird der Endpunkt rückwärts verschoben. Der Wert 0 (null) hat keine Auswirkungen.</param>
      <returns>Die Anzahl von Einheiten, um die der Endpunkt tatsächlich verschoben wurde. Diese kann kleiner als die angeforderte Anzahl sein, wenn beim Verschieben des Endpunkts der Anfang bzw. das Ende des Dokuments erreicht wird.</returns>
    </member>
    <member name="M:System.Windows.Automation.Provider.ITextRangeProvider.RemoveFromSelection">
      <summary>Entfernt einen markierten Textabschnitt, der dem <see cref="F:System.Windows.Automation.Text.TextPatternRangeEndpoint.Start" />-Endpunkt und dem <see cref="F:System.Windows.Automation.Text.TextPatternRangeEndpoint.End" />-Endpunkt des Aufrufers entspricht, aus der Auflistung markierter Textbereiche in einem Textcontainer, der mehrere, nicht zusammenhängende Auswahlbereiche unterstützt.</summary>
      <exception cref="T:System.InvalidOperationException">Wenn der Textanbieter mehrere, nicht unterstützt Auswahlbereiche (z. B. <see cref="P:System.Windows.Automation.TextPattern.SupportedTextSelection" /> müssen einen Wert von Multiple).</exception>
    </member>
    <member name="M:System.Windows.Automation.Provider.ITextRangeProvider.ScrollIntoView(System.Boolean)">
      <summary>Bewirkt, dass im Textsteuerelement ein vertikaler Bildlauf durchgeführt wird, bis der Textbereich im Anzeigebereich sichtbar ist.</summary>
      <param name="alignToTop">true, wenn im Textsteuerelement ein Bildlauf so durchgeführt werden soll, dass der Textbereich am oberen Rand des Anzeigebereichs ausgerichtet ist, false, wenn der Bereich am unteren Rand des Anzeigebereichs ausgerichtet werden soll.</param>
    </member>
    <member name="M:System.Windows.Automation.Provider.ITextRangeProvider.Select">
      <summary>Markiert Text im Textsteuerelement entsprechend dem <see cref="F:System.Windows.Automation.Text.TextPatternRangeEndpoint.Start" />-Endpunkt und dem <see cref="F:System.Windows.Automation.Text.TextPatternRangeEndpoint.End" />-Endpunkt des Textbereichs.</summary>
      <exception cref="T:System.InvalidOperationException">Tritt auf, wenn die Textauswahl vom Textsteuerelement nicht unterstützt wird.</exception>
    </member>
    <member name="M:System.Windows.Automation.Provider.IToggleProvider.Toggle">
      <summary>Durchläuft die Umschaltzustände eines Steuerelements.</summary>
    </member>
    <member name="M:System.Windows.Automation.Provider.ITransformProvider.Move(System.Double,System.Double)">
      <summary>Verschiebt das Steuerelement.</summary>
      <param name="x">Absolute Bildschirmkoordinaten des linken Rands des Steuerelements.</param>
      <param name="y">Absolute Bildschirmkoordinaten des oberen Rands des Steuerelements.</param>
      <exception cref="T:System.InvalidOperationException">Wenn die <see cref="P:System.Windows.Automation.Provider.ITransformProvider.CanMove" /> Eigenschaft ist false.</exception>
    </member>
    <member name="M:System.Windows.Automation.Provider.ITransformProvider.Resize(System.Double,System.Double)">
      <summary>Ändert die Größe des Steuerelements.</summary>
      <param name="width">Die neue Breite des Fensters in Pixeln.</param>
      <param name="height">Die neue Höhe des Fensters in Pixeln.</param>
      <exception cref="T:System.InvalidOperationException">Wenn die <see cref="P:System.Windows.Automation.Provider.ITransformProvider.CanResize" /> Eigenschaft ist false.</exception>
    </member>
    <member name="M:System.Windows.Automation.Provider.ITransformProvider.Rotate(System.Double)">
      <summary>Dreht das Steuerelement.</summary>
      <param name="degrees">Die Anzahl der Grad, um das Steuerelement zu drehen. Bei einer positiven Zahl wird im Uhrzeigersinn gedreht; bei einer negativen Zahl wird gegen den Uhrzeigersinn gedreht.</param>
      <exception cref="T:System.InvalidOperationException">Wenn die <see cref="P:System.Windows.Automation.Provider.ITransformProvider.CanRotate" /> Eigenschaft ist false.</exception>
    </member>
    <member name="M:System.Windows.Automation.Provider.IValueProvider.SetValue(System.String)">
      <summary>Legt den Wert eines Steuerelements.</summary>
      <param name="value">Der festzulegende Wert. Der Anbieter ist verantwortlich für das Konvertieren des Werts in den entsprechenden Datentyp.</param>
      <exception cref="T:System.InvalidOperationException">Wenn gebietsschemaspezifische Informationen in einem falschen Format, etwa als falsch formatiertes Datum, an ein Steuerelement übergeben werden.</exception>
      <exception cref="T:System.ArgumentException">Wenn ein neuer Wert nicht aus einer Zeichenfolge in ein Format konvertiert werden kann, das vom Steuerelement erkannt wird.</exception>
      <exception cref="T:System.Windows.Automation.ElementNotEnabledException">Wenn versucht wird, ein nicht aktiviertes Steuerelement zu bearbeiten.</exception>
    </member>
    <member name="M:System.Windows.Automation.Provider.IVirtualizedItemProvider.Realize">
      <summary>Wird das virtuelle Element als Benutzeroberflächen-Automatisierungselement vollständig zugänglich.</summary>
    </member>
    <member name="M:System.Windows.Automation.Provider.IWindowProvider.Close">
      <summary>Versucht, das Fenster zu schließen.</summary>
      <exception cref="T:System.InvalidOperationException">Wenn das Steuerelement die angeforderte Aktion kann nicht ausgeführt wird.</exception>
      <exception cref="T:System.Windows.Automation.ElementNotAvailableException">Wenn nicht mehr das Zielelement verfügbar ist (z. B. das Fenster geschlossen wurde).</exception>
    </member>
    <member name="M:System.Windows.Automation.Provider.IWindowProvider.SetVisualState(System.Windows.Automation.WindowVisualState)">
      <summary>Ändert den visuellen Zustand des Fensters. Z. B. minimiert, oder es wird maximiert.</summary>
      <param name="state">Der angeforderte visuelle Zustand des Fensters.</param>
      <exception cref="T:System.InvalidOperationException">Wenn das Steuerelement das angeforderte Verhalten nicht unterstützt.</exception>
    </member>
    <member name="M:System.Windows.Automation.Provider.IWindowProvider.WaitForInputIdle(System.Int32)">
      <summary>Bewirkt, dass der aufrufende Code für die angegebene Zeitspanne oder solange blockiert wird, bis der zugeordnete Prozess in den Leerlauf wechselt, je nachdem, was zuerst zutrifft.</summary>
      <param name="milliseconds">Die Zeitspanne in Millisekunden, während der gewartet werden soll, dass der zugeordnete Prozess in den Leerlauf wechselt. Der Höchstwert beträgt <see cref="F:System.Int32.MaxValue" />.</param>
      <returns>true, wenn das Fenster in den Leerlauf gewechselt hat, false, wenn das Timeout aufgetreten ist.</returns>
      <exception cref="T:System.ArgumentOutOfRangeException">Wenn der übergebene Parameter ist keine gültige Zahl.</exception>
    </member>
    <member name="P:System.Windows.Automation.Provider.AutomationInteropProvider.ClientsAreListening">
      <summary>Ruft einen Wert ab, der angibt, ob für eine Benutzeroberflächenautomatisierungs-Clientanwendung Benutzeroberflächenautomatisierung-Ereignisse abonniert sind.</summary>
      <returns>true, wenn für einen Client Ereignisse abonniert sind, andernfalls false.</returns>
    </member>
    <member name="P:System.Windows.Automation.Provider.IDockProvider.DockPosition">
      <summary>Ruft die aktuelle <see cref="T:System.Windows.Automation.DockPosition" /> des Steuerelements innerhalb eines Containers docking.</summary>
      <returns>Die <see cref="T:System.Windows.Automation.DockPosition" /> des Steuerelements in Bezug auf die Grenzen des Andockcontainers und andere Elemente im Container.</returns>
    </member>
    <member name="P:System.Windows.Automation.Provider.IExpandCollapseProvider.ExpandCollapseState">
      <summary>Ruft den Zustand, erweitert oder reduziert, des Steuerelements ab.</summary>
      <returns>Der Status, erweitert oder reduziert, des Steuerelements.</returns>
    </member>
    <member name="P:System.Windows.Automation.Provider.IGridItemProvider.Column">
      <summary>Ruft die Ordinalzahl der Spalte, die die Zelle oder das Element enthält.</summary>
      <returns>Eine nullbasierte Ordinalzahl die Spalte mit der Zelle oder dem Element angibt.</returns>
    </member>
    <member name="P:System.Windows.Automation.Provider.IGridItemProvider.ColumnSpan">
      <summary>Ruft die Anzahl der Spalten, die über eine Zelle oder ein Element erstreckt.</summary>
      <returns>Die Anzahl der Spalten erstreckt.</returns>
    </member>
    <member name="P:System.Windows.Automation.Provider.IGridItemProvider.ContainingGrid">
      <summary>Ruft einen Benutzeroberflächenautomatisierungs-Anbieter ab, der <see cref="T:System.Windows.Automation.Provider.IGridProvider" /> implementiert und den Container der Zelle oder des Elements darstellt.</summary>
      <returns>Ein Benutzeroberflächenautomatisierungs-Anbieter, der <see cref="T:System.Windows.Automation.GridPattern" /> implementiert und den Zell- oder Elementcontainer darstellt.</returns>
    </member>
    <member name="P:System.Windows.Automation.Provider.IGridItemProvider.Row">
      <summary>Ruft die Ordinalzahl der Zeile, die die Zelle oder das Element enthält.</summary>
      <returns>Eine nullbasierte Ordinalzahl, die die Zeile mit der Zelle oder des Elements identifiziert.</returns>
    </member>
    <member name="P:System.Windows.Automation.Provider.IGridItemProvider.RowSpan">
      <summary>Ruft die Anzahl der Zeilen, die über eine Zelle oder ein Element erstreckt.</summary>
      <returns>Die Anzahl der Zeilen erstreckt.</returns>
    </member>
    <member name="P:System.Windows.Automation.Provider.IGridProvider.ColumnCount">
      <summary>Ruft die Gesamtanzahl der Spalten in einem Raster an.</summary>
      <returns>Die Gesamtanzahl der Spalten in einem Raster.</returns>
    </member>
    <member name="P:System.Windows.Automation.Provider.IGridProvider.RowCount">
      <summary>Ruft die Gesamtanzahl der Zeilen in einem Raster ab.</summary>
      <returns>Die Gesamtanzahl der Zeilen in einem Raster.</returns>
    </member>
    <member name="P:System.Windows.Automation.Provider.IMultipleViewProvider.CurrentView">
      <summary>Ruft die aktuelle steuerelementspezifische Ansicht ab.</summary>
      <returns>Der Wert für die aktuelle Ansicht des Benutzeroberflächenautomatisierungs-Elements.</returns>
    </member>
    <member name="P:System.Windows.Automation.Provider.IRangeValueProvider.IsReadOnly">
      <summary>Ruft einen Wert, der angibt, ob der Wert eines Steuerelements schreibgeschützt ist.</summary>
      <returns>true, wenn der Wert schreibgeschützt ist; false, wenn er geändert werden kann.</returns>
    </member>
    <member name="P:System.Windows.Automation.Provider.IRangeValueProvider.LargeChange">
      <summary>Ruft den Wert ab, der hinzugefügt oder subtrahiert die <see cref="P:System.Windows.Automation.Provider.IRangeValueProvider.Value" /> Eigenschaft, wenn eine umfangreichere Änderung vorgenommen wird, z. B. mit der Bild-ab-Taste.</summary>
      <returns>Der große Änderung-Wert, der von dem Steuerelement oder Null unterstützt (Nothing in Microsoft Visual Basic .NET), wenn das Steuerelement nicht unterstützt <see cref="P:System.Windows.Automation.Provider.IRangeValueProvider.LargeChange" />.</returns>
    </member>
    <member name="P:System.Windows.Automation.Provider.IRangeValueProvider.Maximum">
      <summary>Ruft den maximalen Bereichswert, der vom Steuerelement unterstützt wird.</summary>
      <returns>Der maximale Wert von dem Steuerelement oder Null unterstützt (Nothing in Microsoft Visual Basic .NET), wenn das Steuerelement nicht unterstützt <see cref="P:System.Windows.Automation.Provider.IRangeValueProvider.Maximum" />.</returns>
    </member>
    <member name="P:System.Windows.Automation.Provider.IRangeValueProvider.Minimum">
      <summary>Ruft den minimalen Bereichswert, der vom Steuerelement unterstützt wird.</summary>
      <returns>Der Mindestwert, unterstützt durch das Steuerelement oder Null (Nothing in Microsoft Visual Basic .NET), wenn das Steuerelement nicht unterstützt <see cref="P:System.Windows.Automation.Provider.IRangeValueProvider.Minimum" />.</returns>
    </member>
    <member name="P:System.Windows.Automation.Provider.IRangeValueProvider.SmallChange">
      <summary>Ruft den Wert ab, der hinzugefügt oder subtrahiert die <see cref="P:System.Windows.Automation.Provider.IRangeValueProvider.Value" /> Eigenschaft, wenn Sie eine kleine Änderung wird vorgenommen, z. B. mit einer Pfeiltaste.</summary>
      <returns>Der Wert für eine kleine Änderung oder Null (Nothing in Microsoft Visual Basic .NET), wenn das Steuerelement nicht unterstützt <see cref="P:System.Windows.Automation.Provider.IRangeValueProvider.SmallChange" />.</returns>
    </member>
    <member name="P:System.Windows.Automation.Provider.IRangeValueProvider.Value">
      <summary>Ruft den Wert des Steuerelements ab.</summary>
      <returns>Der Wert des Steuerelements oder Null (Nothing in Microsoft Visual Basic .NET), wenn das Steuerelement nicht unterstützt <see cref="P:System.Windows.Automation.Provider.IRangeValueProvider.Value" />.</returns>
    </member>
    <member name="P:System.Windows.Automation.Provider.IRawElementProviderFragment.BoundingRectangle">
      <summary>Ruft das umschließende Rechteck dieses Elements ab.</summary>
      <returns>Das umschließende Rechteck in Bildschirmkoordinaten.</returns>
    </member>
    <member name="P:System.Windows.Automation.Provider.IRawElementProviderFragment.FragmentRoot">
      <summary>Ruft den Stammknoten des Fragments ab.</summary>
      <returns>Der Stammknoten.</returns>
    </member>
    <member name="P:System.Windows.Automation.Provider.IRawElementProviderSimple.HostRawElementProvider">
      <summary>Ruft einen Basisanbieter für dieses Element ab.</summary>
      <returns>Der Basisanbieter oder null.</returns>
    </member>
    <member name="P:System.Windows.Automation.Provider.IRawElementProviderSimple.ProviderOptions">
      <summary>Ruft einen Wert ab, der Merkmale des Benutzeroberflächenautomatisierungs-Anbieters angibt, z. B., ob es sich um einen client- oder serverseitigen Anbieter handelt.</summary>
      <returns>Entweder <see cref="F:System.Windows.Automation.Provider.ProviderOptions.ClientSideProvider" /> oder <see cref="F:System.Windows.Automation.Provider.ProviderOptions.ServerSideProvider" />.</returns>
    </member>
    <member name="P:System.Windows.Automation.Provider.IScrollProvider.HorizontallyScrollable">
      <summary>Ruft einen Wert, der angibt, ob das Steuerelement einen horizontalen Bildlauf durchführen kann.</summary>
      <returns>true Wenn das Steuerelement horizontal; Bildlauf durchführen kann andernfalls false.</returns>
    </member>
    <member name="P:System.Windows.Automation.Provider.IScrollProvider.HorizontalScrollPercent">
      <summary>Ruft die aktuelle horizontale Bildlaufposition ab.</summary>
      <returns>Die horizontale Bildlaufposition als Prozentsatz des gesamten Inhaltsbereichs innerhalb des Steuerelements.</returns>
    </member>
    <member name="P:System.Windows.Automation.Provider.IScrollProvider.HorizontalViewSize">
      <summary>Ruft die aktuelle Größe der horizontalen Ansicht ab.</summary>
      <returns>Die horizontale Größe des sichtbaren Bereichs als Prozentsatz des gesamten Inhaltsbereichs innerhalb des Steuerelements.</returns>
    </member>
    <member name="P:System.Windows.Automation.Provider.IScrollProvider.VerticallyScrollable">
      <summary>Ruft einen Wert, der angibt, ob das Steuerelement einen vertikalen Bildlauf durchführen kann.</summary>
      <returns>true Wenn das Steuerelement vertikal; Bildlauf durchführen kann andernfalls false.</returns>
    </member>
    <member name="P:System.Windows.Automation.Provider.IScrollProvider.VerticalScrollPercent">
      <summary>Ruft die aktuelle vertikale Bildlaufposition ab.</summary>
      <returns>Die vertikale Bildlaufposition als Prozentsatz des gesamten Inhaltsbereichs innerhalb des Steuerelements.</returns>
    </member>
    <member name="P:System.Windows.Automation.Provider.IScrollProvider.VerticalViewSize">
      <summary>Ruft die vertikale Anzeige Größe.</summary>
      <returns>Die vertikale Größe des sichtbaren Bereichs als Prozentsatz des gesamten Inhaltsbereichs innerhalb des Steuerelements.</returns>
    </member>
    <member name="P:System.Windows.Automation.Provider.ISelectionItemProvider.IsSelected">
      <summary>Ruft einen Wert, der angibt, ob ein Element ausgewählt ist.</summary>
      <returns>true Wenn das Element ausgewählt ist. andernfalls false.</returns>
    </member>
    <member name="P:System.Windows.Automation.Provider.ISelectionItemProvider.SelectionContainer">
      <summary>Ruft den Benutzeroberflächenautomatisierungs-Anbieter ab, der <see cref="T:System.Windows.Automation.Provider.ISelectionProvider" /> implementiert und als Container für das aufrufende Objekt fungiert.</summary>
      <returns>Der Anbieter, der <see cref="T:System.Windows.Automation.Provider.ISelectionProvider" /> unterstützt.</returns>
    </member>
    <member name="P:System.Windows.Automation.Provider.ISelectionProvider.CanSelectMultiple">
      <summary>Ruft einen Wert ab, der angibt, ob der Benutzeroberflächenautomatisierungs-Anbieter erlaubt, dass mehrere untergeordnete Elemente gleichzeitig ausgewählt werden.</summary>
      <returns>true, wenn die Mehrfachauswahl zulässig ist, andernfalls false.</returns>
    </member>
    <member name="P:System.Windows.Automation.Provider.ISelectionProvider.IsSelectionRequired">
      <summary>Ruft einen Wert ab, der angibt, ob der Benutzeroberflächenautomatisierungs-Anbieter die Auswahl mindestens eines untergeordneten Elements erfordert.</summary>
      <returns>true, wenn eine Auswahl erforderlich ist, andernfalls false.</returns>
    </member>
    <member name="P:System.Windows.Automation.Provider.ITableProvider.RowOrColumnMajor">
      <summary>Ruft die primäre Richtung des Durchlaufs für die Tabelle ab.</summary>
      <returns>Die primäre Richtung des Durchlaufs.</returns>
    </member>
    <member name="P:System.Windows.Automation.Provider.ITextProvider.DocumentRange">
      <summary>Ruft einen Textbereich ab, der den Haupttext eines Dokuments umschließt.</summary>
    </member>
    <member name="P:System.Windows.Automation.Provider.ITextProvider.SupportedTextSelection">
      <summary>Ruft einen Wert ab, der angibt, ob ein Textanbieter Auswahl unterstützt. Wenn dies der Fall ist, wird die Art der unterstützten Auswahl angegeben.</summary>
      <returns>Ein Element von None, Single oder Multiple aus <see cref="T:System.Windows.Automation.SupportedTextSelection" />.</returns>
    </member>
    <member name="P:System.Windows.Automation.Provider.IToggleProvider.ToggleState">
      <summary>Ruft den Zustand des Steuerelements ab.</summary>
      <returns>Der <see cref="T:System.Windows.Automation.ToggleState" /> des Steuerelements.</returns>
    </member>
    <member name="P:System.Windows.Automation.Provider.ITransformProvider.CanMove">
      <summary>Ruft einen Wert, der angibt, ob das Steuerelement verschoben werden kann.</summary>
      <returns>true, wenn das Element bewegt werden kann, andernfalls false.</returns>
    </member>
    <member name="P:System.Windows.Automation.Provider.ITransformProvider.CanResize">
      <summary>Ruft einen Wert, der angibt, ob das Benutzeroberflächenautomatisierung -Element geändert werden kann.</summary>
      <returns>true, wenn die Größe des Elements geändert werden kann, andernfalls false.</returns>
    </member>
    <member name="P:System.Windows.Automation.Provider.ITransformProvider.CanRotate">
      <summary>Ruft einen Wert, der angibt, ob das Steuerelement gedreht werden kann.</summary>
      <returns>true, wenn das Element gedreht werden kann, andernfalls false.</returns>
    </member>
    <member name="P:System.Windows.Automation.Provider.IValueProvider.IsReadOnly">
      <summary>Ruft einen Wert, der angibt, ob der Wert eines Steuerelements schreibgeschützt ist.</summary>
      <returns>true, wenn der Wert schreibgeschützt ist; false, wenn er geändert werden kann.</returns>
    </member>
    <member name="P:System.Windows.Automation.Provider.IValueProvider.Value">
      <summary>Ruft den Wert des Steuerelements ab.</summary>
      <returns>Der Wert des Steuerelements als Zeichenfolge.</returns>
    </member>
    <member name="P:System.Windows.Automation.Provider.IWindowProvider.InteractionState">
      <summary>Ruft den Interaktionszustand des Fensters.</summary>
      <returns>Der <see cref="T:System.Windows.Automation.WindowInteractionState" /> des Steuerelements.</returns>
    </member>
    <member name="P:System.Windows.Automation.Provider.IWindowProvider.IsModal">
      <summary>Ruft einen Wert, der angibt, ob das Fenster modal ist.</summary>
      <returns>true Wenn das Fenster modal ist. andernfalls false.</returns>
    </member>
    <member name="P:System.Windows.Automation.Provider.IWindowProvider.IsTopmost">
      <summary>Ruft einen Wert ab, der angibt, ob das Fenster das oberste Element in der Z-Reihenfolge ist.</summary>
      <returns>true, wenn das Fenster das oberste ist, andernfalls false.</returns>
    </member>
    <member name="P:System.Windows.Automation.Provider.IWindowProvider.Maximizable">
      <summary>Ruft einen Wert, der angibt, ob das Fenster maximiert werden kann.</summary>
      <returns>true Wenn das Fenster maximiert werden kann; andernfalls false.</returns>
    </member>
    <member name="P:System.Windows.Automation.Provider.IWindowProvider.Minimizable">
      <summary>Ruft einen Wert, der angibt, ob das Fenster minimiert werden kann.</summary>
      <returns>true Wenn das Fenster minimiert werden kann; andernfalls false.</returns>
    </member>
    <member name="P:System.Windows.Automation.Provider.IWindowProvider.VisualState">
      <summary>Ruft den visuellen Zustand des Fensters ab.</summary>
      <returns>Der visuelle Zustand des Fensters.</returns>
    </member>
    <member name="T:System.Windows.Automation.Provider.AutomationInteropProvider">
      <summary>Bietet Unterstützung für die Kommunikation zwischen Benutzeroberflächenautomatisierungs-Anbietern und Benutzeroberflächenautomatisierungs-Clientanwendungen.</summary>
    </member>
    <member name="T:System.Windows.Automation.Provider.IDockProvider">
      <summary>Macht Methoden und Eigenschaften verfügbar, die den Benutzeroberflächenautomatisierungs-Client beim Zugriff auf Steuerelemente unterstützen, die ihre Andockeigenschaften innerhalb eines Andockcontainers verfügbar machen.</summary>
    </member>
    <member name="T:System.Windows.Automation.Provider.IExpandCollapseProvider">
      <summary>Macht Methoden und Eigenschaften verfügbar, die den Benutzeroberflächenautomatisierungs-Client beim Zugriff auf Steuerelemente unterstützen, die visuell erweitert werden, um Inhalte anzuzeigen, bzw. visuell reduziert, um Inhalte auszublenden.</summary>
    </member>
    <member name="T:System.Windows.Automation.Provider.IGridItemProvider">
      <summary>Macht Methoden und Eigenschaften verfügbar, um für einen Benutzeroberflächenautomatisierungs-Client Zugriff auf einzelne untergeordnete Steuerelemente von Containern zu unterstützen, in denen <see cref="T:System.Windows.Automation.Provider.IGridProvider" /> implementiert ist.</summary>
    </member>
    <member name="T:System.Windows.Automation.Provider.IGridProvider">
      <summary>Macht Methoden und Eigenschaften verfügbar, die den Benutzeroberflächenautomatisierungs-Client beim Zugriff auf Steuerelemente unterstützen, die als Container für eine Auflistung von untergeordneten Elementen dienen. Die untergeordneten Elemente dieses Elements müssen <see cref="T:System.Windows.Automation.Provider.IGridItemProvider" /> implementieren und in einem zweidimensionalen logischen Koordinatensystem angeordnet sein, das unter Verwendung der Tastatur durchlaufen werden kann (d. h., ein Benutzeroberflächenautomatisierungs-Client kann zu benachbarten Steuerelementen bewegt werden).</summary>
    </member>
    <member name="T:System.Windows.Automation.Provider.IInvokeProvider">
      <summary>Macht Methoden und Eigenschaften zur Unterstützung des Benutzeroberflächenautomatisierungs-Clientzugriffs auf Steuerelemente verfügbar, die eine einzelne, nicht mehrdeutige Aktion einleiten oder ausführen und den Zustand bei der Aktivierung nicht beibehalten.</summary>
    </member>
    <member name="T:System.Windows.Automation.Provider.IItemContainerProvider">
      <summary>Stellt eine Methode zum Suchen nach einem Element in einem Container, z. B. eine Liste mit virtualisierten Anwendungen zu ermöglichen.</summary>
    </member>
    <member name="T:System.Windows.Automation.Provider.IMultipleViewProvider">
      <summary>Macht Methoden und Eigenschaften zum Unterstützen des UI-Automatisierungsclientzugriffs auf Steuerelemente verfügbar, die mehrere Darstellungen des gleichen Informationssatzes oder der gleichen untergeordneten Steuerelemente bereitstellen und das Umschalten unter ihnen unterstützen.</summary>
    </member>
    <member name="T:System.Windows.Automation.Provider.IRangeValueProvider">
      <summary>Macht Methoden und Eigenschaften verfügbar, um dem Benutzeroberflächenautomatisierungs-Client den Zugriff auf Steuerelemente zu ermöglichen, die auf einen Wert innerhalb eines Bereichs festgelegt werden können.</summary>
    </member>
    <member name="T:System.Windows.Automation.Provider.IRawElementProviderAdviseEvents">
      <summary>Macht Methoden verfügbar, die aufgerufen werden, um das Stammelement eines Fragments zu benachrichtigen, wenn eine Benutzeroberflächenautomatisierungs-Clientanwendung ein Lauschen von Ereignissen beginnt oder beendet.</summary>
    </member>
    <member name="T:System.Windows.Automation.Provider.IRawElementProviderFragment">
      <summary>Macht Methoden und Eigenschaften für Benutzeroberfläche (User Interface, UI)-Elemente verfügbar, die Teil einer mehrere Ebenen tiefen Struktur sind, etwa ein Listenfeld oder Listenelement. Wird durch Benutzeroberflächenautomatisierungs-Anbieter implementiert.</summary>
    </member>
    <member name="T:System.Windows.Automation.Provider.IRawElementProviderFragmentRoot">
      <summary>Macht Methoden und Eigenschaften des Stammelements in einem Fragment verfügbar.</summary>
    </member>
    <member name="T:System.Windows.Automation.Provider.IRawElementProviderHwndOverride">
      <summary>Macht eine Methode verfügbar, die die Neupositionierung fensterbasierter Elemente innerhalb der Benutzeroberflächenautomatisierung-Struktur des Fragments ermöglicht.</summary>
    </member>
    <member name="T:System.Windows.Automation.Provider.IRawElementProviderSimple">
      <summary>Stellt Methoden und Eigenschaften bereit, die grundlegende Informationen zu einem Benutzeroberflächenelement verfügbar machen.</summary>
    </member>
    <member name="T:System.Windows.Automation.Provider.IScrollItemProvider">
      <summary>Macht Methoden und Eigenschaften verfügbar, um für einen Benutzeroberflächenautomatisierungs-Client Zugriff auf einzelne untergeordnete Steuerelemente von Containern zu unterstützen, in denen <see cref="T:System.Windows.Automation.Provider.IScrollProvider" /> implementiert ist.</summary>
    </member>
    <member name="T:System.Windows.Automation.Provider.IScrollProvider">
      <summary>Macht Methoden und Eigenschaften verfügbar, die den Benutzeroberflächenautomatisierungs-Client beim Zugriff auf ein Steuerelement unterstützen, das als bildlauffähiger Container für eine Auflistung von untergeordneten Elementen dient. Die untergeordneten Elemente dieses Steuerelements müssen <see cref="T:System.Windows.Automation.Provider.IScrollItemProvider" /> implementieren.</summary>
    </member>
    <member name="T:System.Windows.Automation.Provider.ISelectionItemProvider">
      <summary>Macht Methoden und Eigenschaften verfügbar, um für einen Benutzeroberflächenautomatisierungs-Client Zugriff auf einzelne, auswählbare untergeordnete Steuerelemente von Containern zu unterstützen, in denen <see cref="T:System.Windows.Automation.Provider.ISelectionProvider" /> implementiert ist.</summary>
    </member>
    <member name="T:System.Windows.Automation.Provider.ISelectionProvider">
      <summary>Macht Methoden und Eigenschaften verfügbar, um dem Benutzeroberflächenautomatisierungs-Client den Zugriff auf Steuerelemente zu ermöglichen, die als Container für eine Auflistung einzelner auswählbarer untergeordneter Elemente dienen. Die untergeordneten Elemente dieses Steuerelements müssen <see cref="T:System.Windows.Automation.Provider.ISelectionItemProvider" /> implementieren.</summary>
    </member>
    <member name="T:System.Windows.Automation.Provider.ISynchronizedInputProvider">
      <summary>Macht Methoden, um die Benutzeroberflächenautomatisierungs-Client-Zugriff auf Steuerelemente zu erleichtern, die synchronisierte Eingabe unterstützen.</summary>
    </member>
    <member name="T:System.Windows.Automation.Provider.ITableItemProvider">
      <summary>Macht Methoden und Eigenschaften verfügbar, um für einen Benutzeroberflächenautomatisierungs-Client Zugriff auf untergeordnete Steuerelemente von Containern zu unterstützen, in denen <see cref="T:System.Windows.Automation.Provider.ITableProvider" /> implementiert ist.</summary>
    </member>
    <member name="T:System.Windows.Automation.Provider.ITableProvider">
      <summary>Macht Methoden und Eigenschaften verfügbar, die den Benutzeroberflächenautomatisierungs-Client beim Zugriff auf Steuerelemente unterstützen, die als Container für eine Auflistung von untergeordneten Elementen dienen. Die untergeordneten Elemente dieses Elements müssen <see cref="T:System.Windows.Automation.Provider.ITableItemProvider" /> implementieren und in einem zweidimensionalen logischen Koordinatensystem angeordnet sein, das unter Verwendung der Tastatur durchlaufen werden kann (d. h., ein Benutzeroberflächenautomatisierungs-Client kann zu benachbarten Steuerelementen bewegt werden).</summary>
    </member>
    <member name="T:System.Windows.Automation.Provider.ITextProvider">
      <summary>Macht Methoden und Eigenschaften verfügbar, um dem Benutzeroberflächenautomatisierungs-Client den Zugriff auf Steuerelemente zu ermöglichen, die Text enthalten.</summary>
    </member>
    <member name="T:System.Windows.Automation.Provider.ITextRangeProvider">
      <summary>Macht Methoden und Eigenschaften verfügbar, um den Zugriff eines Benutzeroberflächenautomatisierungs-Clients auf einen fortlaufenden Textbereich in einem Textcontainer zu unterstützen, der <see cref="T:System.Windows.Automation.Provider.ITextProvider" /> implementiert.</summary>
    </member>
    <member name="T:System.Windows.Automation.Provider.IToggleProvider">
      <summary>Macht Methoden und Eigenschaften verfügbar, um dem Benutzeroberflächenautomatisierungs-Client den Zugriff auf Steuerelemente zu ermöglichen, die eine Reihe von Zuständen durchlaufen und einen einmal festgelegten Zustand beibehalten können.</summary>
    </member>
    <member name="T:System.Windows.Automation.Provider.ITransformProvider">
      <summary>Macht Methoden und Eigenschaften verfügbar, um dem Benutzeroberflächenautomatisierungs-Client den Zugriff auf Steuerelemente zu ermöglichen, die im zweidimensionalen Raum verschoben, in der Größe geändert oder gedreht werden können.</summary>
    </member>
    <member name="T:System.Windows.Automation.Provider.IValueProvider">
      <summary>Macht Methoden und Eigenschaften verfügbar, um für Benutzeroberflächenautomatisierungs-Clients Zugriff auf Steuerelemente zu unterstützen, die einen systeminternen Wert haben, der nicht abschnittsübergreifend ist und als Zeichenfolge dargestellt werden kann.</summary>
    </member>
    <member name="T:System.Windows.Automation.Provider.IVirtualizedItemProvider">
      <summary>Stellt eine Methode, um die virtualisierte Steuerelementmuster unterstützen.</summary>
    </member>
    <member name="T:System.Windows.Automation.Provider.IWindowProvider">
      <summary>Macht Methoden und Eigenschaften verfügbar, um den Zugriff des Benutzeroberflächenautomatisierungs-Clients auf Steuerelemente zu unterstützen, die grundlegende fensterbasierte Funktionen innerhalb einer herkömmlichen Graphische Benutzeroberfläche (Graphical User Interface, GUI) bereitstellen.</summary>
    </member>
    <member name="T:System.Windows.Automation.Provider.NavigateDirection">
      <summary>Enthält Werte, die zur Angabe der Richtung der Navigation innerhalb der Benutzeroberflächenautomatisierung Struktur.</summary>
    </member>
    <member name="F:System.Windows.Automation.Provider.NavigateDirection.Parent">
      <summary>Die Navigation erfolgt in Richtung das übergeordnete Element.</summary>
    </member>
    <member name="F:System.Windows.Automation.Provider.NavigateDirection.NextSibling">
      <summary>Die Richtung der Navigation ist auf das nächste nebengeordnete Element.</summary>
    </member>
    <member name="F:System.Windows.Automation.Provider.NavigateDirection.PreviousSibling">
      <summary>Die Richtung der Navigation ist auf das vorherige gleichgeordnete Element.</summary>
    </member>
    <member name="F:System.Windows.Automation.Provider.NavigateDirection.FirstChild">
      <summary>Die Richtung der Navigation werden das erste untergeordnete Element ab.</summary>
    </member>
    <member name="F:System.Windows.Automation.Provider.NavigateDirection.LastChild">
      <summary>Die Richtung der Navigation ist mit dem letzten untergeordneten.</summary>
    </member>
    <member name="T:System.Windows.Automation.Provider.ProviderOptions">
      <summary>Enthält Werte, die den Typ des Benutzeroberflächenautomatisierungs-Anbieters angeben.</summary>
    </member>
    <member name="F:System.Windows.Automation.Provider.ProviderOptions.ClientSideProvider">
      <summary>Der Benutzeroberflächenautomatisierungs-Anbieter ist ein clientseitiger Anbieter.</summary>
    </member>
    <member name="F:System.Windows.Automation.Provider.ProviderOptions.ServerSideProvider">
      <summary>Der Benutzeroberflächenautomatisierungs-Anbieter ist ein serverseitiger Anbieter.</summary>
    </member>
    <member name="F:System.Windows.Automation.Provider.ProviderOptions.NonClientAreaProvider">
      <summary>Der Benutzeroberflächenautomatisierungs-Anbieter ist ein Nicht-Clientbereichsanbieter.</summary>
    </member>
    <member name="F:System.Windows.Automation.Provider.ProviderOptions.OverrideProvider">
      <summary>Der Benutzeroberflächenautomatisierungs-Anbieter überschreibt einen anderen Anbieter.</summary>
    </member>
    <member name="F:System.Windows.Automation.Provider.ProviderOptions.ProviderOwnsSetFocus">
      <summary>Der Benutzeroberflächenautomatisierungs-Anbieter behandelt den eigenen Fokus und lässt nicht zu, dass Benutzeroberflächenautomatisierung den Fokus an seiner Stelle auf das nächste Fenster festlegt, wenn <see cref="M:System.Windows.Automation.AutomationElement.SetFocus" /> aufgerufen wird. Diese Option wird meist von Anbietern für Fenster verwendet, die den Fokus zu übernehmen scheinen, ohne den Win32-Fokus tatsächlich zu erhalten, z. B. Menüs und Dropdownmenüs.</summary>
    </member>
    <member name="F:System.Windows.Automation.Provider.ProviderOptions.UseComThreading">
      <summary>Der Benutzeroberflächenautomatisierungs-Anbieter erwartet, gemäß COM-Threadingregeln aufgerufen zu werden. Wenn sich der Anbieter in einem Singlethread-Apartment befindet, wird er nur für den Apartmentthread aufgerufen. Nur serverseitige Anbieter können diese Option verwenden.</summary>
    </member>
  </members>
</doc>