﻿<?xml version="1.0" encoding="utf-8"?>
<doc>
  <assembly>
    <name>UIAutomationClientsideProviders</name>
  </assembly>
  <members>
    <member name="F:UIAutomationClientsideProviders.UIAutomationClientSideProviders.ClientSideProviderDescriptionTable">
      <summary>Enthält Informationen zu clientseitigen Benutzeroberflächenautomatisierung Anbieter.</summary>
    </member>
    <member name="T:UIAutomationClientsideProviders.UIAutomationClientSideProviders">
      <summary>Ermöglicht es Anwendungen, ermitteln die clientseitige Benutzeroberflächenautomatisierung Anbieter.</summary>
    </member>
  </members>
</doc>