﻿<?xml version="1.0" encoding="utf-8"?>
<doc>
  <assembly>
    <name>WindowsFormsIntegration</name>
  </assembly>
  <members>
    <member name="E:System.Windows.Forms.Integration.ElementHost.BindingContextChanged">
      <summary>Tritt auf, wenn sich der Wert der <see cref="T:System.Windows.Forms.BindingContext" />-Eigenschaft ändert.</summary>
    </member>
    <member name="E:System.Windows.Forms.Integration.ElementHost.ChildChanged">
      <summary>Tritt auf, wenn die <see cref="P:System.Windows.Forms.Integration.WindowsFormsHost.Child" /> festgelegt wird.</summary>
    </member>
    <member name="E:System.Windows.Forms.Integration.ElementHost.Click">
      <summary>Tritt beim Klicken auf das Steuerelement ein.</summary>
    </member>
    <member name="E:System.Windows.Forms.Integration.ElementHost.ClientSizeChanged">
      <summary>Tritt auf, wenn sich der Wert der <see cref="P:System.Windows.Forms.Control.ClientSize" />-Eigenschaft ändert.</summary>
    </member>
    <member name="E:System.Windows.Forms.Integration.ElementHost.ControlAdded">
      <summary>Tritt ein, wenn der <see cref="T:System.Windows.Forms.Control.ControlCollection" /> ein neues Steuerelement hinzugefügt wird.</summary>
    </member>
    <member name="E:System.Windows.Forms.Integration.ElementHost.ControlRemoved">
      <summary>Tritt beim Entfernen des Steuerelements aus der <see cref="T:System.Windows.Forms.Control.ControlCollection" /> ein.</summary>
    </member>
    <member name="E:System.Windows.Forms.Integration.ElementHost.CursorChanged">
      <summary>Tritt auf, wenn sich der Wert der <see cref="P:System.Windows.Forms.Control.Cursor" />-Eigenschaft ändert.</summary>
    </member>
    <member name="E:System.Windows.Forms.Integration.ElementHost.DoubleClick">
      <summary>Tritt beim Doppelklicken auf das Steuerelement ein.</summary>
    </member>
    <member name="E:System.Windows.Forms.Integration.ElementHost.DragDrop">
      <summary>Tritt ein, wenn ein Drag &amp; Drop-Vorgang abgeschlossen wurde.</summary>
    </member>
    <member name="E:System.Windows.Forms.Integration.ElementHost.DragEnter">
      <summary>Tritt ein, wenn ein Objekt in die Begrenzungen des Steuerelements gezogen wird.</summary>
    </member>
    <member name="E:System.Windows.Forms.Integration.ElementHost.DragLeave">
      <summary>Tritt ein, wenn ein Objekt aus den Grenzen des Steuerelements gezogen wird.</summary>
    </member>
    <member name="E:System.Windows.Forms.Integration.ElementHost.DragOver">
      <summary>Tritt ein, wenn ein Objekt über die Begrenzungen des Steuerelements gezogen wird.</summary>
    </member>
    <member name="E:System.Windows.Forms.Integration.ElementHost.Enter">
      <summary>Tritt beim Eintreten in den Bereich des Steuerelements ein.</summary>
    </member>
    <member name="E:System.Windows.Forms.Integration.ElementHost.FontChanged">
      <summary>Tritt ein, wenn der <see cref="P:System.Windows.Forms.Control.Font" />-Eigenschaftswert geändert wird.</summary>
    </member>
    <member name="E:System.Windows.Forms.Integration.ElementHost.ForeColorChanged">
      <summary>Tritt ein, wenn der <see cref="P:System.Windows.Forms.Control.ForeColor" />-Eigenschaftswert geändert wird.</summary>
    </member>
    <member name="E:System.Windows.Forms.Integration.ElementHost.GiveFeedback">
      <summary>Tritt während eines Ziehvorgangs ein.</summary>
    </member>
    <member name="E:System.Windows.Forms.Integration.ElementHost.GotFocus">
      <summary>Tritt ein, wenn das Steuerelement den Fokus erhält.</summary>
    </member>
    <member name="E:System.Windows.Forms.Integration.ElementHost.Invalidated">
      <summary>Tritt ein, wenn für die Anzeige eines Steuerelements eine Neuzeichnung erforderlich ist.</summary>
    </member>
    <member name="E:System.Windows.Forms.Integration.ElementHost.KeyDown">
      <summary>Tritt ein, wenn eine Taste gedrückt wird, während das Steuerelement den Fokus hat.</summary>
    </member>
    <member name="E:System.Windows.Forms.Integration.ElementHost.KeyPress">
      <summary>Tritt ein, wenn eine Taste gedrückt wird, während das Steuerelement den Fokus hat.</summary>
    </member>
    <member name="E:System.Windows.Forms.Integration.ElementHost.KeyUp">
      <summary>Tritt ein, wenn eine Taste losgelassen wird, während das Steuerelement den Fokus hat.</summary>
    </member>
    <member name="E:System.Windows.Forms.Integration.ElementHost.Layout">
      <summary>Tritt ein, wenn ein Steuerelement seine untergeordneten Steuerelemente neu positionieren muss.</summary>
    </member>
    <member name="E:System.Windows.Forms.Integration.ElementHost.Leave">
      <summary>Tritt ein, wenn der Eingabefokus das Steuerelement verlässt.</summary>
    </member>
    <member name="E:System.Windows.Forms.Integration.ElementHost.LostFocus">
      <summary>Tritt ein, wenn das Steuerelement den Fokus verliert.</summary>
    </member>
    <member name="E:System.Windows.Forms.Integration.ElementHost.MouseCaptureChanged">
      <summary>Tritt ein, wenn das Steuerelement beginnt oder aufhört, Mauseingaben aufzufangen.</summary>
    </member>
    <member name="E:System.Windows.Forms.Integration.ElementHost.MouseClick">
      <summary>Tritt ein, wenn mit der Maus auf das Steuerelement geklickt wird.</summary>
    </member>
    <member name="E:System.Windows.Forms.Integration.ElementHost.MouseDoubleClick">
      <summary>Tritt ein, wenn mit der Maus auf das Steuerelement doppelgeklickt wird.</summary>
    </member>
    <member name="E:System.Windows.Forms.Integration.ElementHost.MouseDown">
      <summary>Tritt ein, wenn sich der Mauszeiger über dem Steuerelement befindet und eine Maustaste gedrückt wird.</summary>
    </member>
    <member name="E:System.Windows.Forms.Integration.ElementHost.MouseEnter">
      <summary>Tritt ein, wenn der Mauszeiger in den Bereich des Steuerelements eintritt.</summary>
    </member>
    <member name="E:System.Windows.Forms.Integration.ElementHost.MouseHover">
      <summary>Tritt ein, wenn der Mauszeiger auf dem Steuerelement verbleibt.</summary>
    </member>
    <member name="E:System.Windows.Forms.Integration.ElementHost.MouseLeave">
      <summary>Tritt ein, wenn der Mauszeiger den Bereich des Steuerelements verlässt.</summary>
    </member>
    <member name="E:System.Windows.Forms.Integration.ElementHost.MouseMove">
      <summary>Tritt ein, wenn der Mauszeiger über dem Steuerelement bewegt wird.</summary>
    </member>
    <member name="E:System.Windows.Forms.Integration.ElementHost.MouseUp">
      <summary>Tritt ein, wenn sich der Mauszeiger über dem Steuerelement befindet und eine Maustaste losgelassen wird.</summary>
    </member>
    <member name="E:System.Windows.Forms.Integration.ElementHost.MouseWheel">
      <summary>Tritt ein, wenn das Mausrad gedreht wird, während das Steuerelement fokussiert ist.</summary>
    </member>
    <member name="E:System.Windows.Forms.Integration.ElementHost.PaddingChanged">
      <summary>Tritt ein, wenn der Abstand des Steuerelements geändert wird.</summary>
    </member>
    <member name="E:System.Windows.Forms.Integration.ElementHost.Paint">
      <summary>Tritt ein, wenn das <see cref="T:System.Windows.Forms.Integration.ElementHost" />-Steuerelement neu gezeichnet wird.</summary>
    </member>
    <member name="E:System.Windows.Forms.Integration.ElementHost.PreviewKeyDown">
      <summary>Tritt vor dem <see cref="E:System.Windows.Forms.Control.KeyDown" />-Ereignis ein, wenn eine Taste gedrückt wird, während dieses Steuerelement den Fokus besitzt.</summary>
    </member>
    <member name="E:System.Windows.Forms.Integration.ElementHost.QueryContinueDrag">
      <summary>Tritt während eines Drag &amp; Drop-Vorgangs ein. Dadurch kann die Quelle des Ziehvorgangs bestimmen, ob der Drag &amp; Drop-Vorgang abgebrochen werden soll.</summary>
    </member>
    <member name="E:System.Windows.Forms.Integration.ElementHost.Resize">
      <summary>Tritt beim Ändern der Größe des Steuerelements ein.</summary>
    </member>
    <member name="E:System.Windows.Forms.Integration.ElementHost.RightToLeftChanged">
      <summary>Tritt ein, wenn der <see cref="P:System.Windows.Forms.Control.RightToLeft" />-Eigenschaftswert geändert wird.</summary>
    </member>
    <member name="E:System.Windows.Forms.Integration.ElementHost.SizeChanged">
      <summary>Tritt ein, wenn der <see cref="P:System.Windows.Forms.Control.Size" />-Eigenschaftswert geändert wird.</summary>
    </member>
    <member name="E:System.Windows.Forms.Integration.ElementHost.TextChanged">
      <summary>Tritt ein, wenn der <see cref="P:System.Windows.Forms.Control.Text" />-Eigenschaftswert geändert wird.</summary>
    </member>
    <member name="E:System.Windows.Forms.Integration.PropertyMap.PropertyMappingError">
      <summary>Tritt auf, wenn von einem Eigenschaftenübersetzer eine Ausnahme ausgelöst wird.</summary>
    </member>
    <member name="E:System.Windows.Forms.Integration.WindowsFormsHost.ChildChanged">
      <summary>Tritt auf, wenn die <see cref="P:System.Windows.Forms.Integration.WindowsFormsHost.Child" /> festgelegt wird.</summary>
    </member>
    <member name="E:System.Windows.Forms.Integration.WindowsFormsHost.LayoutError">
      <summary>Tritt auf, wenn ein Layout-Fehler, z. B. Neigung oder Drehung, <see cref="T:System.Windows.Forms.Integration.WindowsFormsHost" /> nicht unterstützt, ist aufgetreten.</summary>
    </member>
    <member name="F:System.Windows.Forms.Integration.WindowsFormsHost.BackgroundProperty">
      <summary>Identifiziert die <see cref="P:System.Windows.Forms.Integration.WindowsFormsHost.Background" /> Abhängigkeitseigenschaft.</summary>
    </member>
    <member name="F:System.Windows.Forms.Integration.WindowsFormsHost.FontFamilyProperty">
      <summary>Identifiziert die <see cref="P:System.Windows.Forms.Integration.WindowsFormsHost.FontFamily" /> Abhängigkeitseigenschaft.</summary>
    </member>
    <member name="F:System.Windows.Forms.Integration.WindowsFormsHost.FontSizeProperty">
      <summary>Identifiziert die <see cref="P:System.Windows.Forms.Integration.WindowsFormsHost.FontSize" /> Abhängigkeitseigenschaft.</summary>
    </member>
    <member name="F:System.Windows.Forms.Integration.WindowsFormsHost.FontStyleProperty">
      <summary>Identifiziert die <see cref="P:System.Windows.Forms.Integration.WindowsFormsHost.FontStyle" /> Abhängigkeitseigenschaft.</summary>
    </member>
    <member name="F:System.Windows.Forms.Integration.WindowsFormsHost.FontWeightProperty">
      <summary>Identifiziert die <see cref="P:System.Windows.Forms.Integration.WindowsFormsHost.FontWeight" /> Abhängigkeitseigenschaft.</summary>
    </member>
    <member name="F:System.Windows.Forms.Integration.WindowsFormsHost.ForegroundProperty">
      <summary>Identifiziert die <see cref="P:System.Windows.Forms.Integration.WindowsFormsHost.Foreground" /> Abhängigkeitseigenschaft.</summary>
    </member>
    <member name="F:System.Windows.Forms.Integration.WindowsFormsHost.PaddingProperty">
      <summary>Bezeichnet die <see cref="P:System.Windows.Forms.Integration.WindowsFormsHost.Padding" />-Abhängigkeitseigenschaft.</summary>
    </member>
    <member name="F:System.Windows.Forms.Integration.WindowsFormsHost.TabIndexProperty">
      <summary>Identifiziert die <see cref="P:System.Windows.Forms.Integration.WindowsFormsHost.TabIndex" /> Abhängigkeitseigenschaft.</summary>
    </member>
    <member name="M:System.Windows.Automation.Peers.WindowsFormsHostAutomationPeer.#ctor(System.Windows.Forms.Integration.WindowsFormsHost)">
      <summary>Initialisiert eine neue Instanz der <see cref="T:System.Windows.Automation.Peers.WindowsFormsHostAutomationPeer" />-Klasse.</summary>
      <param name="owner">Die <see cref="T:System.Windows.Forms.Integration.WindowsFormsHost" /> die mit dieser verknüpft ist <see cref="T:System.Windows.Automation.Peers.WindowsFormsHostAutomationPeer" />.</param>
    </member>
    <member name="M:System.Windows.Forms.Integration.ChildChangedEventArgs.#ctor(System.Object)">
      <summary>Initialisiert eine neue Instanz der <see cref="T:System.Windows.Forms.Integration.ChildChangedEventArgs" />-Klasse.</summary>
      <param name="previousChild">Der Wert der <see cref="P:System.Windows.Forms.Integration.WindowsFormsHost.Child" /> -Eigenschaft fest, bevor der neue Wert zugewiesen wurde.</param>
    </member>
    <member name="M:System.Windows.Forms.Integration.ElementHost.#ctor">
      <summary>Initialisiert eine neue Instanz der <see cref="T:System.Windows.Forms.Integration.ElementHost" />-Klasse.</summary>
    </member>
    <member name="M:System.Windows.Forms.Integration.ElementHost.Dispose(System.Boolean)">
      <summary>Gibt alle von verwendeten Systemressourcen sofort frei der <see cref="T:System.Windows.Forms.Integration.ElementHost" /> Steuerelement.</summary>
      <param name="disposing">true, um sowohl verwaltete als auch nicht verwaltete Ressourcen freizugeben, false, um ausschließlich nicht verwaltete Ressourcen freizugeben.</param>
    </member>
    <member name="M:System.Windows.Forms.Integration.ElementHost.EnableModelessKeyboardInterop(System.Windows.Window)">
      <summary>Ermöglicht eine <see cref="T:System.Windows.Window" /> tastaturmeldungen ordnungsgemäß zu erhalten, wenn es im nicht modalen Modus geöffnet ist Windows Forms.</summary>
      <param name="window">Die Windows Presentation Foundation (WPF) Fenster im nicht modalen Modus geöffnet werden.</param>
    </member>
    <member name="M:System.Windows.Forms.Integration.ElementHost.GetPreferredSize(System.Drawing.Size)">
      <summary>Überschreibt die Implementierung der Basisklasse <see cref="M:System.Windows.Forms.Control.GetPreferredSize(System.Drawing.Size)" /> richtige Layoutverhalten für das gehostete bereitstellen Windows Presentation Foundation (WPF) Elemente.</summary>
      <param name="proposedSize">Der Bereich mit benutzerdefinierter Größe für ein WPF Element.</param>
      <returns>Die <see cref="T:System.Drawing.Size" /> berechnet, indem die <see cref="T:System.Windows.Forms.Integration.ElementHost" /> -Steuerelements entsprechend der angegebenen Einschränkungen <paramref name="proposedSize" />.</returns>
    </member>
    <member name="M:System.Windows.Forms.Integration.ElementHost.IsInputChar(System.Char)">
      <summary>Stellt sicher, dass alle WM_CHAR-Tastenmeldungen zum gehosteten Element weitergeleitet werden.</summary>
      <param name="charCode">Das weiterzuleitende Zeichen.</param>
      <returns>true in allen Fällen.</returns>
    </member>
    <member name="M:System.Windows.Forms.Integration.ElementHost.OnEnabledChanged(System.EventArgs)">
      <summary>Löst das <see cref="E:System.Windows.Forms.Control.EnabledChanged" />-Ereignis aus.</summary>
      <param name="e">Die Daten für das Ereignis.</param>
    </member>
    <member name="M:System.Windows.Forms.Integration.ElementHost.OnGotFocus(System.EventArgs)">
      <summary>Löst das <see cref="E:System.Windows.Forms.Integration.ElementHost.GotFocus" />-Ereignis aus.</summary>
      <param name="e">Ein <see cref="T:System.EventArgs" />, das die Ereignisdaten enthält.</param>
    </member>
    <member name="M:System.Windows.Forms.Integration.ElementHost.OnHandleCreated(System.EventArgs)">
      <summary>Löst das <see cref="E:System.Windows.Forms.Control.HandleCreated" />-Ereignis aus.</summary>
      <param name="e">Ein <see cref="T:System.EventArgs" />, das die Ereignisdaten enthält.</param>
    </member>
    <member name="M:System.Windows.Forms.Integration.ElementHost.OnLeave(System.EventArgs)">
      <summary>Löst das <see cref="E:System.Windows.Forms.Control.Leave" />-Ereignis aus.</summary>
      <param name="e">Ein <see cref="T:System.EventArgs" />, das die Ereignisdaten enthält.</param>
    </member>
    <member name="M:System.Windows.Forms.Integration.ElementHost.OnPaint(System.Windows.Forms.PaintEventArgs)">
      <summary>Löst das <see cref="E:System.Windows.Forms.Control.Paint" />-Ereignis aus.</summary>
      <param name="e">Ein <see cref="T:System.Windows.Forms.PaintEventArgs" />, das die Ereignisdaten enthält.</param>
    </member>
    <member name="M:System.Windows.Forms.Integration.ElementHost.OnPaintBackground(System.Windows.Forms.PaintEventArgs)">
      <summary>Zeichnet den Hintergrund des Steuerelements.</summary>
      <param name="pevent">Ein <see cref="T:System.Windows.Forms.PaintEventArgs" /> mit Informationen zum zu zeichnenden Steuerelement.</param>
    </member>
    <member name="M:System.Windows.Forms.Integration.ElementHost.OnPrint(System.Windows.Forms.PaintEventArgs)">
      <summary>Rendert das Steuerelement mit dem bereitgestellten <see cref="T:System.Drawing.Graphics" /> Objekt.</summary>
      <param name="e">Ein <see cref="T:System.Windows.Forms.PaintEventArgs" />, das die Ereignisdaten enthält.</param>
    </member>
    <member name="M:System.Windows.Forms.Integration.ElementHost.OnPropertyChanged(System.String,System.Object)">
      <summary>Benachrichtigt die <see cref="P:System.Windows.Forms.Integration.ElementHost.PropertyMap" /> die eine Eigenschaft geändert hat.</summary>
      <param name="propertyName">Der Name der Eigenschaft, die sich geändert hat und übersetzt werden muss.</param>
      <param name="value">Der neue Wert der Eigenschaft.</param>
    </member>
    <member name="M:System.Windows.Forms.Integration.ElementHost.OnVisibleChanged(System.EventArgs)">
      <summary>Löst das <see cref="E:System.Windows.Forms.Control.VisibleChanged" />-Ereignis aus.</summary>
      <param name="e">Ein <see cref="T:System.EventArgs" />, das die Ereignisdaten enthält.</param>
    </member>
    <member name="M:System.Windows.Forms.Integration.ElementHost.ProcessCmdKey(System.Windows.Forms.Message@,System.Windows.Forms.Keys)">
      <summary>Verarbeitet eine Befehlstaste und stellt sicher, dass das gehostete Element den Befehl aus, bevor die normale behandeln kann Windows Forms verarbeiten.</summary>
      <param name="msg">Eine als Verweis übergebene <see cref="T:System.Windows.Forms.Message" />, die die zu verarbeitende Fenstermeldung darstellt.</param>
      <param name="keyData">Eines der <see cref="T:System.Windows.Forms.Keys" /> Werte, die die zu verarbeitende Taste darstellen.</param>
      <returns>true Wenn das Zeichen eine Windows Presentation Foundation (WPF) Verknüpfung, andernfalls false.</returns>
    </member>
    <member name="M:System.Windows.Forms.Integration.ElementHost.ProcessMnemonic(System.Char)">
      <summary>Verarbeitet ein mnemonisches Zeichen, um sicherzustellen, dass das gehostete Element das mnemonische Zeichen, bevor die normale behandeln kann Windows Forms verarbeiten.</summary>
      <param name="charCode">Das zu verarbeitende Zeichen.</param>
      <returns>true Wenn das Zeichen eine Windows Presentation Foundation (WPF) Verknüpfung, andernfalls false.</returns>
    </member>
    <member name="M:System.Windows.Forms.Integration.ElementHost.ScaleCore(System.Single,System.Single)">
      <summary>Skaliert den übergeordneten Container und das gehostete Windows Forms Steuerelement.</summary>
      <param name="dx">Der Skalierungsfaktor für die x-Achse.</param>
      <param name="dy">Der Skalierungsfaktor für die y-Achse.</param>
    </member>
    <member name="M:System.Windows.Forms.Integration.ElementHost.Select(System.Boolean,System.Boolean)">
      <summary>Aktiviert das gehostete Element.</summary>
      <param name="directed">true, um die Richtung für die Auswahl des Steuerelements anzugeben, andernfalls false.</param>
      <param name="forward">true, um sich in der Aktivierreihenfolge vorwärts zu bewegen, false, um sich rückwärts zu bewegen.</param>
    </member>
    <member name="M:System.Windows.Forms.Integration.ElementHost.WndProc(System.Windows.Forms.Message@)">
      <summary>Verarbeitet Windows-Meldungen.</summary>
      <param name="m">Eine zu verarbeitende Meldung.</param>
    </member>
    <member name="M:System.Windows.Forms.Integration.IntegrationExceptionEventArgs.#ctor(System.Boolean,System.Exception)">
      <summary>Initialisiert eine neue Instanz der <see cref="T:System.Windows.Forms.Integration.IntegrationExceptionEventArgs" />-Klasse.</summary>
      <param name="throwException">true Auslösen der <see cref="T:System.Exception" /> anhand <paramref name="exception" />andernfalls false.</param>
      <param name="exception">Die <see cref="T:System.Exception" /> auslösen.</param>
      <exception cref="T:System.ArgumentNullException">
        <paramref name="exception" /> ist null.</exception>
    </member>
    <member name="M:System.Windows.Forms.Integration.LayoutExceptionEventArgs.#ctor(System.Exception)">
      <summary>Initialisiert eine neue Instanz der <see cref="T:System.Windows.Forms.Integration.LayoutExceptionEventArgs" />-Klasse.</summary>
      <param name="exception">Die <see cref="T:System.Exception" /> auslösen.</param>
      <exception cref="T:System.ArgumentNullException">
        <paramref name="exception" /> ist null.</exception>
    </member>
    <member name="M:System.Windows.Forms.Integration.PropertyMap.#ctor">
      <summary>Initialisiert eine neue Instanz der <see cref="T:System.Windows.Forms.Integration.PropertyMap" />-Klasse.</summary>
    </member>
    <member name="M:System.Windows.Forms.Integration.PropertyMap.#ctor(System.Object)">
      <summary>Initialisiert eine neue Instanz der <see cref="T:System.Windows.Forms.Integration.PropertyMap" />-Klasse mit dem angegebenen Quellobjekt.</summary>
      <param name="source">Das Objekt mit den zu übersetzenden Eigenschaften.</param>
    </member>
    <member name="M:System.Windows.Forms.Integration.PropertyMap.Add(System.String,System.Windows.Forms.Integration.PropertyTranslator)">
      <summary>Fügt einen <see cref="T:System.Windows.Forms.Integration.PropertyTranslator" />-Delegaten für die angegebene Eigenschaft zu <see cref="T:System.Windows.Forms.Integration.PropertyMap" /> hinzu.</summary>
      <param name="propertyName">Der Name der zuzuordnenden Eigenschaft.</param>
      <param name="translator">Der <see cref="T:System.Windows.Forms.Integration.PropertyTranslator" />-Delegat, der aufgerufen wird, wenn <paramref name="propertyName" /> sich ändert.</param>
      <exception cref="T:System.InvalidOperationException">
        <paramref name="propertyName" /> verfügt über eine vorhandene Zuordnung.</exception>
    </member>
    <member name="M:System.Windows.Forms.Integration.PropertyMap.Apply(System.String)">
      <summary>Führt den Eigenschaftenübersetzer für die angegebene Eigenschaft basierend auf dem aktuellen Eigenschaftswert des Quellobjekts aus.</summary>
      <param name="propertyName">Der Name der zu übersetzenden Eigenschaft.</param>
      <exception cref="T:System.ArgumentException">Die durch <paramref name="propertyName" /> angegebene Eigenschaft ist in <see cref="P:System.Windows.Forms.Integration.PropertyMap.SourceObject" /> nicht vorhanden.</exception>
    </member>
    <member name="M:System.Windows.Forms.Integration.PropertyMap.ApplyAll">
      <summary>Führt den Eigenschaftenübersetzer für jede zugeordnete Eigenschaft basierend auf den aktuellen Eigenschaftswerten des Quellobjekts aus.</summary>
    </member>
    <member name="M:System.Windows.Forms.Integration.PropertyMap.Clear">
      <summary>Entfernt alle Eigenschaftenzuordnungen.</summary>
    </member>
    <member name="M:System.Windows.Forms.Integration.PropertyMap.Contains(System.String)">
      <summary>Ruft einen Wert ab, der angibt, ob die entsprechende Eigenschaft zugeordnet ist.</summary>
      <param name="propertyName">Der Name der Eigenschaft, nach der gesucht werden soll.</param>
      <returns>true, wenn <paramref name="propertyName" /> in der Eigenschaftenzuordnung vorhanden ist, andernfalls false.</returns>
    </member>
    <member name="M:System.Windows.Forms.Integration.PropertyMap.Remove(System.String)">
      <summary>Löscht die angegebene Eigenschaft aus der Zuordnung.</summary>
      <param name="propertyName">Der Name der zu entfernenden Eigenschaft.</param>
      <exception cref="T:System.ArgumentNullException">
        <paramref name="propertyName" /> ist null.</exception>
    </member>
    <member name="M:System.Windows.Forms.Integration.PropertyMap.Reset(System.String)">
      <summary>Stellt die Standardeigenschaftenzuordnung für die angegebene Eigenschaft wieder her.</summary>
      <param name="propertyName">Der Name der wiederherzustellenden Eigenschaft.</param>
      <exception cref="T:System.ArgumentNullException">
        <paramref name="propertyName" /> ist null.</exception>
    </member>
    <member name="M:System.Windows.Forms.Integration.PropertyMap.ResetAll">
      <summary>Stellt die Standardeigenschaftenzuordnungen wieder her.</summary>
    </member>
    <member name="M:System.Windows.Forms.Integration.PropertyMappingExceptionEventArgs.#ctor(System.Exception,System.String,System.Object)">
      <summary>Initialisiert eine neue Instanz der <see cref="T:System.Windows.Forms.Integration.PropertyMappingExceptionEventArgs" />-Klasse.</summary>
      <param name="exception">Die <see cref="T:System.Exception" /> auslösen.</param>
      <param name="propertyName">Der Name der Eigenschaft, die die Zuordnung der Eigenschaft Fehler zugeordnet werden soll.</param>
      <param name="propertyValue">Der Wert der Eigenschaft, die die Zuordnung der Eigenschaft Fehler zugeordnet werden soll.</param>
      <exception cref="T:System.ArgumentNullException">
        <paramref name="exception" /> wird null; <paramref name="propertyName" /> ist null oder verweist auf eine leere Zeichenfolge.</exception>
    </member>
    <member name="M:System.Windows.Forms.Integration.WindowsFormsHost.#ctor">
      <summary>Initialisiert eine neue Instanz der <see cref="T:System.Windows.Forms.Integration.WindowsFormsHost" />-Klasse.</summary>
    </member>
    <member name="M:System.Windows.Forms.Integration.WindowsFormsHost.ArrangeOverride(System.Windows.Size)">
      <summary>Bei Implementierung in einer abgeleiteten Klasse positioniert untergeordnete Elemente und bestimmt die Größe für eine <see cref="T:System.Windows.FrameworkElement" />-Klasse.</summary>
      <param name="finalSize">Der letzte Bereich im übergeordneten Element, den dieses Element verwenden soll, um sich selbst und seine untergeordneten Elemente anzuordnen.</param>
      <returns>Die tatsächlich verwendete Größe.</returns>
    </member>
    <member name="M:System.Windows.Forms.Integration.WindowsFormsHost.BuildWindowCore(System.Runtime.InteropServices.HandleRef)">
      <summary>Überschreibt die Implementierung der Basisklasse von <see cref="M:System.Windows.Interop.HwndHost.BuildWindowCore(System.Runtime.InteropServices.HandleRef)" /> zum Erstellen des gehosteten Windows Forms Steuerelement.</summary>
      <param name="hwndParent">Die übergeordnete Fensterhandle (HWND).</param>
      <returns>Das Fensterhandle für dieses Objekt.</returns>
    </member>
    <member name="M:System.Windows.Forms.Integration.WindowsFormsHost.DestroyWindowCore(System.Runtime.InteropServices.HandleRef)">
      <summary>Überschreibt <see cref="M:System.Windows.Interop.HwndHost.DestroyWindowCore(System.Runtime.InteropServices.HandleRef)" /> Fenster, die dieses Objekt zu löschen.</summary>
      <param name="hwnd">Ein Fensterhandle. Dieser Parameter wird nicht verwendet.</param>
    </member>
    <member name="M:System.Windows.Forms.Integration.WindowsFormsHost.Dispose(System.Boolean)">
      <summary>Gibt die von <see cref="T:System.Windows.Forms.Integration.WindowsFormsHost" /> verwendeten nicht verwalteten Ressourcen und optional die verwalteten Ressourcen frei.</summary>
      <param name="disposing">true, um sowohl verwaltete als auch nicht verwaltete Ressourcen freizugeben, false, um ausschließlich nicht verwaltete Ressourcen freizugeben.</param>
    </member>
    <member name="M:System.Windows.Forms.Integration.WindowsFormsHost.EnableWindowsFormsInterop">
      <summary>Ermöglicht eine <see cref="T:System.Windows.Forms.Form" /> ordnungsgemäß funktioniert, wenn es im nicht modalen Modus geöffnet ist WPF.</summary>
    </member>
    <member name="M:System.Windows.Forms.Integration.WindowsFormsHost.MeasureOverride(System.Windows.Size)">
      <summary>Überschreibt die Implementierung der Basisklasse von <see cref="M:System.Windows.Interop.HwndHost.MeasureOverride(System.Windows.Size)" /> die Größe einer <see cref="T:System.Windows.Forms.Integration.WindowsFormsHost" /> -Objekt und das Layoutmodul richtige Größe wieder.</summary>
      <param name="constraint">Die verfügbare Größe für das <see cref="T:System.Windows.Forms.Integration.WindowsFormsHost" /> Objekt.</param>
      <returns>Die gewünschte Größe der <see cref="T:System.Windows.Forms.Integration.WindowsFormsHost" /> Objekt.</returns>
    </member>
    <member name="M:System.Windows.Forms.Integration.WindowsFormsHost.OnCreateAutomationPeer">
      <summary>Erstellt eine <see cref="T:System.Windows.Automation.Peers.WindowsFormsHostAutomationPeer" /> für die <see cref="T:System.Windows.Forms.Integration.WindowsFormsHost" /> Element.</summary>
      <returns>Ein <see cref="T:System.Windows.Automation.Peers.WindowsFormsHostAutomationPeer" /> für die <see cref="T:System.Windows.Forms.Integration.WindowsFormsHost" /> Element.</returns>
    </member>
    <member name="M:System.Windows.Forms.Integration.WindowsFormsHost.OnPropertyChanged(System.Windows.DependencyPropertyChangedEventArgs)">
      <summary>Erzwingt die Übersetzung einer zugeordneten Eigenschaft.</summary>
      <param name="e">Argumente, die Eigenschaft zu, die geändert werden identifizieren, sowie die alten und neuen Werte für diese Eigenschaft bereitstellen.</param>
    </member>
    <member name="M:System.Windows.Forms.Integration.WindowsFormsHost.ScaleChild(System.Windows.Vector)">
      <summary>Skaliert das gehostete Windows Forms steuern und verfolgt den Skalierungsfaktor.</summary>
      <param name="newScale">Der neue Skalierungsfaktor.</param>
      <returns>Ein <see cref="T:System.Windows.Vector" /> stellt den Skalierungsfaktor angewendet, das vom gehosteten Windows Forms Steuerelement.</returns>
    </member>
    <member name="M:System.Windows.Forms.Integration.WindowsFormsHost.TabInto(System.Windows.Input.TraversalRequest)">
      <summary>Übergibt den Fokus von WPF an die gehostete Windows Forms Steuerelement.</summary>
      <param name="request">Ein <see cref="T:System.Windows.Input.TraversalRequest" /> der das Fokusverhalten angibt.</param>
      <returns>true, wenn ein Steuerelement aktiviert wurde, andernfalls false.</returns>
    </member>
    <member name="M:System.Windows.Forms.Integration.WindowsFormsHost.WndProc(System.IntPtr,System.Int32,System.IntPtr,System.IntPtr,System.Boolean@)">
      <summary>Bei Implementierung in einer abgeleiteten Klasse greift auf den Prozess des gehosteten untergeordneten Fensters zu.</summary>
      <param name="hwnd">Das Fensterhandle des gehosteten Fensters.</param>
      <param name="msg">Meldung zu reagieren.</param>
      <param name="wParam">Informationen, die zum Verarbeiten der Nachricht von Bedeutung sein kann. Dies wird normalerweise verwendet, um kleine Mengen von Informationen, z. B. Flags speichern.</param>
      <param name="lParam">Informationen, die zum Verarbeiten der Nachricht von Bedeutung sein kann. Dies wird normalerweise verwendet, um ein Objekt zu verweisen.</param>
      <param name="handled">Gibt an, ob Ereignisse gekennzeichnet werden sollte behandelt.</param>
      <returns>Das Fensterhandle des untergeordneten Fensters.</returns>
    </member>
    <member name="P:System.Windows.Forms.Integration.ChildChangedEventArgs.PreviousChild">
      <summary>Ruft den Wert der <see cref="P:System.Windows.Forms.Integration.WindowsFormsHost.Child" /> -Eigenschaft fest, bevor der neue Wert zugewiesen wurde.</summary>
      <returns>Der Wert der <see cref="P:System.Windows.Forms.Integration.WindowsFormsHost.Child" /> -Eigenschaft fest, bevor der neue Wert zugewiesen wurde.</returns>
    </member>
    <member name="P:System.Windows.Forms.Integration.ElementHost.AutoSize">
      <summary>Ruft einen Wert ab, der angibt, ob die Größe des Steuerelements automatisch an dessen Inhalt angepasst wird, oder legt diesen fest.</summary>
      <returns>true Wenn das Steuerelement seine Größe eng an seinen Inhalt anpasst; andernfalls false. Die Standardeinstellung ist true.</returns>
    </member>
    <member name="P:System.Windows.Forms.Integration.ElementHost.BackColorTransparent">
      <summary>Ruft ab oder legt einen Wert, der angibt, ob das gehostete Element einen transparenten Hintergrund verfügt.</summary>
      <returns>true Wenn das gehostete Element einen transparenten Hintergrund hat. andernfalls false. Die Standardeinstellung ist false.</returns>
    </member>
    <member name="P:System.Windows.Forms.Integration.ElementHost.CanEnableIme">
      <summary>Ruft einen Wert, der angibt, ob die <see cref="P:System.Windows.Forms.Control.ImeMode" /> Eigenschaft auf einen aktiven Wert festgelegt werden kann, um IME-Unterstützung aktivieren.</summary>
      <returns>true Wenn <see cref="T:System.Windows.Forms.Integration.ElementHost" /> hat ein <see cref="P:System.Windows.Forms.Integration.ElementHost.Child" /> Element ist, andernfalls false.</returns>
    </member>
    <member name="P:System.Windows.Forms.Integration.ElementHost.Child">
      <summary>Ruft ab oder legt die <see cref="T:System.Windows.UIElement" /> von gehosteten der <see cref="T:System.Windows.Forms.Integration.ElementHost" /> Steuerelement.</summary>
      <returns>Das gehostete Windows Presentation Foundation (WPF) Element.</returns>
    </member>
    <member name="P:System.Windows.Forms.Integration.ElementHost.DefaultSize">
      <summary>Ruft die Standardgröße des Steuerelements ab.</summary>
      <returns>Die Standard-<see cref="T:System.Drawing.Size" /> des Steuerelements.</returns>
    </member>
    <member name="P:System.Windows.Forms.Integration.ElementHost.Focused">
      <summary>Ruft einen Wert ab, der angibt, ob das Steuerelement den Eingabefokus besitzt.</summary>
      <returns>true, wenn das Steuerelement den Fokus besitzt, andernfalls false.</returns>
    </member>
    <member name="P:System.Windows.Forms.Integration.ElementHost.HostContainer">
      <summary>Ruft den übergeordneten Container des gehosteten Windows Presentation Foundation (WPF) Element. </summary>
      <returns>Der übergeordnete Container.</returns>
    </member>
    <member name="P:System.Windows.Forms.Integration.ElementHost.ImeModeBase">
      <summary>Ruft den IME-Modus eines Steuerelements ab oder legt diesen fest.</summary>
      <returns>Der IME-Modus des Steuerelements.</returns>
    </member>
    <member name="P:System.Windows.Forms.Integration.ElementHost.PropertyMap">
      <summary>Ruft die eigenschaftszuordnung, die bestimmt, wie Festlegen von Eigenschaften für die <see cref="T:System.Windows.Forms.Integration.ElementHost" /> beeinflusst das gehostete Windows Presentation Foundation (WPF) Element.</summary>
      <returns>Ein <see cref="T:System.Windows.Forms.Integration.PropertyMap" /> zugeordnet <see cref="T:System.Windows.Forms.Integration.ElementHost" /> Eigenschaften auf dem gehosteten WPF Element.</returns>
    </member>
    <member name="P:System.Windows.Forms.Integration.IntegrationExceptionEventArgs.Exception">
      <summary>Ruft den diesem <see cref="T:System.Exception" /> zugeordneten <see cref="T:System.Windows.Forms.Integration.IntegrationExceptionEventArgs" /> ab.</summary>
      <returns>Das dieser <see cref="T:System.Exception" /> zugeordnete <see cref="T:System.Windows.Forms.Integration.IntegrationExceptionEventArgs" />.</returns>
    </member>
    <member name="P:System.Windows.Forms.Integration.IntegrationExceptionEventArgs.ThrowException">
      <summary>Ruft ab oder legt einen Wert, der angibt, ob zum Auslösen der <see cref="T:System.Exception" /> anhand der <see cref="P:System.Windows.Forms.Integration.IntegrationExceptionEventArgs.Exception" /> Eigenschaft.</summary>
      <returns>true Wenn <see cref="P:System.Windows.Forms.Integration.IntegrationExceptionEventArgs.Exception" /> ausgelöst; andernfalls werden false. Die Standardeinstellung ist false.</returns>
    </member>
    <member name="P:System.Windows.Forms.Integration.PropertyMap.DefaultTranslators">
      <summary>Ruft eine Auflistung von standardmäßig definierten Eigenschaftenzuordnungen ab.</summary>
      <returns>Ein <see cref="T:System.Collections.Generic.Dictionary`2" />, das den entsprechenden <see cref="T:System.Windows.Forms.Integration.PropertyTranslator" />-Delegaten Eigenschaftennamen zuordnet.</returns>
    </member>
    <member name="P:System.Windows.Forms.Integration.PropertyMap.Item(System.String)">
      <summary>Ruft den <see cref="T:System.Windows.Forms.Integration.PropertyTranslator" />-Delegaten für die angegebene Eigenschaft ab oder legt diesen fest.</summary>
      <param name="propertyName">Der Name der zuzuordnenden Eigenschaft.</param>
      <returns>Der <see cref="T:System.Windows.Forms.Integration.PropertyTranslator" />-Delegat, der der durch <paramref name="propertyName" /> angegebenen Eigenschaft entspricht.</returns>
      <exception cref="T:System.ArgumentNullException">
        <paramref name="propertyName" /> ist null oder eine leere Zeichenfolge; der angegebene <see cref="T:System.Windows.Forms.Integration.PropertyTranslator" /> Delegat ist null.</exception>
      <exception cref="T:System.ArgumentException">Die durch <paramref name="propertyName" /> angegebene Eigenschaft ist in <see cref="P:System.Windows.Forms.Integration.PropertyMap.SourceObject" /> nicht vorhanden.</exception>
    </member>
    <member name="P:System.Windows.Forms.Integration.PropertyMap.Keys">
      <summary>Ruft ein <see cref="T:System.Collections.ICollection" />-Objekt ab, das die Eigenschaftsnamen in der <see cref="T:System.Windows.Forms.Integration.PropertyMap" />-Auflistung enthält.</summary>
      <returns>Ein <see cref="T:System.Collections.ICollection" />-Objekt, das die Eigenschaftsnamen in der <see cref="T:System.Windows.Forms.Integration.PropertyMap" />-Auflistung enthält.</returns>
    </member>
    <member name="P:System.Windows.Forms.Integration.PropertyMap.SourceObject">
      <summary>Ruft das Objekt mit den zu übersetzenden Eigenschaften ab.</summary>
      <returns>Das Objekt mit den zu übersetzenden Eigenschaften.</returns>
    </member>
    <member name="P:System.Windows.Forms.Integration.PropertyMap.Values">
      <summary>Ruft eine <see cref="T:System.Collections.ICollection" /> ab, die die Eigenschaftenübersetzer in der <see cref="T:System.Windows.Forms.Integration.PropertyMap" />-Auflistung enthält.</summary>
      <returns>Eine <see cref="T:System.Collections.ICollection" />, die die Eigenschaftenübersetzer in der <see cref="T:System.Windows.Forms.Integration.PropertyMap" />-Auflistung enthält.</returns>
    </member>
    <member name="P:System.Windows.Forms.Integration.PropertyMappingExceptionEventArgs.PropertyName">
      <summary>Ruft den Namen der Eigenschaft, die die Zuordnung der Eigenschaft Fehler zugeordnet.</summary>
      <returns>Eine Zeichenfolge, die den Namen der Eigenschaft, die die Zuordnung der Eigenschaft Fehler zugeordnet ist.</returns>
    </member>
    <member name="P:System.Windows.Forms.Integration.PropertyMappingExceptionEventArgs.PropertyValue">
      <summary>Ruft den Wert der Eigenschaft, die die Zuordnung der Eigenschaft Fehler zugeordnet.</summary>
      <returns>Ein Objekt, das den Wert der Eigenschaft, mit der Eigenschaft Zuordnungsfehler darstellt.</returns>
    </member>
    <member name="P:System.Windows.Forms.Integration.WindowsFormsHost.Background">
      <summary>Ruft den Hintergrund des gehosteten Steuerelements als Ambient-Eigenschaft ab oder legt ihn fest.</summary>
      <returns>Ein auf die Hintergrundfarbe festgelegter <see cref="T:System.Windows.Media.Brush" />.</returns>
    </member>
    <member name="P:System.Windows.Forms.Integration.WindowsFormsHost.Child">
      <summary>Ruft ab oder legt das untergeordnete Steuerelement gehostet werden, indem die <see cref="T:System.Windows.Forms.Integration.WindowsFormsHost" /> Element.</summary>
      <returns>Das gehostete Windows Forms Steuerelement.</returns>
      <exception cref="T:System.ArgumentException">Es wurde versucht, ein Formular der obersten Ebene als das gehostete Steuerelement zuweisen.</exception>
    </member>
    <member name="P:System.Windows.Forms.Integration.WindowsFormsHost.FontFamily">
      <summary>Ruft die Schriftfamilie des gehosteten Steuerelements ab oder legt diese fest.</summary>
      <returns>Die im gehosteten Steuerelement verwendete Schriftfamilie.</returns>
    </member>
    <member name="P:System.Windows.Forms.Integration.WindowsFormsHost.FontSize">
      <summary>Ruft den Schriftgrad des gehosteten Steuerelements ab oder legt ihn fest.</summary>
      <returns>Der Schriftgrad, der im gehosteten Steuerelement verwendet wird.</returns>
    </member>
    <member name="P:System.Windows.Forms.Integration.WindowsFormsHost.FontStyle">
      <summary>Ruft den Schriftschnitt des gehosteten Steuerelements ab oder legt ihn fest.</summary>
      <returns>Der Schriftschnitt, der im gehosteten Steuerelement verwendet wird.</returns>
    </member>
    <member name="P:System.Windows.Forms.Integration.WindowsFormsHost.FontWeight">
      <summary>Ruft die Schriftbreite des gehosteten Steuerelements ab oder legt diese fest.</summary>
      <returns>Die im gehosteten Steuerelement verwendete Schriftbreite.</returns>
    </member>
    <member name="P:System.Windows.Forms.Integration.WindowsFormsHost.Foreground">
      <summary>Ruft die Vordergrundfarbe des gehosteten Steuerelements ab oder legt diese fest.</summary>
      <returns>Ein <see cref="T:System.Windows.Media.Brush" />, mit dem die Vordergrundfarbe des gehosteten Steuerelements festgelegt wird.</returns>
    </member>
    <member name="P:System.Windows.Forms.Integration.WindowsFormsHost.Padding">
      <summary>Gibt die Größe des gewünschten Abstände innerhalb des gehosteten Windows Forms Steuerelement. </summary>
      <returns>Ein <see cref="T:System.Windows.Thickness" /> -Struktur, die das Füllzeichen des gehostete darstellt Windows Forms Steuerelement.</returns>
    </member>
    <member name="P:System.Windows.Forms.Integration.WindowsFormsHost.PropertyMap">
      <summary>Ruft die eigenschaftszuordnung, die bestimmt, wie Festlegen von Eigenschaften für die <see cref="T:System.Windows.Forms.Integration.WindowsFormsHost" /> Element wirkt sich auf das gehostete Windows Forms Steuerelement.</summary>
      <returns>Ein <see cref="T:System.Windows.Forms.Integration.PropertyMap" /> zugeordnet <see cref="T:System.Windows.Forms.Integration.WindowsFormsHost" /> Eigenschaften, um Eigenschaften des gehosteten Windows Forms Steuerelement.</returns>
    </member>
    <member name="P:System.Windows.Forms.Integration.WindowsFormsHost.TabIndex">
      <summary>Ruft den Registerkartenindex des gehosteten Steuerelements ab oder legt ihn fest.</summary>
      <returns>Der Registerkartenindex für Registerkartennavigation und -fokus.</returns>
    </member>
    <member name="T:System.Windows.Automation.Peers.WindowsFormsHostAutomationPeer">
      <summary>Macht <see cref="T:System.Windows.Forms.Integration.WindowsFormsHost" /> Typen Benutzeroberflächenautomatisierung. </summary>
    </member>
    <member name="T:System.Windows.Forms.Integration.ChildChangedEventArgs">
      <summary>Stellt Daten für das <see cref="E:System.Windows.Forms.Integration.WindowsFormsHost.ChildChanged" />-Ereignis und das <see cref="E:System.Windows.Forms.Integration.ElementHost.ChildChanged" />-Ereignis bereit.</summary>
    </member>
    <member name="T:System.Windows.Forms.Integration.ElementHost">
      <summary>Ein Windows Forms -Steuerelement, das verwendet werden kann, Host ein Windows Presentation Foundation (WPF) Element. </summary>
    </member>
    <member name="T:System.Windows.Forms.Integration.IntegrationExceptionEventArgs">
      <summary>Stellt eine Basisklasse für <see cref="T:System.EventArgs" /> Klassen welche Auslösen von Ausnahmen optional unterstützen.</summary>
    </member>
    <member name="T:System.Windows.Forms.Integration.LayoutExceptionEventArgs">
      <summary>Stellt Daten für das <see cref="E:System.Windows.Forms.Integration.WindowsFormsHost.LayoutError" />-Ereignis bereit.</summary>
    </member>
    <member name="T:System.Windows.Forms.Integration.PropertyMap">
      <summary>Ermöglicht das Übersetzen von Eigenschaftswerten zwischen Windows Forms-Steuerelementen und Windows Presentation Foundation (WPF)-Elementen.</summary>
    </member>
    <member name="T:System.Windows.Forms.Integration.PropertyMappingExceptionEventArgs">
      <summary>Stellt Daten für das <see cref="E:System.Windows.Forms.Integration.PropertyMap.PropertyMappingError" />-Ereignis bereit.</summary>
    </member>
    <member name="T:System.Windows.Forms.Integration.PropertyTranslator">
      <summary>Stellt eine Übersetzungsfunktion für eine zugeordnete Eigenschaft des Hoststeuerelements bereit.</summary>
      <param name="host">Das Hoststeuerelement, dessen Eigenschaft zugeordnet wird. Das Hoststeuerelement ist entweder ein <see cref="T:System.Windows.Forms.Integration.WindowsFormsHost" /> oder ein <see cref="T:System.Windows.Forms.Integration.ElementHost" />.</param>
      <param name="propertyName">Der Name der Eigenschaft, die übersetzt wird.</param>
      <param name="value">Der neue Wert der Eigenschaft.</param>
    </member>
    <member name="T:System.Windows.Forms.Integration.WindowsFormsHost">
      <summary>Ein Element, mit dem Sie ein Windows Forms-Steuerelement auf einer WPF-Seite hosten können.</summary>
    </member>
  </members>
</doc>