﻿<?xml version="1.0" encoding="utf-8"?>
<doc>
  <assembly>
    <name>XamlBuildTask</name>
  </assembly>
  <members>
    <member name="M:Microsoft.Build.Tasks.Xaml.AttributeData.#ctor">
      <summary>Initialisiert eine neue Instanz der <see cref="T:Microsoft.Build.Tasks.Xaml.AttributeData" />-Klasse.</summary>
    </member>
    <member name="M:Microsoft.Build.Tasks.Xaml.AttributeParameterData.#ctor(System.Xaml.XamlType,System.Collections.Generic.IEnumerable{Microsoft.Build.Tasks.Xaml.AttributeParameterData})">
      <summary>Initialisiert eine neue Instanz der <see cref="T:Microsoft.Build.Tasks.Xaml.AttributeParameterData" /> -Klasse mit dem angegebenen Typ und Array-Inhalt.</summary>
      <param name="type">Der Typ der Daten...</param>
      <param name="arrayContents">Der Inhalt des Arrays.</param>
    </member>
    <member name="M:Microsoft.Build.Tasks.Xaml.AttributeParameterData.#ctor(System.Xaml.XamlType,System.Object)">
      <summary>Initialisiert eine neue Instanz der <see cref="T:Microsoft.Build.Tasks.Xaml.AttributeParameterData" /> -Klasse mit dem angegebenen Typ und Wert.</summary>
      <param name="type">Der Typ der Daten.</param>
      <param name="value">Der Wert der Daten.</param>
    </member>
    <member name="M:Microsoft.Build.Tasks.Xaml.AttributeParameterData.#ctor(System.Xaml.XamlType,System.String)">
      <summary>Initialisiert eine neue Instanz der <see cref="T:Microsoft.Build.Tasks.Xaml.AttributeParameterData" /> -Klasse mit angegebenen Typ und Text-Wert.</summary>
      <param name="type">Der Typ der Daten.</param>
      <param name="textValue">Der Textwert.</param>
    </member>
    <member name="M:Microsoft.Build.Tasks.Xaml.BuildExtensionContext.AddGeneratedFile(System.String)">
      <summary>Generiert eine Datei für den Build-Erweiterung-Kontext.</summary>
      <param name="fileName">Der Name der generierten Datei.</param>
    </member>
    <member name="M:Microsoft.Build.Tasks.Xaml.BuildExtensionContext.AddGeneratedResourceFile(System.String)">
      <summary>Generiert eine Ressourcendatei für die Erweiterung Kontexts.</summary>
      <param name="fileName">Der Dateiname für die generierte Datei.</param>
    </member>
    <member name="M:Microsoft.Build.Tasks.Xaml.ClassData.#ctor">
      <summary>Initialisiert eine neue Instanz der <see cref="T:Microsoft.Build.Tasks.Xaml.ClassData" />-Klasse.</summary>
    </member>
    <member name="M:Microsoft.Build.Tasks.Xaml.CompilationPass2Task.#ctor">
      <summary>Initialisiert eine neue Instanz der <see cref="T:Microsoft.Build.Tasks.Xaml.CompilationPass2Task" />-Klasse.</summary>
    </member>
    <member name="M:Microsoft.Build.Tasks.Xaml.CompilationPass2Task.Execute">
      <summary>Wird per MS Build aufgerufen, um die Aufgabe auszuführen.</summary>
      <returns>true Wenn die Aufgabe erfolgreich ausgeführt wird; andernfalls false.</returns>
    </member>
    <member name="M:Microsoft.Build.Tasks.Xaml.GenerateTemporaryAssemblyTask.#ctor">
      <summary>Initialisiert eine neue Instanz der <see cref="T:Microsoft.Build.Tasks.Xaml.GenerateTemporaryAssemblyTask" />-Klasse.</summary>
    </member>
    <member name="M:Microsoft.Build.Tasks.Xaml.GenerateTemporaryAssemblyTask.Execute">
      <summary>Wird per MS Build aufgerufen, um die Aufgabe auszuführen.</summary>
      <returns>true Wenn der Code erfolgreich generiert wird; andernfalls false.</returns>
    </member>
    <member name="M:Microsoft.Build.Tasks.Xaml.IXamlBuildTypeGenerationExtension.Execute(Microsoft.Build.Tasks.Xaml.ClassData,Microsoft.Build.Tasks.Xaml.XamlBuildTypeGenerationExtensionContext)">
      <summary>Gibt an, ob der XAML-Build Generation Erweiterung ausgeführt wird.</summary>
      <param name="classData">Die Klassendaten.</param>
      <param name="buildContext">Der buildkontext.</param>
      <returns>True Wenn die XAML-typgenerierung, die Erweiterung ausgeführt wird erstellen; andernfalls false.</returns>
    </member>
    <member name="M:Microsoft.Build.Tasks.Xaml.IXamlBuildTypeInspectionExtension.Execute(Microsoft.Build.Tasks.Xaml.XamlBuildTypeInspectionExtensionContext)">
      <summary>Gibt an, ob der XAML-Build-Prüfung Erweiterung ausgeführt wird.</summary>
      <param name="buildContext">Der buildkontext für die Erweiterung.</param>
      <returns>True, wenn die XAML-Build Typ Prüfung-Erweiterung ausgeführt wird. andernfalls "false".</returns>
    </member>
    <member name="M:Microsoft.Build.Tasks.Xaml.NamedObject.#ctor">
      <summary>Initialisiert eine neue Instanz der <see cref="T:Microsoft.Build.Tasks.Xaml.NamedObject" />-Klasse.</summary>
    </member>
    <member name="M:Microsoft.Build.Tasks.Xaml.PartialClassGenerationTask.#ctor">
      <summary>Initialisiert eine neue Instanz der <see cref="T:Microsoft.Build.Tasks.Xaml.PartialClassGenerationTask" />-Klasse.</summary>
    </member>
    <member name="M:Microsoft.Build.Tasks.Xaml.PartialClassGenerationTask.Execute">
      <summary>Wird von MSBuild aufgerufen, um die Codegenerierungsaufgabe auszuführen.</summary>
      <returns>true Wenn der Code erfolgreich generiert wird; andernfalls false.</returns>
    </member>
    <member name="M:Microsoft.Build.Tasks.Xaml.PropertyData.#ctor">
      <summary>Initialisiert eine neue Instanz der <see cref="T:Microsoft.Build.Tasks.Xaml.PropertyData" />-Klasse.</summary>
    </member>
    <member name="M:Microsoft.Build.Tasks.Xaml.XamlBuildTypeGenerationExtensionContext.#ctor">
      <summary>Initialisiert eine neue Instanz der <see cref="T:Microsoft.Build.Tasks.Xaml.XamlBuildTypeGenerationExtensionContext" />-Klasse.</summary>
    </member>
    <member name="M:Microsoft.Build.Tasks.Xaml.XamlBuildTypeInspectionExtensionContext.#ctor">
      <summary>Initialisiert eine neue Instanz der <see cref="T:Microsoft.Build.Tasks.Xaml.XamlBuildTypeInspectionExtensionContext" />-Klasse.</summary>
    </member>
    <member name="P:Microsoft.Build.Tasks.Xaml.AttributeData.Parameters">
      <summary>Ruft das Attribut Data-Parameter ab.</summary>
      <returns>Das Attribut Data-Parameter.</returns>
    </member>
    <member name="P:Microsoft.Build.Tasks.Xaml.AttributeData.Properties">
      <summary>Ruft das Attribut Data-Eigenschaften ab.</summary>
      <returns>Das Attribut Data-Eigenschaften.</returns>
    </member>
    <member name="P:Microsoft.Build.Tasks.Xaml.AttributeData.Type">
      <summary>Ruft ab oder legt den Datentyp des Attributs fest.</summary>
      <returns>Der Datentyp des Attributs.</returns>
    </member>
    <member name="P:Microsoft.Build.Tasks.Xaml.AttributeParameterData.ArrayContents">
      <summary>Ruft den Inhalt des Arrays der Parameterdaten Attribut ab.</summary>
      <returns>Der Inhalt des Arrays der Parameterdaten Attribut.</returns>
    </member>
    <member name="P:Microsoft.Build.Tasks.Xaml.AttributeParameterData.TextValue">
      <summary>Ruft ab oder legt den Textwert, der die Daten der Attribut-Parameter.</summary>
      <returns>Der Textwert der Parameterdaten Attribut.</returns>
    </member>
    <member name="P:Microsoft.Build.Tasks.Xaml.AttributeParameterData.Type">
      <summary>Ruft ab oder legt den XAML-Typ, der Parameterdaten Attribut.</summary>
      <returns>Der XAML-Typ, der Parameterdaten Attribut.</returns>
    </member>
    <member name="P:Microsoft.Build.Tasks.Xaml.AttributeParameterData.Value">
      <summary>Ruft ab oder legt den Wert der Daten der Attribut-Parameter.</summary>
      <returns>Der Wert der Daten der Attribut-Parameter.</returns>
    </member>
    <member name="P:Microsoft.Build.Tasks.Xaml.BuildExtensionContext.AssemblyName">
      <summary>Ruft ab oder legt den Assemblynamen für den Build-Erweiterung-Kontext.</summary>
      <returns>Der Name der Assembly.</returns>
    </member>
    <member name="P:Microsoft.Build.Tasks.Xaml.BuildExtensionContext.GeneratedFiles">
      <summary>Ruft die Auflistung der Build Kontext generierten Dateien mit der Erweiterung ab.</summary>
      <returns>Die Auflistung der generierten Dateien.</returns>
    </member>
    <member name="P:Microsoft.Build.Tasks.Xaml.BuildExtensionContext.GeneratedResourceFiles">
      <summary>Ruft die Auflistung von Ressourcendateien für Build Erweiterung Kontext generiert.</summary>
      <returns>Die Auflistung der generierten Dateien.</returns>
    </member>
    <member name="P:Microsoft.Build.Tasks.Xaml.BuildExtensionContext.IsInProcessXamlMarkupCompile">
      <summary>Ruft ab oder legt fest, ob die Erweiterung Kontexts im Prozess der Extensible Application Markup Language-Kompilierung.</summary>
      <returns>True Wenn der Build-Erweiterung Kontext im Prozess der Extensible Application Markup Language-Kompilierung; andernfalls false.</returns>
    </member>
    <member name="P:Microsoft.Build.Tasks.Xaml.BuildExtensionContext.Language">
      <summary>Ruft ab oder legt die Build-Erweiterung Kontext Sprache.</summary>
      <returns>Der Build-Erweiterung Kontext-Sprache</returns>
    </member>
    <member name="P:Microsoft.Build.Tasks.Xaml.BuildExtensionContext.LocalAssembly">
      <summary>Ruft ab die lokal definierte Assembly für den Build-Erweiterung-Kontext.</summary>
      <returns>Die lokal definierte Assembly für den Build-Erweiterung-Kontext.</returns>
    </member>
    <member name="P:Microsoft.Build.Tasks.Xaml.BuildExtensionContext.OutputPath">
      <summary>Ruft ab oder legt die Erweiterung Kontext Buildausgabepfad...</summary>
      <returns>Der Ausgabepfad.</returns>
    </member>
    <member name="P:Microsoft.Build.Tasks.Xaml.BuildExtensionContext.References">
      <summary>Ruft die Auflistung von Erweiterung Kontext verweisen.</summary>
      <returns>Die Auflistung von erweiterungsverweis-Kontext.</returns>
    </member>
    <member name="P:Microsoft.Build.Tasks.Xaml.BuildExtensionContext.RootNamespace">
      <summary>Ruft ab den Stammnamespace für Erweiterung Kontext.</summary>
      <returns>Der Stammnamespace der Erweiterung-Kontext.</returns>
    </member>
    <member name="P:Microsoft.Build.Tasks.Xaml.BuildExtensionContext.SourceCodeFiles">
      <summary>Ruft die Auflistung von Quellcodedateien des Kontexts für die Erweiterung.</summary>
      <returns>Die Auflistung der Quellcode-Dateien des Kontexts für die Erweiterung.</returns>
    </member>
    <member name="P:Microsoft.Build.Tasks.Xaml.BuildExtensionContext.XamlBuildLogger">
      <summary>Ruft ab oder legt die XAML-Build-Protokollierung.</summary>
      <returns>Die Verwendung von XAML-Build-Protokollierung.</returns>
    </member>
    <member name="P:Microsoft.Build.Tasks.Xaml.ClassData.Attributes">
      <summary>Ruft die Liste der Klassenattribute Daten.</summary>
      <returns>Die Liste der Klasse Datenattribute.</returns>
    </member>
    <member name="P:Microsoft.Build.Tasks.Xaml.ClassData.BaseType">
      <summary>Ruft ab oder legt den Basistyp der Klasse Daten fest.</summary>
      <returns>Die Klasse base Datentyp.</returns>
    </member>
    <member name="P:Microsoft.Build.Tasks.Xaml.ClassData.CodeSnippets">
      <summary>Ruft die Liste der Klasse Daten Codeausschnitte.</summary>
      <returns>Die Liste der Klasse Daten Codeausschnitte.</returns>
    </member>
    <member name="P:Microsoft.Build.Tasks.Xaml.ClassData.EmbeddedResourceFileName">
      <summary>Ruft ab oder legt den Dateinamen der eingebetteten Ressource für die Klassendaten.</summary>
      <returns>Der Dateiname des eingebetteten Ressource für die Klassendaten.</returns>
    </member>
    <member name="P:Microsoft.Build.Tasks.Xaml.ClassData.EmbeddedResourceXaml">
      <summary>Ruft ab oder legt die eingebettete Ressource XAML für die Klassendaten.</summary>
      <returns>Die eingebettete Ressource XAML für die Klassendaten.</returns>
    </member>
    <member name="P:Microsoft.Build.Tasks.Xaml.ClassData.FileName">
      <summary>Ruft ab oder legt den Dateinamen für die Klassendaten verwendet.</summary>
      <returns>Der Dateiname, der für die Klassendaten verwendet wird.</returns>
    </member>
    <member name="P:Microsoft.Build.Tasks.Xaml.ClassData.HelperClassFullName">
      <summary>Ruft ab oder legt den vollständigen Namen der Hilfsklasse, die in der Klasse verwendet.</summary>
      <returns>Der vollständige Name der Hilfsklasse, die in der Klasse verwendet werden soll.</returns>
    </member>
    <member name="P:Microsoft.Build.Tasks.Xaml.ClassData.IsPublic">
      <summary>Ruft ab oder legt fest, ob die Klassendaten öffentlich ist.</summary>
      <returns>True Daten ist der Klasse eine öffentliche Klasse. andernfalls false.</returns>
    </member>
    <member name="P:Microsoft.Build.Tasks.Xaml.ClassData.Name">
      <summary>Ruft ab oder legt die Zeichenfolge, die den Namen der Klassendaten darstellt.</summary>
      <returns>Die Zeichenfolge, die den Namen der Klassendaten darstellt.</returns>
    </member>
    <member name="P:Microsoft.Build.Tasks.Xaml.ClassData.NamedObjects">
      <summary>Ruft eine Liste benannter Objekte.</summary>
      <returns>Die Liste der Objekte mit Namen.</returns>
    </member>
    <member name="P:Microsoft.Build.Tasks.Xaml.ClassData.Namespace">
      <summary>Ruft ab oder legt den Namespace gehören, in dem die Klassendaten.</summary>
      <returns>Der Namespace, in dem die Klassendaten gehören.</returns>
    </member>
    <member name="P:Microsoft.Build.Tasks.Xaml.ClassData.Properties">
      <summary>Ruft die Auflistung der Eigenschaften der Objektklassen-Daten.</summary>
      <returns>Die Auflistung der Eigenschaften der Objektklassen-Daten.</returns>
    </member>
    <member name="P:Microsoft.Build.Tasks.Xaml.CompilationPass2Task.ApplicationMarkup">
      <summary>Ruft oder legt eine Liste von XAML-Dateien zu verarbeiten, per MS Build aufgefüllt.</summary>
      <returns>Eine Liste der zu verarbeitenden XAML-Dateien.</returns>
    </member>
    <member name="P:Microsoft.Build.Tasks.Xaml.CompilationPass2Task.ApplicationMarkupWithTypeName">
      <summary>Ruft ab oder legt den Buildvorgang für die anwendungsmarkupdateien die ausgeschlossen werden, aus dem Projekt verwendet, um die temporäre Assembly zu generieren.</summary>
      <returns>Der Buildvorgang für die anwendungsmarkupdateien.</returns>
    </member>
    <member name="P:Microsoft.Build.Tasks.Xaml.CompilationPass2Task.AssemblyName">
      <summary>Ruft den Namen der zu generierenden Assembly ab oder legt diesen fest.</summary>
      <returns>Der Name der Assembly.</returns>
    </member>
    <member name="P:Microsoft.Build.Tasks.Xaml.CompilationPass2Task.BuildTaskPath">
      <summary>Ruft den Pfad zu der Assembly für diese Buildaufgabe ab oder legt diesen fest.</summary>
      <returns>Der Assemblypfad.</returns>
    </member>
    <member name="P:Microsoft.Build.Tasks.Xaml.CompilationPass2Task.ExtensionGeneratedCodeFiles">
      <summary>Ruft ab oder legt die Auflistung der von der Erweiterung generierten Codedateien.</summary>
      <returns>Die Auflistung der von der Erweiterung generierten Codedateien.</returns>
    </member>
    <member name="P:Microsoft.Build.Tasks.Xaml.CompilationPass2Task.IsInProcessXamlMarkupCompile">
      <summary>Ruft ab oder legt sie fest, ob die Aufgabe im Prozess der XAML-Markup zu kompilieren.</summary>
      <returns>True, wenn die Aufgabe im Prozess der XAML-Markup kompilieren.; andernfalls "false".</returns>
    </member>
    <member name="P:Microsoft.Build.Tasks.Xaml.CompilationPass2Task.Language">
      <summary>Ruft ab oder legt die Sprache für die Aufgabe verwendet.</summary>
      <returns>Die Sprache für die Aufgabe verwendet.</returns>
    </member>
    <member name="P:Microsoft.Build.Tasks.Xaml.CompilationPass2Task.LocalAssemblyReference">
      <summary>Ruft den Pfad zu der generierten temporären Assembly ab oder legt diesen fest.</summary>
      <returns>Der Pfad zur generierten temporären Assembly.</returns>
    </member>
    <member name="P:Microsoft.Build.Tasks.Xaml.CompilationPass2Task.MSBuildProjectDirectory">
      <summary>Ruft ab oder legt das Verzeichnis für die MS Projekt zu erstellen.</summary>
      <returns>Erstellen des Verzeichnisses für die MS-Projekt.</returns>
    </member>
    <member name="P:Microsoft.Build.Tasks.Xaml.CompilationPass2Task.OutputPath">
      <summary>Ruft das Verzeichnis ab, in dem die generierten Dateien abgelegt werden, oder legt dieses fest.</summary>
      <returns>Das Verzeichnis, in der generierten Dateien abgelegt werden soll.</returns>
    </member>
    <member name="P:Microsoft.Build.Tasks.Xaml.CompilationPass2Task.References">
      <summary>Ruft eine Liste von Assemblys ab, auf die während des Kompilierungsprozesses verwiesen werden soll, oder legt diese fest.</summary>
      <returns>Eine Liste der Assemblys, auf die während des Kompilierungsprozesses verwiesen werden soll.</returns>
    </member>
    <member name="P:Microsoft.Build.Tasks.Xaml.CompilationPass2Task.RootNamespace">
      <summary>Ruft den Stammnamespace für das Projekt ab oder legt diesen fest.</summary>
      <returns>Der Stammnamespace.</returns>
    </member>
    <member name="P:Microsoft.Build.Tasks.Xaml.CompilationPass2Task.SourceCodeFiles">
      <summary>Ruft eine Liste von Quellcodedateien in dem Projekt ab oder legt diese fest.</summary>
      <returns>Eine Liste von Quellcodedateien im Projekt.</returns>
    </member>
    <member name="P:Microsoft.Build.Tasks.Xaml.CompilationPass2Task.XamlBuildTypeInspectionExtensionNames">
      <summary>Ruft ab oder legt die Erweiterungsnamen für die Verwendung von XAML-Build-Typ-Überprüfung.</summary>
      <returns>Die Erweiterungsnamen für das Xaml erstellen Typ Überprüfung.</returns>
    </member>
    <member name="P:Microsoft.Build.Tasks.Xaml.GenerateTemporaryAssemblyTask.ApplicationMarkupTypeName">
      <summary>Ruft den Buildvorgang für die Anwendungsmarkupdateien ab, die vom Projekt ausgeschlossen werden, das verwendet wurde, um die temporäre Assembly zu generieren, oder legt diesen fest.</summary>
      <returns>Der Name des Anwendungsmarkuptyps.</returns>
    </member>
    <member name="P:Microsoft.Build.Tasks.Xaml.GenerateTemporaryAssemblyTask.AssemblyName">
      <summary>Ruft ab oder legt den Namen der generierten Assembly.</summary>
      <returns>Der Name der Assembly.</returns>
    </member>
    <member name="P:Microsoft.Build.Tasks.Xaml.GenerateTemporaryAssemblyTask.CompileTargetName">
      <summary>Ruft den Kompilierungszielnamen ab, der in der generierten Projektdatei erstellt werden soll, die verwendet wurde, um die generierte temporäre Assembly zu erstellen, oder legt diesen fest.</summary>
      <returns>Der Name des Kompilierungsziels.</returns>
    </member>
    <member name="P:Microsoft.Build.Tasks.Xaml.GenerateTemporaryAssemblyTask.CurrentProject">
      <summary>Ruft den aktuellen Projektdateinamen ab oder legt diesen fest.</summary>
      <returns>Das aktuelle Projekt.</returns>
    </member>
    <member name="P:Microsoft.Build.Tasks.Xaml.GenerateTemporaryAssemblyTask.GeneratedResourcesFiles">
      <summary>Ruft eine Liste von XAML-Dateien ab, die das Markup zum Instanziieren der neu generierten Typen enthalten (einen für jede Eingabedatei), oder legt diese fest.</summary>
      <returns>Eine Liste von <see cref="T:Microsoft.Build.Framework.ITaskItem" />, welche die generierten XAML-Dateien darstellt.</returns>
    </member>
    <member name="P:Microsoft.Build.Tasks.Xaml.GenerateTemporaryAssemblyTask.OutputPath">
      <summary>Ruft das Verzeichnis ab, in dem die generierten Dateien abgelegt werden, oder legt dieses fest.</summary>
      <returns>Das Verzeichnis, in dem die generierten Dateien gespeichert werden.</returns>
    </member>
    <member name="P:Microsoft.Build.Tasks.Xaml.GenerateTemporaryAssemblyTask.ReferencePaths">
      <summary>Ruft die Pfade zu im Projekt angegebenen Assemblys ab, auf die verwiesen wird, oder legt diese fest.</summary>
      <returns>Eine Liste von <see cref="T:Microsoft.Build.Framework.ITaskItem" />, welche die Pfade zu den Assemblys darstellt, auf die verwiesen wird.</returns>
    </member>
    <member name="P:Microsoft.Build.Tasks.Xaml.GenerateTemporaryAssemblyTask.SourceCodeFiles">
      <summary>Ruft eine Liste von Quellcodedateien ab, die in eine temporäre Assembly kompiliert werden sollen, oder legt diese fest.</summary>
      <returns>Eine Liste von <see cref="T:Microsoft.Build.Framework.ITaskItem" />, welche die Quellcodedateien darstellt.</returns>
    </member>
    <member name="P:Microsoft.Build.Tasks.Xaml.NamedObject.Name">
      <summary>Ruft ab oder legt die Zeichenfolge, die den Namen des benannten Objekts darstellt.</summary>
    </member>
    <member name="P:Microsoft.Build.Tasks.Xaml.NamedObject.Type">
      <summary>Ruft ab oder legt den benannten Objekttyp.</summary>
      <returns>Der benannte Objekttyp.</returns>
    </member>
    <member name="P:Microsoft.Build.Tasks.Xaml.NamedObject.Visibility">
      <summary>Ruft ab oder legt die Sichtbarkeit benanntes Objekt fest.</summary>
      <returns>Die Sichtbarkeit benanntes Objekt.</returns>
    </member>
    <member name="P:Microsoft.Build.Tasks.Xaml.PartialClassGenerationTask.ApplicationMarkup">
      <summary>Ruft oder legt eine Liste von XAML-Dateien zu verarbeiten, per MS Build aufgefüllt.</summary>
      <returns>Eine Liste von <see cref="T:Microsoft.Build.Framework.ITaskItem" />, welche die zu verarbeitenden XAML-Dateien darstellt.</returns>
    </member>
    <member name="P:Microsoft.Build.Tasks.Xaml.PartialClassGenerationTask.AssemblyName">
      <summary>Ruft den Namen der Assembly ab, die kompiliert wird, oder legt diesen fest.</summary>
      <returns>Der Name der Assembly, die kompiliert wird.</returns>
    </member>
    <member name="P:Microsoft.Build.Tasks.Xaml.PartialClassGenerationTask.BuildTaskPath">
      <summary>Ruft den Pfad der Assembly ab, die diese Buildaufgabe enthält, oder legt diesen fest.</summary>
      <returns>Der Buildaufgabenpfad.</returns>
    </member>
    <member name="P:Microsoft.Build.Tasks.Xaml.PartialClassGenerationTask.GeneratedCodeFiles">
      <summary>Ruft eine Liste generierter Codedateien ab, eine für jede Eingabedatei, oder legt diese fest.</summary>
      <returns>Eine Liste von <see cref="T:Microsoft.Build.Framework.ITaskItem" />, welche die XAML-Quelldateien darstellt.</returns>
    </member>
    <member name="P:Microsoft.Build.Tasks.Xaml.PartialClassGenerationTask.GeneratedResources">
      <summary>Ruft eine Liste von XAML-Dateien ab, die das Markup zum Instanziieren der neu generierten Typen enthalten (einen für jede Eingabedatei), oder legt diese fest.</summary>
      <returns>Eine Liste von <see cref="T:Microsoft.Build.Framework.ITaskItem" />, welche die generierten XAML-Dateien darstellt.</returns>
    </member>
    <member name="P:Microsoft.Build.Tasks.Xaml.PartialClassGenerationTask.GeneratedSourceExtension">
      <summary>Ruft die Dateierweiterung ab, die den generierten Quelldateien hinzugefügt werden soll, oder legt diese fest.</summary>
      <returns>Die Dateierweiterung.</returns>
    </member>
    <member name="P:Microsoft.Build.Tasks.Xaml.PartialClassGenerationTask.IsInProcessXamlMarkupCompile">
      <summary>Ruft ab oder legt fest, ob die Kompilierung der XAML-Markup verarbeitet wird.</summary>
      <returns>True, wenn die Kompilierung der XAML-Markup verarbeitet wird. andernfalls "false".</returns>
    </member>
    <member name="P:Microsoft.Build.Tasks.Xaml.PartialClassGenerationTask.KnownReferencePaths">
      <summary>Ruft die bekannten Verweispfade ab oder legt diese fest.</summary>
      <returns>Die bekannten Verweispfade.</returns>
    </member>
    <member name="P:Microsoft.Build.Tasks.Xaml.PartialClassGenerationTask.Language">
      <summary>Ruft die Sprache des zu generierenden Codes ab oder legt diese fest.</summary>
      <returns>Die Sprache, in der Quellcode generiert wird.</returns>
    </member>
    <member name="P:Microsoft.Build.Tasks.Xaml.PartialClassGenerationTask.MSBuildProjectDirectory">
      <summary>Ruft ab oder legt das Verzeichnis des MS Build-Projekt.</summary>
      <returns>Das Verzeichnis des MS Build-Projekt.</returns>
    </member>
    <member name="P:Microsoft.Build.Tasks.Xaml.PartialClassGenerationTask.OutputPath">
      <summary>Ruft das Verzeichnis ab, in dem die generierten Dateien abgelegt werden, oder legt dieses fest.</summary>
      <returns>Das Verzeichnis, in dem die generierten Dateien gespeichert werden.</returns>
    </member>
    <member name="P:Microsoft.Build.Tasks.Xaml.PartialClassGenerationTask.References">
      <summary>Ruft eine Liste von Assemblys ab, auf die verwiesen werden soll, oder legt diese fest.</summary>
      <returns>Eine Liste von <see cref="T:Microsoft.Build.Framework.ITaskItem" />, welche die Assemblys darstellt, auf die verwiesen wird.</returns>
    </member>
    <member name="P:Microsoft.Build.Tasks.Xaml.PartialClassGenerationTask.RequiresCompilationPass2">
      <summary>Ruft einen Wert ab, der angibt, ob dieses Projekt das Ausführen der Aufgabe <see cref="T:Microsoft.Build.Tasks.Xaml.CompilationPass2Task" /> erfordert, oder legt diesen fest.</summary>
      <returns>true Wenn nicht aufgelöste Typen vorhanden sind; andernfalls false.</returns>
    </member>
    <member name="P:Microsoft.Build.Tasks.Xaml.PartialClassGenerationTask.RootNamespace">
      <summary>Ruft den Stammnamespace für das Projekt ab oder legt diesen fest.</summary>
      <returns>Der Stammnamespace.</returns>
    </member>
    <member name="P:Microsoft.Build.Tasks.Xaml.PartialClassGenerationTask.SourceCodeFiles">
      <summary>Ruft eine Liste von Quellcodedateien in dem Projekt ab oder legt diese fest.</summary>
      <returns>Eine Liste von <see cref="T:Microsoft.Build.Framework.ITaskItem" />, welche die Quellcodedateien im Projekt darstellt.</returns>
    </member>
    <member name="P:Microsoft.Build.Tasks.Xaml.PartialClassGenerationTask.XamlBuildTypeGenerationExtensionNames">
      <summary>Ruft ab oder legt die Auflistung der Erweiterungsnamen Generieren der XAML-Build-Typ verwendet.</summary>
      <returns>Die Auflistung der Erweiterungsnamen verwendet.</returns>
    </member>
    <member name="P:Microsoft.Build.Tasks.Xaml.PartialClassGenerationTask.XamlBuildTypeInspectionExtensionNames">
      <summary>Ruft ab oder legt die Auflistung der Erweiterungsnamen in XAML-Build-Typ-Überprüfung verwendet.</summary>
      <returns>Die Auflistung der Erweiterungsnamen verwendet.</returns>
    </member>
    <member name="P:Microsoft.Build.Tasks.Xaml.PropertyData.Attributes">
      <summary>Ruft eine Liste der Datenattribute ab.</summary>
      <returns>Die Liste der Datenattribute.</returns>
    </member>
    <member name="P:Microsoft.Build.Tasks.Xaml.PropertyData.Name">
      <summary>Ruft ab oder legt den Namen der Eigenschaftendaten.</summary>
    </member>
    <member name="P:Microsoft.Build.Tasks.Xaml.PropertyData.Type">
      <summary>Ruft ab oder legt den Datentyp der Eigenschaft fest.</summary>
      <returns>Der Datentyp der Eigenschaft.</returns>
    </member>
    <member name="P:Microsoft.Build.Tasks.Xaml.PropertyData.Visibility">
      <summary>Ruft ab oder legt die Eigenschaft Data Sichtbarkeit fest.</summary>
      <returns>Die Eigenschaft Data Sichtbarkeit.</returns>
    </member>
    <member name="P:Microsoft.Build.Tasks.Xaml.XamlBuildTypeGenerationExtensionContext.InputTaskItem">
      <summary>Ruft ab die Eingabe Aufgabenelement für die XAML-Typ Generation Erweiterung Kontexts.</summary>
      <returns>Die Eingabe Aufgabenelement für den XAML-Build Typ Generation Erweiterung Kontext.</returns>
    </member>
    <member name="P:Microsoft.Build.Tasks.Xaml.XamlBuildTypeInspectionExtensionContext.MarkupItemsByTypeName">
      <summary>Ruft die Auflistung von Markups für XAML-Typ Überprüfung Kontexts durch den Typnamen ab.</summary>
      <returns>Die Auflistung der Elemente.</returns>
    </member>
    <member name="T:Microsoft.Build.Tasks.Xaml.AttributeData">
      <summary>Gibt die Attributdaten.</summary>
    </member>
    <member name="T:Microsoft.Build.Tasks.Xaml.AttributeParameterData">
      <summary>Gibt Daten von Attribut-Parameter.</summary>
    </member>
    <member name="T:Microsoft.Build.Tasks.Xaml.BuildExtensionContext">
      <summary>Gibt die Einstellungen für die Erweiterung Kontexts.</summary>
    </member>
    <member name="T:Microsoft.Build.Tasks.Xaml.ClassData">
      <summary>Gibt die Einstellungen für Daten.</summary>
    </member>
    <member name="T:Microsoft.Build.Tasks.Xaml.CompilationPass2Task">
      <summary>Stellt eine MS Build-Aufgabe, die überprüft, ob alle in der ursprünglichen XAML-Eingabedateien referenzierten Typen aufgelöst sind.</summary>
    </member>
    <member name="T:Microsoft.Build.Tasks.Xaml.GenerateTemporaryAssemblyTask">
      <summary>Eine MS Build-Aufgabe, die durch Kompilieren der vom <see cref="T:Microsoft.Build.Tasks.Xaml.PartialClassGenerationTask" /> generierten Quelldateien eine temporäre Assembly generiert.</summary>
    </member>
    <member name="T:Microsoft.Build.Tasks.Xaml.IXamlBuildTypeGenerationExtension">
      <summary>Gibt Informationen über die Verwendung von XAML-Build Generation Erweiterung.</summary>
    </member>
    <member name="T:Microsoft.Build.Tasks.Xaml.IXamlBuildTypeInspectionExtension">
      <summary>Gibt Informationen über die Verwendung von XAML-Build Überprüfung Erweiterung.</summary>
    </member>
    <member name="T:Microsoft.Build.Tasks.Xaml.MemberVisibility">
      <summary>Gibt die Sichtbarkeitsoptionen für den Member an.</summary>
    </member>
    <member name="F:Microsoft.Build.Tasks.Xaml.MemberVisibility.Public">
      <summary>Die öffentliche Sichtbarkeit.</summary>
    </member>
    <member name="F:Microsoft.Build.Tasks.Xaml.MemberVisibility.Private">
      <summary>Die private Sichtbarkeit.</summary>
    </member>
    <member name="F:Microsoft.Build.Tasks.Xaml.MemberVisibility.Family">
      <summary>Die Familie Sichtbarkeit.</summary>
    </member>
    <member name="F:Microsoft.Build.Tasks.Xaml.MemberVisibility.Assembly">
      <summary>Die Sichtbarkeit der Assembly.</summary>
    </member>
    <member name="F:Microsoft.Build.Tasks.Xaml.MemberVisibility.FamilyOrAssembly">
      <summary>Die Sichtbarkeit Family oder Assembly.</summary>
    </member>
    <member name="F:Microsoft.Build.Tasks.Xaml.MemberVisibility.FamilyAndAssembly">
      <summary>Die Sichtbarkeit der Familie und Assembly.</summary>
    </member>
    <member name="T:Microsoft.Build.Tasks.Xaml.NamedObject">
      <summary>Stellt ein benanntes Objekt dar.</summary>
    </member>
    <member name="T:Microsoft.Build.Tasks.Xaml.PartialClassGenerationTask">
      <summary>Greift auf XAML-Dateien, die Typen definieren (mit x:Class) und generiert den entsprechenden Quellcode, der in eine Assembly kompiliert werden kann.</summary>
    </member>
    <member name="T:Microsoft.Build.Tasks.Xaml.PropertyData">
      <summary>Gibt die Daten an.</summary>
    </member>
    <member name="T:Microsoft.Build.Tasks.Xaml.XamlBuildTypeGenerationExtensionContext">
      <summary>Gibt Einstellungen für den Typ Generation Erweiterung Kontexts.</summary>
    </member>
    <member name="T:Microsoft.Build.Tasks.Xaml.XamlBuildTypeInspectionExtensionContext">
      <summary>Gibt Informationen über die Prüfung Kontexts für XAML-Typ.</summary>
    </member>
  </members>
</doc>